Date,Open,High,Low,Close,Volume
2025-07-28 09:15:00+05:30,410.20001220703125,410.79998779296875,409.1000061035156,410.45001220703125,0
2025-07-28 10:15:00+05:30,410.5,410.6499938964844,409.0,409.3500061035156,1954078
2025-07-28 11:15:00+05:30,409.54998779296875,410.5,409.3500061035156,409.8500061035156,1102242
2025-07-28 12:15:00+05:30,409.8500061035156,410.0,408.75,409.29998779296875,673274
2025-07-28 13:15:00+05:30,409.29998779296875,410.0,408.75,409.3500061035156,539505
2025-07-28 14:15:00+05:30,409.29998779296875,410.0,409.1499938964844,409.8999938964844,1013175
2025-07-28 15:15:00+05:30,409.8999938964844,410.0,409.54998779296875,409.79998779296875,569407
2025-07-29 09:15:00+05:30,409.8999938964844,411.3999938964844,409.8999938964844,410.1499938964844,0
2025-07-29 10:15:00+05:30,410.1499938964844,410.1499938964844,408.20001220703125,409.04998779296875,971103
2025-07-29 11:15:00+05:30,409.04998779296875,409.70001220703125,408.29998779296875,408.8999938964844,790343
2025-07-29 12:15:00+05:30,409.0,409.1000061035156,408.20001220703125,409.0,654677
2025-07-29 13:15:00+05:30,409.0,409.54998779296875,408.29998779296875,409.45001220703125,639390
2025-07-29 14:15:00+05:30,409.45001220703125,409.5,408.04998779296875,408.5,1267129
2025-07-29 15:15:00+05:30,408.45001220703125,408.79998779296875,408.0,408.20001220703125,759011
2025-07-30 09:15:00+05:30,408.79998779296875,408.79998779296875,405.79998779296875,406.75,0
2025-07-30 10:15:00+05:30,406.8500061035156,407.3500061035156,405.8500061035156,407.20001220703125,2090578
2025-07-30 11:15:00+05:30,407.25,408.04998779296875,406.5,406.95001220703125,1310278
2025-07-30 12:15:00+05:30,406.8999938964844,408.6000061035156,406.75,408.1499938964844,1689153
2025-07-30 13:15:00+05:30,408.1499938964844,408.79998779296875,407.3999938964844,408.3999938964844,1401613
2025-07-30 14:15:00+05:30,408.3999938964844,408.3999938964844,406.79998779296875,407.70001220703125,2072127
2025-07-30 15:15:00+05:30,407.70001220703125,408.0,407.3999938964844,407.6000061035156,824724
2025-07-31 09:15:00+05:30,406.5,409.6499938964844,405.75,409.5,0
2025-07-31 10:15:00+05:30,409.45001220703125,412.8500061035156,409.45001220703125,410.8999938964844,2575821
2025-07-31 11:15:00+05:30,410.8500061035156,412.0,409.95001220703125,410.79998779296875,1206679
2025-07-31 12:15:00+05:30,410.8999938964844,413.0,410.3999938964844,412.6000061035156,963069
2025-07-31 13:15:00+05:30,412.54998779296875,414.0,412.3999938964844,413.54998779296875,1286127
2025-07-31 14:15:00+05:30,413.3999938964844,413.70001220703125,411.45001220703125,412.1000061035156,4690890
2025-07-31 15:15:00+05:30,411.95001220703125,412.5,410.5,411.95001220703125,2787733
2025-08-01 09:15:00+05:30,412.70001220703125,416.95001220703125,412.1000061035156,416.95001220703125,0
2025-08-01 10:15:00+05:30,416.95001220703125,419.3500061035156,416.3500061035156,417.45001220703125,2458853
2025-08-01 11:15:00+05:30,417.5,418.1499938964844,415.6000061035156,416.0,1352986
2025-08-01 12:15:00+05:30,416.1000061035156,417.8999938964844,415.3999938964844,417.54998779296875,1324111
2025-08-01 13:15:00+05:30,417.75,418.5,417.04998779296875,417.95001220703125,1681230
2025-08-01 14:15:00+05:30,417.95001220703125,418.1499938964844,416.0,416.29998779296875,1630268
2025-08-01 15:15:00+05:30,416.25,416.8999938964844,415.6000061035156,416.3500061035156,1050752
2025-08-04 09:15:00+05:30,421.95001220703125,422.0,415.29998779296875,419.6000061035156,0
2025-08-04 10:15:00+05:30,419.6000061035156,420.20001220703125,416.3500061035156,417.95001220703125,2237073
2025-08-04 11:15:00+05:30,417.95001220703125,418.70001220703125,417.1499938964844,418.0,1415210
2025-08-04 12:15:00+05:30,418.0,418.8500061035156,417.29998779296875,418.04998779296875,2480157
2025-08-04 13:15:00+05:30,418.04998779296875,418.29998779296875,416.29998779296875,417.0,1529407
2025-08-04 14:15:00+05:30,417.0,417.04998779296875,415.75,417.0,4248251
2025-08-04 15:15:00+05:30,417.04998779296875,417.29998779296875,416.45001220703125,416.6499938964844,1136473
2025-08-05 09:15:00+05:30,417.70001220703125,417.79998779296875,413.8999938964844,414.04998779296875,0
2025-08-05 10:15:00+05:30,414.04998779296875,414.04998779296875,413.04998779296875,413.3500061035156,634437
2025-08-05 11:15:00+05:30,413.3500061035156,415.1000061035156,413.3500061035156,414.8999938964844,587563
2025-08-05 12:15:00+05:30,414.8500061035156,415.0,413.1499938964844,413.54998779296875,899219
2025-08-05 13:15:00+05:30,413.6000061035156,414.45001220703125,413.04998779296875,414.1000061035156,875045
2025-08-05 14:15:00+05:30,414.1499938964844,414.70001220703125,413.70001220703125,414.1499938964844,2826404
2025-08-05 15:15:00+05:30,414.1499938964844,414.54998779296875,413.6499938964844,414.0,1334921
2025-08-06 09:15:00+05:30,414.1499938964844,414.75,411.6000061035156,412.29998779296875,0
2025-08-06 10:15:00+05:30,412.3500061035156,412.75,410.70001220703125,411.04998779296875,1570434
2025-08-06 11:15:00+05:30,411.1000061035156,412.79998779296875,411.04998779296875,411.75,1037547
2025-08-06 12:15:00+05:30,411.75,411.8999938964844,411.0,411.04998779296875,741112
2025-08-06 13:15:00+05:30,411.04998779296875,412.6000061035156,410.54998779296875,411.5,2334630
2025-08-06 14:15:00+05:30,411.54998779296875,412.29998779296875,410.5,411.8999938964844,1818995
2025-08-06 15:15:00+05:30,411.8500061035156,412.5,411.8500061035156,412.3500061035156,617517
2025-08-07 09:15:00+05:30,412.1000061035156,414.1000061035156,412.1000061035156,414.0,0
2025-08-07 10:15:00+05:30,414.0,414.75,412.45001220703125,412.6499938964844,3610915
2025-08-07 11:15:00+05:30,412.6499938964844,413.1000061035156,412.25,412.6000061035156,1463748
2025-08-07 12:15:00+05:30,412.70001220703125,413.70001220703125,412.70001220703125,413.1499938964844,1401444
2025-08-07 13:15:00+05:30,413.1499938964844,413.70001220703125,413.0,413.1499938964844,1443080
2025-08-07 14:15:00+05:30,413.1499938964844,414.0,413.1000061035156,413.70001220703125,1888695
2025-08-07 15:15:00+05:30,413.6000061035156,413.79998779296875,413.3500061035156,413.3999938964844,778779
2025-08-08 09:15:00+05:30,414.1000061035156,415.20001220703125,413.79998779296875,414.1000061035156,0
2025-08-08 10:15:00+05:30,414.1499938964844,415.1000061035156,413.8999938964844,414.1499938964844,1701221
2025-08-08 11:15:00+05:30,414.20001220703125,414.6000061035156,413.6000061035156,413.8999938964844,1570026
2025-08-08 12:15:00+05:30,413.8999938964844,414.8500061035156,413.79998779296875,414.3999938964844,680261
2025-08-08 13:15:00+05:30,414.3999938964844,414.8999938964844,414.1000061035156,414.5,1322715
2025-08-08 14:15:00+05:30,414.5,414.75,413.75,414.25,1598137
2025-08-08 15:15:00+05:30,414.25,415.0,414.1000061035156,414.1499938964844,810572
2025-08-11 09:15:00+05:30,414.8999938964844,416.6499938964844,414.3500061035156,416.1499938964844,0
2025-08-11 10:15:00+05:30,416.25,416.45001220703125,415.20001220703125,416.0,2600984
2025-08-11 11:15:00+05:30,416.0,416.45001220703125,415.5,415.8999938964844,878979
2025-08-11 12:15:00+05:30,415.8999938964844,416.6000061035156,415.75,416.3500061035156,521840
2025-08-11 13:15:00+05:30,416.3999938964844,416.95001220703125,416.29998779296875,416.75,752860
2025-08-11 14:15:00+05:30,416.70001220703125,416.95001220703125,416.45001220703125,416.95001220703125,1676318
2025-08-11 15:15:00+05:30,416.95001220703125,417.0,416.75,416.8500061035156,694356
2025-08-12 09:15:00+05:30,416.95001220703125,419.75,416.95001220703125,418.70001220703125,0
2025-08-12 10:15:00+05:30,418.70001220703125,419.0,417.0,417.45001220703125,2570619
2025-08-12 11:15:00+05:30,417.3999938964844,417.95001220703125,416.3999938964844,417.04998779296875,1687493
2025-08-12 12:15:00+05:30,417.0,417.95001220703125,416.6000061035156,417.8500061035156,2776619
2025-08-12 13:15:00+05:30,417.70001220703125,417.75,416.54998779296875,416.95001220703125,874484
2025-08-12 14:15:00+05:30,416.8999938964844,417.25,416.1000061035156,416.3999938964844,2788750
2025-08-12 15:15:00+05:30,416.3999938964844,416.79998779296875,415.8500061035156,416.1000061035156,785623
2025-08-13 09:15:00+05:30,417.29998779296875,417.5,415.79998779296875,416.04998779296875,0
2025-08-13 10:15:00+05:30,416.04998779296875,416.45001220703125,414.6000061035156,414.8500061035156,3126161
2025-08-13 11:15:00+05:30,414.8500061035156,414.8500061035156,413.70001220703125,414.0,1841617
2025-08-13 12:15:00+05:30,414.0,415.6499938964844,413.8999938964844,415.0,1122872
2025-08-13 13:15:00+05:30,415.04998779296875,415.45001220703125,414.8500061035156,415.1499938964844,556530
2025-08-13 14:15:00+05:30,414.8500061035156,415.0,413.79998779296875,413.8999938964844,2054431
2025-08-13 15:15:00+05:30,413.8999938964844,414.20001220703125,413.75,414.1000061035156,1099762
2025-08-14 09:15:00+05:30,414.79998779296875,415.04998779296875,412.8999938964844,414.04998779296875,0
2025-08-14 10:15:00+05:30,414.04998779296875,414.5,412.8500061035156,413.0,856959
2025-08-14 11:15:00+05:30,413.04998779296875,413.20001220703125,412.25,412.3500061035156,1494531
2025-08-14 12:15:00+05:30,412.3500061035156,413.6499938964844,411.5,413.0,1409266
2025-08-14 13:15:00+05:30,413.0,413.6000061035156,411.79998779296875,412.25,1667058
2025-08-14 14:15:00+05:30,412.25,412.5,411.1499938964844,411.45001220703125,2233954
2025-08-14 15:15:00+05:30,411.45001220703125,411.5,411.0,411.45001220703125,881459
2025-08-18 09:15:00+05:30,412.25,412.3999938964844,408.79998779296875,410.3500061035156,0
2025-08-18 10:15:00+05:30,410.3999938964844,410.5,408.79998779296875,409.95001220703125,3769789
2025-08-18 11:15:00+05:30,409.8999938964844,410.0,407.95001220703125,408.1000061035156,5443500
2025-08-18 12:15:00+05:30,408.25,409.20001220703125,407.8999938964844,409.0,1679183
2025-08-18 13:15:00+05:30,409.0,409.20001220703125,408.29998779296875,408.95001220703125,4897435
2025-08-18 14:15:00+05:30,408.95001220703125,408.95001220703125,406.29998779296875,406.29998779296875,5414210
2025-08-18 15:15:00+05:30,406.25,406.3999938964844,405.0,405.3999938964844,3532051
2025-08-19 09:15:00+05:30,406.04998779296875,406.6499938964844,404.79998779296875,406.29998779296875,0
2025-08-19 10:15:00+05:30,406.3500061035156,407.20001220703125,405.0,405.20001220703125,3103620
2025-08-19 11:15:00+05:30,405.20001220703125,407.1499938964844,404.95001220703125,407.0,3245045
2025-08-19 12:15:00+05:30,407.0,407.95001220703125,406.79998779296875,407.79998779296875,2485358
2025-08-19 13:15:00+05:30,407.79998779296875,408.8500061035156,407.75,408.45001220703125,1214285
2025-08-19 14:15:00+05:30,408.45001220703125,409.3999938964844,408.0,409.04998779296875,2003190
2025-08-19 15:15:00+05:30,409.04998779296875,409.3500061035156,408.75,409.1000061035156,1471760
2025-08-20 09:15:00+05:30,408.5,409.1499938964844,407.1499938964844,408.8999938964844,0
2025-08-20 10:15:00+05:30,408.95001220703125,410.1499938964844,408.54998779296875,409.3999938964844,3946952
2025-08-20 11:15:00+05:30,409.3999938964844,409.8999938964844,408.25,408.79998779296875,2245691
2025-08-20 12:15:00+05:30,408.79998779296875,409.20001220703125,407.6000061035156,407.75,1812163
2025-08-20 13:15:00+05:30,407.70001220703125,408.3999938964844,407.3500061035156,407.95001220703125,2085064
2025-08-20 14:15:00+05:30,407.8500061035156,407.95001220703125,405.95001220703125,406.0,4252912
2025-08-20 15:15:00+05:30,406.0,406.25,405.6000061035156,406.1499938964844,1757407
2025-08-21 09:15:00+05:30,406.1000061035156,406.79998779296875,404.70001220703125,406.1499938964844,0
2025-08-21 10:15:00+05:30,406.20001220703125,406.6499938964844,405.6000061035156,405.70001220703125,1750510
2025-08-21 11:15:00+05:30,405.6000061035156,406.45001220703125,405.54998779296875,405.95001220703125,1398169
2025-08-21 12:15:00+05:30,405.8500061035156,406.5,405.79998779296875,406.3999938964844,1174234
2025-08-21 13:15:00+05:30,406.45001220703125,406.75,403.54998779296875,405.95001220703125,2443747
2025-08-21 14:15:00+05:30,405.95001220703125,406.54998779296875,404.3999938964844,405.04998779296875,3188351
2025-08-21 15:15:00+05:30,405.1000061035156,406.25,405.1000061035156,406.0,1244194
2025-08-22 09:15:00+05:30,406.20001220703125,406.20001220703125,401.3999938964844,401.75,0
2025-08-22 10:15:00+05:30,401.75,401.75,399.79998779296875,399.95001220703125,2428571
2025-08-22 11:15:00+05:30,399.8999938964844,400.0,399.8500061035156,399.95001220703125,1455523
2025-08-22 12:15:00+05:30,400.0,400.5,398.1000061035156,398.6000061035156,3068961
2025-08-22 13:15:00+05:30,398.6000061035156,399.04998779296875,398.5,398.8500061035156,898578
2025-08-22 14:15:00+05:30,398.8500061035156,398.8500061035156,397.6000061035156,398.29998779296875,1827922
2025-08-22 15:15:00+05:30,398.25,398.5,398.0,398.29998779296875,1019630
2025-08-25 09:15:00+05:30,399.20001220703125,399.25,396.3500061035156,397.5,0
2025-08-25 10:15:00+05:30,397.5,399.8999938964844,397.1499938964844,399.70001220703125,1318671
2025-08-25 11:15:00+05:30,399.70001220703125,400.54998779296875,399.54998779296875,399.8500061035156,1894167
2025-08-25 12:15:00+05:30,399.79998779296875,400.0,399.25,399.79998779296875,1220310
2025-08-25 13:15:00+05:30,399.75,400.20001220703125,399.6499938964844,399.8999938964844,1190689
2025-08-25 14:15:00+05:30,399.8999938964844,400.04998779296875,398.8999938964844,398.95001220703125,2053479
2025-08-25 15:15:00+05:30,398.95001220703125,399.6499938964844,398.95001220703125,399.04998779296875,694197
2025-08-26 09:15:00+05:30,399.0,399.8999938964844,398.54998779296875,399.3999938964844,0
2025-08-26 10:15:00+05:30,399.3500061035156,400.0,399.3500061035156,399.75,950538
2025-08-26 11:15:00+05:30,399.79998779296875,400.04998779296875,399.6000061035156,399.79998779296875,693260
2025-08-26 12:15:00+05:30,399.79998779296875,400.04998779296875,399.45001220703125,399.8999938964844,801232
2025-08-26 13:15:00+05:30,399.8999938964844,403.79998779296875,399.79998779296875,403.0,2674177
2025-08-26 14:15:00+05:30,403.04998779296875,405.3999938964844,402.1499938964844,403.0,5422840
2025-08-26 15:15:00+05:30,403.0,403.54998779296875,402.79998779296875,403.29998779296875,2116372
2025-08-28 09:15:00+05:30,403.70001220703125,403.95001220703125,400.29998779296875,401.0,0
2025-08-28 10:15:00+05:30,400.8999938964844,402.1000061035156,400.3999938964844,401.6000061035156,1865695
2025-08-28 11:15:00+05:30,401.6000061035156,402.45001220703125,401.5,402.0,1202764
2025-08-28 12:15:00+05:30,402.0,402.25,401.5,402.1499938964844,1096530
2025-08-28 13:15:00+05:30,402.1499938964844,402.25,401.0,402.04998779296875,1855728
2025-08-28 14:15:00+05:30,401.95001220703125,402.1499938964844,400.0,400.75,3493254
2025-08-28 15:15:00+05:30,400.79998779296875,401.3999938964844,400.3999938964844,400.79998779296875,1019486
2025-08-29 09:15:00+05:30,402.25,408.1000061035156,402.04998779296875,404.8999938964844,0
2025-08-29 10:15:00+05:30,404.8999938964844,407.1499938964844,404.75,406.8999938964844,3740678
2025-08-29 11:15:00+05:30,406.8500061035156,407.3500061035156,406.45001220703125,406.5,2063386
2025-08-29 12:15:00+05:30,406.5,408.75,406.3999938964844,408.1499938964844,1811013
2025-08-29 13:15:00+05:30,408.1499938964844,410.20001220703125,408.0,410.1499938964844,3747120
2025-08-29 14:15:00+05:30,410.1499938964844,410.3999938964844,409.1499938964844,409.5,3640667
2025-08-29 15:15:00+05:30,409.5,410.04998779296875,409.3999938964844,409.5,1658068
2025-09-01 09:15:00+05:30,409.75,410.1499938964844,408.25,408.95001220703125,0
2025-09-01 10:15:00+05:30,408.8500061035156,409.25,407.3999938964844,407.3999938964844,786133
2025-09-01 11:15:00+05:30,407.45001220703125,407.6499938964844,405.25,405.6499938964844,1526705
2025-09-01 12:15:00+05:30,405.54998779296875,405.70001220703125,405.0,405.20001220703125,976843
2025-09-01 13:15:00+05:30,405.1499938964844,406.20001220703125,405.0,405.79998779296875,2829311
2025-09-01 14:15:00+05:30,405.79998779296875,406.04998779296875,405.29998779296875,405.8999938964844,3158390
2025-09-01 15:15:00+05:30,406.0,406.1000061035156,405.5,405.6000061035156,1498415
2025-09-02 09:15:00+05:30,406.1000061035156,407.29998779296875,405.1000061035156,406.79998779296875,0
2025-09-02 10:15:00+05:30,406.8500061035156,407.79998779296875,406.0,406.75,3299480
2025-09-02 11:15:00+05:30,406.79998779296875,407.3500061035156,406.0,406.04998779296875,1671594
2025-09-02 12:15:00+05:30,406.0,406.8999938964844,405.29998779296875,406.6499938964844,1796036
2025-09-02 13:15:00+05:30,406.75,406.8500061035156,404.5,405.1000061035156,2050624
2025-09-02 14:15:00+05:30,405.0,407.3999938964844,405.0,406.6499938964844,5609535
2025-09-02 15:15:00+05:30,406.6499938964844,407.0,406.3999938964844,407.0,1041584
2025-09-03 09:15:00+05:30,407.79998779296875,410.79998779296875,407.29998779296875,410.45001220703125,0
2025-09-03 10:15:00+05:30,410.45001220703125,410.70001220703125,408.6499938964844,410.0,2307390
2025-09-03 11:15:00+05:30,409.95001220703125,411.3999938964844,409.25,410.8500061035156,2116685
2025-09-03 12:15:00+05:30,410.79998779296875,413.20001220703125,410.70001220703125,412.0,1968110
2025-09-03 13:15:00+05:30,412.0,412.45001220703125,411.1499938964844,411.70001220703125,1201958
2025-09-03 14:15:00+05:30,411.70001220703125,412.25,411.0,412.20001220703125,1692892
2025-09-03 15:15:00+05:30,412.20001220703125,412.25,410.8500061035156,411.1000061035156,829440
2025-09-04 09:15:00+05:30,421.8999938964844,423.29998779296875,417.54998779296875,418.0,1667593
2025-09-04 10:15:00+05:30,418.04998779296875,418.8500061035156,416.8999938964844,417.3999938964844,2634655
2025-09-04 11:15:00+05:30,417.45001220703125,417.5,415.1499938964844,415.79998779296875,2590147
2025-09-04 12:15:00+05:30,415.8999938964844,417.95001220703125,415.29998779296875,416.79998779296875,1720636
2025-09-04 13:15:00+05:30,416.70001220703125,417.04998779296875,416.0,416.3999938964844,1154724
2025-09-04 14:15:00+05:30,416.3999938964844,416.5,415.0,415.8500061035156,3255204
2025-09-04 15:15:00+05:30,415.75,416.6499938964844,415.5,415.8999938964844,1312866
2025-09-05 09:15:00+05:30,415.70001220703125,416.3500061035156,406.20001220703125,406.5,0
2025-09-05 10:15:00+05:30,406.1499938964844,407.45001220703125,405.54998779296875,406.29998779296875,2278607
2025-09-05 11:15:00+05:30,406.29998779296875,407.0,405.6000061035156,406.75,2226724
2025-09-05 12:15:00+05:30,406.70001220703125,406.95001220703125,404.3999938964844,405.5,3402393
2025-09-05 13:15:00+05:30,405.3999938964844,408.0,405.0,406.8999938964844,2072514
2025-09-05 14:15:00+05:30,406.8999938964844,407.6000061035156,406.5,407.29998779296875,2239000
2025-09-05 15:15:00+05:30,407.3500061035156,407.95001220703125,407.25,407.79998779296875,728012
2025-09-08 09:15:00+05:30,408.1499938964844,410.5,407.3999938964844,408.54998779296875,0
2025-09-08 10:15:00+05:30,408.6000061035156,408.6499938964844,407.6000061035156,407.75,751391
2025-09-08 11:15:00+05:30,407.70001220703125,408.0,407.45001220703125,407.95001220703125,899182
2025-09-08 12:15:00+05:30,408.0,408.1000061035156,407.6499938964844,407.95001220703125,676979
2025-09-08 13:15:00+05:30,408.0,408.70001220703125,407.70001220703125,408.70001220703125,987098
2025-09-08 14:15:00+05:30,408.70001220703125,409.1499938964844,406.8500061035156,407.70001220703125,2246385
2025-09-08 15:15:00+05:30,407.70001220703125,408.04998779296875,407.04998779296875,407.8999938964844,510988
2025-09-09 09:15:00+05:30,408.1000061035156,408.8500061035156,407.3999938964844,408.6000061035156,0
2025-09-09 10:15:00+05:30,408.6000061035156,409.8500061035156,408.04998779296875,409.45001220703125,956792
2025-09-09 11:15:00+05:30,409.3500061035156,410.1000061035156,409.25,409.95001220703125,1463360
2025-09-09 12:15:00+05:30,409.8500061035156,410.79998779296875,409.70001220703125,410.0,1078626
2025-09-09 13:15:00+05:30,409.8999938964844,410.8999938964844,409.79998779296875,410.70001220703125,866758
2025-09-09 14:15:00+05:30,410.70001220703125,410.8999938964844,409.6000061035156,410.04998779296875,2712081
2025-09-09 15:15:00+05:30,410.04998779296875,410.29998779296875,409.3500061035156,410.04998779296875,0
2025-09-10 09:15:00+05:30,410.54998779296875,411.20001220703125,408.95001220703125,409.45001220703125,1439371
2025-09-10 10:15:00+05:30,409.45001220703125,410.1499938964844,409.0,410.1499938964844,1088284
2025-09-10 11:15:00+05:30,410.1000061035156,411.5,409.54998779296875,411.04998779296875,2133348
2025-09-10 12:15:00+05:30,411.04998779296875,412.3999938964844,410.8999938964844,412.0,1234801
2025-09-10 13:15:00+05:30,412.04998779296875,412.6499938964844,411.5,412.3999938964844,962128
2025-09-10 14:15:00+05:30,412.45001220703125,413.5,411.1000061035156,413.25,1833616
2025-09-10 15:15:00+05:30,413.25,413.70001220703125,412.70001220703125,413.04998779296875,559060
2025-09-11 09:15:00+05:30,413.8999938964844,415.79998779296875,413.54998779296875,414.1000061035156,0
2025-09-11 10:15:00+05:30,414.20001220703125,416.0,414.1000061035156,415.79998779296875,1837564
2025-09-11 11:15:00+05:30,415.79998779296875,416.5,415.0,416.29998779296875,1129900
2025-09-11 12:15:00+05:30,416.20001220703125,416.6000061035156,415.6000061035156,416.5,967775
2025-09-11 13:15:00+05:30,416.54998779296875,416.6000061035156,415.95001220703125,416.3500061035156,667730
2025-09-11 14:15:00+05:30,416.3500061035156,416.70001220703125,414.6000061035156,415.0,2083905
2025-09-11 15:15:00+05:30,415.0,415.6000061035156,414.29998779296875,415.5,707190
2025-09-12 09:15:00+05:30,415.20001220703125,415.20001220703125,413.1000061035156,413.20001220703125,0
2025-09-12 10:15:00+05:30,413.1499938964844,416.1000061035156,412.8999938964844,416.04998779296875,1395562
2025-09-12 11:15:00+05:30,415.95001220703125,416.75,414.8999938964844,415.0,1800203
2025-09-12 12:15:00+05:30,414.8999938964844,415.6000061035156,414.04998779296875,414.20001220703125,1357387
2025-09-12 13:15:00+05:30,414.25,415.1499938964844,414.1499938964844,414.54998779296875,795977
2025-09-12 14:15:00+05:30,414.5,414.70001220703125,413.6499938964844,413.79998779296875,956197
2025-09-12 15:15:00+05:30,413.79998779296875,413.8999938964844,413.25,413.75,422282
2025-09-15 09:15:00+05:30,413.5,414.20001220703125,413.1000061035156,413.29998779296875,0
2025-09-15 10:15:00+05:30,413.5,414.25,412.75,412.8500061035156,1402122
2025-09-15 11:15:00+05:30,412.8500061035156,413.0,412.3500061035156,412.5,488751
2025-09-15 12:15:00+05:30,412.5,413.1000061035156,411.75,413.0,1104961
2025-09-15 13:15:00+05:30,413.0,413.8500061035156,412.70001220703125,412.8500061035156,859021
2025-09-15 14:15:00+05:30,412.95001220703125,413.6000061035156,412.1499938964844,412.6000061035156,885711
2025-09-15 15:15:00+05:30,412.54998779296875,412.79998779296875,412.5,412.79998779296875,328081
2025-09-16 09:15:00+05:30,413.20001220703125,414.04998779296875,412.1000061035156,413.8500061035156,0
2025-09-16 10:15:00+05:30,414.0,414.0,413.5,413.75,346174
2025-09-16 11:15:00+05:30,413.6499938964844,413.79998779296875,412.8999938964844,413.1000061035156,548605
2025-09-16 12:15:00+05:30,413.1000061035156,413.79998779296875,412.79998779296875,413.0,940096
2025-09-16 13:15:00+05:30,412.95001220703125,413.29998779296875,412.3500061035156,413.0,1255550
2025-09-16 14:15:00+05:30,413.04998779296875,413.6499938964844,412.0,413.20001220703125,2919038
2025-09-16 15:15:00+05:30,413.20001220703125,413.79998779296875,412.70001220703125,413.70001220703125,1072626
2025-09-17 09:15:00+05:30,414.25,414.6000061035156,410.8500061035156,410.8500061035156,0
2025-09-17 10:15:00+05:30,410.6499938964844,412.3999938964844,410.45001220703125,411.8999938964844,2000132
2025-09-17 11:15:00+05:30,411.95001220703125,412.0,410.54998779296875,410.70001220703125,1670490
2025-09-17 12:15:00+05:30,410.79998779296875,411.3500061035156,409.5,409.6000061035156,1875758
2025-09-17 13:15:00+05:30,409.54998779296875,410.25,408.04998779296875,409.0,3063875
2025-09-17 14:15:00+05:30,409.04998779296875,409.3500061035156,408.45001220703125,409.1000061035156,2984354
2025-09-17 15:15:00+05:30,409.1000061035156,410.1000061035156,409.1000061035156,410.0,1078832
2025-09-18 09:15:00+05:30,411.0,412.45001220703125,410.1000061035156,411.5,0
2025-09-18 10:15:00+05:30,411.45001220703125,412.95001220703125,411.3500061035156,412.8500061035156,1631184
2025-09-18 11:15:00+05:30,412.8500061035156,413.04998779296875,411.20001220703125,411.45001220703125,1380784
2025-09-18 12:15:00+05:30,411.5,411.8500061035156,410.75,411.29998779296875,3255035
2025-09-18 13:15:00+05:30,411.25,411.6499938964844,410.8500061035156,410.95001220703125,1899058
2025-09-18 14:15:00+05:30,411.04998779296875,412.54998779296875,410.3500061035156,412.3999938964844,4244315
2025-09-18 15:15:00+05:30,412.3999938964844,412.6000061035156,411.54998779296875,411.54998779296875,1631436
2025-09-19 09:15:00+05:30,412.3500061035156,412.6000061035156,409.8500061035156,410.5,0
2025-09-19 10:15:00+05:30,410.45001220703125,410.79998779296875,410.04998779296875,410.1499938964844,339504
2025-09-19 11:15:00+05:30,410.1499938964844,411.20001220703125,409.8999938964844,410.20001220703125,2284035
2025-09-19 12:15:00+05:30,410.29998779296875,410.54998779296875,409.75,410.3999938964844,656638
2025-09-19 13:15:00+05:30,410.3999938964844,410.5,409.54998779296875,409.54998779296875,880713
2025-09-19 14:15:00+05:30,409.6499938964844,411.75,409.0,410.5,9093911
2025-09-19 15:15:00+05:30,410.5,410.79998779296875,409.6000061035156,410.6499938964844,5473585
2025-09-22 09:15:00+05:30,410.6499938964844,411.0,409.3500061035156,409.79998779296875,0
2025-09-22 10:15:00+05:30,409.75,410.20001220703125,409.3500061035156,409.3500061035156,420369
2025-09-22 11:15:00+05:30,409.29998779296875,409.79998779296875,408.3500061035156,408.75,2028419
2025-09-22 12:15:00+05:30,408.75,408.95001220703125,407.1499938964844,407.3500061035156,857541
2025-09-22 13:15:00+05:30,407.3500061035156,407.45001220703125,406.79998779296875,407.1000061035156,1401542
2025-09-22 14:15:00+05:30,407.04998779296875,407.25,406.04998779296875,406.70001220703125,2339401
2025-09-22 15:15:00+05:30,406.6499938964844,407.3500061035156,406.54998779296875,406.95001220703125,813324
2025-09-23 09:15:00+05:30,408.0,408.0,403.6000061035156,403.70001220703125,0
2025-09-23 10:15:00+05:30,403.75,403.8500061035156,402.75,402.79998779296875,1441587
2025-09-23 11:15:00+05:30,402.8500061035156,403.6499938964844,402.25,403.29998779296875,1662012
2025-09-23 12:15:00+05:30,403.29998779296875,404.6000061035156,402.79998779296875,404.20001220703125,1973208
2025-09-23 13:15:00+05:30,404.20001220703125,404.75,403.79998779296875,404.1499938964844,1920986
2025-09-23 14:15:00+05:30,404.1000061035156,404.45001220703125,402.8999938964844,403.20001220703125,4400704
2025-09-23 15:15:00+05:30,403.3500061035156,404.0,402.79998779296875,404.0,1886442
2025-09-24 09:15:00+05:30,404.0,404.25,402.04998779296875,402.8999938964844,0
2025-09-24 10:15:00+05:30,402.79998779296875,403.3500061035156,401.70001220703125,402.04998779296875,910336
2025-09-24 11:15:00+05:30,402.04998779296875,402.20001220703125,401.5,402.0,1246140
2025-09-24 12:15:00+05:30,402.0,402.25,401.6000061035156,401.8999938964844,1273256
2025-09-24 13:15:00+05:30,401.8999938964844,402.0,401.5,401.70001220703125,3331195
2025-09-24 14:15:00+05:30,401.70001220703125,401.79998779296875,400.79998779296875,401.0,3211273
2025-09-24 15:15:00+05:30,401.0,401.20001220703125,400.79998779296875,401.0,1409914
2025-09-25 09:15:00+05:30,401.1499938964844,402.75,400.29998779296875,400.29998779296875,0
2025-09-25 10:15:00+05:30,400.3500061035156,400.95001220703125,399.70001220703125,400.04998779296875,2021031
2025-09-25 11:15:00+05:30,400.04998779296875,401.0,399.75,400.75,3132578
2025-09-25 12:15:00+05:30,400.75,400.79998779296875,398.29998779296875,398.8500061035156,2911509
2025-09-25 13:15:00+05:30,398.95001220703125,399.6000061035156,398.0,398.95001220703125,2419275
2025-09-25 14:15:00+05:30,398.8999938964844,400.70001220703125,398.8999938964844,400.6000061035156,6668617
2025-09-25 15:15:00+05:30,400.6000061035156,401.0,400.04998779296875,400.1000061035156,1840777
2025-09-26 09:15:00+05:30,401.5,401.75,399.79998779296875,400.95001220703125,0
2025-09-26 10:15:00+05:30,400.95001220703125,402.95001220703125,400.8500061035156,402.3500061035156,1694606
2025-09-26 11:15:00+05:30,402.29998779296875,403.1000061035156,400.95001220703125,402.79998779296875,2122766
2025-09-26 12:15:00+05:30,402.79998779296875,405.3500061035156,402.1499938964844,404.79998779296875,4148912
2025-09-26 13:15:00+05:30,404.79998779296875,405.3500061035156,404.20001220703125,404.95001220703125,1587623
2025-09-26 14:15:00+05:30,404.95001220703125,405.29998779296875,404.20001220703125,405.1499938964844,2701604
2025-09-26 15:15:00+05:30,405.25,405.45001220703125,404.95001220703125,405.1000061035156,911055
2025-09-29 09:15:00+05:30,406.04998779296875,406.5,403.3500061035156,406.45001220703125,0
2025-09-29 10:15:00+05:30,406.5,407.1000061035156,405.45001220703125,405.8500061035156,1376530
2025-09-29 11:15:00+05:30,405.8500061035156,406.29998779296875,404.54998779296875,404.6000061035156,1703160
2025-09-29 12:15:00+05:30,404.6499938964844,406.0,404.3500061035156,405.8999938964844,1467854
2025-09-29 13:15:00+05:30,405.8999938964844,406.0,404.75,405.3500061035156,1058618
2025-09-29 14:15:00+05:30,405.3999938964844,407.8500061035156,404.25,407.6000061035156,7067768
2025-09-29 15:15:00+05:30,407.6000061035156,408.0,404.20001220703125,404.3999938964844,5512905
2025-09-30 09:15:00+05:30,405.45001220703125,406.04998779296875,402.20001220703125,402.45001220703125,0
2025-09-30 10:15:00+05:30,402.6000061035156,403.54998779296875,402.20001220703125,403.1499938964844,713275
2025-09-30 11:15:00+05:30,403.1499938964844,403.8500061035156,402.3999938964844,402.75,759938
2025-09-30 12:15:00+05:30,402.6499938964844,403.45001220703125,401.8500061035156,402.3500061035156,1265847
2025-09-30 13:15:00+05:30,402.29998779296875,402.5,400.45001220703125,401.0,1657714
2025-09-30 14:15:00+05:30,400.8999938964844,402.1000061035156,400.45001220703125,401.54998779296875,2633007
2025-09-30 15:15:00+05:30,401.54998779296875,401.79998779296875,401.25,401.75,995344
2025-10-01 09:15:00+05:30,401.75,402.5,399.8500061035156,400.04998779296875,0
2025-10-01 10:15:00+05:30,400.04998779296875,401.3500061035156,399.8999938964844,400.54998779296875,1808556
2025-10-01 11:15:00+05:30,400.70001220703125,403.8999938964844,399.95001220703125,403.6499938964844,3980307
2025-10-01 12:15:00+05:30,403.75,405.54998779296875,403.75,405.5,2098997
2025-10-01 13:15:00+05:30,405.5,405.8500061035156,404.6000061035156,405.5,2415481
2025-10-01 14:15:00+05:30,405.5,406.0,405.0,405.54998779296875,4296025
2025-10-01 15:15:00+05:30,405.54998779296875,406.0,404.29998779296875,404.79998779296875,1540831
2025-10-03 09:15:00+05:30,404.75,405.1499938964844,402.3999938964844,403.79998779296875,0
2025-10-03 10:15:00+05:30,403.79998779296875,404.70001220703125,403.1499938964844,404.6000061035156,2430490
2025-10-03 11:15:00+05:30,404.6000061035156,405.0,404.0,404.1000061035156,2471203
2025-10-03 12:15:00+05:30,404.1000061035156,404.45001220703125,403.45001220703125,404.29998779296875,2583064
2025-10-03 13:15:00+05:30,404.29998779296875,405.5,404.25,404.45001220703125,5014353
2025-10-03 14:15:00+05:30,404.25,404.45001220703125,403.25,404.45001220703125,1096979
2025-10-03 15:15:00+05:30,404.45001220703125,404.6000061035156,404.0,404.6000061035156,848637
2025-10-06 09:15:00+05:30,402.8999938964844,403.70001220703125,400.79998779296875,401.0,0
2025-10-06 10:15:00+05:30,400.95001220703125,401.3500061035156,400.3999938964844,401.0,1620970
2025-10-06 11:15:00+05:30,400.95001220703125,401.29998779296875,400.6499938964844,401.0,991662
2025-10-06 12:15:00+05:30,401.0,401.0,399.79998779296875,400.20001220703125,2476083
2025-10-06 13:15:00+05:30,400.20001220703125,401.45001220703125,399.95001220703125,400.1000061035156,4205476
2025-10-06 14:15:00+05:30,400.1000061035156,400.8999938964844,399.8500061035156,400.5,2400748
2025-10-06 15:15:00+05:30,400.6000061035156,401.20001220703125,400.5,401.0,770764
2025-10-07 09:15:00+05:30,402.20001220703125,402.5,400.70001220703125,401.3999938964844,0
2025-10-07 10:15:00+05:30,401.29998779296875,401.95001220703125,400.45001220703125,400.79998779296875,1495254
2025-10-07 11:15:00+05:30,400.95001220703125,401.0,399.6000061035156,400.20001220703125,1314030
2025-10-07 12:15:00+05:30,400.25,401.0,399.8999938964844,401.0,1186325
2025-10-07 13:15:00+05:30,401.0,401.45001220703125,400.5,401.0,1012772
2025-10-07 14:15:00+05:30,400.95001220703125,401.0,399.54998779296875,399.6499938964844,3502470
2025-10-07 15:15:00+05:30,399.6499938964844,400.0,399.54998779296875,399.95001220703125,1295496
2025-10-08 09:15:00+05:30,400.45001220703125,401.70001220703125,399.0,401.3500061035156,0
2025-10-08 10:15:00+05:30,401.29998779296875,401.29998779296875,399.29998779296875,399.5,799751
2025-10-08 11:15:00+05:30,399.5,399.54998779296875,398.3500061035156,398.5,1210549
2025-10-08 12:15:00+05:30,398.5,399.75,398.1000061035156,399.6000061035156,800776
2025-10-08 13:15:00+05:30,399.6000061035156,400.0,398.3999938964844,399.20001220703125,1675481
2025-10-08 14:15:00+05:30,399.20001220703125,400.0,398.8500061035156,399.95001220703125,1757557
2025-10-08 15:15:00+05:30,399.8999938964844,400.0,399.45001220703125,399.5,642066
2025-10-09 09:15:00+05:30,399.45001220703125,400.75,399.1499938964844,400.45001220703125,0
2025-10-09 10:15:00+05:30,400.45001220703125,401.3999938964844,399.79998779296875,400.0,3651362
2025-10-09 11:15:00+05:30,399.8999938964844,400.1000061035156,399.20001220703125,399.20001220703125,1331898
2025-10-09 12:15:00+05:30,399.20001220703125,399.95001220703125,399.04998779296875,399.8999938964844,1218432
2025-10-09 13:15:00+05:30,399.8999938964844,400.6499938964844,399.70001220703125,399.79998779296875,3186888
2025-10-09 14:15:00+05:30,399.79998779296875,400.0,399.45001220703125,400.0,2986652
2025-10-09 15:15:00+05:30,399.8500061035156,400.0,399.3500061035156,399.3500061035156,1287274
2025-10-10 09:15:00+05:30,400.45001220703125,403.1499938964844,399.6000061035156,402.29998779296875,0
2025-10-10 10:15:00+05:30,402.3500061035156,402.75,401.25,402.25,1536918
2025-10-10 11:15:00+05:30,402.25,403.79998779296875,402.0,403.20001220703125,1785537
2025-10-10 12:15:00+05:30,403.20001220703125,403.29998779296875,401.8999938964844,402.0,2428087
2025-10-10 13:15:00+05:30,401.95001220703125,402.95001220703125,401.79998779296875,401.8999938964844,1759009
2025-10-10 14:15:00+05:30,402.0,403.1499938964844,401.75,402.54998779296875,2468836
2025-10-10 15:15:00+05:30,402.6499938964844,403.0,402.3999938964844,402.3999938964844,1066228
2025-10-13 09:15:00+05:30,400.0,400.8500061035156,399.6499938964844,400.25,0
2025-10-13 10:15:00+05:30,400.20001220703125,400.45001220703125,399.6000061035156,399.8500061035156,1164317
2025-10-13 11:15:00+05:30,399.79998779296875,399.79998779296875,398.8500061035156,399.1499938964844,1128065
2025-10-13 12:15:00+05:30,399.1000061035156,399.70001220703125,398.6000061035156,399.70001220703125,1086484
2025-10-13 13:15:00+05:30,399.6499938964844,399.95001220703125,399.1499938964844,399.6499938964844,1113071
2025-10-13 14:15:00+05:30,399.79998779296875,400.0,398.8500061035156,399.04998779296875,1601934
2025-10-13 15:15:00+05:30,399.0,399.5,398.95001220703125,399.25,794833
2025-10-14 09:15:00+05:30,400.45001220703125,400.45001220703125,397.6499938964844,398.0,0
2025-10-14 10:15:00+05:30,397.8999938964844,398.1000061035156,397.45001220703125,397.45001220703125,499486
2025-10-14 11:15:00+05:30,397.95001220703125,398.8500061035156,397.54998779296875,398.3500061035156,1502376
2025-10-14 12:15:00+05:30,398.3500061035156,398.70001220703125,397.25,397.5,1302304
2025-10-14 13:15:00+05:30,397.6000061035156,397.95001220703125,396.54998779296875,397.0,1644241
2025-10-14 14:15:00+05:30,397.0,398.45001220703125,396.3500061035156,396.75,2483614
2025-10-14 15:15:00+05:30,396.79998779296875,397.0,396.25,396.70001220703125,1100280
2025-10-15 09:15:00+05:30,397.79998779296875,400.0,397.79998779296875,399.6000061035156,0
2025-10-15 10:15:00+05:30,399.75,400.8500061035156,399.5,399.75,3928151
2025-10-15 11:15:00+05:30,399.70001220703125,399.95001220703125,398.8999938964844,398.8999938964844,1343977
2025-10-15 12:15:00+05:30,399.04998779296875,400.0,398.8500061035156,399.70001220703125,2416437
2025-10-15 13:15:00+05:30,399.8500061035156,400.0,399.20001220703125,399.5,1894462
2025-10-15 14:15:00+05:30,399.5,400.0,399.20001220703125,399.79998779296875,3237583
2025-10-15 15:15:00+05:30,399.8999938964844,400.5,399.6499938964844,400.29998779296875,1766373
2025-10-16 09:15:00+05:30,399.8999938964844,402.6000061035156,399.6000061035156,401.20001220703125,0
2025-10-16 10:15:00+05:30,401.20001220703125,402.25,400.70001220703125,401.8500061035156,1827548
2025-10-16 11:15:00+05:30,401.79998779296875,404.5,401.79998779296875,403.75,2823640
2025-10-16 12:15:00+05:30,403.70001220703125,404.6499938964844,403.1499938964844,403.79998779296875,2322209
2025-10-16 13:15:00+05:30,403.79998779296875,404.6499938964844,402.79998779296875,404.1499938964844,4290663
2025-10-16 14:15:00+05:30,404.20001220703125,405.54998779296875,404.0,404.8500061035156,4092832
2025-10-16 15:15:00+05:30,404.8999938964844,405.6499938964844,404.75,405.6000061035156,1599419
2025-10-17 09:15:00+05:30,405.75,409.1499938964844,405.3500061035156,408.8999938964844,0
2025-10-17 10:15:00+05:30,408.95001220703125,411.20001220703125,408.75,411.0,4659884
2025-10-17 11:15:00+05:30,411.1000061035156,413.20001220703125,410.6000061035156,413.04998779296875,4436115
2025-10-17 12:15:00+05:30,413.04998779296875,413.8500061035156,411.79998779296875,412.3500061035156,2464744
2025-10-17 13:15:00+05:30,412.5,413.45001220703125,411.79998779296875,413.0,2325976
2025-10-17 14:15:00+05:30,413.1499938964844,413.54998779296875,412.29998779296875,412.29998779296875,3110742
2025-10-17 15:15:00+05:30,412.29998779296875,412.45001220703125,411.1000061035156,411.70001220703125,1817494
2025-10-20 09:15:00+05:30,412.54998779296875,414.70001220703125,412.54998779296875,414.0,0
2025-10-20 10:15:00+05:30,414.0,414.3999938964844,412.79998779296875,413.1499938964844,2528219
2025-10-20 11:15:00+05:30,413.25,413.3999938964844,411.54998779296875,411.8999938964844,1978275
2025-10-20 12:15:00+05:30,412.0,413.70001220703125,411.29998779296875,413.20001220703125,1253667
2025-10-20 13:15:00+05:30,413.1499938964844,413.6000061035156,412.29998779296875,412.6499938964844,1639841
2025-10-20 14:15:00+05:30,412.6000061035156,413.20001220703125,412.04998779296875,413.1000061035156,2978592
2025-10-20 15:15:00+05:30,412.95001220703125,413.54998779296875,412.6000061035156,413.04998779296875,797613
2025-10-21 13:15:00+05:30,413.5,413.5,412.5,412.95001220703125,663064
2025-10-21 14:15:00+05:30,413.0,413.20001220703125,412.3999938964844,412.8500061035156,448109
2025-10-23 09:15:00+05:30,414.8999938964844,419.3999938964844,413.70001220703125,419.0,3900204
2025-10-23 10:15:00+05:30,419.0,420.3999938964844,418.25,418.70001220703125,5672780
2025-10-23 11:15:00+05:30,418.79998779296875,419.5,417.8999938964844,418.0,2126763
2025-10-23 12:15:00+05:30,418.0,418.75,416.3500061035156,417.20001220703125,2490556
2025-10-23 13:15:00+05:30,417.1499938964844,417.54998779296875,414.54998779296875,415.0,2173146
2025-10-23 14:15:00+05:30,415.0,416.3999938964844,414.75,415.3999938964844,4739966
2025-10-23 15:15:00+05:30,415.5,416.70001220703125,415.3500061035156,415.95001220703125,2058366
2025-10-24 09:15:00+05:30,415.95001220703125,415.95001220703125,413.6000061035156,414.6000061035156,0
2025-10-24 10:15:00+05:30,414.6000061035156,415.1499938964844,413.79998779296875,414.8500061035156,2298864
2025-10-24 11:15:00+05:30,414.8500061035156,416.0,414.1000061035156,416.0,2807343
2025-10-24 12:15:00+05:30,416.04998779296875,416.70001220703125,414.8500061035156,416.0,1645147
2025-10-24 13:15:00+05:30,416.0,417.0,415.8500061035156,416.45001220703125,2399152
2025-10-24 14:15:00+05:30,416.45001220703125,417.3500061035156,415.6000061035156,416.8500061035156,3022137
2025-10-24 15:15:00+05:30,416.8500061035156,417.95001220703125,416.75,417.5,874081
2025-10-27 09:15:00+05:30,417.54998779296875,419.5,416.6000061035156,418.8500061035156,0
2025-10-27 10:15:00+05:30,419.0,420.29998779296875,418.6000061035156,420.04998779296875,1553226
2025-10-27 11:15:00+05:30,420.0,422.29998779296875,419.70001220703125,422.29998779296875,1716787
2025-10-27 12:15:00+05:30,422.3500061035156,422.70001220703125,421.1499938964844,421.6499938964844,2185649
2025-10-27 13:15:00+05:30,421.6000061035156,422.20001220703125,421.04998779296875,421.25,1198344
2025-10-27 14:15:00+05:30,421.25,422.1000061035156,419.6000061035156,420.0,2238013
2025-10-27 15:15:00+05:30,420.1499938964844,421.5,420.04998779296875,421.0,1045905
2025-10-28 09:15:00+05:30,421.25,421.6499938964844,419.1000061035156,419.6499938964844,0
2025-10-28 10:15:00+05:30,419.6499938964844,419.6499938964844,417.54998779296875,417.54998779296875,888925
2025-10-28 11:15:00+05:30,417.54998779296875,418.0,416.25,417.20001220703125,2472774
2025-10-28 12:15:00+05:30,417.20001220703125,418.95001220703125,416.79998779296875,418.0,2900298
2025-10-28 13:15:00+05:30,418.0,419.0,416.5,417.1000061035156,1319634
2025-10-28 14:15:00+05:30,417.1000061035156,418.45001220703125,415.8999938964844,417.79998779296875,4932997
2025-10-28 15:15:00+05:30,417.8500061035156,418.75,417.0,417.95001220703125,2274451
2025-10-29 09:15:00+05:30,418.25,418.6499938964844,416.04998779296875,418.45001220703125,0
2025-10-29 10:15:00+05:30,418.5,419.75,418.20001220703125,418.79998779296875,1182082
2025-10-29 11:15:00+05:30,418.75,418.75,417.5,418.1499938964844,1604113
2025-10-29 12:15:00+05:30,418.25,419.54998779296875,417.54998779296875,419.20001220703125,1902000
2025-10-29 13:15:00+05:30,419.20001220703125,419.70001220703125,418.75,419.45001220703125,1365674
2025-10-29 14:15:00+05:30,419.45001220703125,421.8999938964844,419.45001220703125,421.6499938964844,3407539
2025-10-29 15:15:00+05:30,421.6499938964844,422.20001220703125,421.29998779296875,421.8500061035156,1264531
2025-10-30 09:15:00+05:30,421.25,421.25,416.20001220703125,421.04998779296875,0
2025-10-30 10:15:00+05:30,421.04998779296875,421.54998779296875,419.6499938964844,420.54998779296875,2599631
2025-10-30 11:15:00+05:30,420.54998779296875,420.6000061035156,418.79998779296875,419.0,2124846
2025-10-30 12:15:00+05:30,418.8999938964844,419.95001220703125,418.54998779296875,419.0,817582
2025-10-30 13:15:00+05:30,419.0,419.3500061035156,418.0,418.70001220703125,1054454
2025-10-30 14:15:00+05:30,418.70001220703125,419.70001220703125,417.8500061035156,418.45001220703125,2751394
2025-10-30 15:15:00+05:30,418.54998779296875,419.54998779296875,418.45001220703125,419.3500061035156,1400543
2025-10-31 09:15:00+05:30,419.45001220703125,425.8999938964844,418.6000061035156,425.1499938964844,0
2025-10-31 10:15:00+05:30,425.04998779296875,426.3999938964844,423.29998779296875,424.3999938964844,3159830
2025-10-31 11:15:00+05:30,424.20001220703125,424.54998779296875,422.6499938964844,422.8500061035156,1345428
2025-10-31 12:15:00+05:30,422.70001220703125,423.29998779296875,420.29998779296875,420.8500061035156,1526442
2025-10-31 13:15:00+05:30,420.79998779296875,421.20001220703125,419.5,420.6499938964844,1362700
2025-10-31 14:15:00+05:30,420.6499938964844,421.20001220703125,419.8500061035156,420.3999938964844,3113388
2025-10-31 15:15:00+05:30,420.45001220703125,420.70001220703125,419.5,420.3500061035156,1879112
2025-11-03 09:15:00+05:30,419.79998779296875,421.6499938964844,416.3999938964844,417.95001220703125,0
2025-11-03 10:15:00+05:30,417.75,418.54998779296875,416.8999938964844,417.0,994192
2025-11-03 11:15:00+05:30,417.0,417.1499938964844,413.5,413.95001220703125,1017900
2025-11-03 12:15:00+05:30,413.8500061035156,414.8999938964844,413.45001220703125,414.20001220703125,974273
2025-11-03 13:15:00+05:30,414.20001220703125,414.8999938964844,413.6499938964844,414.1000061035156,813621
2025-11-03 14:15:00+05:30,414.1499938964844,414.6499938964844,413.6499938964844,414.0,1469809
2025-11-03 15:15:00+05:30,414.04998779296875,414.04998779296875,413.6000061035156,414.0,696478
2025-11-04 09:15:00+05:30,414.20001220703125,414.5,410.75,411.04998779296875,0
2025-11-04 10:15:00+05:30,411.1499938964844,412.95001220703125,410.79998779296875,412.25,832186
2025-11-04 11:15:00+05:30,412.45001220703125,412.6000061035156,410.54998779296875,411.1499938964844,806153
2025-11-04 12:15:00+05:30,411.20001220703125,411.54998779296875,410.20001220703125,410.25,1052704
2025-11-04 13:15:00+05:30,410.29998779296875,410.45001220703125,408.8999938964844,409.20001220703125,1558608
2025-11-04 14:15:00+05:30,409.20001220703125,409.6000061035156,408.3500061035156,409.0,3515126
2025-11-04 15:15:00+05:30,409.0,409.29998779296875,408.54998779296875,408.8999938964844,1083621
2025-11-06 09:15:00+05:30,409.6499938964844,413.1499938964844,409.3999938964844,409.3999938964844,0
2025-11-06 10:15:00+05:30,409.3999938964844,409.70001220703125,408.3999938964844,408.3999938964844,1092903
2025-11-06 11:15:00+05:30,408.54998779296875,408.54998779296875,406.54998779296875,406.75,834080
2025-11-06 12:15:00+05:30,406.6000061035156,409.75,406.6000061035156,408.3999938964844,1381964
2025-11-06 13:15:00+05:30,408.5,409.1499938964844,407.0,408.45001220703125,1278625
2025-11-06 14:15:00+05:30,408.3999938964844,408.75,406.70001220703125,407.1000061035156,3045680
2025-11-06 15:15:00+05:30,407.1000061035156,408.8500061035156,406.6499938964844,408.5,1414651
2025-11-07 09:15:00+05:30,406.5,409.1000061035156,406.5,408.0,0
2025-11-07 10:15:00+05:30,407.79998779296875,408.0,405.8500061035156,406.6499938964844,684802
2025-11-07 11:15:00+05:30,406.70001220703125,407.0,405.54998779296875,405.79998779296875,802098
2025-11-07 12:15:00+05:30,405.8999938964844,405.95001220703125,404.0,404.3999938964844,982343
2025-11-07 13:15:00+05:30,404.45001220703125,405.45001220703125,404.0,404.04998779296875,1546261
2025-11-07 14:15:00+05:30,404.04998779296875,405.3500061035156,403.70001220703125,404.0,2116748
2025-11-07 15:15:00+05:30,404.1499938964844,404.5,403.75,404.04998779296875,1386861
2025-11-10 09:15:00+05:30,404.1000061035156,406.6499938964844,403.8500061035156,406.3500061035156,0
2025-11-10 10:15:00+05:30,406.3500061035156,407.04998779296875,405.8999938964844,406.0,691166
2025-11-10 11:15:00+05:30,406.0,406.0,405.6499938964844,405.8500061035156,645102
2025-11-10 12:15:00+05:30,405.95001220703125,406.0,405.3999938964844,406.0,658790
2025-11-10 13:15:00+05:30,406.0,406.20001220703125,405.0,406.0,1148482
2025-11-10 14:15:00+05:30,406.0,406.45001220703125,405.0,405.29998779296875,2070029
2025-11-10 15:15:00+05:30,405.3500061035156,406.20001220703125,405.3500061035156,406.0,425015
2025-11-11 09:15:00+05:30,406.5,407.8999938964844,405.25,407.20001220703125,0
2025-11-11 10:15:00+05:30,407.1000061035156,407.20001220703125,404.70001220703125,405.1499938964844,6092134
2025-11-11 11:15:00+05:30,405.3500061035156,406.75,405.1499938964844,406.3999938964844,659828
2025-11-11 12:15:00+05:30,406.3999938964844,406.6000061035156,405.45001220703125,405.95001220703125,588699
2025-11-11 13:15:00+05:30,405.95001220703125,407.20001220703125,405.70001220703125,406.54998779296875,1077174
2025-11-11 14:15:00+05:30,406.54998779296875,407.54998779296875,406.29998779296875,407.0,1968241
2025-11-11 15:15:00+05:30,406.8500061035156,407.29998779296875,406.6499938964844,406.8500061035156,642841
2025-11-12 09:15:00+05:30,408.0,408.0,405.75,406.0,0
2025-11-12 10:15:00+05:30,406.0,407.04998779296875,405.79998779296875,406.6499938964844,683891
2025-11-12 11:15:00+05:30,406.6499938964844,407.29998779296875,406.6499938964844,407.0,1078214
2025-11-12 12:15:00+05:30,407.1000061035156,407.29998779296875,406.70001220703125,407.04998779296875,859555
2025-11-12 13:15:00+05:30,406.8500061035156,407.1499938964844,406.0,406.20001220703125,1140242
2025-11-12 14:15:00+05:30,406.25,407.20001220703125,406.20001220703125,407.04998779296875,2096322
2025-11-12 15:15:00+05:30,407.04998779296875,407.45001220703125,406.70001220703125,407.0,823609
2025-11-13 09:15:00+05:30,407.0,407.5,404.6000061035156,405.70001220703125,0
2025-11-13 10:15:00+05:30,405.75,406.5,405.25,406.5,648686
2025-11-13 11:15:00+05:30,406.45001220703125,407.25,406.1000061035156,407.0,662854
2025-11-13 12:15:00+05:30,407.04998779296875,407.20001220703125,406.3999938964844,407.1000061035156,737702
2025-11-13 13:15:00+05:30,407.04998779296875,407.5,405.79998779296875,406.20001220703125,995820
2025-11-13 14:15:00+05:30,406.1499938964844,407.3500061035156,405.3500061035156,405.6000061035156,2086262
2025-11-13 15:15:00+05:30,405.6000061035156,406.25,405.1499938964844,405.79998779296875,776259
2025-11-14 09:15:00+05:30,404.5,406.95001220703125,401.75,403.95001220703125,47477702
2025-11-14 10:15:00+05:30,404.04998779296875,406.3999938964844,403.75,406.0,827812
2025-11-14 11:15:00+05:30,406.0,406.3999938964844,405.20001220703125,406.3999938964844,744528
2025-11-14 12:15:00+05:30,406.3500061035156,406.5,405.45001220703125,406.0,1037623
2025-11-14 13:15:00+05:30,406.1499938964844,406.29998779296875,404.3500061035156,404.79998779296875,1097419
2025-11-14 14:15:00+05:30,404.79998779296875,408.6499938964844,404.6000061035156,408.6499938964844,3889376
2025-11-14 15:15:00+05:30,408.6499938964844,408.75,408.0,408.1499938964844,2322920
2025-11-17 09:15:00+05:30,410.25,410.25,409.0,409.3999938964844,0
2025-11-17 10:15:00+05:30,409.5,409.75,406.8500061035156,407.1000061035156,857523
2025-11-17 11:15:00+05:30,407.0,407.8999938964844,406.70001220703125,407.45001220703125,739680
2025-11-17 12:15:00+05:30,407.45001220703125,407.54998779296875,406.5,406.79998779296875,959773
2025-11-17 13:15:00+05:30,406.70001220703125,408.0,406.6499938964844,407.5,1467721
2025-11-17 14:15:00+05:30,407.5,407.70001220703125,406.0,407.0,2236432
2025-11-17 15:15:00+05:30,406.95001220703125,407.5,406.95001220703125,407.5,575149
2025-11-18 09:15:00+05:30,408.3500061035156,408.3500061035156,404.95001220703125,405.1000061035156,0
2025-11-18 10:15:00+05:30,405.1000061035156,405.6000061035156,404.6000061035156,405.5,474776
2025-11-18 11:15:00+05:30,405.29998779296875,405.3500061035156,404.6000061035156,405.0,779991
2025-11-18 12:15:00+05:30,405.0,405.25,404.6000061035156,405.1000061035156,791761
2025-11-18 13:15:00+05:30,405.1000061035156,406.75,405.04998779296875,406.45001220703125,1434177
2025-11-18 14:15:00+05:30,406.54998779296875,406.6499938964844,405.5,406.04998779296875,2120325
2025-11-18 15:15:00+05:30,406.0,406.04998779296875,405.20001220703125,405.8500061035156,757664
2025-11-19 09:15:00+05:30,405.0,405.5,403.6499938964844,403.8999938964844,0
2025-11-19 10:15:00+05:30,403.95001220703125,404.20001220703125,403.0,403.04998779296875,655325
2025-11-19 11:15:00+05:30,402.8999938964844,403.6000061035156,402.79998779296875,403.04998779296875,1324289
2025-11-19 12:15:00+05:30,403.0,404.04998779296875,403.0,403.75,1294503
2025-11-19 13:15:00+05:30,403.8500061035156,404.54998779296875,403.5,404.3999938964844,1421721
2025-11-19 14:15:00+05:30,404.29998779296875,404.3999938964844,403.3500061035156,403.54998779296875,1847237
2025-11-19 15:15:00+05:30,403.5,403.75,403.3999938964844,403.75,601271
2025-11-20 09:15:00+05:30,404.04998779296875,405.8500061035156,403.5,405.75,0
2025-11-20 10:15:00+05:30,405.79998779296875,407.0,405.70001220703125,406.5,774029
2025-11-20 11:15:00+05:30,406.5,406.5,405.3999938964844,406.3500061035156,638066
2025-11-20 12:15:00+05:30,406.3500061035156,406.5,405.04998779296875,405.3500061035156,682437
2025-11-20 13:15:00+05:30,405.25,406.5,405.1000061035156,405.79998779296875,834250
2025-11-20 14:15:00+05:30,405.75,405.95001220703125,404.75,405.8999938964844,2313415
2025-11-20 15:15:00+05:30,405.8999938964844,405.8999938964844,405.0,405.0,659684
2025-11-21 09:15:00+05:30,405.45001220703125,406.70001220703125,404.75,405.3999938964844,0
2025-11-21 10:15:00+05:30,405.5,407.20001220703125,405.0,406.70001220703125,514720
2025-11-21 11:15:00+05:30,406.6000061035156,407.20001220703125,406.1000061035156,407.20001220703125,756947
2025-11-21 12:15:00+05:30,407.20001220703125,408.20001220703125,407.04998779296875,407.75,905880
2025-11-21 13:15:00+05:30,407.75,408.3500061035156,407.04998779296875,408.3500061035156,753777
2025-11-21 14:15:00+05:30,408.29998779296875,408.5,407.5,407.95001220703125,1288187
2025-11-21 15:15:00+05:30,408.0,408.04998779296875,407.6000061035156,408.0,777865
2025-11-24 09:15:00+05:30,408.3999938964844,408.75,406.45001220703125,407.3999938964844,0
2025-11-24 10:15:00+05:30,407.3500061035156,407.3500061035156,406.04998779296875,406.5,490889
2025-11-24 11:15:00+05:30,406.45001220703125,406.79998779296875,404.3500061035156,405.29998779296875,809986
2025-11-24 12:15:00+05:30,405.25,405.70001220703125,404.70001220703125,404.79998779296875,406803
2025-11-24 13:15:00+05:30,404.79998779296875,405.3500061035156,404.6000061035156,405.04998779296875,708155
2025-11-24 14:15:00+05:30,405.0,405.25,402.8500061035156,403.04998779296875,4108728
2025-11-24 15:15:00+05:30,403.04998779296875,404.29998779296875,403.0,404.0,3576308
2025-11-25 09:15:00+05:30,403.54998779296875,404.25,402.0,403.8999938964844,0
2025-11-25 10:15:00+05:30,403.8999938964844,404.5,402.70001220703125,402.95001220703125,606942
2025-11-25 11:15:00+05:30,402.95001220703125,403.75,402.3500061035156,403.45001220703125,903251
2025-11-25 12:15:00+05:30,403.45001220703125,403.8999938964844,403.04998779296875,403.6000061035156,775057
2025-11-25 13:15:00+05:30,403.6000061035156,403.8500061035156,403.1000061035156,403.3999938964844,768823
2025-11-25 14:15:00+05:30,403.3999938964844,403.79998779296875,400.6000061035156,400.95001220703125,2850039
2025-11-25 15:15:00+05:30,400.8999938964844,400.95001220703125,400.20001220703125,400.3999938964844,1461232
2025-11-26 09:15:00+05:30,403.6000061035156,403.8999938964844,402.0,403.1499938964844,0
2025-11-26 10:15:00+05:30,403.1499938964844,403.20001220703125,402.45001220703125,402.75,1179684
2025-11-26 11:15:00+05:30,402.70001220703125,403.1000061035156,402.3500061035156,403.1000061035156,1691515
2025-11-26 12:15:00+05:30,403.0,403.1000061035156,402.5,402.8500061035156,1368101
2025-11-26 13:15:00+05:30,402.95001220703125,403.20001220703125,402.0,402.6000061035156,2329404
2025-11-26 14:15:00+05:30,402.6000061035156,402.70001220703125,402.1499938964844,402.3500061035156,2539341
2025-11-26 15:15:00+05:30,402.29998779296875,402.54998779296875,402.0,402.29998779296875,1068941
2025-11-27 09:15:00+05:30,403.5,403.8500061035156,402.3999938964844,402.6000061035156,0
2025-11-27 10:15:00+05:30,402.6499938964844,403.29998779296875,402.25,403.20001220703125,997209
2025-11-27 11:15:00+05:30,403.1499938964844,403.45001220703125,402.45001220703125,403.1000061035156,1032855
2025-11-27 12:15:00+05:30,403.1000061035156,403.29998779296875,402.3500061035156,402.3500061035156,1071872
2025-11-27 13:15:00+05:30,402.3500061035156,403.1000061035156,402.1499938964844,402.5,870790
2025-11-27 14:15:00+05:30,402.54998779296875,404.1499938964844,402.5,403.6000061035156,2479355
2025-11-27 15:15:00+05:30,403.6000061035156,405.95001220703125,403.3999938964844,405.5,1257846
2025-11-28 09:15:00+05:30,404.8500061035156,404.8500061035156,402.70001220703125,402.95001220703125,0
2025-11-28 10:15:00+05:30,402.95001220703125,403.8500061035156,402.5,403.1000061035156,677692
2025-11-28 11:15:00+05:30,403.1000061035156,404.04998779296875,403.0,404.0,934294
2025-11-28 12:15:00+05:30,404.0,404.0,403.0,404.0,1212531
2025-11-28 13:15:00+05:30,404.0,404.1000061035156,403.04998779296875,403.1499938964844,842349
2025-11-28 14:15:00+05:30,403.1499938964844,404.3999938964844,402.70001220703125,404.1499938964844,1531451
2025-11-28 15:15:00+05:30,404.29998779296875,404.6000061035156,403.79998779296875,404.29998779296875,963765
2025-12-01 09:15:00+05:30,402.0,402.3500061035156,398.20001220703125,401.6000061035156,0
2025-12-01 10:15:00+05:30,401.6000061035156,404.04998779296875,401.1499938964844,403.6499938964844,1814292
2025-12-01 11:15:00+05:30,403.6000061035156,405.5,403.0,404.25,1613756
2025-12-01 12:15:00+05:30,404.25,405.3500061035156,403.79998779296875,405.1499938964844,850042
2025-12-01 13:15:00+05:30,405.1000061035156,405.25,403.75,403.8999938964844,1024282
2025-12-01 14:15:00+05:30,403.8999938964844,404.20001220703125,403.1000061035156,403.6499938964844,2129917
2025-12-01 15:15:00+05:30,403.70001220703125,404.79998779296875,403.6000061035156,404.25,1137058
2025-12-02 09:15:00+05:30,404.29998779296875,405.3999938964844,402.6000061035156,402.95001220703125,0
2025-12-02 10:15:00+05:30,402.8999938964844,403.1000061035156,400.75,401.54998779296875,1058317
2025-12-02 11:15:00+05:30,401.6000061035156,402.1000061035156,401.0,401.54998779296875,968560
2025-12-02 12:15:00+05:30,401.5,401.79998779296875,400.79998779296875,400.95001220703125,703750
2025-12-02 13:15:00+05:30,400.95001220703125,402.25,400.8500061035156,401.70001220703125,1065755
2025-12-02 14:15:00+05:30,401.75,401.8500061035156,400.5,400.79998779296875,2327803
2025-12-02 15:15:00+05:30,400.8999938964844,401.8500061035156,400.70001220703125,401.70001220703125,889750
2025-12-03 09:15:00+05:30,401.8999938964844,402.1499938964844,398.8999938964844,400.3500061035156,0
2025-12-03 10:15:00+05:30,400.5,400.8500061035156,399.3500061035156,400.6000061035156,1573989
2025-12-03 11:15:00+05:30,400.54998779296875,402.0,400.3999938964844,401.54998779296875,1544824
2025-12-03 12:15:00+05:30,401.54998779296875,401.75,399.5,400.04998779296875,1341349
2025-12-03 13:15:00+05:30,400.0,400.3999938964844,399.5,400.1499938964844,1272612
2025-12-03 14:15:00+05:30,400.1499938964844,400.8500061035156,399.79998779296875,400.5,1944612
2025-12-03 15:15:00+05:30,400.45001220703125,401.0,400.25,400.5,775319
2025-12-04 09:15:00+05:30,400.3999938964844,401.8500061035156,399.1000061035156,401.3500061035156,0
2025-12-04 10:15:00+05:30,401.3999938964844,403.25,401.29998779296875,403.0,525331
2025-12-04 11:15:00+05:30,402.95001220703125,403.20001220703125,401.95001220703125,402.6499938964844,1086713
2025-12-04 12:15:00+05:30,402.6000061035156,402.70001220703125,401.29998779296875,401.6499938964844,1617580
2025-12-04 13:15:00+05:30,401.6000061035156,402.6499938964844,401.1000061035156,401.54998779296875,1738402
2025-12-04 14:15:00+05:30,401.54998779296875,403.25,401.3500061035156,403.04998779296875,1750486
2025-12-04 15:15:00+05:30,403.1000061035156,403.3500061035156,403.0,403.25,654911
2025-12-05 09:15:00+05:30,403.45001220703125,403.79998779296875,402.0,402.95001220703125,0
2025-12-05 10:15:00+05:30,403.0,403.8500061035156,402.8500061035156,403.3999938964844,414605
2025-12-05 11:15:00+05:30,403.3999938964844,404.25,402.8999938964844,404.20001220703125,628662
2025-12-05 12:15:00+05:30,404.20001220703125,404.5,403.5,404.04998779296875,558407
2025-12-05 13:15:00+05:30,404.04998779296875,405.20001220703125,403.54998779296875,404.70001220703125,1018353
2025-12-05 14:15:00+05:30,404.75,405.3500061035156,404.29998779296875,405.0,835333
2025-12-05 15:15:00+05:30,404.95001220703125,405.1499938964844,404.6000061035156,405.1499938964844,426804
2025-12-08 09:15:00+05:30,404.95001220703125,405.0,403.04998779296875,403.5,0
2025-12-08 10:15:00+05:30,403.5,405.0,403.3999938964844,404.75,677964
2025-12-08 11:15:00+05:30,404.8999938964844,405.0,404.20001220703125,404.6499938964844,600085
2025-12-08 12:15:00+05:30,404.5,404.95001220703125,402.3999938964844,402.54998779296875,977994
2025-12-08 13:15:00+05:30,402.54998779296875,402.6499938964844,400.54998779296875,401.0,952108
2025-12-08 14:15:00+05:30,401.0,402.75,400.8999938964844,402.75,1667530
2025-12-08 15:15:00+05:30,402.75,402.8999938964844,401.6000061035156,402.0,643490
2025-12-09 09:15:00+05:30,402.0,403.29998779296875,400.1499938964844,401.6499938964844,0
2025-12-09 10:15:00+05:30,401.70001220703125,404.45001220703125,401.5,404.3999938964844,1066115
2025-12-09 11:15:00+05:30,404.3999938964844,404.5,402.1000061035156,402.95001220703125,1595597
2025-12-09 12:15:00+05:30,403.0,404.0,402.70001220703125,403.8500061035156,544639
2025-12-09 13:15:00+05:30,403.8999938964844,403.95001220703125,402.3999938964844,402.70001220703125,1751872
2025-12-09 14:15:00+05:30,402.70001220703125,402.8500061035156,400.3500061035156,400.3500061035156,2621794
2025-12-09 15:15:00+05:30,400.54998779296875,401.25,400.3999938964844,401.04998779296875,919527
2025-12-10 09:15:00+05:30,401.1000061035156,404.29998779296875,401.0,404.29998779296875,0
2025-12-10 10:15:00+05:30,404.29998779296875,404.3999938964844,402.8999938964844,403.29998779296875,608489
2025-12-10 11:15:00+05:30,403.29998779296875,403.8999938964844,403.0,403.29998779296875,523387
2025-12-10 12:15:00+05:30,403.29998779296875,403.79998779296875,402.8500061035156,403.70001220703125,1239980
2025-12-10 13:15:00+05:30,403.70001220703125,404.0,402.8999938964844,403.04998779296875,1373928
2025-12-10 14:15:00+05:30,403.04998779296875,403.75,402.75,403.0,1717110
2025-12-10 15:15:00+05:30,403.0,403.3999938964844,402.75,403.1000061035156,728251
2025-12-11 09:15:00+05:30,403.3999938964844,403.79998779296875,401.20001220703125,402.0,0
2025-12-11 10:15:00+05:30,402.0,402.5,401.1000061035156,402.25,896413
2025-12-11 11:15:00+05:30,402.29998779296875,402.6499938964844,401.8500061035156,402.1499938964844,568909
2025-12-11 12:15:00+05:30,402.1499938964844,402.5,401.5,401.8999938964844,970141
2025-12-11 13:15:00+05:30,401.8500061035156,402.6000061035156,401.6000061035156,402.54998779296875,840007
2025-12-11 14:15:00+05:30,402.54998779296875,404.0,402.29998779296875,403.0,1656997
2025-12-11 15:15:00+05:30,403.0,403.5,402.3999938964844,403.0,764913
2025-12-12 09:15:00+05:30,403.1499938964844,403.1499938964844,401.29998779296875,401.6000061035156,0
2025-12-12 10:15:00+05:30,401.6000061035156,402.0,400.3999938964844,400.79998779296875,903526
2025-12-12 11:15:00+05:30,400.79998779296875,401.95001220703125,400.29998779296875,400.75,1252383
2025-12-12 12:15:00+05:30,400.75,401.20001220703125,400.5,400.54998779296875,1077030
2025-12-12 13:15:00+05:30,400.70001220703125,400.70001220703125,400.25,400.6499938964844,1050358
2025-12-12 14:15:00+05:30,400.6499938964844,400.70001220703125,399.8500061035156,400.54998779296875,6316317
2025-12-12 15:15:00+05:30,400.5,400.79998779296875,400.1000061035156,400.1000061035156,634996
2025-12-15 09:15:00+05:30,400.1000061035156,400.8999938964844,399.75,400.04998779296875,0
2025-12-15 10:15:00+05:30,400.0,402.45001220703125,400.0,402.1499938964844,1555592
2025-12-15 11:15:00+05:30,402.29998779296875,402.70001220703125,401.6499938964844,401.79998779296875,815127
2025-12-15 12:15:00+05:30,401.79998779296875,402.1000061035156,401.3999938964844,401.95001220703125,682157
2025-12-15 13:15:00+05:30,401.95001220703125,403.3500061035156,401.8999938964844,402.45001220703125,1947500
2025-12-15 14:15:00+05:30,402.3999938964844,402.6499938964844,401.70001220703125,402.3999938964844,958178
2025-12-15 15:15:00+05:30,402.45001220703125,402.45001220703125,402.0,402.0,446482
2025-12-16 09:15:00+05:30,402.0,404.0,401.1000061035156,403.1000061035156,0
2025-12-16 10:15:00+05:30,403.1000061035156,405.6499938964844,403.1000061035156,405.1000061035156,2652358
2025-12-16 11:15:00+05:30,405.1000061035156,405.1000061035156,402.95001220703125,403.20001220703125,1518856
2025-12-16 12:15:00+05:30,403.20001220703125,403.5,401.95001220703125,402.0,2436771
2025-12-16 13:15:00+05:30,402.0,403.1000061035156,401.8999938964844,403.0,717335
2025-12-16 14:15:00+05:30,403.1000061035156,403.1000061035156,401.54998779296875,401.54998779296875,1892263
2025-12-16 15:15:00+05:30,401.75,402.0,401.3500061035156,401.95001220703125,694353
2025-12-17 09:15:00+05:30,401.70001220703125,402.95001220703125,401.70001220703125,402.1000061035156,0
2025-12-17 10:15:00+05:30,402.1000061035156,402.45001220703125,401.3999938964844,401.95001220703125,666595
2025-12-17 11:15:00+05:30,402.0,402.0,399.79998779296875,400.0,936651
2025-12-17 12:15:00+05:30,400.0,400.95001220703125,399.3500061035156,400.70001220703125,1332249
2025-12-17 13:15:00+05:30,400.70001220703125,401.25,400.5,400.70001220703125,881995
2025-12-17 14:15:00+05:30,400.8999938964844,401.1499938964844,399.6000061035156,399.6499938964844,2685638
2025-12-17 15:15:00+05:30,399.6499938964844,400.6000061035156,399.6499938964844,400.25,911032
2025-12-18 09:15:00+05:30,400.70001220703125,401.8999938964844,400.1499938964844,401.0,859251
2025-12-18 10:15:00+05:30,401.0,401.70001220703125,400.5,400.8999938964844,1000976
2025-12-18 11:15:00+05:30,400.8999938964844,401.25,400.3999938964844,401.25,786223
2025-12-18 12:15:00+05:30,401.25,401.3500061035156,400.79998779296875,401.04998779296875,1057139
2025-12-18 13:15:00+05:30,401.04998779296875,401.1499938964844,400.5,400.70001220703125,580058
2025-12-18 14:15:00+05:30,400.70001220703125,400.79998779296875,399.8500061035156,400.25,2030851
2025-12-18 15:15:00+05:30,400.25,401.1000061035156,400.0,400.45001220703125,912598
2025-12-19 09:15:00+05:30,400.54998779296875,401.8999938964844,400.54998779296875,401.20001220703125,0
2025-12-19 10:15:00+05:30,401.25,401.3999938964844,400.75,401.0,772469
2025-12-19 11:15:00+05:30,401.0,402.0,400.75,401.8500061035156,817927
2025-12-19 12:15:00+05:30,401.8500061035156,402.20001220703125,401.0,402.0,875594
2025-12-19 13:15:00+05:30,402.0,402.3999938964844,401.8500061035156,402.0,676327
2025-12-19 14:15:00+05:30,401.95001220703125,402.6499938964844,400.70001220703125,401.04998779296875,4659203
2025-12-19 15:15:00+05:30,401.04998779296875,401.54998779296875,400.95001220703125,400.95001220703125,2097593
2025-12-22 09:15:00+05:30,401.95001220703125,403.6000061035156,401.8500061035156,402.5,0
2025-12-22 10:15:00+05:30,402.6000061035156,402.8999938964844,402.1499938964844,402.45001220703125,1948458
2025-12-22 11:15:00+05:30,402.45001220703125,403.5,401.8999938964844,403.3999938964844,1459831
2025-12-22 12:15:00+05:30,403.3999938964844,403.6499938964844,403.0,403.04998779296875,523201
2025-12-22 13:15:00+05:30,403.04998779296875,403.3500061035156,402.6000061035156,403.0,750350
2025-12-22 14:15:00+05:30,403.0,403.1499938964844,402.54998779296875,402.75,1105474
2025-12-22 15:15:00+05:30,402.75,402.8999938964844,402.5,402.8999938964844,423082
2025-12-23 09:15:00+05:30,402.5,404.20001220703125,402.04998779296875,403.79998779296875,0
2025-12-23 10:15:00+05:30,403.8500061035156,405.3999938964844,403.5,405.1499938964844,1469077
2025-12-23 11:15:00+05:30,405.20001220703125,405.3500061035156,404.3999938964844,404.5,1103735
2025-12-23 12:15:00+05:30,404.5,405.1000061035156,404.3500061035156,404.8999938964844,606345
2025-12-23 13:15:00+05:30,404.70001220703125,405.3999938964844,404.70001220703125,405.25,547934
2025-12-23 14:15:00+05:30,405.1499938964844,408.3500061035156,405.1499938964844,407.1000061035156,3551061
2025-12-23 15:15:00+05:30,407.1000061035156,408.8999938964844,406.6000061035156,408.8500061035156,1409314
2025-12-24 09:15:00+05:30,407.5,408.8500061035156,406.6000061035156,407.70001220703125,0
2025-12-24 10:15:00+05:30,407.8500061035156,408.45001220703125,406.70001220703125,407.29998779296875,683981
2025-12-24 11:15:00+05:30,407.3999938964844,408.45001220703125,407.1000061035156,407.3999938964844,880406
2025-12-24 12:15:00+05:30,407.6499938964844,407.95001220703125,407.1499938964844,407.25,309880
2025-12-24 13:15:00+05:30,407.1000061035156,407.25,406.45001220703125,406.6499938964844,574140
2025-12-24 14:15:00+05:30,406.5,406.79998779296875,405.6499938964844,405.95001220703125,1080368
2025-12-24 15:15:00+05:30,405.8999938964844,407.5,405.75,406.8999938964844,955017
2025-12-26 09:15:00+05:30,406.5,407.1000061035156,404.6000061035156,405.0,0
2025-12-26 10:15:00+05:30,405.0,405.20001220703125,404.45001220703125,404.6499938964844,291081
2025-12-26 11:15:00+05:30,404.79998779296875,405.5,404.3999938964844,404.95001220703125,369604
2025-12-26 12:15:00+05:30,404.95001220703125,405.3999938964844,404.0,404.0,380262
2025-12-26 13:15:00+05:30,404.04998779296875,404.95001220703125,404.0,404.79998779296875,343095
2025-12-26 14:15:00+05:30,404.79998779296875,404.79998779296875,404.0,404.29998779296875,811989
2025-12-26 15:15:00+05:30,404.29998779296875,404.5,403.95001220703125,404.3500061035156,479982
2025-12-29 09:15:00+05:30,403.95001220703125,404.79998779296875,402.25,402.54998779296875,0
2025-12-29 10:15:00+05:30,402.54998779296875,403.1499938964844,402.0,402.0,663731
2025-12-29 11:15:00+05:30,402.04998779296875,402.6000061035156,401.95001220703125,402.5,532289
2025-12-29 12:15:00+05:30,402.5,402.70001220703125,402.0,402.20001220703125,587005
2025-12-29 13:15:00+05:30,402.1000061035156,402.8500061035156,401.95001220703125,402.6499938964844,530492
2025-12-29 14:15:00+05:30,402.6000061035156,403.3999938964844,401.95001220703125,402.70001220703125,2754714
2025-12-29 15:15:00+05:30,402.54998779296875,403.20001220703125,402.5,402.8999938964844,718779
2025-12-30 09:15:00+05:30,403.04998779296875,403.25,401.45001220703125,402.6499938964844,0
2025-12-30 10:15:00+05:30,402.6499938964844,403.45001220703125,402.0,402.1499938964844,682745
2025-12-30 11:15:00+05:30,402.1499938964844,402.3999938964844,400.79998779296875,401.20001220703125,2488375
2025-12-30 12:15:00+05:30,401.20001220703125,401.45001220703125,400.75,400.8500061035156,1715905
2025-12-30 13:15:00+05:30,400.75,401.95001220703125,400.6499938964844,401.45001220703125,1101885
2025-12-30 14:15:00+05:30,401.3999938964844,401.45001220703125,400.3999938964844,400.54998779296875,3549851
2025-12-30 15:15:00+05:30,400.5,401.29998779296875,400.3500061035156,400.6000061035156,2186444
2025-12-31 09:15:00+05:30,401.1000061035156,402.75,401.1000061035156,402.5,0
2025-12-31 10:15:00+05:30,402.5,402.95001220703125,402.0,402.79998779296875,2203491
2025-12-31 11:15:00+05:30,402.79998779296875,403.3500061035156,402.6000061035156,403.29998779296875,776971
2025-12-31 12:15:00+05:30,403.29998779296875,403.5,402.8999938964844,403.1499938964844,884754
2025-12-31 13:15:00+05:30,403.20001220703125,403.70001220703125,403.1499938964844,403.70001220703125,984086
2025-12-31 14:15:00+05:30,403.70001220703125,403.70001220703125,402.95001220703125,403.20001220703125,1545007
2025-12-31 15:15:00+05:30,403.25,403.25,402.6000061035156,402.6499938964844,1434264
2026-01-01 09:15:00+05:30,402.1499938964844,402.1499938964844,378.6000061035156,379.20001220703125,63754537
2026-01-01 10:15:00+05:30,379.3500061035156,381.04998779296875,370.75,370.79998779296875,28298163
2026-01-01 11:15:00+05:30,370.70001220703125,372.6000061035156,362.70001220703125,362.70001220703125,38878123
2026-01-01 12:15:00+05:30,362.70001220703125,370.70001220703125,362.70001220703125,367.6000061035156,69170486
2026-01-01 13:15:00+05:30,367.6499938964844,372.1499938964844,365.04998779296875,367.0,30697934
2026-01-01 14:15:00+05:30,367.0,367.79998779296875,362.75,363.20001220703125,30305500
2026-01-01 15:15:00+05:30,363.25,364.8500061035156,362.95001220703125,364.0,11521288
2026-01-02 09:15:00+05:30,359.0,359.0,345.54998779296875,349.5,0
2026-01-02 10:15:00+05:30,349.5,352.6499938964844,348.3999938964844,349.5,21739932
2026-01-02 11:15:00+05:30,349.3999938964844,350.79998779296875,348.70001220703125,349.95001220703125,7076297
2026-01-02 12:15:00+05:30,349.95001220703125,350.25,349.1499938964844,349.25,6896862
2026-01-02 13:15:00+05:30,349.20001220703125,350.0,349.0,349.70001220703125,6432424
2026-01-02 14:15:00+05:30,349.70001220703125,350.6499938964844,349.3500061035156,349.95001220703125,10918796
2026-01-02 15:15:00+05:30,350.0,350.25,349.8500061035156,350.1000061035156,6544152
2026-01-05 09:15:00+05:30,350.3999938964844,353.8500061035156,346.6000061035156,352.3999938964844,0
2026-01-05 10:15:00+05:30,352.5,353.8999938964844,351.6499938964844,352.1000061035156,5482790
2026-01-05 11:15:00+05:30,352.1000061035156,352.45001220703125,350.6499938964844,351.25,5645358
2026-01-05 12:15:00+05:30,351.25,351.25,348.75,349.29998779296875,7180204
2026-01-05 13:15:00+05:30,349.20001220703125,349.5,348.1000061035156,349.3500061035156,5677123
2026-01-05 14:15:00+05:30,349.29998779296875,349.8999938964844,349.04998779296875,349.8500061035156,5174652
2026-01-05 15:15:00+05:30,349.79998779296875,349.95001220703125,349.29998779296875,349.6000061035156,2738010
2026-01-06 09:15:00+05:30,350.25,350.70001220703125,347.70001220703125,349.3500061035156,0
2026-01-06 10:15:00+05:30,349.3500061035156,349.45001220703125,346.54998779296875,347.45001220703125,4487834
2026-01-06 11:15:00+05:30,347.45001220703125,347.5,344.79998779296875,344.8500061035156,5380863
2026-01-06 12:15:00+05:30,344.79998779296875,345.0,343.20001220703125,344.04998779296875,5799909
2026-01-06 13:15:00+05:30,344.04998779296875,344.1000061035156,337.79998779296875,339.1499938964844,30955999
2026-01-06 14:15:00+05:30,339.1000061035156,343.04998779296875,338.6000061035156,342.29998779296875,14689289
2026-01-06 15:15:00+05:30,342.25,343.3500061035156,341.95001220703125,343.3500061035156,5186973
2026-01-07 09:15:00+05:30,342.95001220703125,344.54998779296875,341.8999938964844,343.95001220703125,0
2026-01-07 10:15:00+05:30,343.95001220703125,344.20001220703125,341.6499938964844,342.04998779296875,3909808
2026-01-07 11:15:00+05:30,342.0,342.1000061035156,340.5,340.8999938964844,3524771
2026-01-07 12:15:00+05:30,340.8500061035156,340.8999938964844,339.29998779296875,340.3500061035156,5092747
2026-01-07 13:15:00+05:30,340.3999938964844,341.6499938964844,340.25,340.45001220703125,3402251
2026-01-07 14:15:00+05:30,340.45001220703125,341.54998779296875,340.45001220703125,341.29998779296875,4024427
2026-01-07 15:15:00+05:30,341.29998779296875,341.95001220703125,341.0,341.95001220703125,2980963
2026-01-08 09:15:00+05:30,341.70001220703125,342.79998779296875,339.8999938964844,340.3500061035156,0
2026-01-08 10:15:00+05:30,340.3500061035156,344.95001220703125,339.8999938964844,343.54998779296875,5449629
2026-01-08 11:15:00+05:30,343.5,344.1499938964844,340.20001220703125,340.54998779296875,6419455
2026-01-08 12:15:00+05:30,340.6000061035156,340.75,339.1000061035156,340.3999938964844,5021436
2026-01-08 13:15:00+05:30,340.70001220703125,342.04998779296875,340.45001220703125,341.20001220703125,5325455
2026-01-08 14:15:00+05:30,341.20001220703125,341.8500061035156,340.3500061035156,341.04998779296875,5635637
2026-01-08 15:15:00+05:30,341.04998779296875,341.1499938964844,340.45001220703125,340.5,2380951
2026-01-09 09:15:00+05:30,340.8500061035156,340.8999938964844,338.8500061035156,340.04998779296875,0
2026-01-09 10:15:00+05:30,340.04998779296875,340.20001220703125,337.6000061035156,338.1000061035156,5916692
2026-01-09 11:15:00+05:30,338.1000061035156,338.79998779296875,336.8500061035156,337.0,5064255
2026-01-09 12:15:00+05:30,336.95001220703125,337.5,336.1000061035156,337.20001220703125,3939704
2026-01-09 13:15:00+05:30,337.1499938964844,338.70001220703125,336.54998779296875,336.6499938964844,5027816
2026-01-09 14:15:00+05:30,336.54998779296875,337.29998779296875,336.45001220703125,337.04998779296875,6672553
2026-01-09 15:15:00+05:30,337.0,338.3999938964844,336.8999938964844,338.25,1978255
2026-01-12 09:15:00+05:30,338.04998779296875,339.25,336.6000061035156,338.1000061035156,0
2026-01-12 10:15:00+05:30,338.1000061035156,338.3500061035156,337.20001220703125,337.79998779296875,1639671
2026-01-12 11:15:00+05:30,337.79998779296875,337.79998779296875,335.8999938964844,336.70001220703125,3063511
2026-01-12 12:15:00+05:30,336.70001220703125,339.0,336.70001220703125,338.20001220703125,2861737
2026-01-12 13:15:00+05:30,338.20001220703125,339.5,337.95001220703125,339.0,1559115
2026-01-12 14:15:00+05:30,339.0,339.1000061035156,338.25,338.3500061035156,1889583
2026-01-12 15:15:00+05:30,338.3500061035156,338.6499938964844,338.1000061035156,338.29998779296875,1051005
2026-01-13 09:15:00+05:30,339.0,339.45001220703125,337.54998779296875,337.8999938964844,0
2026-01-13 10:15:00+05:30,337.75,338.20001220703125,335.3999938964844,335.54998779296875,2807630
2026-01-13 11:15:00+05:30,335.3999938964844,336.95001220703125,334.0,334.79998779296875,8244460
2026-01-13 12:15:00+05:30,334.75,335.20001220703125,333.75,334.29998779296875,2566927
2026-01-13 13:15:00+05:30,334.1499938964844,334.8999938964844,334.0,334.1000061035156,990574
2026-01-13 14:15:00+05:30,334.95001220703125,335.0,334.3999938964844,334.75,5507884
2026-01-13 15:15:00+05:30,334.79998779296875,334.79998779296875,334.20001220703125,334.70001220703125,2203957
2026-01-14 09:15:00+05:30,335.6499938964844,335.6499938964844,333.8999938964844,334.8500061035156,0
2026-01-14 10:15:00+05:30,334.75,335.54998779296875,333.45001220703125,334.75,1653104
2026-01-14 11:15:00+05:30,334.75,335.8999938964844,334.3999938964844,335.6000061035156,1428379
2026-01-14 12:15:00+05:30,335.6000061035156,336.0,334.79998779296875,334.95001220703125,1393999
2026-01-14 13:15:00+05:30,335.0,335.1000061035156,334.25,334.95001220703125,1737230
2026-01-14 14:15:00+05:30,334.8500061035156,335.0,334.54998779296875,334.8500061035156,4587648
2026-01-14 15:15:00+05:30,334.75,335.0,334.3500061035156,334.8500061035156,1117497
2026-01-16 09:15:00+05:30,336.79998779296875,337.04998779296875,333.54998779296875,334.20001220703125,0
2026-01-16 10:15:00+05:30,334.20001220703125,334.5,331.25,331.3999938964844,4210714
2026-01-16 11:15:00+05:30,331.45001220703125,331.6499938964844,330.25,330.70001220703125,3323527
2026-01-16 12:15:00+05:30,330.6499938964844,330.6499938964844,329.6499938964844,330.1499938964844,5524932
2026-01-16 13:15:00+05:30,330.1000061035156,330.6499938964844,329.3999938964844,330.29998779296875,5309643
2026-01-16 14:15:00+05:30,330.29998779296875,330.3500061035156,328.6000061035156,328.95001220703125,5456459
2026-01-16 15:15:00+05:30,329.0,329.6000061035156,328.75,328.95001220703125,2375047
2026-01-19 09:15:00+05:30,330.0,331.45001220703125,327.75,330.79998779296875,0
2026-01-19 10:15:00+05:30,330.79998779296875,331.95001220703125,330.70001220703125,331.6499938964844,1935846
2026-01-19 11:15:00+05:30,331.6499938964844,331.79998779296875,330.1000061035156,330.70001220703125,1400064
2026-01-19 12:15:00+05:30,330.79998779296875,332.45001220703125,330.3500061035156,332.1499938964844,1850209
2026-01-19 13:15:00+05:30,332.1499938964844,334.5,332.04998779296875,333.6000061035156,2385598
2026-01-19 14:15:00+05:30,333.6499938964844,334.6000061035156,333.0,333.1000061035156,3054139
2026-01-19 15:15:00+05:30,333.04998779296875,333.1499938964844,332.45001220703125,333.0,840798
2026-01-20 09:15:00+05:30,334.1499938964844,334.1499938964844,331.3999938964844,331.75,0
2026-01-20 10:15:00+05:30,331.6499938964844,333.45001220703125,331.04998779296875,331.5,1755659
2026-01-20 11:15:00+05:30,331.5,332.3500061035156,330.45001220703125,330.5,1155820
2026-01-20 12:15:00+05:30,330.5,331.0,329.8999938964844,330.45001220703125,1846193
2026-01-20 13:15:00+05:30,330.45001220703125,330.45001220703125,328.54998779296875,328.70001220703125,3753650
2026-01-20 14:15:00+05:30,328.75,329.0,326.0,326.04998779296875,4919608
2026-01-20 15:15:00+05:30,326.1000061035156,326.5,325.75,326.20001220703125,2069335
2026-01-21 09:15:00+05:30,325.8999938964844,329.20001220703125,325.8999938964844,327.6499938964844,0
2026-01-21 10:15:00+05:30,327.70001220703125,328.1499938964844,324.5,325.0,2156651
2026-01-21 11:15:00+05:30,325.0,325.70001220703125,324.3999938964844,325.1000061035156,2212589
2026-01-21 12:15:00+05:30,325.1000061035156,327.25,324.5,326.70001220703125,1521220
2026-01-21 13:15:00+05:30,326.70001220703125,326.70001220703125,325.04998779296875,325.04998779296875,1356122
2026-01-21 14:15:00+05:30,325.04998779296875,325.6000061035156,324.3999938964844,324.6499938964844,1812538
2026-01-21 15:15:00+05:30,324.6499938964844,325.1499938964844,324.45001220703125,325.0,1402568
2026-01-22 09:15:00+05:30,326.29998779296875,328.6499938964844,325.95001220703125,328.25,0
2026-01-22 10:15:00+05:30,328.1499938964844,328.29998779296875,325.95001220703125,326.3500061035156,1573163
2026-01-22 11:15:00+05:30,326.3500061035156,326.8500061035156,325.1499938964844,325.5,1178060
2026-01-22 12:15:00+05:30,325.3999938964844,326.1000061035156,324.6499938964844,324.75,1910704
2026-01-22 13:15:00+05:30,324.75,325.1000061035156,321.1000061035156,323.8500061035156,5252475
2026-01-22 14:15:00+05:30,323.8500061035156,325.70001220703125,323.20001220703125,324.95001220703125,4180626
2026-01-22 15:15:00+05:30,324.95001220703125,325.75,324.79998779296875,325.6000061035156,1330974
2026-01-23 09:15:00+05:30,325.8500061035156,326.20001220703125,323.6000061035156,325.54998779296875,0
2026-01-23 10:15:00+05:30,325.54998779296875,326.3500061035156,324.75,325.1000061035156,1593926
2026-01-23 11:15:00+05:30,325.04998779296875,325.3999938964844,324.6000061035156,324.8500061035156,1365827
2026-01-23 12:15:00+05:30,324.95001220703125,325.29998779296875,324.54998779296875,325.1499938964844,1514958
2026-01-23 13:15:00+05:30,325.1000061035156,325.1499938964844,322.79998779296875,323.1000061035156,2473996
2026-01-23 14:15:00+05:30,323.20001220703125,324.0,323.0,323.5,1987946
2026-01-23 15:15:00+05:30,323.5,323.5,323.04998779296875,323.20001220703125,878192
2026-01-27 09:15:00+05:30,323.6499938964844,324.6499938964844,321.5,322.75,0
2026-01-27 10:15:00+05:30,322.75,323.8500061035156,321.1000061035156,322.45001220703125,3432777
2026-01-27 11:15:00+05:30,322.3999938964844,323.45001220703125,321.75,323.0,4883758
2026-01-27 12:15:00+05:30,323.0,323.04998779296875,321.04998779296875,321.3999938964844,4300794
2026-01-27 13:15:00+05:30,321.3999938964844,321.3999938964844,319.0,319.25,5329378
2026-01-27 14:15:00+05:30,319.25,319.45001220703125,317.95001220703125,318.70001220703125,20045220
2026-01-27 15:15:00+05:30,318.70001220703125,319.8999938964844,317.8999938964844,319.79998779296875,5191042
2026-01-28 09:15:00+05:30,319.95001220703125,323.6000061035156,319.95001220703125,320.0,0
2026-01-28 10:15:00+05:30,320.04998779296875,322.0,319.3999938964844,321.79998779296875,6003585
2026-01-28 11:15:00+05:30,321.79998779296875,322.54998779296875,320.29998779296875,320.8999938964844,3850617
2026-01-28 12:15:00+05:30,320.8999938964844,320.95001220703125,319.70001220703125,319.8500061035156,2526110
2026-01-28 13:15:00+05:30,320.0,320.20001220703125,319.3500061035156,319.95001220703125,1696322
2026-01-28 14:15:00+05:30,320.04998779296875,321.5,319.75,321.3500061035156,4902303
2026-01-28 15:15:00+05:30,321.3999938964844,321.5,320.8999938964844,321.3999938964844,1523997
2026-01-29 09:15:00+05:30,322.54998779296875,322.54998779296875,318.29998779296875,319.0,0
2026-01-29 10:15:00+05:30,319.04998779296875,319.5,318.1000061035156,319.20001220703125,1783191
2026-01-29 11:15:00+05:30,319.1499938964844,319.8500061035156,318.29998779296875,318.70001220703125,1899676
2026-01-29 12:15:00+05:30,318.70001220703125,319.1000061035156,318.3500061035156,318.95001220703125,1840738
2026-01-29 13:15:00+05:30,319.0,319.1499938964844,318.3500061035156,318.8500061035156,3354196
2026-01-29 14:15:00+05:30,318.8500061035156,319.6499938964844,318.3500061035156,318.6499938964844,3571615
2026-01-29 15:15:00+05:30,318.6000061035156,318.8500061035156,318.29998779296875,318.79998779296875,2037442
2026-01-30 09:15:00+05:30,319.1000061035156,325.04998779296875,316.70001220703125,323.75,0
2026-01-30 10:15:00+05:30,324.0,324.3999938964844,319.95001220703125,320.3999938964844,4146394
2026-01-30 11:15:00+05:30,320.3999938964844,321.25,319.54998779296875,320.79998779296875,2127490
2026-01-30 12:15:00+05:30,320.70001220703125,321.95001220703125,320.25,321.04998779296875,5610317
2026-01-30 13:15:00+05:30,321.04998779296875,323.20001220703125,320.3999938964844,322.79998779296875,5644489
2026-01-30 14:15:00+05:30,322.79998779296875,323.1499938964844,321.45001220703125,322.1000061035156,7920728
2026-01-30 15:15:00+05:30,322.1000061035156,322.70001220703125,322.04998779296875,322.1499938964844,4380660
2026-02-02 09:15:00+05:30,309.0,309.0,303.0,303.54998779296875,0
2026-02-02 10:15:00+05:30,303.54998779296875,305.5,302.0,302.45001220703125,5863968
2026-02-02 11:15:00+05:30,302.45001220703125,308.75,302.1499938964844,308.75,4407393
2026-02-02 12:15:00+05:30,308.75,312.3500061035156,308.3500061035156,312.1000061035156,4999701
2026-02-02 13:15:00+05:30,312.0,314.6499938964844,311.3999938964844,313.8999938964844,4824114
2026-02-02 14:15:00+05:30,313.8500061035156,315.1499938964844,313.20001220703125,314.8500061035156,4431010
2026-02-02 15:15:00+05:30,314.79998779296875,315.1499938964844,314.1499938964844,314.75,1886349
2026-02-03 09:15:00+05:30,323.0,323.0,311.95001220703125,313.20001220703125,0
2026-02-03 10:15:00+05:30,313.20001220703125,315.6499938964844,312.75,315.45001220703125,4441900
2026-02-03 11:15:00+05:30,315.3999938964844,316.79998779296875,314.70001220703125,316.25,2523833
2026-02-03 12:15:00+05:30,316.1499938964844,316.45001220703125,315.5,316.1499938964844,1838225
2026-02-03 13:15:00+05:30,316.1499938964844,318.20001220703125,316.04998779296875,317.6000061035156,3241746
2026-02-03 14:15:00+05:30,317.54998779296875,318.04998779296875,316.1000061035156,316.5,6444342
2026-02-03 15:15:00+05:30,316.1499938964844,317.20001220703125,315.6499938964844,317.0,3152125
2026-02-04 09:15:00+05:30,312.0,314.8500061035156,312.0,314.70001220703125,0
2026-02-04 10:15:00+05:30,314.75,314.8999938964844,313.04998779296875,313.1000061035156,1435547
2026-02-04 11:15:00+05:30,313.1499938964844,313.70001220703125,312.6000061035156,313.6000061035156,1325326
2026-02-04 12:15:00+05:30,313.6000061035156,313.6000061035156,312.79998779296875,313.29998779296875,962774
2026-02-04 13:15:00+05:30,313.29998779296875,313.45001220703125,312.70001220703125,313.3500061035156,1144151
2026-02-04 14:15:00+05:30,313.3500061035156,314.3500061035156,313.25,313.6499938964844,1898644
2026-02-04 15:15:00+05:30,313.70001220703125,314.0,313.6499938964844,313.8500061035156,904854
2026-02-05 09:15:00+05:30,314.1000061035156,315.29998779296875,311.95001220703125,312.1499938964844,0
2026-02-05 10:15:00+05:30,312.1000061035156,312.6499938964844,310.20001220703125,311.1000061035156,2611820
2026-02-05 11:15:00+05:30,311.1499938964844,311.3999938964844,309.8999938964844,310.1499938964844,2775971
2026-02-05 12:15:00+05:30,310.1499938964844,310.79998779296875,310.0,310.3999938964844,1434277
2026-02-05 13:15:00+05:30,310.5,310.6499938964844,309.3500061035156,309.8500061035156,2089956
2026-02-05 14:15:00+05:30,309.8500061035156,310.95001220703125,309.54998779296875,310.1000061035156,2607629
2026-02-05 15:15:00+05:30,310.0,310.20001220703125,309.8999938964844,310.1000061035156,1278876
2026-02-06 09:15:00+05:30,309.75,309.95001220703125,308.3999938964844,309.70001220703125,0
2026-02-06 10:15:00+05:30,309.70001220703125,320.3999938964844,309.6499938964844,320.04998779296875,13483714
2026-02-06 11:15:00+05:30,320.1499938964844,327.70001220703125,319.29998779296875,325.1499938964844,21089315
2026-02-06 12:15:00+05:30,325.1000061035156,327.5,323.6000061035156,325.1499938964844,7826591
2026-02-06 13:15:00+05:30,325.1499938964844,326.8500061035156,323.54998779296875,324.70001220703125,8393937
2026-02-06 14:15:00+05:30,324.79998779296875,325.95001220703125,322.5,325.75,9614586
2026-02-06 15:15:00+05:30,325.8500061035156,326.75,325.6000061035156,326.3500061035156,5220049
2026-02-09 09:15:00+05:30,327.6000061035156,327.95001220703125,323.0,323.79998779296875,0
2026-02-09 10:15:00+05:30,323.79998779296875,323.8999938964844,321.6499938964844,322.79998779296875,2823839
2026-02-09 11:15:00+05:30,322.79998779296875,323.5,322.29998779296875,323.1499938964844,1690350
2026-02-09 12:15:00+05:30,323.1499938964844,324.1499938964844,322.29998779296875,323.6000061035156,3451131
2026-02-09 13:15:00+05:30,323.75,324.0,322.54998779296875,323.1499938964844,1562364
2026-02-09 14:15:00+05:30,323.0,323.6000061035156,322.3999938964844,323.54998779296875,1949525
2026-02-09 15:15:00+05:30,323.6000061035156,323.6000061035156,322.0,322.70001220703125,1410877
2026-02-10 09:15:00+05:30,322.5,323.3500061035156,321.1499938964844,321.54998779296875,0
2026-02-10 10:15:00+05:30,321.54998779296875,322.1499938964844,321.20001220703125,321.45001220703125,968380
2026-02-10 11:15:00+05:30,321.45001220703125,322.3999938964844,320.8500061035156,321.54998779296875,1923312
2026-02-10 12:15:00+05:30,321.54998779296875,322.8999938964844,321.3999938964844,322.3500061035156,1163085
2026-02-10 13:15:00+05:30,322.25,322.6000061035156,320.79998779296875,320.95001220703125,1602094
2026-02-10 14:15:00+05:30,320.8999938964844,321.75,320.75,321.45001220703125,2221672
2026-02-10 15:15:00+05:30,321.45001220703125,321.75,321.0,321.25,934705
2026-02-11 09:15:00+05:30,321.8999938964844,321.95001220703125,318.54998779296875,318.75,0
2026-02-11 10:15:00+05:30,318.79998779296875,319.5,318.54998779296875,319.1499938964844,1223239
2026-02-11 11:15:00+05:30,319.1499938964844,319.3500061035156,317.79998779296875,318.0,1357258
2026-02-11 12:15:00+05:30,317.8999938964844,318.0,316.3500061035156,317.1499938964844,14236009
2026-02-11 13:15:00+05:30,317.1499938964844,318.45001220703125,317.0,318.45001220703125,1373163
2026-02-11 14:15:00+05:30,318.29998779296875,319.20001220703125,318.0,318.04998779296875,2542742
2026-02-11 15:15:00+05:30,318.1000061035156,318.45001220703125,317.95001220703125,318.1000061035156,1606786
2026-02-12 09:15:00+05:30,317.5,319.45001220703125,317.5,317.70001220703125,0
2026-02-12 10:15:00+05:30,317.70001220703125,318.0,317.20001220703125,317.6499938964844,1054118
2026-02-12 11:15:00+05:30,317.6499938964844,317.95001220703125,317.20001220703125,317.79998779296875,712788
2026-02-12 12:15:00+05:30,317.79998779296875,319.6000061035156,317.54998779296875,318.95001220703125,1881065
2026-02-12 13:15:00+05:30,318.8999938964844,320.3999938964844,318.6000061035156,319.6000061035156,1879697
2026-02-12 14:15:00+05:30,319.6499938964844,320.3999938964844,317.04998779296875,317.29998779296875,4580160
2026-02-12 15:15:00+05:30,317.29998779296875,317.5,316.95001220703125,317.3999938964844,1099625
2026-02-13 09:15:00+05:30,315.95001220703125,318.29998779296875,315.8999938964844,316.79998779296875,0
2026-02-13 10:15:00+05:30,316.79998779296875,317.0,315.8999938964844,316.45001220703125,1147291
2026-02-13 11:15:00+05:30,316.45001220703125,316.5,315.6000061035156,315.95001220703125,740485
2026-02-13 12:15:00+05:30,316.0,316.0,314.79998779296875,315.5,1069521
2026-02-13 13:15:00+05:30,315.5,315.54998779296875,314.3500061035156,314.8999938964844,1115776
2026-02-13 14:15:00+05:30,314.95001220703125,315.0,313.6000061035156,313.75,1792155
2026-02-13 15:15:00+05:30,313.79998779296875,313.8999938964844,313.3999938964844,313.6000061035156,806526
2026-02-16 09:15:00+05:30,313.8500061035156,315.6499938964844,313.25,315.3500061035156,0
2026-02-16 10:15:00+05:30,315.3500061035156,317.70001220703125,314.79998779296875,317.45001220703125,1682028
2026-02-16 11:15:00+05:30,317.45001220703125,318.20001220703125,316.6499938964844,316.75,1253002
2026-02-16 12:15:00+05:30,316.75,317.1499938964844,315.54998779296875,316.8999938964844,2850134
2026-02-16 13:15:00+05:30,316.95001220703125,318.1499938964844,316.75,317.45001220703125,1345464
2026-02-16 14:15:00+05:30,317.6000061035156,318.04998779296875,317.45001220703125,317.8999938964844,1737033
2026-02-16 15:15:00+05:30,318.0,318.25,317.79998779296875,318.0,794010
2026-02-17 09:15:00+05:30,318.8500061035156,327.70001220703125,318.3500061035156,326.04998779296875,3284732
2026-02-17 10:15:00+05:30,326.1000061035156,326.5,323.79998779296875,324.45001220703125,8826806
2026-02-17 11:15:00+05:30,324.45001220703125,326.0,324.0,325.25,4599754
2026-02-17 12:15:00+05:30,325.25,325.5,324.25,324.29998779296875,2370567
2026-02-17 13:15:00+05:30,324.45001220703125,326.25,324.20001220703125,324.3500061035156,2371905
2026-02-17 14:15:00+05:30,324.3500061035156,325.95001220703125,324.29998779296875,325.3500061035156,2962549
2026-02-17 15:15:00+05:30,325.29998779296875,325.54998779296875,325.0,325.04998779296875,3251553
2026-02-18 09:15:00+05:30,325.70001220703125,330.75,325.70001220703125,330.04998779296875,0
2026-02-18 10:15:00+05:30,330.0,330.6000061035156,327.45001220703125,330.20001220703125,6443719
2026-02-18 11:15:00+05:30,330.20001220703125,331.25,329.6000061035156,330.45001220703125,4690497
2026-02-18 12:15:00+05:30,330.5,331.8999938964844,330.3999938964844,331.70001220703125,3151068
2026-02-18 13:15:00+05:30,331.8500061035156,331.8500061035156,331.0,331.3999938964844,2569412
2026-02-18 14:15:00+05:30,331.3999938964844,332.6000061035156,331.25,332.54998779296875,5389308
2026-02-18 15:15:00+05:30,332.3999938964844,332.8999938964844,332.29998779296875,332.6000061035156,4167080
2026-02-19 09:15:00+05:30,333.8500061035156,334.1000061035156,329.29998779296875,330.3999938964844,0
2026-02-19 10:15:00+05:30,330.45001220703125,330.6000061035156,329.70001220703125,330.04998779296875,1956757
2026-02-19 11:15:00+05:30,330.0,330.1000061035156,328.20001220703125,328.29998779296875,1970575
2026-02-19 12:15:00+05:30,328.25,329.1499938964844,327.6499938964844,329.1000061035156,2204686
2026-02-19 13:15:00+05:30,329.1000061035156,329.1000061035156,327.1499938964844,328.04998779296875,2260226
2026-02-19 14:15:00+05:30,327.95001220703125,328.54998779296875,325.70001220703125,325.75,4139136
2026-02-19 15:15:00+05:30,325.79998779296875,325.8500061035156,325.04998779296875,325.6000061035156,1417489
2026-02-20 09:15:00+05:30,326.0,327.6000061035156,325.45001220703125,326.20001220703125,0
2026-02-20 10:15:00+05:30,326.20001220703125,327.3500061035156,326.20001220703125,326.95001220703125,1024503
2026-02-20 11:15:00+05:30,327.0,327.8500061035156,326.6499938964844,326.95001220703125,1088287
2026-02-20 12:15:00+05:30,326.95001220703125,327.5,326.20001220703125,326.3500061035156,1099295
2026-02-20 13:15:00+05:30,326.25,326.79998779296875,326.04998779296875,326.20001220703125,1171474
2026-02-20 14:15:00+05:30,326.3500061035156,327.5,326.20001220703125,327.20001220703125,2129474
2026-02-20 15:15:00+05:30,327.20001220703125,327.20001220703125,326.3999938964844,327.20001220703125,2192285
2026-02-23 09:15:00+05:30,327.04998779296875,328.1000061035156,325.6000061035156,325.79998779296875,0
2026-02-23 10:15:00+05:30,325.75,326.45001220703125,325.25,326.3999938964844,1458257
2026-02-23 11:15:00+05:30,326.3500061035156,326.3999938964844,324.3999938964844,324.79998779296875,2746615
2026-02-23 12:15:00+05:30,324.70001220703125,325.29998779296875,324.3999938964844,324.75,670784
2026-02-23 13:15:00+05:30,324.6499938964844,325.45001220703125,324.6000061035156,324.95001220703125,1258375
2026-02-23 14:15:00+05:30,325.04998779296875,325.75,324.75,325.3500061035156,3393143
2026-02-23 15:15:00+05:30,325.3500061035156,325.70001220703125,325.0,325.3999938964844,1508074
2026-02-24 09:15:00+05:30,324.54998779296875,325.20001220703125,322.1499938964844,323.6499938964844,0
2026-02-24 10:15:00+05:30,323.5,324.25,323.0,323.0,1039127
2026-02-24 11:15:00+05:30,323.1000061035156,323.6499938964844,322.5,323.0,1529553
2026-02-24 12:15:00+05:30,323.0,323.75,322.3500061035156,323.70001220703125,1314489
2026-02-24 13:15:00+05:30,323.70001220703125,325.0,322.54998779296875,324.3999938964844,2523276
2026-02-24 14:15:00+05:30,324.3999938964844,324.6499938964844,322.95001220703125,323.45001220703125,3653369
2026-02-24 15:15:00+05:30,323.3999938964844,324.20001220703125,323.3500061035156,323.5,1277683
2026-02-25 09:15:00+05:30,325.5,326.54998779296875,322.79998779296875,322.8500061035156,0
2026-02-25 10:15:00+05:30,322.95001220703125,323.54998779296875,321.3999938964844,321.45001220703125,1562218
2026-02-25 11:15:00+05:30,321.5,321.8500061035156,320.29998779296875,320.54998779296875,1351312
2026-02-25 12:15:00+05:30,320.54998779296875,320.70001220703125,318.54998779296875,318.70001220703125,1427075
2026-02-25 13:15:00+05:30,318.75,320.0,318.20001220703125,319.8999938964844,1575361
2026-02-25 14:15:00+05:30,319.95001220703125,321.3500061035156,319.54998779296875,319.8500061035156,4090544
2026-02-25 15:15:00+05:30,319.79998779296875,319.79998779296875,319.04998779296875,319.20001220703125,866684
2026-02-26 09:15:00+05:30,320.0,320.8500061035156,319.0,319.70001220703125,0
2026-02-26 10:15:00+05:30,319.70001220703125,319.75,318.75,319.5,1706748
2026-02-26 11:15:00+05:30,319.45001220703125,320.0,317.70001220703125,317.79998779296875,1488078
2026-02-26 12:15:00+05:30,317.8999938964844,318.8999938964844,317.75,318.29998779296875,953467
2026-02-26 13:15:00+05:30,318.29998779296875,319.0,317.75,318.8999938964844,1541720
2026-02-26 14:15:00+05:30,318.8999938964844,320.0,317.95001220703125,318.25,3094803
2026-02-26 15:15:00+05:30,318.20001220703125,318.5,317.95001220703125,318.45001220703125,843390
2026-02-27 09:15:00+05:30,316.75,317.70001220703125,314.3500061035156,315.3500061035156,0
2026-02-27 10:15:00+05:30,315.3999938964844,315.8500061035156,315.0,315.70001220703125,979101
2026-02-27 11:15:00+05:30,315.70001220703125,316.29998779296875,315.1000061035156,315.5,1012582
2026-02-27 12:15:00+05:30,315.6000061035156,315.75,315.04998779296875,315.45001220703125,824311
2026-02-27 13:15:00+05:30,315.45001220703125,316.29998779296875,315.29998779296875,316.04998779296875,1005091
2026-02-27 14:15:00+05:30,316.1000061035156,316.29998779296875,312.75,312.8999938964844,4372998
2026-02-27 15:15:00+05:30,312.8999938964844,314.20001220703125,312.70001220703125,314.20001220703125,2878122
2026-03-02 09:15:00+05:30,308.79998779296875,312.45001220703125,308.54998779296875,311.45001220703125,0
2026-03-02 10:15:00+05:30,311.45001220703125,313.79998779296875,310.95001220703125,313.1000061035156,2506184
2026-03-02 11:15:00+05:30,313.1000061035156,313.5,312.29998779296875,312.6000061035156,1800224
2026-03-02 12:15:00+05:30,312.6000061035156,313.29998779296875,311.29998779296875,312.0,2252604
2026-03-02 13:15:00+05:30,312.0,314.95001220703125,311.29998779296875,314.8999938964844,3416412
2026-03-02 14:15:00+05:30,314.8999938964844,315.75,313.3500061035156,315.3999938964844,6392577
2026-03-02 15:15:00+05:30,315.45001220703125,315.54998779296875,314.29998779296875,314.70001220703125,2315267
2026-03-04 09:15:00+05:30,311.0,315.25,311.0,313.3500061035156,0
2026-03-04 10:15:00+05:30,313.29998779296875,313.3999938964844,311.54998779296875,311.70001220703125,2988285
2026-03-04 11:15:00+05:30,311.70001220703125,312.1499938964844,310.5,311.79998779296875,3299716
2026-03-04 12:15:00+05:30,311.79998779296875,312.79998779296875,311.25,312.70001220703125,2196470
2026-03-04 13:15:00+05:30,312.70001220703125,313.25,312.04998779296875,313.25,2208214
2026-03-04 14:15:00+05:30,313.25,313.70001220703125,311.3999938964844,311.95001220703125,4316234
2026-03-04 15:15:00+05:30,311.95001220703125,312.45001220703125,311.45001220703125,311.95001220703125,2061330
2026-03-05 09:15:00+05:30,312.5,313.6000061035156,309.1499938964844,309.1499938964844,0
2026-03-05 10:15:00+05:30,309.1499938964844,310.6000061035156,308.25,310.1499938964844,2469174
2026-03-05 11:15:00+05:30,310.1499938964844,311.0,310.0,310.95001220703125,3522294
2026-03-05 12:15:00+05:30,310.95001220703125,311.8500061035156,310.6499938964844,311.3999938964844,2044994
2026-03-05 13:15:00+05:30,311.5,311.95001220703125,309.95001220703125,310.0,2875410
2026-03-05 14:15:00+05:30,310.0,312.95001220703125,310.0,311.0,4221212
2026-03-05 15:15:00+05:30,311.04998779296875,312.0,311.04998779296875,311.5,1302829
2026-03-06 09:15:00+05:30,310.3999938964844,312.29998779296875,309.75,310.8999938964844,0
2026-03-06 10:15:00+05:30,310.8999938964844,311.25,309.45001220703125,310.6499938964844,3177892
2026-03-06 11:15:00+05:30,310.6499938964844,310.79998779296875,309.79998779296875,310.3500061035156,2244753
2026-03-06 12:15:00+05:30,310.29998779296875,310.54998779296875,310.0,310.3999938964844,2257576
2026-03-06 13:15:00+05:30,310.3999938964844,310.6499938964844,309.95001220703125,310.3999938964844,3480611
2026-03-06 14:15:00+05:30,310.3999938964844,310.54998779296875,309.5,309.8999938964844,3874428
2026-03-06 15:15:00+05:30,309.8999938964844,309.95001220703125,309.5,309.95001220703125,986719
2026-03-09 09:15:00+05:30,305.54998779296875,307.0,303.70001220703125,304.29998779296875,0
2026-03-09 10:15:00+05:30,304.29998779296875,306.95001220703125,303.8500061035156,305.79998779296875,1790318
2026-03-09 11:15:00+05:30,305.79998779296875,306.75,305.25,305.95001220703125,1477954
2026-03-09 12:15:00+05:30,305.95001220703125,305.95001220703125,303.79998779296875,303.8500061035156,1386366
2026-03-09 13:15:00+05:30,304.0,305.0,303.70001220703125,304.6499938964844,1801760
2026-03-09 14:15:00+05:30,304.6499938964844,307.1499938964844,304.3999938964844,305.95001220703125,2094053
2026-03-09 15:15:00+05:30,305.8999938964844,306.3500061035156,304.8999938964844,305.0,1516923
2026-03-10 09:15:00+05:30,308.8500061035156,308.8500061035156,303.8500061035156,304.1499938964844,0
2026-03-10 10:15:00+05:30,304.1499938964844,306.1499938964844,303.95001220703125,305.79998779296875,5168032
2026-03-10 11:15:00+05:30,305.8999938964844,307.20001220703125,305.3500061035156,306.6499938964844,1810109
2026-03-10 12:15:00+05:30,306.6000061035156,308.95001220703125,306.20001220703125,308.95001220703125,1560967
2026-03-10 13:15:00+05:30,308.8999938964844,310.0,308.20001220703125,309.8500061035156,2252717
2026-03-10 14:15:00+05:30,309.8999938964844,309.95001220703125,308.1499938964844,309.25,2528338
2026-03-10 15:15:00+05:30,309.29998779296875,309.6000061035156,308.95001220703125,309.5,1334891
2026-03-11 09:15:00+05:30,309.75,310.6000061035156,308.79998779296875,309.1000061035156,0
2026-03-11 10:15:00+05:30,309.0,309.3500061035156,308.25,308.79998779296875,1920085
2026-03-11 11:15:00+05:30,308.70001220703125,309.0,308.20001220703125,308.8999938964844,1066354
2026-03-11 12:15:00+05:30,308.8999938964844,309.1499938964844,307.75,307.8999938964844,1772469
2026-03-11 13:15:00+05:30,307.95001220703125,309.25,307.79998779296875,309.25,1965580
2026-03-11 14:15:00+05:30,309.20001220703125,309.95001220703125,308.75,308.8999938964844,2887008
2026-03-11 15:15:00+05:30,308.8999938964844,309.29998779296875,308.6499938964844,308.8999938964844,1240764
2026-03-12 09:15:00+05:30,307.8500061035156,307.8500061035156,305.3999938964844,305.6499938964844,0
2026-03-12 10:15:00+05:30,305.6499938964844,307.0,305.3500061035156,306.75,3744379
2026-03-12 11:15:00+05:30,306.75,307.29998779296875,306.1499938964844,307.29998779296875,3076986
2026-03-12 12:15:00+05:30,307.20001220703125,307.29998779296875,305.79998779296875,306.6000061035156,3271934
2026-03-12 13:15:00+05:30,306.5,308.0,305.5,305.6499938964844,3585390
2026-03-12 14:15:00+05:30,305.6499938964844,305.79998779296875,303.54998779296875,304.5,4460425
2026-03-12 15:15:00+05:30,304.5,304.6000061035156,303.0,303.79998779296875,1807335
2026-03-13 09:15:00+05:30,303.79998779296875,306.0,302.75,303.54998779296875,3662162
2026-03-13 10:15:00+05:30,303.5,304.54998779296875,303.20001220703125,303.5,3869253
2026-03-13 11:15:00+05:30,303.5,304.5,302.70001220703125,302.95001220703125,4350900
2026-03-13 12:15:00+05:30,303.0,303.1000061035156,301.20001220703125,301.6499938964844,4154488
2026-03-13 13:15:00+05:30,301.6000061035156,302.1499938964844,300.75,302.0,2767860
2026-03-13 14:15:00+05:30,302.0,302.3500061035156,300.8999938964844,301.3999938964844,5255496
2026-03-13 15:15:00+05:30,301.3999938964844,302.0,301.04998779296875,301.79998779296875,1594703
2026-03-16 09:15:00+05:30,302.1000061035156,305.6000061035156,302.1000061035156,304.70001220703125,0
2026-03-16 10:15:00+05:30,304.70001220703125,304.75,302.45001220703125,303.0,5638470
2026-03-16 11:15:00+05:30,303.1000061035156,304.04998779296875,302.8500061035156,303.8500061035156,3342254
2026-03-16 12:15:00+05:30,303.8500061035156,304.1499938964844,302.70001220703125,303.8999938964844,3782221
2026-03-16 13:15:00+05:30,303.95001220703125,304.8999938964844,303.79998779296875,304.8500061035156,2611330
2026-03-16 14:15:00+05:30,304.8999938964844,309.3500061035156,304.45001220703125,308.54998779296875,11766804
2026-03-16 15:15:00+05:30,308.54998779296875,308.6000061035156,306.79998779296875,307.29998779296875,2847263
2026-03-17 09:15:00+05:30,309.75,309.79998779296875,305.70001220703125,306.04998779296875,0
2026-03-17 10:15:00+05:30,306.04998779296875,306.8999938964844,305.6000061035156,306.6000061035156,3465595
2026-03-17 11:15:00+05:30,306.6000061035156,306.79998779296875,304.8999938964844,306.70001220703125,4183722
2026-03-17 12:15:00+05:30,306.75,307.3999938964844,306.20001220703125,306.54998779296875,2405888
2026-03-17 13:15:00+05:30,306.54998779296875,306.95001220703125,305.5,306.20001220703125,2900102
2026-03-17 14:15:00+05:30,306.25,306.70001220703125,304.70001220703125,304.95001220703125,4969155
2026-03-17 15:15:00+05:30,304.8999938964844,304.8999938964844,304.3500061035156,304.45001220703125,2380963
2026-03-18 09:15:00+05:30,305.8999938964844,306.29998779296875,304.0,304.45001220703125,0
2026-03-18 10:15:00+05:30,304.45001220703125,306.5,303.79998779296875,306.29998779296875,3305047
2026-03-18 11:15:00+05:30,306.3999938964844,306.95001220703125,305.5,305.54998779296875,2012530
2026-03-18 12:15:00+05:30,305.6499938964844,305.79998779296875,304.5,304.8999938964844,2065010
2026-03-18 13:15:00+05:30,305.0,305.70001220703125,304.8500061035156,305.29998779296875,1444352
2026-03-18 14:15:00+05:30,305.25,305.8999938964844,304.0,304.1000061035156,2867452
2026-03-18 15:15:00+05:30,304.1499938964844,304.29998779296875,303.5,304.04998779296875,1993043
2026-03-19 09:15:00+05:30,301.5,305.5,299.75,300.1499938964844,0
2026-03-19 10:15:00+05:30,300.1499938964844,301.3999938964844,299.6499938964844,300.75,1611470
2026-03-19 11:15:00+05:30,300.75,301.45001220703125,300.5,300.8999938964844,1341175
2026-03-19 12:15:00+05:30,300.8500061035156,300.95001220703125,299.54998779296875,299.6000061035156,1879393
2026-03-19 13:15:00+05:30,299.6000061035156,300.45001220703125,299.1000061035156,299.29998779296875,1681027
2026-03-19 14:15:00+05:30,299.29998779296875,300.0,297.1000061035156,297.75,4607788
2026-03-19 15:15:00+05:30,297.75,299.1499938964844,297.75,299.1499938964844,1989715
2026-03-20 09:15:00+05:30,301.04998779296875,304.8999938964844,299.75,304.75,0
2026-03-20 10:15:00+05:30,304.75,307.0,304.29998779296875,306.95001220703125,3850078
2026-03-20 11:15:00+05:30,307.0,308.70001220703125,306.79998779296875,307.3500061035156,6472001
2026-03-20 12:15:00+05:30,307.45001220703125,307.8500061035156,306.04998779296875,306.5,5469666
2026-03-20 13:15:00+05:30,306.5,307.3500061035156,305.6000061035156,305.95001220703125,6278875
2026-03-20 14:15:00+05:30,305.95001220703125,306.04998779296875,299.95001220703125,300.0,18858908
2026-03-20 15:15:00+05:30,300.04998779296875,300.04998779296875,298.25,299.95001220703125,13259282
2026-03-23 09:15:00+05:30,299.0,299.0,293.54998779296875,293.95001220703125,0
2026-03-23 10:15:00+05:30,294.0,294.1499938964844,292.1000061035156,292.8999938964844,3583388
2026-03-23 11:15:00+05:30,292.8500061035156,293.5,290.8999938964844,291.04998779296875,3332500
2026-03-23 12:15:00+05:30,291.04998779296875,291.1000061035156,289.79998779296875,290.5,4101433
2026-03-23 13:15:00+05:30,290.3500061035156,292.5,290.3500061035156,291.5,4961814
2026-03-23 14:15:00+05:30,291.5,292.20001220703125,289.6000061035156,290.70001220703125,7943716
2026-03-23 15:15:00+05:30,290.75,291.04998779296875,290.0,291.0,2249638
2026-03-24 09:15:00+05:30,295.95001220703125,295.95001220703125,288.79998779296875,290.20001220703125,0
2026-03-24 10:15:00+05:30,290.20001220703125,290.5,288.79998779296875,289.6000061035156,9353221
2026-03-24 11:15:00+05:30,289.70001220703125,291.20001220703125,289.70001220703125,290.1000061035156,3057232
2026-03-24 12:15:00+05:30,290.1000061035156,291.95001220703125,289.95001220703125,291.70001220703125,3504340
2026-03-24 13:15:00+05:30,291.70001220703125,293.1499938964844,291.45001220703125,292.3500061035156,3547893
2026-03-24 14:15:00+05:30,292.3500061035156,292.95001220703125,290.95001220703125,291.25,5003647
2026-03-24 15:15:00+05:30,291.1499938964844,292.79998779296875,290.75,292.29998779296875,1817552
2026-03-25 09:15:00+05:30,292.75,296.45001220703125,292.3999938964844,296.20001220703125,0
2026-03-25 10:15:00+05:30,296.1499938964844,298.25,295.70001220703125,298.25,4435699
2026-03-25 11:15:00+05:30,298.1499938964844,298.45001220703125,296.8999938964844,297.6499938964844,3741944
2026-03-25 12:15:00+05:30,297.70001220703125,298.5,296.3500061035156,296.45001220703125,3749968
2026-03-25 13:15:00+05:30,296.3999938964844,297.75,296.1000061035156,296.75,3182020
2026-03-25 14:15:00+05:30,296.6499938964844,297.0,295.1000061035156,296.0,4409117
2026-03-25 15:15:00+05:30,295.95001220703125,296.1499938964844,295.1000061035156,296.0,1636722
2026-03-27 09:15:00+05:30,294.75,294.75,292.79998779296875,293.0,0
2026-03-27 10:15:00+05:30,293.0,293.6499938964844,291.6000061035156,293.5,3554368
2026-03-27 11:15:00+05:30,293.5,295.04998779296875,292.95001220703125,295.0,2350094
2026-03-27 12:15:00+05:30,295.04998779296875,296.79998779296875,294.6499938964844,295.70001220703125,2202447
2026-03-27 13:15:00+05:30,295.79998779296875,296.3500061035156,294.75,295.1499938964844,1610728
2026-03-27 14:15:00+05:30,295.1499938964844,295.20001220703125,293.6499938964844,294.6499938964844,7007660
2026-03-27 15:15:00+05:30,294.75,295.0,294.25,294.54998779296875,2799551
2026-03-30 09:15:00+05:30,294.20001220703125,294.20001220703125,290.04998779296875,292.54998779296875,0
2026-03-30 10:15:00+05:30,292.5,292.75,289.79998779296875,290.0,2380200
2026-03-30 11:15:00+05:30,290.04998779296875,292.1499938964844,289.6000061035156,291.95001220703125,3013392
2026-03-30 12:15:00+05:30,291.95001220703125,292.04998779296875,290.0,290.3999938964844,2874605
2026-03-30 13:15:00+05:30,290.3999938964844,290.70001220703125,288.70001220703125,288.79998779296875,2033666
2026-03-30 14:15:00+05:30,288.79998779296875,288.95001220703125,287.0,288.1499938964844,5723234
2026-03-30 15:15:00+05:30,288.1499938964844,288.3999938964844,287.54998779296875,288.3999938964844,2659421
2026-04-01 09:15:00+05:30,292.8500061035156,294.25,292.0,292.70001220703125,0
2026-04-01 10:15:00+05:30,292.6000061035156,293.0,291.3500061035156,292.3999938964844,2547768
2026-04-01 11:15:00+05:30,292.45001220703125,294.0,291.54998779296875,293.95001220703125,2655673
2026-04-01 12:15:00+05:30,293.8500061035156,293.95001220703125,292.70001220703125,293.45001220703125,1190056
2026-04-01 13:15:00+05:30,293.3999938964844,293.5,291.25,292.5,2016885
2026-04-01 14:15:00+05:30,292.5,292.6000061035156,291.0,291.3500061035156,2726174
2026-04-01 15:15:00+05:30,291.45001220703125,292.25,291.1499938964844,292.20001220703125,1778555
2026-04-02 09:15:00+05:30,290.1000061035156,290.5,288.54998779296875,289.79998779296875,0
2026-04-02 10:15:00+05:30,289.75,290.5,289.1499938964844,289.5,1991085
2026-04-02 11:15:00+05:30,289.45001220703125,290.20001220703125,288.79998779296875,289.20001220703125,1865891
2026-04-02 12:15:00+05:30,289.20001220703125,293.6000061035156,289.04998779296875,291.5,3153578
2026-04-02 13:15:00+05:30,291.3500061035156,293.0,290.79998779296875,292.5,3138433
2026-04-02 14:15:00+05:30,292.54998779296875,293.6000061035156,291.54998779296875,293.5,3738485
2026-04-02 15:15:00+05:30,293.45001220703125,293.6000061035156,292.0,292.29998779296875,1446088
2026-04-06 09:15:00+05:30,292.8999938964844,293.95001220703125,291.1499938964844,291.54998779296875,0
2026-04-06 10:15:00+05:30,291.5,292.1499938964844,291.0,291.6000061035156,4647661
2026-04-06 11:15:00+05:30,291.5,292.75,291.3500061035156,292.45001220703125,1684158
2026-04-06 12:15:00+05:30,292.3500061035156,293.75,292.29998779296875,293.3500061035156,2287599
2026-04-06 13:15:00+05:30,293.45001220703125,294.0,293.1000061035156,293.75,1893279
2026-04-06 14:15:00+05:30,293.8999938964844,295.3500061035156,293.1499938964844,295.1499938964844,3062744
2026-04-06 15:15:00+05:30,295.20001220703125,295.25,294.6000061035156,294.70001220703125,1285042
2026-04-07 09:15:00+05:30,294.1499938964844,297.5,292.79998779296875,295.6499938964844,0
2026-04-07 10:15:00+05:30,295.6499938964844,296.5,294.6499938964844,295.79998779296875,3053305
2026-04-07 11:15:00+05:30,295.79998779296875,297.6499938964844,295.6499938964844,297.1499938964844,3157806
2026-04-07 12:15:00+05:30,297.1000061035156,297.70001220703125,296.54998779296875,297.45001220703125,2441819
2026-04-07 13:15:00+05:30,297.5,298.5,297.1499938964844,298.1000061035156,3075943
2026-04-07 14:15:00+05:30,298.1499938964844,298.6499938964844,297.6499938964844,298.3999938964844,6658371
2026-04-07 15:15:00+05:30,298.3999938964844,299.0,298.20001220703125,298.75,3212109
2026-04-08 09:15:00+05:30,303.1000061035156,303.8999938964844,301.79998779296875,302.20001220703125,0
2026-04-08 10:15:00+05:30,302.29998779296875,304.3999938964844,301.70001220703125,303.95001220703125,3754654
2026-04-08 11:15:00+05:30,303.95001220703125,304.29998779296875,303.0,304.04998779296875,2581504
2026-04-08 12:15:00+05:30,304.04998779296875,304.20001220703125,302.8999938964844,303.5,2617391
2026-04-08 13:15:00+05:30,303.5,303.8500061035156,303.29998779296875,303.45001220703125,1925472
2026-04-08 14:15:00+05:30,303.5,304.04998779296875,301.95001220703125,302.25,3584750
2026-04-08 15:15:00+05:30,302.25,302.25,301.70001220703125,302.25,1940886
2026-04-09 09:15:00+05:30,301.6499938964844,304.3999938964844,301.6000061035156,302.70001220703125,0
2026-04-09 10:15:00+05:30,302.70001220703125,303.54998779296875,302.6000061035156,302.8999938964844,3504296
2026-04-09 11:15:00+05:30,302.8999938964844,304.29998779296875,302.5,303.8500061035156,2804277
2026-04-09 12:15:00+05:30,303.95001220703125,304.0,303.1000061035156,303.3999938964844,1942595
2026-04-09 13:15:00+05:30,303.3999938964844,303.6499938964844,303.1000061035156,303.6000061035156,1487849
2026-04-09 14:15:00+05:30,303.6000061035156,303.6000061035156,302.20001220703125,303.20001220703125,2905651
2026-04-09 15:15:00+05:30,303.20001220703125,303.20001220703125,302.5,303.0,1131659
2026-04-10 09:15:00+05:30,303.75,304.95001220703125,302.8999938964844,304.29998779296875,0
2026-04-10 10:15:00+05:30,304.25,304.3500061035156,303.3999938964844,304.04998779296875,2112685
2026-04-10 11:15:00+05:30,304.1000061035156,304.45001220703125,303.45001220703125,304.45001220703125,2037777
2026-04-10 12:15:00+05:30,304.3500061035156,305.3500061035156,304.3500061035156,304.79998779296875,2130348
2026-04-10 13:15:00+05:30,304.75,305.04998779296875,303.20001220703125,304.70001220703125,2289014
2026-04-10 14:15:00+05:30,304.70001220703125,304.8500061035156,303.79998779296875,304.29998779296875,2722521
2026-04-10 15:15:00+05:30,304.29998779296875,304.6499938964844,304.04998779296875,304.25,1176518
2026-04-13 09:15:00+05:30,300.95001220703125,301.45001220703125,298.70001220703125,299.1499938964844,0
2026-04-13 10:15:00+05:30,299.1000061035156,301.0,298.95001220703125,300.20001220703125,3195528
2026-04-13 11:15:00+05:30,300.29998779296875,300.6499938964844,299.8999938964844,300.0,1641022
2026-04-13 12:15:00+05:30,300.0,300.1000061035156,299.04998779296875,299.25,1018504
2026-04-13 13:15:00+05:30,299.25,299.3999938964844,298.54998779296875,299.04998779296875,2299130
2026-04-13 14:15:00+05:30,299.04998779296875,299.25,298.1000061035156,298.6499938964844,2815513
2026-04-13 15:15:00+05:30,298.6499938964844,299.0,298.5,298.79998779296875,1448280
2026-04-15 09:15:00+05:30,301.1000061035156,303.25,300.6000061035156,302.6000061035156,0
2026-04-15 10:15:00+05:30,302.6499938964844,302.8500061035156,301.6499938964844,301.8999938964844,2305631
2026-04-15 11:15:00+05:30,301.8999938964844,303.1499938964844,301.79998779296875,303.0,1803229
2026-04-15 12:15:00+05:30,303.0,304.0,302.6499938964844,303.45001220703125,2668868
2026-04-15 13:15:00+05:30,303.5,303.6000061035156,302.3999938964844,302.70001220703125,1610908
2026-04-15 14:15:00+05:30,302.75,302.8500061035156,301.79998779296875,302.04998779296875,2898410
2026-04-15 15:15:00+05:30,302.04998779296875,302.3500061035156,301.8500061035156,302.20001220703125,1149488
2026-04-16 09:15:00+05:30,303.3999938964844,303.45001220703125,301.8999938964844,302.54998779296875,0
2026-04-16 10:15:00+05:30,302.54998779296875,303.79998779296875,302.25,303.70001220703125,2457416
2026-04-16 11:15:00+05:30,303.70001220703125,305.3500061035156,302.5,302.95001220703125,3469128
2026-04-16 12:15:00+05:30,302.79998779296875,303.75,302.5,303.6000061035156,1951598
2026-04-16 13:15:00+05:30,303.75,304.25,302.70001220703125,303.3500061035156,1998093
2026-04-16 14:15:00+05:30,303.29998779296875,304.1000061035156,303.04998779296875,303.29998779296875,1895098
2026-04-16 15:15:00+05:30,303.29998779296875,303.95001220703125,303.1499938964844,303.8500061035156,824365
2026-04-17 09:15:00+05:30,304.25,309.95001220703125,304.25,307.8999938964844,0
2026-04-17 10:15:00+05:30,308.0,309.8999938964844,307.5,307.70001220703125,5477553
2026-04-17 11:15:00+05:30,307.70001220703125,308.3999938964844,307.0,307.3999938964844,2365531
2026-04-17 12:15:00+05:30,307.29998779296875,307.8999938964844,306.3500061035156,306.75,4235632
2026-04-17 13:15:00+05:30,306.79998779296875,307.25,306.25,306.3500061035156,3147853
2026-04-17 14:15:00+05:30,306.5,308.5,306.04998779296875,307.04998779296875,5235548
2026-04-17 15:15:00+05:30,307.0,307.04998779296875,306.5,307.0,2313467
2026-04-20 09:15:00+05:30,307.20001220703125,307.3999938964844,305.3999938964844,306.45001220703125,0
2026-04-20 14:15:00+05:30,306.79998779296875,306.79998779296875,305.20001220703125,305.20001220703125,9317610
2026-04-20 15:15:00+05:30,305.25,305.29998779296875,304.45001220703125,304.8999938964844,1427810
2026-04-21 09:15:00+05:30,304.8500061035156,306.04998779296875,304.6000061035156,305.45001220703125,0
2026-04-21 10:15:00+05:30,305.3999938964844,305.6499938964844,304.6000061035156,305.25,2871398
2026-04-21 11:15:00+05:30,305.25,305.6000061035156,304.79998779296875,305.54998779296875,1966018
2026-04-21 12:15:00+05:30,305.54998779296875,306.29998779296875,305.5,305.54998779296875,2362636
2026-04-21 13:15:00+05:30,305.54998779296875,307.1499938964844,305.1000061035156,307.04998779296875,3625458
2026-04-21 14:15:00+05:30,307.1000061035156,309.45001220703125,307.04998779296875,308.6000061035156,6578709
2026-04-21 15:15:00+05:30,308.54998779296875,311.1000061035156,308.45001220703125,310.0,3622042
2026-04-22 09:15:00+05:30,309.75,310.3999938964844,306.20001220703125,306.3500061035156,0
2026-04-22 10:15:00+05:30,306.3999938964844,306.6000061035156,305.75,306.20001220703125,2774593
2026-04-22 11:15:00+05:30,306.20001220703125,307.3999938964844,306.0,306.79998779296875,4562953
2026-04-22 12:15:00+05:30,306.8999938964844,306.95001220703125,306.04998779296875,306.25,2782644
2026-04-22 13:15:00+05:30,306.29998779296875,306.29998779296875,305.6000061035156,305.70001220703125,2985487
2026-04-22 14:15:00+05:30,305.6499938964844,306.04998779296875,305.20001220703125,305.5,4629710
2026-04-22 15:15:00+05:30,305.54998779296875,305.54998779296875,305.25,305.45001220703125,1430488
2026-04-23 09:15:00+05:30,304.45001220703125,306.3500061035156,303.5,305.70001220703125,0
2026-04-23 10:15:00+05:30,305.70001220703125,305.70001220703125,304.3999938964844,304.6000061035156,1232392
2026-04-23 11:15:00+05:30,304.6499938964844,305.3999938964844,304.5,305.1000061035156,1062239
2026-04-23 12:15:00+05:30,305.04998779296875,305.1499938964844,304.54998779296875,305.04998779296875,1222891
2026-04-23 13:15:00+05:30,305.04998779296875,305.79998779296875,304.70001220703125,304.75,1355680
2026-04-23 14:15:00+05:30,304.75,305.5,304.6499938964844,305.29998779296875,2574046
2026-04-23 15:15:00+05:30,305.20001220703125,305.54998779296875,305.1499938964844,305.3500061035156,650116
2026-04-24 09:15:00+05:30,306.6499938964844,306.6499938964844,302.79998779296875,303.70001220703125,0
2026-04-24 10:15:00+05:30,303.70001220703125,304.6499938964844,303.5,304.45001220703125,1399268
2026-04-24 11:15:00+05:30,304.3999938964844,304.8999938964844,303.8999938964844,304.0,1613542
2026-04-24 12:15:00+05:30,304.0,304.20001220703125,302.5,302.5,2758886
2026-04-24 13:15:00+05:30,302.6499938964844,302.8500061035156,302.1000061035156,302.20001220703125,1586717
2026-04-24 14:15:00+05:30,302.04998779296875,303.5,301.1499938964844,301.1499938964844,4122923
2026-04-24 15:15:00+05:30,301.1499938964844,301.75,301.1499938964844,301.45001220703125,2771284
2026-04-27 09:15:00+05:30,303.25,305.6000061035156,303.0,305.0,0
2026-04-27 10:15:00+05:30,305.0,305.3999938964844,303.6000061035156,304.1000061035156,1745490
2026-04-27 11:15:00+05:30,304.1000061035156,304.20001220703125,302.95001220703125,303.29998779296875,2238541
2026-04-27 12:15:00+05:30,303.3500061035156,304.29998779296875,303.1499938964844,304.20001220703125,1425896
2026-04-27 13:15:00+05:30,304.25,304.54998779296875,303.79998779296875,304.5,2056497
2026-04-27 14:15:00+05:30,304.5,304.75,303.79998779296875,304.0,3286256
2026-04-27 15:15:00+05:30,303.95001220703125,304.1499938964844,303.6000061035156,304.0,817458
2026-04-28 09:15:00+05:30,304.0,305.20001220703125,302.6000061035156,305.0,0
2026-04-28 10:15:00+05:30,305.04998779296875,305.3500061035156,304.79998779296875,305.1000061035156,1086543
2026-04-28 11:15:00+05:30,305.1499938964844,305.1499938964844,304.1000061035156,304.45001220703125,2835245
2026-04-28 12:15:00+05:30,304.45001220703125,305.54998779296875,304.04998779296875,305.29998779296875,2065292
2026-04-28 13:15:00+05:30,305.25,305.5,304.3999938964844,304.54998779296875,2120068
2026-04-28 14:15:00+05:30,304.54998779296875,305.0,304.1499938964844,304.6499938964844,1885108
2026-04-28 15:15:00+05:30,304.6000061035156,304.6000061035156,304.1000061035156,304.1499938964844,707183
2026-04-29 09:15:00+05:30,305.6000061035156,312.8999938964844,305.3999938964844,311.8999938964844,0
2026-04-29 10:15:00+05:30,311.8500061035156,314.04998779296875,311.04998779296875,313.54998779296875,3831857
2026-04-29 11:15:00+05:30,313.54998779296875,315.04998779296875,313.1499938964844,313.79998779296875,3827462
2026-04-29 12:15:00+05:30,313.75,317.5,313.75,317.25,4674199
2026-04-29 13:15:00+05:30,317.25,317.5,314.6000061035156,315.45001220703125,3861721
2026-04-29 14:15:00+05:30,315.5,316.8500061035156,315.29998779296875,316.20001220703125,3846641
2026-04-29 15:15:00+05:30,316.29998779296875,316.3999938964844,315.8999938964844,316.25,2334913
2026-04-30 09:15:00+05:30,316.25,316.6499938964844,313.5,315.0,0
2026-04-30 10:15:00+05:30,315.04998779296875,317.45001220703125,314.8500061035156,315.25,1638116
2026-04-30 11:15:00+05:30,315.25,316.45001220703125,315.0,316.3999938964844,773082
2026-04-30 12:15:00+05:30,316.45001220703125,316.70001220703125,315.5,315.8999938964844,1001954
2026-04-30 13:15:00+05:30,315.8999938964844,315.95001220703125,315.0,315.1000061035156,1341288
2026-04-30 14:15:00+05:30,315.1000061035156,315.8999938964844,314.25,314.54998779296875,2440342
2026-04-30 15:15:00+05:30,314.6499938964844,315.3500061035156,314.45001220703125,315.20001220703125,757204
2026-05-04 09:15:00+05:30,317.5,317.5,312.8999938964844,315.25,0
2026-05-04 10:15:00+05:30,315.20001220703125,316.29998779296875,313.6000061035156,313.75,2437223
2026-05-04 11:15:00+05:30,313.8500061035156,314.0,312.20001220703125,312.29998779296875,2778092
2026-05-04 12:15:00+05:30,312.29998779296875,312.95001220703125,311.04998779296875,311.54998779296875,3138662
2026-05-04 13:15:00+05:30,311.6499938964844,311.8999938964844,310.54998779296875,311.75,1541322
2026-05-04 14:15:00+05:30,311.75,311.95001220703125,310.75,311.25,1824672
2026-05-04 15:15:00+05:30,311.29998779296875,312.04998779296875,310.5,311.1000061035156,1159621
2026-05-05 09:15:00+05:30,311.6000061035156,313.3500061035156,310.25,310.8999938964844,0
2026-05-05 10:15:00+05:30,310.8999938964844,310.95001220703125,309.70001220703125,310.25,1863296
2026-05-05 11:15:00+05:30,310.29998779296875,311.1000061035156,310.04998779296875,310.70001220703125,4612481
2026-05-05 12:15:00+05:30,310.70001220703125,312.6000061035156,310.25,312.1499938964844,5985613
2026-05-05 13:15:00+05:30,312.25,313.6499938964844,311.3999938964844,311.45001220703125,6202647
2026-05-05 14:15:00+05:30,311.6000061035156,312.54998779296875,311.29998779296875,311.5,3190333
2026-05-05 15:15:00+05:30,311.6499938964844,311.6499938964844,310.5,310.95001220703125,1668998
2026-05-06 09:15:00+05:30,313.04998779296875,313.20001220703125,309.79998779296875,311.8500061035156,0
2026-05-06 10:15:00+05:30,311.79998779296875,311.8999938964844,310.1000061035156,310.1000061035156,1156983
2026-05-06 11:15:00+05:30,310.04998779296875,310.45001220703125,310.0,310.0,1117416
2026-05-06 12:15:00+05:30,310.0,310.3999938964844,309.6000061035156,309.8999938964844,3272371
2026-05-06 13:15:00+05:30,309.8500061035156,310.54998779296875,309.29998779296875,310.0,2136137
2026-05-06 14:15:00+05:30,309.8999938964844,311.54998779296875,309.5,310.8999938964844,5893811
2026-05-06 15:15:00+05:30,310.8999938964844,311.1000061035156,310.45001220703125,310.75,2057510
2026-05-07 09:15:00+05:30,310.0,311.54998779296875,309.1000061035156,309.70001220703125,0
2026-05-07 10:15:00+05:30,309.70001220703125,310.0,309.6000061035156,309.8999938964844,962759
2026-05-07 11:15:00+05:30,309.8999938964844,310.70001220703125,309.54998779296875,310.04998779296875,2117913
2026-05-07 12:15:00+05:30,310.1499938964844,310.5,309.3500061035156,309.75,2178379
2026-05-07 13:15:00+05:30,309.8999938964844,309.8999938964844,308.70001220703125,308.8999938964844,1765463
2026-05-07 14:15:00+05:30,308.8500061035156,309.20001220703125,307.0,307.1499938964844,13137045
2026-05-07 15:15:00+05:30,307.25,307.6000061035156,307.1000061035156,307.54998779296875,2096090
2026-05-08 09:15:00+05:30,308.45001220703125,308.45001220703125,305.75,306.6000061035156,0
2026-05-08 10:15:00+05:30,306.5,307.5,306.29998779296875,307.25,2601227
2026-05-08 11:15:00+05:30,307.25,307.75,306.5,307.04998779296875,2668492
2026-05-08 12:15:00+05:30,307.1499938964844,307.8500061035156,306.6000061035156,307.79998779296875,3705585
2026-05-08 13:15:00+05:30,307.79998779296875,308.3500061035156,307.45001220703125,307.95001220703125,1835215
2026-05-08 14:15:00+05:30,307.8999938964844,308.29998779296875,307.3999938964844,307.5,2812347
2026-05-08 15:15:00+05:30,307.54998779296875,307.6499938964844,307.1000061035156,307.25,1212523
2026-05-11 09:15:00+05:30,306.70001220703125,307.95001220703125,305.1499938964844,306.79998779296875,0
2026-05-11 10:15:00+05:30,306.8500061035156,307.29998779296875,306.3999938964844,307.0,2178623
2026-05-11 11:15:00+05:30,307.0,307.29998779296875,306.79998779296875,306.95001220703125,2300916
2026-05-11 12:15:00+05:30,307.0,307.3999938964844,306.6499938964844,307.29998779296875,2345308
2026-05-11 13:15:00+05:30,307.25,307.75,306.95001220703125,307.1000061035156,1068530
2026-05-11 14:15:00+05:30,307.1000061035156,307.20001220703125,306.04998779296875,306.04998779296875,3029896
2026-05-11 15:15:00+05:30,306.0,306.1000061035156,305.25,305.70001220703125,1071263
2026-05-12 09:15:00+05:30,305.6499938964844,306.20001220703125,302.79998779296875,304.1000061035156,0
2026-05-12 10:15:00+05:30,304.1000061035156,304.3500061035156,303.6499938964844,304.0,1954300
2026-05-12 11:15:00+05:30,304.04998779296875,304.8500061035156,304.0,304.6000061035156,2282723
2026-05-12 12:15:00+05:30,304.54998779296875,304.8999938964844,303.04998779296875,303.6000061035156,1961377
2026-05-12 13:15:00+05:30,303.6000061035156,304.0,302.04998779296875,302.1000061035156,1733187
2026-05-12 14:15:00+05:30,302.1000061035156,302.20001220703125,300.75,300.79998779296875,3134769
2026-05-12 15:15:00+05:30,300.75,301.1000061035156,300.25,300.8500061035156,2181239
2026-05-13 09:15:00+05:30,301.75,303.75,301.1000061035156,303.20001220703125,0
2026-05-13 10:15:00+05:30,303.20001220703125,304.6499938964844,303.20001220703125,303.8500061035156,1621544
2026-05-13 11:15:00+05:30,303.8500061035156,305.25,303.5,304.75,2140396
2026-05-13 12:15:00+05:30,304.70001220703125,305.79998779296875,303.8500061035156,305.3999938964844,2573952
2026-05-13 13:15:00+05:30,305.3999938964844,305.54998779296875,304.3500061035156,305.0,1611166
2026-05-13 14:15:00+05:30,305.04998779296875,305.20001220703125,304.0,304.20001220703125,2367499
2026-05-13 15:15:00+05:30,304.1499938964844,304.6000061035156,304.1499938964844,304.6000061035156,744123
2026-05-14 09:15:00+05:30,305.3999938964844,307.6000061035156,304.8999938964844,306.3500061035156,0
2026-05-14 10:15:00+05:30,306.3500061035156,307.20001220703125,305.79998779296875,305.95001220703125,1663386
2026-05-14 11:15:00+05:30,305.95001220703125,308.79998779296875,305.8999938964844,307.70001220703125,2194701
2026-05-14 12:15:00+05:30,307.75,309.1499938964844,307.5,308.75,2056733
2026-05-14 13:15:00+05:30,308.75,309.0,307.95001220703125,308.29998779296875,1785673
2026-05-14 14:15:00+05:30,308.29998779296875,308.70001220703125,307.20001220703125,307.45001220703125,1402711
2026-05-14 15:15:00+05:30,307.3500061035156,307.45001220703125,306.6000061035156,307.20001220703125,729498
2026-05-15 09:15:00+05:30,307.5,309.45001220703125,306.45001220703125,308.79998779296875,0
2026-05-15 10:15:00+05:30,308.8999938964844,309.0,308.20001220703125,308.3999938964844,1256558
2026-05-15 11:15:00+05:30,308.3999938964844,308.8999938964844,307.5,308.25,1638042
2026-05-15 12:15:00+05:30,308.3999938964844,311.79998779296875,308.20001220703125,310.8500061035156,1879952
2026-05-15 13:15:00+05:30,310.79998779296875,311.8999938964844,310.04998779296875,310.5,2149970
2026-05-15 14:15:00+05:30,310.5,310.54998779296875,309.1499938964844,309.5,2300087
2026-05-15 15:15:00+05:30,309.70001220703125,309.70001220703125,309.04998779296875,309.1499938964844,819596
2026-05-18 09:15:00+05:30,309.0,312.20001220703125,306.6000061035156,310.79998779296875,0
2026-05-18 10:15:00+05:30,310.79998779296875,312.29998779296875,309.25,309.29998779296875,2324572
2026-05-18 11:15:00+05:30,309.45001220703125,309.6499938964844,307.8500061035156,308.54998779296875,1471135
2026-05-18 12:15:00+05:30,308.6000061035156,309.8500061035156,308.1000061035156,308.8999938964844,1448276
2026-05-18 13:15:00+05:30,308.95001220703125,309.04998779296875,307.8999938964844,308.95001220703125,2436664
2026-05-18 14:15:00+05:30,308.8999938964844,310.75,308.3999938964844,310.3999938964844,2748522
2026-05-18 15:15:00+05:30,310.3500061035156,310.95001220703125,309.8999938964844,310.45001220703125,796489
2026-05-19 09:15:00+05:30,311.95001220703125,313.70001220703125,310.0,312.8999938964844,0
2026-05-19 10:15:00+05:30,312.79998779296875,313.1000061035156,309.6499938964844,310.0,2959280
2026-05-19 11:15:00+05:30,310.1499938964844,314.25,308.3999938964844,312.8500061035156,4432671
2026-05-19 12:15:00+05:30,312.8500061035156,313.1000061035156,311.20001220703125,311.75,2434534
2026-05-19 13:15:00+05:30,311.70001220703125,312.6499938964844,311.1000061035156,311.8999938964844,1530889
2026-05-19 14:15:00+05:30,311.79998779296875,312.0,310.1499938964844,310.5,2255138
2026-05-19 15:15:00+05:30,310.54998779296875,310.54998779296875,309.3999938964844,310.0,978430
2026-05-20 09:15:00+05:30,308.70001220703125,309.6499938964844,307.5,308.75,0
2026-05-20 10:15:00+05:30,308.70001220703125,309.0,308.0,308.20001220703125,808688
2026-05-20 11:15:00+05:30,308.1499938964844,308.29998779296875,307.29998779296875,307.5,1144641
2026-05-20 12:15:00+05:30,307.45001220703125,307.70001220703125,306.20001220703125,306.75,3442844
2026-05-20 13:15:00+05:30,306.70001220703125,307.6499938964844,306.45001220703125,306.95001220703125,2603858
2026-05-20 14:15:00+05:30,307.0,308.0,306.79998779296875,307.3500061035156,1688017
2026-05-20 15:15:00+05:30,307.29998779296875,307.75,307.20001220703125,307.75,729203
2026-05-21 09:15:00+05:30,309.29998779296875,310.1000061035156,308.45001220703125,309.70001220703125,0
2026-05-21 10:15:00+05:30,309.70001220703125,309.8999938964844,308.25,308.25,3826775
2026-05-21 11:15:00+05:30,308.25,308.70001220703125,306.95001220703125,307.70001220703125,3827840
2026-05-21 12:15:00+05:30,307.70001220703125,308.3999938964844,306.8999938964844,307.0,3033077
2026-05-21 13:15:00+05:30,306.95001220703125,307.5,306.6000061035156,307.0,2627103
2026-05-21 14:15:00+05:30,306.8999938964844,307.75,306.70001220703125,306.79998779296875,2215806
2026-05-21 15:15:00+05:30,306.79998779296875,311.25,305.8999938964844,307.6499938964844,4678382
2026-05-22 09:15:00+05:30,305.95001220703125,307.0,303.3999938964844,303.79998779296875,0
2026-05-22 10:15:00+05:30,303.95001220703125,304.3999938964844,302.45001220703125,304.29998779296875,4419564
2026-05-22 11:15:00+05:30,304.29998779296875,304.54998779296875,303.3500061035156,303.8999938964844,4426265
2026-05-22 12:15:00+05:30,303.95001220703125,304.1000061035156,302.8999938964844,303.8500061035156,2769572
2026-05-22 13:15:00+05:30,304.0,304.54998779296875,303.3999938964844,303.70001220703125,3713547
2026-05-22 14:15:00+05:30,303.75,304.0,301.1000061035156,301.29998779296875,5468500
2026-05-22 15:15:00+05:30,301.3500061035156,302.1000061035156,301.20001220703125,302.0,2489864
2026-05-25 09:15:00+05:30,303.8999938964844,305.45001220703125,303.8999938964844,304.70001220703125,0
2026-05-25 10:15:00+05:30,304.70001220703125,304.95001220703125,304.3500061035156,304.45001220703125,1386594
2026-05-25 11:15:00+05:30,304.3999938964844,304.6000061035156,303.04998779296875,303.1000061035156,2804999
2026-05-25 12:15:00+05:30,303.1000061035156,303.25,302.3500061035156,302.79998779296875,2090682
2026-05-25 13:15:00+05:30,302.8500061035156,303.45001220703125,302.75,302.8999938964844,1980068
2026-05-25 14:15:00+05:30,302.8999938964844,303.8500061035156,302.8999938964844,303.79998779296875,2550337
2026-05-25 15:15:00+05:30,303.79998779296875,304.45001220703125,303.75,304.20001220703125,1572565
2026-05-26 09:15:00+05:30,304.3999938964844,304.3999938964844,302.20001220703125,303.29998779296875,0
2026-05-26 10:15:00+05:30,303.29998779296875,303.54998779296875,302.6000061035156,302.79998779296875,2757203
2026-05-26 11:15:00+05:30,302.75,303.04998779296875,301.25,301.45001220703125,4143258
2026-05-26 12:15:00+05:30,301.5,301.79998779296875,301.1000061035156,301.25,6617820
2026-05-26 13:15:00+05:30,301.3999938964844,302.04998779296875,301.1000061035156,301.3500061035156,8623361
2026-05-26 14:15:00+05:30,301.3999938964844,301.79998779296875,301.20001220703125,301.70001220703125,7711063
2026-05-26 15:15:00+05:30,301.70001220703125,302.0,301.6000061035156,301.8999938964844,2839701
2026-05-27 09:15:00+05:30,295.5,296.3500061035156,292.6000061035156,293.6499938964844,0
2026-05-27 10:15:00+05:30,293.6000061035156,294.1499938964844,293.1499938964844,293.75,2433878
2026-05-27 11:15:00+05:30,293.75,293.95001220703125,291.75,291.75,3838135
2026-05-27 12:15:00+05:30,291.75,292.1499938964844,291.6499938964844,292.0,2382705
2026-05-27 13:15:00+05:30,292.0,292.5,291.70001220703125,291.95001220703125,2104406
2026-05-27 14:15:00+05:30,291.95001220703125,292.0,291.04998779296875,291.79998779296875,4350273
2026-05-27 15:15:00+05:30,291.79998779296875,292.29998779296875,291.75,292.25,2142033
2026-05-29 09:15:00+05:30,292.0,292.3999938964844,288.8999938964844,289.29998779296875,0
2026-05-29 10:15:00+05:30,289.29998779296875,289.6499938964844,288.3500061035156,289.0,4839190
2026-05-29 11:15:00+05:30,288.8500061035156,289.1499938964844,288.54998779296875,288.75,2332601
2026-05-29 12:15:00+05:30,288.70001220703125,289.20001220703125,288.5,288.75,2698691
2026-05-29 13:15:00+05:30,288.6499938964844,289.0,288.25,288.3500061035156,2628502
2026-05-29 14:15:00+05:30,288.3500061035156,288.95001220703125,286.29998779296875,286.45001220703125,7260232
2026-05-29 15:15:00+05:30,286.45001220703125,287.8999938964844,285.95001220703125,287.79998779296875,5632967
2026-06-01 09:15:00+05:30,287.75,288.45001220703125,285.0,285.04998779296875,0
2026-06-01 10:15:00+05:30,285.1000061035156,285.3500061035156,284.20001220703125,284.6499938964844,2058144
2026-06-01 11:15:00+05:30,284.6000061035156,284.75,283.8999938964844,284.3999938964844,4000513
2026-06-01 12:15:00+05:30,284.3500061035156,284.3999938964844,282.5,282.5,2253593
2026-06-01 13:15:00+05:30,282.6499938964844,282.95001220703125,280.6499938964844,280.70001220703125,3082871
2026-06-01 14:15:00+05:30,280.6499938964844,280.8999938964844,279.8500061035156,280.25,4593137
2026-06-01 15:15:00+05:30,280.20001220703125,280.25,278.3999938964844,279.29998779296875,3155996
2026-06-02 09:15:00+05:30,279.1000061035156,279.79998779296875,277.1000061035156,279.70001220703125,0
2026-06-02 10:15:00+05:30,279.79998779296875,280.79998779296875,279.20001220703125,280.29998779296875,2556465
2026-06-02 11:15:00+05:30,280.25,281.3500061035156,279.29998779296875,279.6000061035156,3269734
2026-06-02 12:15:00+05:30,279.6000061035156,281.79998779296875,279.54998779296875,281.3500061035156,1955141
2026-06-02 13:15:00+05:30,281.29998779296875,282.1000061035156,280.79998779296875,282.1000061035156,2718148
2026-06-02 14:15:00+05:30,282.1000061035156,283.5,282.0,283.3999938964844,3557329
2026-06-02 15:15:00+05:30,283.45001220703125,283.6000061035156,283.0,283.3999938964844,1422674
2026-06-03 09:15:00+05:30,282.29998779296875,282.29998779296875,275.54998779296875,276.6000061035156,0
2026-06-03 10:15:00+05:30,276.6000061035156,277.45001220703125,275.75,275.79998779296875,3458048
2026-06-03 11:15:00+05:30,275.79998779296875,276.5,275.25,275.8999938964844,3830113
2026-06-03 12:15:00+05:30,275.95001220703125,278.1499938964844,275.95001220703125,277.5,3560565
2026-06-03 13:15:00+05:30,277.54998779296875,278.6000061035156,277.04998779296875,277.70001220703125,3519060
2026-06-03 14:15:00+05:30,277.6499938964844,278.3999938964844,276.79998779296875,276.8999938964844,3197210
2026-06-03 15:15:00+05:30,276.95001220703125,277.0,276.5,276.75,1406072
2026-06-04 09:15:00+05:30,276.3999938964844,278.79998779296875,275.1000061035156,278.79998779296875,0
2026-06-04 10:15:00+05:30,278.79998779296875,279.8999938964844,278.25,279.8500061035156,3176007
2026-06-04 11:15:00+05:30,279.79998779296875,280.25,278.8500061035156,280.1499938964844,3693587
2026-06-04 12:15:00+05:30,280.1000061035156,280.3999938964844,279.29998779296875,279.29998779296875,2325881
2026-06-04 13:15:00+05:30,279.25,280.3999938964844,278.8500061035156,279.79998779296875,3367743
2026-06-04 14:15:00+05:30,279.75,280.54998779296875,279.6000061035156,280.3500061035156,3570375
2026-06-04 15:15:00+05:30,280.3500061035156,280.5,280.20001220703125,280.20001220703125,1186700
2026-06-05 09:15:00+05:30,280.0,281.0,279.54998779296875,280.1499938964844,0
2026-06-05 10:15:00+05:30,280.20001220703125,280.20001220703125,277.95001220703125,279.29998779296875,3222828
2026-06-05 11:15:00+05:30,279.29998779296875,280.3500061035156,279.1000061035156,280.3500061035156,2344179
2026-06-05 12:15:00+05:30,280.3999938964844,281.3500061035156,279.70001220703125,279.95001220703125,2724766
2026-06-05 13:15:00+05:30,279.95001220703125,280.3999938964844,279.3999938964844,280.04998779296875,1649901
2026-06-05 14:15:00+05:30,280.04998779296875,281.0,280.0,280.5,1884441
2026-06-05 15:15:00+05:30,280.5,281.1000061035156,280.1000061035156,280.95001220703125,1852373
2026-06-08 09:15:00+05:30,278.8500061035156,281.1000061035156,277.0,280.8999938964844,0
2026-06-08 10:15:00+05:30,280.8999938964844,281.70001220703125,280.45001220703125,281.6499938964844,1885063
2026-06-08 11:15:00+05:30,281.6499938964844,283.45001220703125,281.5,283.1499938964844,3153745
2026-06-08 12:15:00+05:30,283.1000061035156,283.3500061035156,281.70001220703125,281.79998779296875,1462491
2026-06-08 13:15:00+05:30,281.79998779296875,282.1000061035156,280.8500061035156,280.95001220703125,982220
2026-06-08 14:15:00+05:30,280.8999938964844,281.04998779296875,279.1499938964844,279.3999938964844,2945625
2026-06-08 15:15:00+05:30,279.3999938964844,280.0,279.1499938964844,280.0,1895522
2026-06-09 09:15:00+05:30,281.45001220703125,281.45001220703125,278.3999938964844,278.6499938964844,0
2026-06-09 10:15:00+05:30,278.6499938964844,279.6000061035156,277.29998779296875,279.3999938964844,2350010
2026-06-09 11:15:00+05:30,279.3999938964844,280.3500061035156,279.20001220703125,279.79998779296875,1937341
2026-06-09 12:15:00+05:30,279.75,279.79998779296875,278.5,278.79998779296875,1120168
2026-06-09 13:15:00+05:30,278.75,279.0,278.29998779296875,278.79998779296875,1080556
2026-06-09 14:15:00+05:30,278.8500061035156,280.6000061035156,278.70001220703125,280.3500061035156,2387041
2026-06-09 15:15:00+05:30,280.25,280.29998779296875,279.5,279.95001220703125,1311887
2026-06-10 09:15:00+05:30,280.0,283.6000061035156,278.8999938964844,283.29998779296875,0
2026-06-10 10:15:00+05:30,283.20001220703125,284.79998779296875,283.0,284.3999938964844,3757020
2026-06-10 11:15:00+05:30,284.45001220703125,284.5,284.0,284.20001220703125,1415973
2026-06-10 12:15:00+05:30,284.29998779296875,285.8500061035156,283.45001220703125,285.25,3692229
2026-06-10 13:15:00+05:30,285.25,285.25,284.29998779296875,284.3999938964844,1854170
2026-06-10 14:15:00+05:30,284.3999938964844,284.54998779296875,283.8500061035156,283.8999938964844,2204310
2026-06-10 15:15:00+05:30,283.79998779296875,283.95001220703125,283.1000061035156,283.29998779296875,3304076
2026-06-11 09:15:00+05:30,282.0,283.0,281.3999938964844,282.5,0
2026-06-11 10:15:00+05:30,282.3999938964844,282.75,281.6000061035156,282.04998779296875,1550742
2026-06-11 11:15:00+05:30,282.1499938964844,282.79998779296875,282.0,282.3999938964844,1087082
2026-06-11 12:15:00+05:30,282.29998779296875,282.54998779296875,281.3500061035156,282.04998779296875,1478197
2026-06-11 13:15:00+05:30,282.0,282.3500061035156,281.95001220703125,282.1000061035156,1240685
2026-06-11 14:15:00+05:30,282.1000061035156,282.6000061035156,281.8999938964844,282.29998779296875,2734740
2026-06-11 15:15:00+05:30,282.29998779296875,283.25,282.20001220703125,282.6499938964844,1313559
2026-06-12 09:15:00+05:30,283.8500061035156,284.0,283.04998779296875,283.3999938964844,0
2026-06-12 10:15:00+05:30,283.3999938964844,284.1000061035156,283.3500061035156,283.95001220703125,1109319
2026-06-12 11:15:00+05:30,283.95001220703125,285.1499938964844,283.54998779296875,284.54998779296875,2128188
2026-06-12 12:15:00+05:30,284.54998779296875,284.75,284.04998779296875,284.1499938964844,1673463
2026-06-12 13:15:00+05:30,284.20001220703125,284.70001220703125,284.1499938964844,284.3999938964844,803373
2026-06-12 14:15:00+05:30,284.3500061035156,285.45001220703125,284.29998779296875,285.0,2974412
2026-06-12 15:15:00+05:30,285.1000061035156,285.5,284.75,285.45001220703125,1520466
2026-06-15 09:15:00+05:30,287.5,288.45001220703125,286.8500061035156,287.20001220703125,0
2026-06-15 10:15:00+05:30,287.29998779296875,287.6000061035156,287.04998779296875,287.20001220703125,1140550
2026-06-15 11:15:00+05:30,287.20001220703125,288.1000061035156,287.1499938964844,287.6499938964844,1494589
2026-06-15 12:15:00+05:30,287.70001220703125,288.3999938964844,287.25,288.20001220703125,1506653
2026-06-15 13:15:00+05:30,288.25,288.79998779296875,287.79998779296875,288.20001220703125,1199455
2026-06-15 14:15:00+05:30,288.20001220703125,288.54998779296875,287.6000061035156,287.6499938964844,1904715
2026-06-15 15:15:00+05:30,287.6000061035156,288.3500061035156,287.6000061035156,288.20001220703125,911397
2026-06-16 09:15:00+05:30,288.45001220703125,288.8999938964844,287.70001220703125,288.8500061035156,1782155
2026-06-16 10:15:00+05:30,288.79998779296875,290.75,288.75,290.20001220703125,1980388
2026-06-16 11:15:00+05:30,290.25,291.1000061035156,289.70001220703125,290.5,2232414
2026-06-16 12:15:00+05:30,290.5,290.8999938964844,290.20001220703125,290.8500061035156,916050
2026-06-16 13:15:00+05:30,290.8500061035156,291.3500061035156,290.6000061035156,291.1499938964844,1310011
2026-06-16 14:15:00+05:30,291.20001220703125,291.54998779296875,291.1000061035156,291.54998779296875,3468120
2026-06-16 15:15:00+05:30,291.54998779296875,292.04998779296875,291.29998779296875,291.95001220703125,2776742
2026-06-17 09:15:00+05:30,291.8999938964844,292.25,290.45001220703125,291.3500061035156,0
2026-06-17 10:15:00+05:30,291.3500061035156,292.20001220703125,291.1000061035156,291.3999938964844,1027049
2026-06-17 11:15:00+05:30,291.29998779296875,291.6000061035156,290.1499938964844,290.3500061035156,1799551
2026-06-17 12:15:00+05:30,290.29998779296875,290.70001220703125,290.0,290.04998779296875,1258828
2026-06-17 13:15:00+05:30,290.1000061035156,290.3999938964844,290.0,290.20001220703125,722636
2026-06-17 14:15:00+05:30,290.20001220703125,291.0,290.1000061035156,290.79998779296875,1235537
2026-06-17 15:15:00+05:30,290.8500061035156,290.95001220703125,290.6000061035156,290.8500061035156,627930
2026-06-18 09:15:00+05:30,291.3999938964844,291.8500061035156,290.3999938964844,290.79998779296875,0
2026-06-18 10:15:00+05:30,290.8500061035156,291.1499938964844,289.3500061035156,289.3999938964844,1140063
2026-06-18 11:15:00+05:30,289.5,289.5,288.1000061035156,289.29998779296875,1791894
2026-06-18 12:15:00+05:30,289.3999938964844,290.45001220703125,289.25,289.8999938964844,1328086
2026-06-18 13:15:00+05:30,289.8999938964844,290.3500061035156,289.8999938964844,290.0,627628
2026-06-18 14:15:00+05:30,290.04998779296875,291.45001220703125,289.5,291.1000061035156,2704261
2026-06-18 15:15:00+05:30,291.20001220703125,291.3500061035156,290.70001220703125,290.8500061035156,1469417
2026-06-19 09:15:00+05:30,289.79998779296875,290.54998779296875,288.5,290.3999938964844,0
2026-06-19 10:15:00+05:30,290.45001220703125,290.45001220703125,289.6000061035156,289.6499938964844,710627
2026-06-19 11:15:00+05:30,289.6000061035156,289.75,289.20001220703125,289.45001220703125,1023068
2026-06-19 12:15:00+05:30,289.5,290.1499938964844,289.1499938964844,289.95001220703125,1307239
2026-06-19 13:15:00+05:30,289.8999938964844,290.0,289.6000061035156,289.75,1637903
2026-06-19 14:15:00+05:30,289.8999938964844,293.54998779296875,289.25,293.3500061035156,4574473
2026-06-19 15:15:00+05:30,293.25,294.3500061035156,292.70001220703125,293.75,2403457
2026-06-22 09:15:00+05:30,293.20001220703125,293.95001220703125,292.1000061035156,292.3999938964844,0
2026-06-22 10:15:00+05:30,292.29998779296875,292.3999938964844,291.3999938964844,291.5,1030570
2026-06-22 11:15:00+05:30,291.5,292.1499938964844,291.29998779296875,291.29998779296875,1035735
2026-06-22 12:15:00+05:30,291.29998779296875,291.5,290.1499938964844,290.29998779296875,941731
2026-06-22 13:15:00+05:30,290.29998779296875,291.1000061035156,290.04998779296875,291.1000061035156,2082071
2026-06-22 14:15:00+05:30,290.8999938964844,292.0,290.5,291.20001220703125,2340238
2026-06-22 15:15:00+05:30,291.1499938964844,291.20001220703125,290.3500061035156,290.70001220703125,739101
2026-06-23 09:15:00+05:30,291.1499938964844,293.1499938964844,289.8999938964844,292.70001220703125,0
2026-06-23 10:15:00+05:30,292.75,292.8500061035156,291.25,291.54998779296875,1198645
2026-06-23 11:15:00+05:30,291.45001220703125,292.0,290.6000061035156,290.70001220703125,1025613
2026-06-23 12:15:00+05:30,290.79998779296875,290.8500061035156,289.75,290.1499938964844,1252117
2026-06-23 13:15:00+05:30,290.1499938964844,290.6000061035156,289.75,290.29998779296875,706838
2026-06-23 14:15:00+05:30,290.25,290.95001220703125,289.75,290.1000061035156,1878948
2026-06-23 15:15:00+05:30,290.1000061035156,290.1499938964844,289.70001220703125,290.0,948214
2026-06-24 09:15:00+05:30,289.8500061035156,291.20001220703125,289.6000061035156,290.79998779296875,0
2026-06-24 10:15:00+05:30,290.79998779296875,291.25,290.1499938964844,290.79998779296875,885818
2026-06-24 11:15:00+05:30,290.70001220703125,291.3500061035156,290.20001220703125,290.29998779296875,682805
2026-06-24 12:15:00+05:30,290.29998779296875,290.3999938964844,289.6000061035156,290.20001220703125,560901
2026-06-24 13:15:00+05:30,290.20001220703125,291.1000061035156,289.95001220703125,290.3500061035156,636842
2026-06-24 14:15:00+05:30,290.25,290.79998779296875,290.0,290.1000061035156,960554
2026-06-24 15:15:00+05:30,290.1499938964844,290.5,290.0,290.20001220703125,551482
2026-06-25 09:15:00+05:30,291.0,291.6000061035156,289.20001220703125,291.04998779296875,0
2026-06-25 10:15:00+05:30,291.1000061035156,291.6499938964844,290.79998779296875,291.1499938964844,1198468
2026-06-25 11:15:00+05:30,291.1000061035156,292.25,290.8500061035156,291.20001220703125,1339313
2026-06-25 12:15:00+05:30,291.1499938964844,291.3999938964844,290.1000061035156,290.6000061035156,925621
2026-06-25 13:15:00+05:30,290.6000061035156,291.70001220703125,290.29998779296875,291.29998779296875,1658667
2026-06-25 14:15:00+05:30,291.3500061035156,291.3500061035156,289.6499938964844,289.75,3586327
2026-06-25 15:15:00+05:30,289.75,290.1499938964844,289.6000061035156,290.0,915635
2026-06-29 09:15:00+05:30,290.45001220703125,291.8999938964844,289.45001220703125,290.8999938964844,0
2026-06-29 10:15:00+05:30,290.8999938964844,291.8999938964844,290.54998779296875,291.6000061035156,1226209
2026-06-29 11:15:00+05:30,291.45001220703125,291.70001220703125,290.20001220703125,290.20001220703125,1123707
2026-06-29 12:15:00+05:30,290.20001220703125,290.6499938964844,289.6499938964844,290.1000061035156,602384
2026-06-29 13:15:00+05:30,290.1000061035156,290.3500061035156,289.8500061035156,290.1000061035156,620559
2026-06-29 14:15:00+05:30,290.1000061035156,290.8999938964844,289.75,290.6499938964844,2460732
2026-06-29 15:15:00+05:30,290.6499938964844,291.29998779296875,290.3999938964844,291.1499938964844,1965851
2026-06-30 09:15:00+05:30,291.5,291.5,288.70001220703125,289.0,0
2026-06-30 10:15:00+05:30,289.0,289.0,286.3999938964844,288.70001220703125,3204836
2026-06-30 11:15:00+05:30,288.70001220703125,289.6000061035156,287.6499938964844,287.79998779296875,3456041
2026-06-30 12:15:00+05:30,287.8500061035156,287.8500061035156,286.3999938964844,286.5,2045732
2026-06-30 13:15:00+05:30,286.6000061035156,287.1499938964844,286.0,286.1000061035156,1453129
2026-06-30 14:15:00+05:30,286.04998779296875,287.25,285.54998779296875,287.1000061035156,4400319
2026-06-30 15:15:00+05:30,287.1000061035156,287.54998779296875,286.95001220703125,286.95001220703125,1686420
2026-07-01 09:15:00+05:30,287.79998779296875,289.8500061035156,287.1000061035156,289.70001220703125,0
2026-07-01 10:15:00+05:30,289.75,290.0,288.6000061035156,289.95001220703125,747303
2026-07-01 11:15:00+05:30,289.8500061035156,290.25,289.6000061035156,290.04998779296875,838174
2026-07-01 12:15:00+05:30,290.04998779296875,290.5,289.54998779296875,290.29998779296875,1045907
2026-07-01 13:15:00+05:30,290.25,291.0,290.0,290.6000061035156,633022
2026-07-01 14:15:00+05:30,290.6000061035156,290.8500061035156,290.0,290.5,1047208
2026-07-01 15:15:00+05:30,290.5,290.54998779296875,290.0,290.04998779296875,644749
2026-07-02 09:15:00+05:30,290.8500061035156,291.0,288.8999938964844,289.04998779296875,0
2026-07-02 10:15:00+05:30,289.04998779296875,289.20001220703125,287.79998779296875,288.79998779296875,1918030
2026-07-02 11:15:00+05:30,288.79998779296875,289.20001220703125,288.6499938964844,289.1000061035156,1500214
2026-07-02 12:15:00+05:30,289.04998779296875,290.70001220703125,289.0,290.0,3574971
2026-07-02 13:15:00+05:30,290.1000061035156,290.29998779296875,289.8500061035156,289.95001220703125,1465154
2026-07-02 14:15:00+05:30,290.0,290.20001220703125,289.79998779296875,290.04998779296875,1626636
2026-07-02 15:15:00+05:30,290.04998779296875,290.1000061035156,289.5,289.70001220703125,1099644
2026-07-03 09:15:00+05:30,291.25,291.5,290.29998779296875,291.1000061035156,0
2026-07-03 10:15:00+05:30,291.1000061035156,291.3999938964844,290.3999938964844,290.54998779296875,884953
2026-07-03 11:15:00+05:30,290.70001220703125,291.29998779296875,290.3999938964844,291.1000061035156,478461
2026-07-03 12:15:00+05:30,291.1499938964844,291.20001220703125,289.75,290.29998779296875,2002487
2026-07-03 13:15:00+05:30,290.25,290.3999938964844,289.8500061035156,289.8999938964844,568700
2026-07-03 14:15:00+05:30,289.8999938964844,290.5,289.6499938964844,290.29998779296875,704563
2026-07-03 15:15:00+05:30,290.3500061035156,290.3500061035156,289.45001220703125,290.1000061035156,776755
2026-07-06 09:15:00+05:30,290.0,290.3500061035156,287.70001220703125,288.04998779296875,0
2026-07-06 10:15:00+05:30,288.04998779296875,288.54998779296875,287.8999938964844,288.45001220703125,1700872
2026-07-06 11:15:00+05:30,288.5,289.45001220703125,288.1499938964844,289.29998779296875,4624985
2026-07-06 12:15:00+05:30,289.3999938964844,289.8999938964844,289.20001220703125,289.29998779296875,2233616
2026-07-06 13:15:00+05:30,289.29998779296875,289.45001220703125,288.6000061035156,288.6000061035156,976988
2026-07-06 14:15:00+05:30,288.6000061035156,289.5,288.3999938964844,289.25,1603866
2026-07-06 15:15:00+05:30,289.20001220703125,289.8999938964844,288.25,288.25,13977824
2026-07-07 09:15:00+05:30,289.54998779296875,289.54998779296875,286.54998779296875,288.0,0
2026-07-07 10:15:00+05:30,288.1000061035156,289.1000061035156,287.3999938964844,288.1000061035156,2099139
2026-07-07 11:15:00+05:30,288.1000061035156,288.20001220703125,287.04998779296875,288.0,1738292
2026-07-07 12:15:00+05:30,288.0,288.8999938964844,287.70001220703125,288.45001220703125,2232879
2026-07-07 13:15:00+05:30,288.5,290.5,287.79998779296875,289.8500061035156,4044168
2026-07-07 14:15:00+05:30,290.0,290.0,288.6000061035156,288.6000061035156,4084789
2026-07-07 15:15:00+05:30,288.6499938964844,289.1499938964844,288.1499938964844,288.1499938964844,1250087
2026-07-08 09:15:00+05:30,287.3500061035156,287.79998779296875,281.29998779296875,281.3500061035156,0
2026-07-08 10:15:00+05:30,281.3500061035156,283.8500061035156,281.0,283.79998779296875,2738038
2026-07-08 11:15:00+05:30,283.79998779296875,284.6000061035156,283.0,284.20001220703125,2902672
2026-07-08 12:15:00+05:30,284.25,284.79998779296875,283.5,284.6499938964844,1961895
2026-07-08 13:15:00+05:30,284.70001220703125,285.0,282.04998779296875,282.25,3122137
2026-07-08 14:15:00+05:30,282.25,282.79998779296875,280.1000061035156,280.6000061035156,3688806
2026-07-08 15:15:00+05:30,280.70001220703125,281.3999938964844,280.54998779296875,280.8500061035156,1255153
2026-07-09 09:15:00+05:30,281.25,282.8500061035156,281.0,282.8500061035156,0
2026-07-09 10:15:00+05:30,282.79998779296875,283.75,282.20001220703125,282.54998779296875,2235619
2026-07-09 11:15:00+05:30,282.6000061035156,283.5,282.54998779296875,283.1499938964844,1457857
2026-07-09 12:15:00+05:30,283.1499938964844,283.29998779296875,282.5,283.0,1338544
2026-07-09 13:15:00+05:30,283.1000061035156,283.54998779296875,282.70001220703125,283.45001220703125,1340216
2026-07-09 14:15:00+05:30,283.5,284.3999938964844,281.29998779296875,281.3999938964844,3052658
2026-07-09 15:15:00+05:30,281.5,282.04998779296875,281.1000061035156,281.8500061035156,976642
2026-07-10 09:15:00+05:30,283.04998779296875,283.6000061035156,282.04998779296875,283.1499938964844,0
2026-07-10 10:15:00+05:30,283.20001220703125,283.20001220703125,281.79998779296875,281.95001220703125,1625996
2026-07-10 11:15:00+05:30,281.8999938964844,281.8999938964844,280.8500061035156,281.04998779296875,1504604
2026-07-10 12:15:00+05:30,281.04998779296875,281.54998779296875,281.0,281.45001220703125,1238268
2026-07-10 13:15:00+05:30,281.45001220703125,281.54998779296875,281.1000061035156,281.3500061035156,1147816
2026-07-10 14:15:00+05:30,281.5,282.1499938964844,281.25,281.75,3319751
2026-07-10 15:15:00+05:30,281.70001220703125,281.8999938964844,281.6499938964844,281.79998779296875,1402040
2026-07-13 09:15:00+05:30,280.8999938964844,281.5,279.5,280.5,0
2026-07-13 10:15:00+05:30,280.3999938964844,281.1000061035156,280.3999938964844,280.79998779296875,2172965
2026-07-13 11:15:00+05:30,280.79998779296875,280.79998779296875,279.8500061035156,279.95001220703125,2583301
2026-07-13 12:15:00+05:30,279.95001220703125,280.1499938964844,279.79998779296875,280.1000061035156,2596368
2026-07-13 13:15:00+05:30,280.1000061035156,280.20001220703125,279.70001220703125,280.04998779296875,724973
2026-07-13 14:15:00+05:30,280.1499938964844,280.29998779296875,279.6000061035156,279.6499938964844,1487666
2026-07-13 15:15:00+05:30,279.6499938964844,279.8999938964844,279.54998779296875,279.8999938964844,1041750
2026-07-14 09:15:00+05:30,279.25,280.6000061035156,278.6499938964844,279.3500061035156,0
2026-07-14 10:15:00+05:30,279.29998779296875,279.54998779296875,277.8500061035156,278.0,1304946
2026-07-14 11:15:00+05:30,278.0,278.1499938964844,276.75,276.8999938964844,3135802
2026-07-14 12:15:00+05:30,276.8999938964844,276.8999938964844,276.3999938964844,276.70001220703125,1162955
2026-07-14 13:15:00+05:30,276.70001220703125,277.0,276.1000061035156,276.3500061035156,1375836
2026-07-14 14:15:00+05:30,276.3500061035156,276.3500061035156,275.1499938964844,275.25,5319333
2026-07-14 15:15:00+05:30,275.25,275.45001220703125,275.04998779296875,275.29998779296875,1420536
2026-07-15 09:15:00+05:30,276.6000061035156,277.70001220703125,275.70001220703125,277.54998779296875,2175077
2026-07-15 10:15:00+05:30,277.54998779296875,277.70001220703125,277.04998779296875,277.20001220703125,660705
2026-07-15 11:15:00+05:30,277.1499938964844,277.3999938964844,276.70001220703125,277.3500061035156,653145
2026-07-15 12:15:00+05:30,277.20001220703125,277.29998779296875,275.29998779296875,275.70001220703125,801999
2026-07-15 13:15:00+05:30,275.79998779296875,276.8999938964844,275.75,276.70001220703125,1822829
2026-07-15 14:15:00+05:30,276.6000061035156,277.3500061035156,276.3500061035156,276.3500061035156,1698162
2026-07-15 15:15:00+05:30,276.6000061035156,276.75,276.25,276.6499938964844,0
2026-07-16 09:15:00+05:30,277.0,278.5,276.1000061035156,278.1499938964844,3409027
2026-07-16 10:15:00+05:30,278.1499938964844,278.3500061035156,277.6499938964844,278.0,813091
2026-07-16 11:15:00+05:30,278.1499938964844,278.6499938964844,277.79998779296875,278.1499938964844,1022742
2026-07-16 12:15:00+05:30,278.1499938964844,280.3999938964844,278.04998779296875,280.0,2697411
2026-07-16 13:15:00+05:30,280.1000061035156,280.1499938964844,279.0,279.8999938964844,1553836
2026-07-16 14:15:00+05:30,279.79998779296875,279.8999938964844,279.04998779296875,279.29998779296875,941187
2026-07-16 15:15:00+05:30,279.25,279.8999938964844,279.04998779296875,279.8999938964844,776539
2026-07-17 09:15:00+05:30,279.45001220703125,280.70001220703125,277.95001220703125,280.1499938964844,0
2026-07-17 10:15:00+05:30,280.1499938964844,281.0,279.6000061035156,279.79998779296875,1193485
2026-07-17 11:15:00+05:30,279.95001220703125,280.04998779296875,279.25,279.5,2781590
2026-07-17 12:15:00+05:30,279.5,281.75,279.3500061035156,281.1000061035156,4574902
2026-07-17 13:15:00+05:30,281.1000061035156,281.25,280.5,281.20001220703125,1149341
2026-07-17 14:15:00+05:30,281.04998779296875,281.95001220703125,280.75,280.8500061035156,1944511
2026-07-17 15:15:00+05:30,280.8999938964844,280.8999938964844,280.3500061035156,280.70001220703125,967991
2026-07-20 09:15:00+05:30,280.6499938964844,281.25,279.8500061035156,280.3500061035156,0
2026-07-20 10:15:00+05:30,280.5,283.70001220703125,280.3500061035156,283.29998779296875,2018054
2026-07-20 11:15:00+05:30,283.3500061035156,283.3500061035156,282.1000061035156,282.75,1325245
2026-07-20 12:15:00+05:30,282.70001220703125,283.20001220703125,282.70001220703125,283.0,1407520
2026-07-20 13:15:00+05:30,282.95001220703125,283.20001220703125,282.20001220703125,282.29998779296875,800952
2026-07-20 14:15:00+05:30,282.29998779296875,282.79998779296875,281.8500061035156,282.6000061035156,1074730
2026-07-20 15:15:00+05:30,282.75,283.0,282.45001220703125,282.95001220703125,665310
2026-07-21 09:15:00+05:30,282.29998779296875,283.8999938964844,282.29998779296875,283.0,0
2026-07-21 10:15:00+05:30,283.1000061035156,283.3500061035156,282.20001220703125,282.3500061035156,587842
2026-07-21 11:15:00+05:30,282.3999938964844,282.3999938964844,280.95001220703125,281.20001220703125,1039988
2026-07-21 12:15:00+05:30,281.20001220703125,281.25,279.6000061035156,279.79998779296875,1765432
2026-07-21 13:15:00+05:30,279.79998779296875,280.0,279.20001220703125,279.25,1180278
2026-07-21 14:15:00+05:30,279.29998779296875,281.04998779296875,278.95001220703125,281.0,2951764
2026-07-21 15:15:00+05:30,280.8999938964844,281.45001220703125,280.79998779296875,281.1000061035156,1018742
2026-07-22 09:15:00+05:30,280.6499938964844,281.0,278.70001220703125,278.95001220703125,0
2026-07-22 10:15:00+05:30,278.95001220703125,279.45001220703125,278.5,279.3500061035156,1204564
2026-07-22 11:15:00+05:30,279.3999938964844,280.6000061035156,279.04998779296875,280.1000061035156,3841560
2026-07-22 12:15:00+05:30,280.20001220703125,281.5,280.1000061035156,281.3500061035156,1180360
2026-07-22 13:15:00+05:30,281.3999938964844,282.20001220703125,280.3500061035156,280.6000061035156,2592766
2026-07-22 14:15:00+05:30,280.54998779296875,281.3500061035156,280.3999938964844,280.79998779296875,2115913
2026-07-22 15:15:00+05:30,280.75,281.79998779296875,280.6000061035156,281.79998779296875,712693
2026-07-23 09:15:00+05:30,279.8999938964844,281.29998779296875,279.79998779296875,280.3999938964844,0
2026-07-23 10:15:00+05:30,280.3999938964844,282.75,280.1000061035156,282.20001220703125,2759874
2026-07-23 11:15:00+05:30,282.20001220703125,283.79998779296875,281.79998779296875,283.25,3718042
2026-07-23 12:15:00+05:30,283.25,283.3999938964844,279.8500061035156,280.8500061035156,4545727
2026-07-23 13:15:00+05:30,280.8500061035156,281.8500061035156,279.95001220703125,281.1499938964844,4440373
2026-07-23 14:15:00+05:30,281.20001220703125,281.8999938964844,280.45001220703125,281.3999938964844,3282141
2026-07-23 15:15:00+05:30,281.45001220703125,281.95001220703125,281.3500061035156,281.54998779296875,1215158
2026-07-24 09:15:00+05:30,279.70001220703125,281.6000061035156,279.6499938964844,280.70001220703125,0
2026-07-24 10:15:00+05:30,280.70001220703125,282.79998779296875,280.6000061035156,282.25,5146341
2026-07-24 11:15:00+05:30,282.25,284.25,282.04998779296875,283.95001220703125,5107540
2026-07-24 12:15:00+05:30,283.95001220703125,284.8500061035156,283.20001220703125,283.75,5866334
2026-07-24 13:15:00+05:30,283.6499938964844,284.75,283.5,284.1000061035156,1391964
2026-07-24 14:15:00+05:30,284.25,284.5,282.95001220703125,283.3500061035156,3731338
2026-07-24 15:15:00+05:30,283.3999938964844,284.0,283.3500061035156,284.0,1113711
2026-07-27 09:15:00+05:30,287.20001220703125,287.70001220703125,286.0,287.29998779296875,0
2026-07-27 10:15:00+05:30,287.20001220703125,287.3999938964844,286.5,286.6499938964844,1396170
2026-07-27 11:15:00+05:30,286.70001220703125,287.25,286.1000061035156,286.79998779296875,4551234
2026-07-27 12:15:00+05:30,286.79998779296875,286.79998779296875,286.29998779296875,286.6499938964844,1962716
2026-07-27 13:15:00+05:30,286.70001220703125,286.79998779296875,286.3500061035156,286.70001220703125,529976
2026-07-27 14:15:00+05:30,286.70001220703125,286.70001220703125,285.8500061035156,286.1000061035156,2645322
2026-07-27 15:15:00+05:30,286.0,286.1000061035156,285.54998779296875,285.6000061035156,1424605
