Date,Open,High,Low,Close,Volume
1996-01-01 00:00:00+05:30,5.344179153442383,5.392324924468994,5.328131198883057,5.376276016235352,1023454
1996-01-02 00:00:00+05:30,5.2639360427856445,5.360228061676025,5.0927510261535645,5.172994136810303,7757692
1996-01-03 00:00:00+05:30,4.94296407699585,5.059584140777588,4.911937236785889,5.007159233093262,15744376
1996-01-04 00:00:00+05:30,5.007159233093262,5.1344780921936035,4.953662872314453,5.101309776306152,12874964
1996-01-05 00:00:00+05:30,5.101309776306152,5.082052230834961,4.9964599609375,5.009298801422119,5201392
1996-01-08 00:00:00+05:30,5.009298801422119,5.044604778289795,4.82527494430542,4.855231761932373,13131996
1996-01-09 00:00:00+05:30,4.855231761932373,4.919425964355469,4.798526763916016,4.842392921447754,9313903
1996-01-10 00:00:00+05:30,4.842392921447754,4.921566009521484,4.793178081512451,4.826344966888428,3103076
1996-01-11 00:00:00+05:30,4.826344966888428,4.856301784515381,4.803876876831055,4.852022171020508,2313287
1996-01-12 00:00:00+05:30,4.852022171020508,4.94296407699585,4.835974216461182,4.900167942047119,4991093
1996-01-15 00:00:00+05:30,4.900167942047119,4.921566009521484,4.841322898864746,4.847743034362793,2098315
1996-01-16 00:00:00+05:30,4.847743034362793,4.879839897155762,4.814576148986816,4.832764148712158,3201216
1996-01-17 00:00:00+05:30,4.832764148712158,4.857371807098389,4.816716194152832,4.83169412612915,3196543
1996-01-18 00:00:00+05:30,4.83169412612915,4.812436103820801,4.707584857940674,4.7717790603637695,5346264
1996-01-19 00:00:00+05:30,4.7717790603637695,4.7824788093566895,4.456157207489014,4.565288066864014,16749137
1996-01-22 00:00:00+05:30,4.565288066864014,4.59845495223999,4.473276138305664,4.53318977355957,4098491
1996-01-23 00:00:00+05:30,4.53318977355957,4.571706771850586,4.215427875518799,4.252874851226807,8253062
1996-01-24 00:00:00+05:30,4.252874851226807,4.31171989440918,3.996098041534424,4.068850994110107,16370599
1996-01-25 00:00:00+05:30,4.068850994110107,4.0656418800354,3.9907479286193848,4.027124881744385,8454015
1996-01-26 00:00:00+05:30,4.027124881744385,4.027124881744385,4.027124881744385,4.027124881744385,0
1996-01-29 00:00:00+05:30,4.027124881744385,4.338468074798584,4.013216018676758,4.252874851226807,10010226
1996-01-30 00:00:00+05:30,4.252874851226807,4.6423211097717285,4.27534294128418,4.518211841583252,16272460
1996-01-31 00:00:00+05:30,4.518211841583252,4.477554798126221,4.294600963592529,4.3491668701171875,9968167
1996-02-01 00:00:00+05:30,4.3491668701171875,4.686186790466309,4.35451602935791,4.6198530197143555,13057223
1996-02-02 00:00:00+05:30,4.706514835357666,5.242537975311279,4.664789199829102,5.149456024169922,29264257
1996-02-05 00:00:00+05:30,5.149456024169922,5.670499801635742,5.156946182250977,5.412652969360352,19599855
1996-02-06 00:00:00+05:30,5.520713806152344,5.562439918518066,5.211511135101318,5.361298084259033,14655495
1996-02-07 00:00:00+05:30,5.28533411026001,5.392324924468994,5.1376872062683105,5.282124996185303,14505949
1996-02-08 00:00:00+05:30,5.349528789520264,5.837406158447266,5.28533411026001,5.837406158447266,22801072
1996-02-09 00:00:00+05:30,5.837406158447266,6.159447193145752,5.843824863433838,6.029988765716553,12650646
1996-02-12 00:00:00+05:30,6.109161853790283,6.109161853790283,5.777491092681885,5.8406147956848145,14991973
1996-02-13 00:00:00+05:30,5.8406147956848145,6.055665969848633,5.777491092681885,5.979702949523926,12169295
1996-02-14 00:00:00+05:30,6.0770649909973145,6.344541072845459,6.0770649909973145,6.165866851806641,9968167
1996-02-15 00:00:00+05:30,6.165866851806641,6.398036003112793,6.09846305847168,6.226850986480713,17576313
1996-02-16 00:00:00+05:30,6.0770649909973145,6.2482500076293945,5.9272780418396,6.041758060455322,13356315
1996-02-19 00:00:00+05:30,6.04282808303833,6.151957988739014,6.034267902374268,6.039618015289307,6140727
1996-02-20 00:00:00+05:30,6.09846305847168,6.09846305847168,5.649102210998535,5.774281024932861,10201832
1996-02-21 00:00:00+05:30,5.774281024932861,5.774281024932861,5.774281024932861,5.774281024932861,0
1996-02-22 00:00:00+05:30,5.774281024932861,5.9904022216796875,5.900529861450195,5.915509223937988,3355435
1996-02-23 00:00:00+05:30,5.915509223937988,5.9272780418396,5.758233070373535,5.839546203613281,3290009
1996-02-26 00:00:00+05:30,5.839546203613281,5.991471767425537,5.7796311378479,5.853454113006592,4392909
1996-02-27 00:00:00+05:30,5.853454113006592,5.916578769683838,5.79888916015625,5.83526611328125,4603208
1996-02-28 00:00:00+05:30,5.83526611328125,5.988262176513672,5.777491092681885,5.802099227905273,3341415
1996-02-29 00:00:00+05:30,5.802099227905273,5.777491092681885,5.3505988121032715,5.436191082000732,8482054
1996-03-01 00:00:00+05:30,5.436191082000732,5.5849080085754395,5.395534992218018,5.52927303314209,7145488
1996-03-04 00:00:00+05:30,5.52927303314209,5.617004871368408,5.477917194366455,5.551741123199463,6318313
1996-03-05 00:00:00+05:30,5.551741123199463,5.551741123199463,5.551741123199463,5.551741123199463,0
1996-03-06 00:00:00+05:30,5.551741123199463,5.56564998626709,5.435121059417725,5.545320987701416,4112511
1996-03-07 00:00:00+05:30,5.545320987701416,5.606306076049805,5.446889877319336,5.475778102874756,4621902
1996-03-08 00:00:00+05:30,5.475778102874756,5.413722991943359,5.306732177734375,5.395534992218018,5682743
1996-03-11 00:00:00+05:30,5.395534992218018,5.3677167892456055,5.200811862945557,5.247888088226318,4832200
1996-03-12 00:00:00+05:30,5.247888088226318,5.242537975311279,5.072422981262207,5.095961093902588,4276077
1996-03-13 00:00:00+05:30,5.095961093902588,5.520713806152344,5.116289138793945,5.50038480758667,9285863
1996-03-14 00:00:00+05:30,5.520713806152344,5.649102210998535,5.414793014526367,5.464008808135986,13019837
1996-03-15 00:00:00+05:30,5.464008808135986,5.499314785003662,5.381626129150391,5.398744106292725,14347057
1996-03-18 00:00:00+05:30,5.11414909362793,5.1740641593933105,4.975061893463135,5.021068096160889,17903444
1996-03-19 00:00:00+05:30,4.964363098144531,5.11414909362793,4.818854808807373,4.900167942047119,16001408
1996-03-20 00:00:00+05:30,4.900167942047119,4.900167942047119,4.900167942047119,4.900167942047119,0
1996-03-21 00:00:00+05:30,4.94296407699585,5.146246910095215,4.94296407699585,5.038186073303223,11290713
1996-03-22 00:00:00+05:30,5.038186073303223,5.007159233093262,4.621993064880371,4.75252103805542,22702932
1996-03-25 00:00:00+05:30,4.600594997406006,4.600594997406006,4.301021099090576,4.431549072265625,57836865
1996-03-26 00:00:00+05:30,4.3491668701171875,4.686186790466309,4.344886779785156,4.574916839599609,36035881
1996-03-27 00:00:00+05:30,4.536399841308594,4.691536903381348,4.536399841308594,4.639111042022705,27810858
1996-03-28 00:00:00+05:30,4.751451015472412,4.900167942047119,4.750380992889404,4.881979942321777,34297411
1996-03-29 00:00:00+05:30,4.900167942047119,4.94296407699585,4.731122970581055,4.7910380363464355,24044172
1996-04-01 00:00:00+05:30,4.789968013763428,4.900167942047119,4.789968013763428,4.857371807098389,12599239
1996-04-02 00:00:00+05:30,4.857371807098389,5.11414909362793,4.846673011779785,5.027486801147461,34236658
1996-04-03 00:00:00+05:30,5.027486801147461,5.221139907836914,4.988969802856445,5.0253472328186035,16870643
1996-04-04 00:00:00+05:30,4.965432167053223,5.16764497756958,4.922636032104492,5.153736114501953,44302964
1996-04-05 00:00:00+05:30,5.153736114501953,5.153736114501953,5.153736114501953,5.153736114501953,0
1996-04-08 00:00:00+05:30,5.251097202301025,5.428701877593994,5.199741840362549,5.392324924468994,50901676
1996-04-09 00:00:00+05:30,5.392324924468994,5.617004871368408,5.3730669021606445,5.486476898193359,50196006
1996-04-10 00:00:00+05:30,5.419073104858398,5.515364170074463,5.265006065368652,5.327061176300049,44008546
1996-04-11 00:00:00+05:30,5.242537975311279,5.32919979095459,5.206161022186279,5.279984951019287,34788108
1996-04-12 00:00:00+05:30,5.265006065368652,5.333479881286621,5.244678020477295,5.322781085968018,19151218
1996-04-15 00:00:00+05:30,5.322781085968018,5.424421787261963,5.306732177734375,5.328131198883057,23558148
1996-04-16 00:00:00+05:30,5.328131198883057,5.539971828460693,5.327061176300049,5.442609786987305,35619957
1996-04-17 00:00:00+05:30,5.604166030883789,5.7432541847229,5.564579963684082,5.711156845092773,34923634
1996-04-18 00:00:00+05:30,5.901599884033203,5.991471767425537,5.843824863433838,5.888761043548584,39381970
1996-04-19 00:00:00+05:30,5.888761043548584,5.9679341316223145,5.830986022949219,5.857734203338623,27338854
1996-04-22 00:00:00+05:30,5.8630828857421875,5.880201816558838,5.670499801635742,5.713296890258789,36405073
1996-04-23 00:00:00+05:30,5.638402938842773,5.851314067840576,5.62770414352417,5.803168773651123,36306933
1996-04-24 00:00:00+05:30,5.803168773651123,6.055665969848633,5.937976837158203,6.027849197387695,24586276
1996-04-25 00:00:00+05:30,6.034267902374268,6.034267902374268,5.691898822784424,5.763582229614258,24581602
1996-04-26 00:00:00+05:30,5.820287227630615,5.97007417678833,5.757163047790527,5.857734203338623,21352346
1996-04-29 00:00:00+05:30,5.857734203338623,5.916578769683838,5.715435981750488,5.887691020965576,17875405
1996-04-30 00:00:00+05:30,5.887691020965576,5.895181179046631,5.777491092681885,5.828845977783203,13893746
1996-05-01 00:00:00+05:30,5.828845977783203,5.948676109313965,5.852384090423584,5.911229133605957,6164093
1996-05-02 00:00:00+05:30,5.911229133605957,5.925137996673584,5.782841205596924,5.908019065856934,19912967
1996-05-03 00:00:00+05:30,5.886620998382568,5.980772972106934,5.834196090698242,5.856664180755615,25343351
1996-05-06 00:00:00+05:30,5.766791820526123,5.777491092681885,5.610586166381836,5.6244940757751465,21221493
1996-05-07 00:00:00+05:30,5.6244940757751465,5.691898822784424,5.567789077758789,5.645893096923828,10220525
1996-05-08 00:00:00+05:30,5.645893096923828,5.772140979766846,5.404094219207764,5.717576026916504,29797014
1996-05-09 00:00:00+05:30,5.659801006317139,5.731484889984131,5.597746849060059,5.6212849617004395,15244332
1996-05-10 00:00:00+05:30,5.6212849617004395,5.689758777618408,5.50038480758667,5.653381824493408,20875669
1996-05-13 00:00:00+05:30,5.777491092681885,5.980772972106934,5.735764980316162,5.920857906341553,32811298
1996-05-14 00:00:00+05:30,5.905879974365234,6.291046142578125,5.889831066131592,6.232201099395752,68622862
1996-05-15 00:00:00+05:30,6.205452919006348,6.226850986480713,5.944396018981934,6.1754961013793945,52242915
1996-05-16 00:00:00+05:30,6.226850986480713,6.3327717781066895,6.151957988739014,6.197964191436768,34465650
1996-05-17 00:00:00+05:30,6.197964191436768,6.197964191436768,6.079204082489014,6.110231876373291,22329068
1996-05-20 00:00:00+05:30,5.948676109313965,5.980772972106934,5.7796311378479,5.797819137573242,19151218
1996-05-21 00:00:00+05:30,5.734694957733154,5.829916000366211,5.639472961425781,5.692967891693115,37293001
1996-05-22 00:00:00+05:30,5.775351047515869,5.884481906890869,5.775351047515869,5.805308818817139,21702844
1996-05-23 00:00:00+05:30,5.841684818267822,5.872713088989258,5.729344844818115,5.758233070373535,21693498
1996-05-24 00:00:00+05:30,5.79888916015625,5.8823418617248535,5.777491092681885,5.837406158447266,22544040
1996-05-27 00:00:00+05:30,5.79888916015625,5.817077159881592,5.670499801635742,5.685479164123535,22973984
1996-05-28 00:00:00+05:30,5.606306076049805,5.730414867401123,5.564579963684082,5.670499801635742,27838898
1996-05-29 00:00:00+05:30,5.79888916015625,6.002171039581299,5.782841205596924,5.924067974090576,19936334
1996-05-30 00:00:00+05:30,5.924067974090576,5.986123085021973,5.829916000366211,5.850244998931885,16636978
1996-05-31 00:00:00+05:30,5.850244998931885,5.884481906890869,5.830986022949219,5.866292953491211,6963229
1996-06-03 00:00:00+05:30,5.884481906890869,6.075994968414307,5.884481906890869,6.051386833190918,19955027
1996-06-04 00:00:00+05:30,6.0770649909973145,6.129489898681641,5.905879974365234,5.943325996398926,17454807
1996-06-05 00:00:00+05:30,5.959374904632568,5.969004154205322,5.8630828857421875,5.941186904907227,11781410
1996-06-06 00:00:00+05:30,6.044967174530029,6.173356056213379,6.034267902374268,6.1220011711120605,30194246
1996-06-07 00:00:00+05:30,6.078135013580322,6.3017449378967285,6.078135013580322,6.281416893005371,76128195
1996-06-10 00:00:00+05:30,6.328492164611816,6.328492164611816,6.217222213745117,6.271787166595459,35358252
1996-06-11 00:00:00+05:30,6.22150182723999,6.4996771812438965,6.22150182723999,6.407666206359863,63178457
1996-06-12 00:00:00+05:30,6.515726089477539,6.652674198150635,6.505026817321777,6.5831298828125,62164349
1996-06-13 00:00:00+05:30,6.56387186050415,6.724358081817627,6.56387186050415,6.704029083251953,99490064
1996-06-14 00:00:00+05:30,6.728637218475342,7.02393102645874,6.728637218475342,6.997183799743652,186521088
1996-06-17 00:00:00+05:30,6.949038028717041,6.997183799743652,6.61201810836792,6.659092903137207,186740734
1996-06-18 00:00:00+05:30,6.590619087219238,6.740406036376953,6.0631561279296875,6.548892974853516,256344991
1996-06-19 00:00:00+05:30,6.398036003112793,6.419434070587158,6.166936874389648,6.215082168579102,165766925
1996-06-20 00:00:00+05:30,6.132699966430664,6.5103759765625,6.132699966430664,6.44083309173584,163065753
1996-06-21 00:00:00+05:30,6.376637935638428,6.665513038635254,6.376637935638428,6.567080974578857,290735868
1996-06-24 00:00:00+05:30,6.633416175842285,6.932989120483398,6.633416175842285,6.888052940368652,339212097
1996-06-25 00:00:00+05:30,6.954387187957764,7.061378002166748,6.768223762512207,6.835628032684326,440529425
1996-06-26 00:00:00+05:30,6.825998783111572,6.858096122741699,6.68156099319458,6.714727878570557,210677420
1996-06-27 00:00:00+05:30,6.676211833953857,6.804601192474365,6.61201810836792,6.76608419418335,236759155
1996-06-28 00:00:00+05:30,6.804601192474365,6.842047214508057,6.6847710609436035,6.71151876449585,136203576
1996-07-01 00:00:00+05:30,6.656953811645508,6.686911106109619,6.507166862487793,6.552103042602539,188577344
1996-07-02 00:00:00+05:30,6.547822952270508,6.606667995452881,6.426924228668213,6.468649864196777,198339886
1996-07-03 00:00:00+05:30,6.48362922668457,6.48362922668457,6.31244421005249,6.396965980529785,221472763
1996-07-04 00:00:00+05:30,6.344541072845459,6.4825592041015625,6.250389099121094,6.381988048553467,211962580
1996-07-05 00:00:00+05:30,6.456881046295166,6.622716903686523,6.4312028884887695,6.560661792755127,312719111
1996-07-08 00:00:00+05:30,6.632346153259277,6.954387187957764,6.515726089477539,6.5585222244262695,134044507
1996-07-09 00:00:00+05:30,6.509306907653809,6.556382179260254,6.207592964172363,6.447251796722412,131562980
1996-07-10 00:00:00+05:30,6.633416175842285,6.654813766479492,6.485768795013428,6.6088080406188965,197419244
1996-07-11 00:00:00+05:30,6.629136085510254,6.804601192474365,6.629136085510254,6.7382659912109375,277622564
1996-07-12 00:00:00+05:30,6.719007968902588,6.7939019203186035,6.676211833953857,6.71151876449585,202494457
1996-07-15 00:00:00+05:30,6.678351879119873,6.740406036376953,6.623785972595215,6.714727878570557,168650357
1996-07-16 00:00:00+05:30,6.740406036376953,6.759665012359619,6.601317882537842,6.636624813079834,136273675
1996-07-17 00:00:00+05:30,6.68156099319458,6.761804103851318,6.6451849937438965,6.708309173583984,149877676
1996-07-18 00:00:00+05:30,6.7350568771362305,6.858096122741699,6.716867923736572,6.776782989501953,190675660
1996-07-19 00:00:00+05:30,6.803531169891357,6.836698055267334,6.686911106109619,6.725428104400635,88381610
1996-07-22 00:00:00+05:30,6.653744220733643,6.845256805419922,6.571361064910889,6.709379196166992,114552137
1996-07-23 00:00:00+05:30,6.756454944610596,6.7939019203186035,6.654813766479492,6.6847710609436035,132189204
1996-07-24 00:00:00+05:30,6.670862197875977,6.708309173583984,6.480419158935547,6.598108768463135,216785434
1996-07-25 00:00:00+05:30,6.579919815063477,6.653744220733643,6.569221019744873,6.585269927978516,84306485
1996-07-26 00:00:00+05:30,6.620576858520508,6.623785972595215,6.468649864196777,6.522144794464111,149573911
1996-07-29 00:00:00+05:30,6.537124156951904,6.574571132659912,6.267508029937744,6.295324802398682,264658806
1996-07-30 00:00:00+05:30,6.250389099121094,6.250389099121094,5.97756290435791,6.093112945556641,385697497
1996-07-31 00:00:00+05:30,6.14125919342041,6.537124156951904,6.039618015289307,6.470789909362793,527027692
1996-08-01 00:00:00+05:30,6.585269927978516,6.756454944610596,6.48362922668457,6.524284839630127,528798876
1996-08-02 00:00:00+05:30,6.505026817321777,6.601317882537842,6.357379913330078,6.512516021728516,461461174
1996-08-05 00:00:00+05:30,6.579919815063477,6.676211833953857,6.549962997436523,6.578849792480469,316700770
1996-08-06 00:00:00+05:30,6.579919815063477,6.740406036376953,6.390546798706055,6.549962997436523,391585865
1996-08-07 00:00:00+05:30,6.505026817321777,6.559591770172119,6.465439796447754,6.533914089202881,94900875
1996-08-08 00:00:00+05:30,6.564941883087158,6.564941883087158,6.3777079582214355,6.4065961837768555,97003864
1996-08-09 00:00:00+05:30,6.398036003112793,6.481489181518555,6.339191913604736,6.456881046295166,131100323
1996-08-12 00:00:00+05:30,6.498607158660889,6.586339950561523,6.4675798416137695,6.525354862213135,147372783
1996-08-13 00:00:00+05:30,6.506096839904785,6.654813766479492,6.4996771812438965,6.601317882537842,134595958
1996-08-14 00:00:00+05:30,6.540334224700928,6.553173065185547,6.472929954528809,6.500747203826904,78754594
1996-08-15 00:00:00+05:30,6.500747203826904,6.500747203826904,6.500747203826904,6.500747203826904,0
1996-08-16 00:00:00+05:30,6.488977909088135,6.533914089202881,6.385197162628174,6.418365001678467,123552930
1996-08-19 00:00:00+05:30,6.3552398681640625,6.3552398681640625,6.046037197113037,6.073854923248291,217874315
1996-08-20 00:00:00+05:30,6.044967174530029,6.200104236602783,6.039618015289307,6.110231876373291,144508045
1996-08-21 00:00:00+05:30,6.162656784057617,6.216152191162109,6.125209808349609,6.186194896697998,90321033
1996-08-22 00:00:00+05:30,6.217222213745117,6.2482500076293945,6.071714878082275,6.090972900390625,91377201
1996-08-23 00:00:00+05:30,6.057806015014648,6.17763614654541,6.039618015289307,6.151957988739014,73141951
1996-08-26 00:00:00+05:30,6.182984828948975,6.182984828948975,6.010729789733887,6.0267791748046875,103289464
1996-08-27 00:00:00+05:30,6.018219947814941,6.173356056213379,5.93369722366333,6.087763786315918,208541718
1996-08-28 00:00:00+05:30,6.14125919342041,6.200104236602783,6.0770649909973145,6.150887966156006,74543943
1996-08-29 00:00:00+05:30,6.162656784057617,6.264297962188721,6.136979103088379,6.174426078796387,115645692
1996-08-30 00:00:00+05:30,6.173356056213379,6.21401309967041,6.138049125671387,6.201173782348633,63299963
1996-09-02 00:00:00+05:30,6.237549781799316,6.4140849113464355,6.210803031921387,6.349891185760498,149101907
1996-09-03 00:00:00+05:30,6.418365001678467,6.459021091461182,6.26964807510376,6.371288776397705,186708021
1996-09-04 00:00:00+05:30,6.26964807510376,6.333841800689697,6.23327112197876,6.3156538009643555,82553994
1996-09-05 00:00:00+05:30,6.349891185760498,6.402316093444824,6.31244421005249,6.388407230377197,71959604
1996-09-06 00:00:00+05:30,6.395896911621094,6.472929954528809,6.3381218910217285,6.425854206085205,148461664
1996-09-09 00:00:00+05:30,6.4237141609191895,6.4237141609191895,6.324213027954102,6.339191913604736,120594725
1996-09-10 00:00:00+05:30,6.333841800689697,6.344541072845459,6.258948802947998,6.3188629150390625,116435481
1996-09-11 00:00:00+05:30,6.307094097137451,6.333841800689697,6.130559921264648,6.145538806915283,133689336
1996-09-12 00:00:00+05:30,6.16051721572876,6.1754961013793945,6.078135013580322,6.149817943572998,125006329
1996-09-13 00:00:00+05:30,6.184054851531982,6.205452919006348,6.0995330810546875,6.114511013031006,86474900
1996-09-16 00:00:00+05:30,6.09846305847168,6.103812217712402,5.976492881774902,6.005381107330322,153840642
1996-09-17 00:00:00+05:30,5.993611812591553,6.34882116317749,5.991471767425537,6.187264919281006,105485919
1996-09-18 00:00:00+05:30,6.2482500076293945,6.501817226409912,6.135909080505371,6.434412956237793,163991068
1996-09-19 00:00:00+05:30,6.419434070587158,6.470789909362793,6.238619804382324,6.266438007354736,204513326
1996-09-20 00:00:00+05:30,6.26964807510376,6.362729072570801,6.249319076538086,6.2963948249816895,100490152
1996-09-23 00:00:00+05:30,6.26964807510376,6.31244421005249,6.238619804382324,6.284626007080078,80871603
1996-09-24 00:00:00+05:30,6.311374187469482,6.494328022003174,6.310304164886475,6.434412956237793,257415178
1996-09-25 00:00:00+05:30,6.461161136627197,6.534984111785889,6.380918025970459,6.4065961837768555,161112310
1996-09-26 00:00:00+05:30,6.419434070587158,6.419434070587158,6.3017449378967285,6.354169845581055,117972999
1996-09-27 00:00:00+05:30,6.3552398681640625,6.433342933654785,6.281416893005371,6.363799095153809,194297474
1996-09-30 00:00:00+05:30,6.376637935638428,6.502886772155762,6.3552398681640625,6.4825592041015625,170729979
1996-10-01 00:00:00+05:30,6.5039567947387695,6.922289848327637,6.463301181793213,6.553173065185547,250180897
1996-10-02 00:00:00+05:30,6.553173065185547,6.553173065185547,6.553173065185547,6.553173065185547,0
1996-10-03 00:00:00+05:30,6.547822952270508,6.708309173583984,6.526424884796143,6.680490970611572,315065112
1996-10-04 00:00:00+05:30,6.697609901428223,6.750034809112549,6.515726089477539,6.601317882537842,347586666
1996-10-07 00:00:00+05:30,6.580989837646484,6.590619087219238,6.316723823547363,6.4868388175964355,360223292
1996-10-08 00:00:00+05:30,6.463301181793213,6.868794918060303,6.409804821014404,6.775712966918945,458362770
1996-10-09 00:00:00+05:30,6.654813766479492,6.729706764221191,6.579919815063477,6.647324085235596,202858975
1996-10-10 00:00:00+05:30,6.651604175567627,6.932989120483398,6.635554790496826,6.904101848602295,338497081
1996-10-11 00:00:00+05:30,6.9522480964660645,7.044259071350098,6.9008917808532715,6.943687915802002,355437824
1996-10-14 00:00:00+05:30,6.907311916351318,6.907311916351318,6.761804103851318,6.82706880569458,201185930
1996-10-15 00:00:00+05:30,6.80246114730835,6.993974208831787,6.528564929962158,6.815299987792969,395675010
1996-10-16 00:00:00+05:30,6.661232948303223,7.039979934692383,6.607738018035889,6.649464130401611,272477252
1996-10-17 00:00:00+05:30,6.623785972595215,6.623785972595215,6.400176048278809,6.516796112060547,360709316
1996-10-18 00:00:00+05:30,6.537124156951904,6.568150997161865,6.451531887054443,6.477209091186523,201120504
1996-10-21 00:00:00+05:30,6.477209091186523,6.477209091186523,6.477209091186523,6.477209091186523,0
1996-10-22 00:00:00+05:30,6.505026817321777,6.676211833953857,6.48469877243042,6.5724310874938965,228833224
1996-10-23 00:00:00+05:30,6.719007968902588,6.888052940368652,6.719007968902588,6.8431172370910645,162906861
1996-10-24 00:00:00+05:30,6.890192985534668,6.910521030426025,6.618436813354492,6.665513038635254,158499931
1996-10-25 00:00:00+05:30,6.636624813079834,6.7382659912109375,6.623785972595215,6.712588787078857,86745952
1996-10-28 00:00:00+05:30,6.772502899169922,6.868794918060303,6.751104831695557,6.783202171325684,133390244
1996-10-29 00:00:00+05:30,6.783202171325684,7.039979934692383,6.756454944610596,6.9158711433410645,223253293
1996-10-30 00:00:00+05:30,6.9158711433410645,6.9158711433410645,6.9158711433410645,6.9158711433410645,0
1996-10-31 00:00:00+05:30,6.580989837646484,6.580989837646484,6.226850986480713,6.442972183227539,400824996
1996-11-01 00:00:00+05:30,6.40445613861084,6.5585222244262695,6.36807918548584,6.42906379699707,371971990
1996-11-04 00:00:00+05:30,6.360589981079102,6.360589981079102,6.173356056213379,6.22150182723999,301232119
1996-11-05 00:00:00+05:30,6.18512487411499,6.27713680267334,5.786049842834473,5.87913179397583,470172221
1996-11-06 00:00:00+05:30,5.670499801635742,5.675849914550781,5.468287944793701,5.468287944793701,228277100
1996-11-07 00:00:00+05:30,5.143036842346191,5.360228061676025,5.093821048736572,5.311011791229248,453923127
1996-11-08 00:00:00+05:30,5.363437175750732,5.515364170074463,5.339899063110352,5.489686012268066,302793004
1996-11-11 00:00:00+05:30,5.413722991943359,5.796749114990234,5.3505988121032715,5.533552169799805,299605807
1996-11-12 00:00:00+05:30,5.533552169799805,5.533552169799805,5.533552169799805,5.533552169799805,0
1996-11-13 00:00:00+05:30,5.539971828460693,5.79888916015625,5.48112678527832,5.755023002624512,369382977
1996-11-14 00:00:00+05:30,5.744324207305908,5.795679092407227,5.585978031158447,5.619144916534424,373701114
1996-11-15 00:00:00+05:30,5.617004871368408,5.7025980949401855,5.5314130783081055,5.673709869384766,291567717
1996-11-18 00:00:00+05:30,5.691898822784424,6.071714878082275,5.594536781311035,6.059946060180664,605716861
1996-11-19 00:00:00+05:30,6.066366195678711,6.419434070587158,5.974353790283203,6.1166510581970215,596622602
1996-11-20 00:00:00+05:30,6.037477970123291,6.075994968414307,5.791399955749512,5.814938068389893,477200877
1996-11-21 00:00:00+05:30,5.84275484085083,5.966864109039307,5.795679092407227,5.87913179397583,493506050
1996-11-22 00:00:00+05:30,5.862013816833496,5.922997951507568,5.830986022949219,5.865222930908203,325762315
1996-11-25 00:00:00+05:30,5.847034931182861,5.991471767425537,5.611656188964844,5.862013816833496,427719887
1996-11-26 00:00:00+05:30,5.991471767425537,6.26964807510376,5.884481906890869,6.123071193695068,578153687
1996-11-27 00:00:00+05:30,5.887691020965576,5.903739929199219,5.737904071807861,5.833126068115234,249218195
1996-11-28 00:00:00+05:30,5.8459649085998535,5.929418087005615,5.841684818267822,5.880201816558838,171730067
1996-11-29 00:00:00+05:30,5.884481906890869,5.9583048820495605,5.873782157897949,5.8855509757995605,119477805
1996-12-02 00:00:00+05:30,5.895181179046631,6.055665969848633,5.884481906890869,5.956164836883545,173220852
1996-12-03 00:00:00+05:30,5.948676109313965,5.995751857757568,5.691898822784424,5.811728000640869,274683053
1996-12-04 00:00:00+05:30,5.613794803619385,5.649102210998535,5.447959899902344,5.619144916534424,222468177
1996-12-05 00:00:00+05:30,5.585978031158447,5.777491092681885,5.543181896209717,5.735764980316162,225585274
1996-12-06 00:00:00+05:30,5.777491092681885,5.893041133880615,5.583837985992432,5.829916000366211,245956226
1996-12-09 00:00:00+05:30,5.873782157897949,5.9679341316223145,5.838476181030273,5.894111156463623,208906236
1996-12-10 00:00:00+05:30,5.8823418617248535,6.205452919006348,5.777491092681885,5.8598737716674805,265425229
1996-12-11 00:00:00+05:30,5.903739929199219,6.1391191482543945,5.821356773376465,6.108091831207275,240278156
1996-12-12 00:00:00+05:30,6.138049125671387,6.178706169128418,6.021429061889648,6.041758060455322,259443394
1996-12-13 00:00:00+05:30,6.022499084472656,6.022499084472656,5.911229133605957,5.978632926940918,285127898
1996-12-16 00:00:00+05:30,5.9636549949646,6.09846305847168,5.951886177062988,6.079204082489014,227655550
1996-12-17 00:00:00+05:30,6.08669376373291,6.20438289642334,5.873782157897949,6.052456855773926,237497537
1996-12-18 00:00:00+05:30,5.948676109313965,6.1530280113220215,5.948676109313965,6.090972900390625,247591884
1996-12-19 00:00:00+05:30,6.0802741050720215,6.125209808349609,6.029988765716553,6.101672172546387,124940902
1996-12-20 00:00:00+05:30,6.1391191482543945,6.36807918548584,6.129489898681641,6.333841800689697,336216506
1996-12-23 00:00:00+05:30,6.376637935638428,6.515726089477539,6.3413310050964355,6.487907886505127,326874563
1996-12-24 00:00:00+05:30,6.5103759765625,6.932989120483398,6.463301181793213,6.637694835662842,359961587
1996-12-25 00:00:00+05:30,6.637694835662842,6.637694835662842,6.637694835662842,6.637694835662842,0
1996-12-26 00:00:00+05:30,6.697609901428223,7.103104114532471,6.696539878845215,7.099895000457764,276814082
1996-12-27 00:00:00+05:30,7.099895000457764,7.099895000457764,7.099895000457764,7.099895000457764,0
1996-12-30 00:00:00+05:30,7.099895000457764,7.099895000457764,7.099895000457764,7.099895000457764,0
1996-12-31 00:00:00+05:30,7.296757221221924,7.378069877624512,7.018581867218018,7.127711772918701,437155297
1997-01-01 00:00:00+05:30,7.211164951324463,7.435844898223877,7.211164951324463,7.370581150054932,207420124
1997-01-02 00:00:00+05:30,7.3930487632751465,7.414446830749512,7.224003791809082,7.259311199188232,236978800
1997-01-03 00:00:00+05:30,7.232563018798828,7.274289131164551,7.1405510902404785,7.235773086547852,197297738
1997-01-06 00:00:00+05:30,7.189766883850098,7.232563018798828,6.920149803161621,6.967226028442383,239207968
1997-01-07 00:00:00+05:30,6.932989120483398,7.004673004150391,6.719007968902588,6.863444805145264,281108852
1997-01-08 00:00:00+05:30,7.018581867218018,7.160879135131836,6.8698649406433105,6.9158711433410645,261065032
1997-01-09 00:00:00+05:30,6.890192985534668,7.037839889526367,6.8698649406433105,6.989694118499756,262205320
1997-01-10 00:00:00+05:30,7.105244159698486,7.466872215270996,7.08919620513916,7.400537967681885,647066294
1997-01-13 00:00:00+05:30,7.457242965698242,7.78356409072876,7.350253105163574,7.690483093261719,537070632
1997-01-14 00:00:00+05:30,7.810311794281006,8.229715347290039,7.810311794281006,8.194408416748047,683863926
1997-01-15 00:00:00+05:30,8.323866844177246,8.76894760131836,8.323866844177246,8.76894760131836,322832151
1997-01-16 00:00:00+05:30,9.008606910705566,9.383073806762695,8.155892372131348,8.366662979125977,605254203
1997-01-17 00:00:00+05:30,8.024292945861816,8.643769264221191,7.917303085327148,8.455465316772461,678181182
1997-01-20 00:00:00+05:30,8.6448392868042,8.788206100463867,8.393410682678223,8.479002952575684,642421026
1997-01-21 00:00:00+05:30,8.409459114074707,8.68228530883789,8.176219940185547,8.334566116333008,547164979
1997-01-22 00:00:00+05:30,8.62343978881836,8.833142280578613,8.559246063232422,8.660886764526367,447572101
1997-01-23 00:00:00+05:30,8.660886764526367,8.660886764526367,8.660886764526367,8.660886764526367,0
1997-01-24 00:00:00+05:30,8.599903106689453,8.66409683227539,8.259672164916992,8.360243797302246,480822691
1997-01-27 00:00:00+05:30,8.366662979125977,8.666236877441406,8.287489891052246,8.507890701293945,518167099
1997-01-28 00:00:00+05:30,8.622370719909668,8.655537605285645,8.409459114074707,8.538917541503906,368326809
1997-01-29 00:00:00+05:30,8.987208366394043,9.136995315551758,8.656607627868652,8.820302963256836,490744125
1997-01-30 00:00:00+05:30,8.741129875183105,8.794625282287598,8.496122360229492,8.622370719909668,362494520
1997-01-31 00:00:00+05:30,8.473653793334961,8.516449928283691,8.240413665771484,8.304609298706055,376154601
1997-02-03 00:00:00+05:30,8.109886169433594,8.255393028259277,7.981496810913086,8.032852172851562,318724313
1997-02-04 00:00:00+05:30,8.044621467590332,8.274650573730469,8.024292945861816,8.198687553405762,292091127
1997-02-05 00:00:00+05:30,8.37629222869873,8.451186180114746,8.144123077392578,8.186919212341309,256059919
1997-02-06 00:00:00+05:30,8.16338062286377,8.269302368164062,7.992196083068848,8.18156909942627,377421067
1997-02-07 00:00:00+05:30,8.195478439331055,8.579573631286621,8.099186897277832,8.52393913269043,462372469
1997-02-10 00:00:00+05:30,8.62130069732666,8.75075912475586,8.400899887084961,8.592412948608398,575774973
1997-02-11 00:00:00+05:30,8.552826881408691,8.772156715393066,8.506820678710938,8.697263717651367,368976399
1997-02-12 00:00:00+05:30,8.666236877441406,9.126296043395996,8.6448392868042,9.008606910705566,685934201
1997-02-13 00:00:00+05:30,8.93371295928955,9.072800636291504,8.924083709716797,9.012886047363281,379925961
1997-02-14 00:00:00+05:30,9.009675979614258,9.092059135437012,8.986139297485352,9.032143592834473,305928794
1997-02-17 00:00:00+05:30,9.201189994812012,9.242916107177734,8.961530685424805,9.03856372833252,414097192
1997-02-18 00:00:00+05:30,9.062102317810059,9.062102317810059,8.709033012390137,8.762528419494629,538626844
1997-02-19 00:00:00+05:30,8.837422370910645,8.983999252319336,8.760388374328613,8.962600708007812,483752856
1997-02-20 00:00:00+05:30,8.901616096496582,8.976509094238281,8.843840599060059,8.90910530090332,285824221
1997-02-21 00:00:00+05:30,8.858819961547852,8.89091682434082,8.752899169921875,8.799975395202637,279375055
1997-02-24 00:00:00+05:30,8.751829147338867,8.771086692810059,8.372013092041016,8.447976112365723,453530569
1997-02-25 00:00:00+05:30,8.4244384765625,8.569945335388184,8.174079895019531,8.303539276123047,412788666
1997-02-26 00:00:00+05:30,8.259672164916992,8.340985298156738,8.074579238891602,8.280000686645508,455540092
1997-02-27 00:00:00+05:30,8.366662979125977,8.473653793334961,8.2607421875,8.443696022033691,343787266
1997-02-28 00:00:00+05:30,9.158392906188965,9.312459945678711,8.905896186828613,9.120946884155273,149700091
1997-03-03 00:00:00+05:30,9.46010684967041,9.564957618713379,9.249335289001465,9.289992332458496,350895368
1997-03-04 00:00:00+05:30,9.289992332458496,9.836713790893555,9.203329086303711,9.696556091308594,591622162
1997-03-05 00:00:00+05:30,10.014318466186523,10.121309280395508,9.555328369140625,9.734003067016602,537084652
1997-03-06 00:00:00+05:30,9.60775375366211,9.713674545288086,9.524300575256348,9.632362365722656,342675019
1997-03-07 00:00:00+05:30,9.632362365722656,9.632362365722656,9.632362365722656,9.632362365722656,0
1997-03-10 00:00:00+05:30,9.46652603149414,9.500762939453125,9.158392906188965,9.20867919921875,371420539
1997-03-11 00:00:00+05:30,9.136995315551758,9.385212898254395,8.816023826599121,8.983999252319336,456988818
1997-03-12 00:00:00+05:30,9.24505615234375,9.410890579223633,9.149833679199219,9.311389923095703,468457117
1997-03-13 00:00:00+05:30,9.36274528503418,9.36274528503418,9.064242362976074,9.095269203186035,318018643
1997-03-14 00:00:00+05:30,9.03000545501709,9.30817985534668,8.976509094238281,9.238636016845703,440463999
1997-03-17 00:00:00+05:30,9.243986129760742,9.285712242126465,9.138065338134766,9.175512313842773,287310333
1997-03-18 00:00:00+05:30,9.147693634033203,9.257895469665527,8.949762344360352,9.028935432434082,322729338
1997-03-19 00:00:00+05:30,9.201189994812012,9.222587585449219,8.730430603027344,8.809603691101074,296988755
1997-03-20 00:00:00+05:30,8.757179260253906,8.937993049621582,8.674796104431152,8.833142280578613,427986265
1997-03-21 00:00:00+05:30,8.901616096496582,9.13592529296875,8.886636734008789,9.071730613708496,447394515
1997-03-24 00:00:00+05:30,9.071730613708496,9.071730613708496,9.071730613708496,9.071730613708496,0
1997-03-25 00:00:00+05:30,9.15411376953125,9.175512313842773,8.935853004455566,8.991488456726074,310784361
1997-03-26 00:00:00+05:30,9.06959056854248,9.092059135437012,8.802115440368652,8.839561462402344,273210961
1997-03-27 00:00:00+05:30,8.794625282287598,8.920873641967773,8.741129875183105,8.893056869506836,249456534
1997-03-28 00:00:00+05:30,8.893056869506836,8.893056869506836,8.893056869506836,8.893056869506836,0
1997-03-31 00:00:00+05:30,8.271441459655762,8.271441459655762,8.003965377807617,8.003965377807617,2434793
1997-04-01 00:00:00+05:30,7.211164951324463,7.917303085327148,7.203674793243408,7.816730976104736,354694768
1997-04-02 00:00:00+05:30,7.986846923828125,8.08848762512207,7.867016792297363,8.010383605957031,242689583
1997-04-03 00:00:00+05:30,8.040342330932617,8.158031463623047,7.97186803817749,8.125933647155762,248764884
1997-04-04 00:00:00+05:30,8.024292945861816,8.051040649414062,7.975078105926514,8.020013809204102,149849637
1997-04-07 00:00:00+05:30,7.938701152801514,7.968657970428467,7.5963311195373535,7.738627910614014,209485726
1997-04-08 00:00:00+05:30,7.738627910614014,7.738627910614014,7.738627910614014,7.738627910614014,0
1997-04-09 00:00:00+05:30,8.026432991027832,8.281070709228516,8.026432991027832,8.2789306640625,272538005
1997-04-10 00:00:00+05:30,8.214735984802246,8.277860641479492,7.875576019287109,8.145193099975586,627615984
1997-04-11 00:00:00+05:30,8.016803741455078,8.452256202697754,7.960099220275879,8.41801929473877,634546501
1997-04-14 00:00:00+05:30,8.41801929473877,8.41801929473877,8.41801929473877,8.41801929473877,0
1997-04-15 00:00:00+05:30,8.559246063232422,8.880217552185059,8.559246063232422,8.81816291809082,559208095
1997-04-16 00:00:00+05:30,8.81816291809082,8.81816291809082,8.81816291809082,8.81816291809082,0
1997-04-17 00:00:00+05:30,8.85453987121582,8.923013687133789,8.751829147338867,8.899476051330566,303064056
1997-04-18 00:00:00+05:30,8.899476051330566,8.899476051330566,8.899476051330566,8.899476051330566,0
1997-04-21 00:00:00+05:30,9.008606910705566,9.142345428466797,8.93371295928955,9.06959056854248,305134331
1997-04-22 00:00:00+05:30,9.105968475341797,9.119876861572266,8.794625282287598,8.875938415527344,301498497
1997-04-23 00:00:00+05:30,8.901616096496582,9.008606910705566,8.893056869506836,8.926223754882812,131371375
1997-04-24 00:00:00+05:30,8.880217552185059,8.979719161987305,8.763598442077637,8.796765327453613,200606440
1997-04-25 00:00:00+05:30,8.773226737976074,8.943342208862305,8.751829147338867,8.906966209411621,271257518
1997-04-28 00:00:00+05:30,8.864169120788574,8.911245346069336,8.81816291809082,8.835282325744629,181917879
1997-04-29 00:00:00+05:30,8.805323600769043,8.894126892089844,8.68763542175293,8.730430603027344,279038577
1997-04-30 00:00:00+05:30,9.03000545501709,9.072800636291504,8.89733600616455,8.912315368652344,194577872
1997-05-01 00:00:00+05:30,8.912315368652344,8.912315368652344,8.912315368652344,8.912315368652344,0
1997-05-02 00:00:00+05:30,8.816023826599121,8.87807846069336,8.741129875183105,8.765737533569336,175814539
1997-05-05 00:00:00+05:30,8.66409683227539,8.735780715942383,8.538917541503906,8.578503608703613,270752801
1997-05-06 00:00:00+05:30,8.585993766784668,8.804254531860352,8.56673526763916,8.747550010681152,317457846
1997-05-07 00:00:00+05:30,8.816023826599121,8.826723098754883,8.717592239379883,8.734710693359375,212317751
1997-05-08 00:00:00+05:30,8.741129875183105,8.777506828308105,8.694053649902344,8.75503921508789,127118664
1997-05-09 00:00:00+05:30,8.757179260253906,8.773226737976074,8.65981674194336,8.701543807983398,214869378
1997-05-12 00:00:00+05:30,8.68763542175293,8.717592239379883,8.528219223022461,8.551756858825684,184408753
1997-05-13 00:00:00+05:30,8.559246063232422,8.655537605285645,8.457605361938477,8.546406745910645,257989995
1997-05-14 00:00:00+05:30,8.559246063232422,8.774296760559082,8.452256202697754,8.702613830566406,303825805
1997-05-15 00:00:00+05:30,8.730430603027344,9.157322883605957,8.688705444335938,9.070660591125488,670241231
1997-05-16 00:00:00+05:30,9.067450523376465,9.415170669555664,9.051403045654297,9.385212898254395,656207286
1997-05-19 00:00:00+05:30,9.608823776245117,9.757540702819824,9.468666076660156,9.620593070983887,662843384
1997-05-20 00:00:00+05:30,9.667669296264648,9.734003067016602,9.35097599029541,9.563887596130371,602711923
1997-05-21 00:00:00+05:30,9.220447540283203,9.220447540283203,8.91445541381836,8.959390640258789,501156256
1997-05-22 00:00:00+05:30,9.010746002197266,9.123085975646973,8.96367073059082,9.04498291015625,423490542
1997-05-23 00:00:00+05:30,9.051403045654297,9.158392906188965,8.990418434143066,9.080289840698242,336501578
1997-05-26 00:00:00+05:30,9.072800636291504,9.178722381591797,9.062102317810059,9.132716178894043,218673451
1997-05-27 00:00:00+05:30,9.170162200927734,9.415170669555664,9.136995315551758,9.242916107177734,397119063
1997-05-28 00:00:00+05:30,9.286782264709473,9.286782264709473,9.105968475341797,9.127366065979004,216925633
1997-05-29 00:00:00+05:30,9.102758407592773,9.227936744689941,9.095269203186035,9.207609176635742,200573727
1997-05-30 00:00:00+05:30,9.232216835021973,9.538209915161133,9.186210632324219,9.503973007202148,414041113
1997-06-02 00:00:00+05:30,9.562817573547363,10.169453620910645,9.562817573547363,10.136286735534668,584135522
1997-06-03 00:00:00+05:30,10.342779159545898,10.69798755645752,10.265746116638184,10.34705924987793,668516780
1997-06-04 00:00:00+05:30,10.276445388793945,10.375946044921875,10.123448371887207,10.227229118347168,391581192
1997-06-05 00:00:00+05:30,10.271095275878906,10.430511474609375,10.230439186096191,10.358827590942383,315387570
1997-06-06 00:00:00+05:30,10.41018295288086,10.506475448608398,10.29249382019043,10.336359977722168,328136356
1997-06-09 00:00:00+05:30,10.420882225036621,10.479726791381836,10.33528995513916,10.386645317077637,279683493
1997-06-10 00:00:00+05:30,10.403763771057129,10.48293685913086,10.345989227294922,10.412322998046875,259807912
1997-06-11 00:00:00+05:30,10.429442405700684,10.75255298614502,10.379156112670898,10.61667537689209,418747134
1997-06-12 00:00:00+05:30,10.613465309143066,11.115250587463379,10.574949264526367,11.009329795837402,476485861
1997-06-13 00:00:00+05:30,11.184795379638672,11.619176864624023,11.184795379638672,11.429802894592285,643851058
1997-06-16 00:00:00+05:30,11.148418426513672,11.16767692565918,10.630583763122559,10.630583763122559,419191099
1997-06-17 00:00:00+05:30,10.259325981140137,10.675519943237305,9.886999130249023,10.472237586975098,598248914
1997-06-18 00:00:00+05:30,10.919458389282227,11.041427612304688,10.578158378601074,10.74078369140625,400768917
1997-06-19 00:00:00+05:30,10.645562171936035,10.934436798095703,10.596346855163574,10.862752914428711,297385986
1997-06-20 00:00:00+05:30,10.913039207458496,11.124879837036133,10.736503601074219,10.804978370666504,282398686
1997-06-23 00:00:00+05:30,10.784649848937988,10.806048393249512,10.530013084411621,10.623093605041504,263415706
1997-06-24 00:00:00+05:30,10.645562171936035,10.806048393249512,9.907326698303223,10.632723808288574,265878540
1997-06-25 00:00:00+05:30,10.699057579040527,10.778230667114258,10.486146926879883,10.546060562133789,192334684
1997-06-26 00:00:00+05:30,10.613465309143066,11.212613105773926,10.572809219360352,10.955835342407227,549810071
1997-06-27 00:00:00+05:30,11.041427612304688,11.37630844116211,11.02216911315918,11.31639289855957,476177422
1997-06-30 00:00:00+05:30,11.338861465454102,11.8545560836792,11.231870651245117,11.7796630859375,545552687
1997-07-01 00:00:00+05:30,12.070676803588867,12.109193801879883,11.490788459777832,11.649133682250977,492641488
1997-07-02 00:00:00+05:30,12.261119842529297,12.261119842529297,12.026810646057129,12.063187599182129,242521344
1997-07-03 00:00:00+05:30,11.982945442199707,12.138080596923828,11.940149307250977,12.040719985961914,237460151
1997-07-04 00:00:00+05:30,12.056768417358398,12.10063362121582,11.941218376159668,11.974386215209961,185020956
1997-07-07 00:00:00+05:30,11.950847625732422,12.103843688964844,11.838506698608398,11.863115310668945,255541182
1997-07-08 00:00:00+05:30,11.82245922088623,11.916610717773438,11.740076065063477,11.87381362915039,245110357
1997-07-09 00:00:00+05:30,11.940149307250977,11.95833683013916,11.66411304473877,11.740076065063477,259775199
1997-07-10 00:00:00+05:30,11.790362358093262,11.790362358093262,11.619176864624023,11.669462203979492,229113622
1997-07-11 00:00:00+05:30,11.642715454101562,11.724027633666992,11.598849296569824,11.642715454101562,143521977
1997-07-14 00:00:00+05:30,11.169816017150879,11.169816017150879,10.828516006469727,10.828516006469727,469508611
1997-07-15 00:00:00+05:30,10.957975387573242,11.084223747253418,10.72045612335205,11.007190704345703,384734795
1997-07-16 00:00:00+05:30,11.121670722961426,11.121670722961426,10.747203826904297,10.801769256591797,370541957
1997-07-17 00:00:00+05:30,10.763252258300781,10.975092887878418,10.585647583007812,10.921598434448242,464498825
1997-07-18 00:00:00+05:30,10.921598434448242,10.921598434448242,10.921598434448242,10.921598434448242,0
1997-07-21 00:00:00+05:30,10.763252258300781,10.903409957885742,10.68407917022705,10.810327529907227,292609865
1997-07-22 00:00:00+05:30,10.804978370666504,10.905550003051758,10.784649848937988,10.883082389831543,145760492
1997-07-23 00:00:00+05:30,10.902339935302734,11.035008430480957,10.871313095092773,10.992212295532227,210457774
1997-07-24 00:00:00+05:30,11.018959999084473,11.159116744995117,10.928017616271973,10.99542236328125,306821396
1997-07-25 00:00:00+05:30,10.902339935302734,10.945136070251465,10.72045612335205,10.769672393798828,323168629
1997-07-28 00:00:00+05:30,10.549270629882812,10.592066764831543,10.161965370178223,10.222949981689453,617488925
1997-07-29 00:00:00+05:30,10.142706871032715,10.399483680725098,10.134147644042969,10.36203670501709,385893776
1997-07-30 00:00:00+05:30,10.356687545776367,10.377016067504883,10.061393737792969,10.103119850158691,417518054
1997-07-31 00:00:00+05:30,10.271095275878906,10.810327529907227,10.21973991394043,10.810327529907227,793630596
1997-08-01 00:00:00+05:30,11.084223747253418,11.56782054901123,10.977232933044434,11.549633026123047,1074258098
1997-08-04 00:00:00+05:30,11.76789379119873,11.864185333251953,11.560332298278809,11.691929817199707,594155096
1997-08-05 00:00:00+05:30,11.683370590209961,12.423746109008789,11.663043022155762,12.377739906311035,749393057
1997-08-06 00:00:00+05:30,12.421606063842773,12.424816131591797,12.377739906311035,12.424816131591797,32699139
1997-08-07 00:00:00+05:30,12.325315475463867,12.496500015258789,12.197996139526367,12.316755294799805,305213778
1997-08-08 00:00:00+05:30,12.242932319641113,12.420536041259766,12.242932319641113,12.334943771362305,169173767
1997-08-11 00:00:00+05:30,12.389509201049805,12.686943054199219,12.332803726196289,12.414116859436035,368345502
1997-08-12 00:00:00+05:30,12.410906791687012,12.514687538146973,11.989363670349121,12.16054916381836,301419051
1997-08-13 00:00:00+05:30,12.303916931152344,12.365970611572266,12.197996139526367,12.238652229309082,152588195
1997-08-14 00:00:00+05:30,12.26968002319336,12.325315475463867,12.223673820495605,12.28893756866455,156177296
1997-08-15 00:00:00+05:30,12.28893756866455,12.28893756866455,12.28893756866455,12.28893756866455,0
1997-08-18 00:00:00+05:30,12.261119842529297,12.26968002319336,11.527165412902832,11.590289115905762,433762475
1997-08-19 00:00:00+05:30,11.598849296569824,11.79464054107666,11.409475326538086,11.475809097290039,480275914
1997-08-20 00:00:00+05:30,11.55498218536377,11.715468406677246,11.415895462036133,11.667323112487793,309868393
1997-08-21 00:00:00+05:30,11.698349952697754,11.821389198303223,11.410545349121094,11.450132369995117,276108412
1997-08-22 00:00:00+05:30,11.507906913757324,11.507906913757324,11.169816017150879,11.205122947692871,317887790
1997-08-25 00:00:00+05:30,11.148418426513672,11.615966796875,10.789999961853027,11.274666786193848,870941138
1997-08-26 00:00:00+05:30,11.245779991149902,11.48008918762207,11.098133087158203,11.207262992858887,420649171
1997-08-27 00:00:00+05:30,11.724027633666992,11.726166725158691,11.405196189880371,11.454410552978516,468859021
1997-08-28 00:00:00+05:30,11.373098373413086,11.401986122131348,10.828516006469727,10.891640663146973,641448978
1997-08-29 00:00:00+05:30,10.828516006469727,10.955835342407227,10.48935604095459,10.613465309143066,827385903
1997-09-01 00:00:00+05:30,10.530013084411621,10.944066047668457,10.530013084411621,10.863822937011719,452680027
1997-09-02 00:00:00+05:30,10.955835342407227,11.255409240722656,10.816746711730957,11.133440017700195,544412400
1997-09-03 00:00:00+05:30,11.362399101257324,11.572100639343262,11.278946876525879,11.380587577819824,603235334
1997-09-04 00:00:00+05:30,11.314253807067871,11.545352935791016,11.28536605834961,11.517536163330078,382627133
1997-09-05 00:00:00+05:30,11.596709251403809,11.726166725158691,11.534653663635254,11.653413772583008,435370093
1997-09-08 00:00:00+05:30,11.55498218536377,11.636295318603516,11.426593780517578,11.596709251403809,343081596
1997-09-09 00:00:00+05:30,11.630946159362793,11.982945442199707,11.603128433227539,11.882373809814453,410610904
1997-09-10 00:00:00+05:30,11.814970016479492,11.831018447875977,11.572100639343262,11.76789379119873,414232718
1997-09-11 00:00:00+05:30,11.768963813781738,12.057838439941406,11.768963813781738,11.88558292388916,494880003
1997-09-12 00:00:00+05:30,11.812829971313477,11.882373809814453,11.726166725158691,11.803200721740723,335389331
1997-09-15 00:00:00+05:30,11.87381362915039,12.25256061553955,11.87381362915039,12.211904525756836,485159521
1997-09-16 00:00:00+05:30,12.258979797363281,12.432305335998535,12.180876731872559,12.272889137268066,513937755
1997-09-17 00:00:00+05:30,12.309266090393066,12.368110656738281,12.283588409423828,12.331733703613281,70445452
1997-09-18 00:00:00+05:30,12.06960678100586,12.219393730163574,11.9454984664917,12.19692611694336,479878683
1997-09-19 00:00:00+05:30,12.23972225189209,12.39806842803955,12.135940551757812,12.18515682220459,455203614
1997-09-22 00:00:00+05:30,12.297496795654297,12.346713066101074,11.9454984664917,12.022530555725098,480682492
1997-09-23 00:00:00+05:30,11.920889854431152,12.017182350158691,11.557122230529785,11.8181791305542,429682676
1997-09-24 00:00:00+05:30,11.89735221862793,11.938009262084961,11.667323112487793,11.717608451843262,328542934
1997-09-25 00:00:00+05:30,11.683370590209961,12.253630638122559,11.65234375,12.212974548339844,798177725
1997-09-26 00:00:00+05:30,12.261119842529297,12.39806842803955,12.133801460266113,12.174457550048828,395805863
1997-09-29 00:00:00+05:30,12.385229110717773,12.836730003356934,12.304986000061035,12.598140716552734,677994250
1997-09-30 00:00:00+05:30,12.544645309448242,13.15984058380127,12.464402198791504,12.691222190856934,542384184
1997-10-01 00:00:00+05:30,12.62488842010498,12.77253532409668,12.39806842803955,12.642006874084473,380421331
1997-10-02 00:00:00+05:30,12.642006874084473,12.642006874084473,12.642006874084473,12.642006874084473,0
1997-10-03 00:00:00+05:30,12.642006874084473,12.642006874084473,12.642006874084473,12.642006874084473,0
1997-10-06 00:00:00+05:30,12.642006874084473,12.642006874084473,12.642006874084473,12.642006874084473,0
1997-10-07 00:00:00+05:30,12.642006874084473,12.642006874084473,12.642006874084473,12.642006874084473,0
1997-10-08 00:00:00+05:30,12.642006874084473,12.642006874084473,12.642006874084473,12.642006874084473,0
1997-10-09 00:00:00+05:30,12.409836769104004,12.524316787719727,12.232233047485352,12.478310585021973,358405375
1997-10-10 00:00:00+05:30,12.535016059875488,13.381312370300293,12.517897605895996,13.321396827697754,677540939
1997-10-13 00:00:00+05:30,13.455135345458984,13.525749206542969,12.613119125366211,12.722249984741211,732900952
1997-10-14 00:00:00+05:30,12.652706146240234,12.801423072814941,12.19692611694336,12.403417587280273,395315166
1997-10-15 00:00:00+05:30,12.44300365447998,12.751136779785156,12.436585426330566,12.677313804626465,249213522
1997-10-16 00:00:00+05:30,12.752206802368164,13.058199882507324,12.710480690002441,12.964048385620117,323047123
1997-10-17 00:00:00+05:30,13.000425338745117,13.22403621673584,12.961909294128418,13.042152404785156,413050371
1997-10-20 00:00:00+05:30,12.916973114013672,13.949432373046875,12.892365455627441,13.858489990234375,639794626
1997-10-21 00:00:00+05:30,13.951571464538574,13.970829963684082,13.28715991973877,13.398429870605469,656768083
1997-10-22 00:00:00+05:30,13.416619300842285,13.731170654296875,13.355633735656738,13.516119956970215,359989627
1997-10-23 00:00:00+05:30,13.4412260055542,13.603852272033691,13.236873626708984,13.369543075561523,383370189
1997-10-24 00:00:00+05:30,13.34172534942627,13.34172534942627,12.303916931152344,12.58209228515625,927095613
1997-10-27 00:00:00+05:30,12.481520652770996,12.634516716003418,12.304986000061035,12.487939834594727,528177326
1997-10-28 00:00:00+05:30,12.455842971801758,12.455842971801758,11.239359855651855,11.268247604370117,715432124
1997-10-29 00:00:00+05:30,11.338861465454102,12.394859313964844,11.338861465454102,12.367040634155273,702038422
1997-10-30 00:00:00+05:30,12.303916931152344,12.303916931152344,11.961546897888184,12.036439895629883,254199942
1997-10-31 00:00:00+05:30,12.036439895629883,12.036439895629883,12.036439895629883,12.036439895629883,0
1997-11-03 00:00:00+05:30,12.12417221069336,12.346713066101074,11.996853828430176,12.18515682220459,373645034
1997-11-04 00:00:00+05:30,12.237582206726074,12.870966911315918,12.051419258117676,12.212974548339844,901429803
1997-11-05 00:00:00+05:30,12.387369155883789,12.43444538116455,11.941218376159668,12.00648307800293,538136147
1997-11-06 00:00:00+05:30,11.974386215209961,12.194786071777344,11.847066879272461,12.143430709838867,547230405
1997-11-07 00:00:00+05:30,12.068536758422852,12.175527572631836,11.996853828430176,12.046069145202637,361316846
1997-11-10 00:00:00+05:30,11.993643760681152,12.066396713256836,11.929449081420898,11.992573738098145,256686142
1997-11-11 00:00:00+05:30,12.015042304992676,12.229022979736328,11.988293647766113,12.123102188110352,383197277
1997-11-12 00:00:00+05:30,12.111332893371582,12.24828052520752,11.79143238067627,11.855626106262207,576443256
1997-11-13 00:00:00+05:30,11.817109107971191,11.833157539367676,11.469389915466309,11.617036819458008,594412128
1997-11-14 00:00:00+05:30,11.617036819458008,11.617036819458008,11.617036819458008,11.617036819458008,0
1997-11-17 00:00:00+05:30,11.621316909790039,11.640575408935547,11.408405303955078,11.5592622756958,377355641
1997-11-18 00:00:00+05:30,11.525025367736816,11.576380729675293,11.13771915435791,11.23508071899414,575139403
1997-11-19 00:00:00+05:30,11.029659271240234,11.084223747253418,10.448699951171875,10.478656768798828,765300999
1997-11-20 00:00:00+05:30,10.485076904296875,11.165536880493164,10.169453620910645,10.814607620239258,1341547977
1997-11-21 00:00:00+05:30,10.806048393249512,11.726166725158691,10.648772239685059,11.588150024414062,1344010811
1997-11-24 00:00:00+05:30,11.768963813781738,12.077095985412598,11.458690643310547,11.518606185913086,819964689
1997-11-25 00:00:00+05:30,11.493997573852539,12.511478424072266,11.493997573852539,11.957266807556152,1085343185
1997-11-26 00:00:00+05:30,12.047139167785645,12.42802619934082,12.005413055419922,12.281448364257812,641537770
1997-11-27 00:00:00+05:30,12.202275276184082,12.739368438720703,12.156270027160645,12.69764232635498,714324550
1997-11-28 00:00:00+05:30,12.646286010742188,12.646286010742188,12.230093002319336,12.306056022644043,763641975
1997-12-01 00:00:00+05:30,12.231163024902344,12.622748374938965,12.231163024902344,12.578882217407227,407591947
1997-12-02 00:00:00+05:30,12.592790603637695,12.926602363586426,12.486869812011719,12.755416870117188,656660597
1997-12-03 00:00:00+05:30,12.496500015258789,13.587803840637207,12.496500015258789,13.4412260055542,1008663540
1997-12-04 00:00:00+05:30,13.35456371307373,13.773966789245605,13.031452178955078,13.2004976272583,871562688
1997-12-05 00:00:00+05:30,13.15984058380127,13.475462913513184,13.15984058380127,13.381312370300293,500380487
1997-12-08 00:00:00+05:30,13.438016891479492,13.859560012817383,13.246503829956055,13.339585304260254,703309562
1997-12-09 00:00:00+05:30,13.288229942321777,13.3502836227417,12.00648307800293,12.023600578308105,853262012
1997-12-10 00:00:00+05:30,11.87381362915039,11.895212173461914,11.578519821166992,11.689790725708008,491421755
1997-12-11 00:00:00+05:30,11.661972999572754,12.453702926635742,11.260758399963379,12.22795295715332,909706232
1997-12-12 00:00:00+05:30,12.23972225189209,12.23972225189209,11.7272367477417,11.866325378417969,723143083
1997-12-15 00:00:00+05:30,11.7796630859375,12.086726188659668,11.507906913757324,11.977595329284668,452493095
1997-12-16 00:00:00+05:30,11.982945442199707,12.19692611694336,11.811759948730469,12.063187599182129,349166244
1997-12-17 00:00:00+05:30,12.23972225189209,12.709410667419434,12.23972225189209,12.664475440979004,488669176
1997-12-18 00:00:00+05:30,12.727599143981934,12.796072959899902,12.368110656738281,12.403417587280273,467027084
1997-12-19 00:00:00+05:30,12.389509201049805,12.653776168823242,12.303916931152344,12.608839988708496,318556073
1997-12-22 00:00:00+05:30,12.65484619140625,13.190868377685547,12.58209228515625,13.051780700683594,508563450
1997-12-23 00:00:00+05:30,13.110626220703125,13.416619300842285,13.052850723266602,13.264692306518555,543575878
1997-12-24 00:00:00+05:30,12.892365455627441,13.050710678100586,12.719039916992188,12.97581672668457,387893952
1997-12-25 00:00:00+05:30,12.97581672668457,12.97581672668457,12.97581672668457,12.97581672668457,0
1997-12-26 00:00:00+05:30,13.04857063293457,13.320326805114746,13.010053634643555,13.215476036071777,367929578
1997-12-29 00:00:00+05:30,13.222966194152832,13.320326805114746,13.079598426818848,13.23045539855957,262817523
1997-12-30 00:00:00+05:30,13.183379173278809,13.183379173278809,12.899853706359863,12.97581672668457,372644946
1997-12-31 00:00:00+05:30,12.92446231842041,13.522539138793945,12.892365455627441,13.322466850280762,502161018
1998-01-01 00:00:00+05:30,13.261482238769531,13.4776029586792,13.183379173278809,13.405920028686523,236815234
1998-01-02 00:00:00+05:30,13.368473052978516,13.501140594482422,13.311767578125,13.356703758239746,193002967
1998-01-05 00:00:00+05:30,13.433736801147461,13.543936729431152,13.15984058380127,13.210126876831055,270028438
1998-01-06 00:00:00+05:30,13.1459321975708,13.371683120727539,12.959769248962402,13.130953788757324,433444690
1998-01-07 00:00:00+05:30,13.169469833374023,13.3460054397583,13.031452178955078,13.180169105529785,349142878
1998-01-08 00:00:00+05:30,13.119185447692871,13.136302947998047,12.680522918701172,12.800353050231934,468714149
1998-01-09 00:00:00+05:30,12.667684555053711,12.860267639160156,12.520036697387695,12.753276824951172,592697023
1998-01-12 00:00:00+05:30,12.689083099365234,12.689083099365234,12.262189865112305,12.395928382873535,434584977
1998-01-13 00:00:00+05:30,12.432305335998535,12.838869094848633,12.432305335998535,12.63879680633545,437202030
1998-01-14 00:00:00+05:30,12.775745391845703,13.028243064880371,12.28251838684082,12.465472221374512,576228284
1998-01-15 00:00:00+05:30,12.421606063842773,12.642006874084473,12.30712604522705,12.603489875793457,492767668
1998-01-16 00:00:00+05:30,12.646286010742188,12.753276824951172,12.568182945251465,12.674103736877441,311648923
1998-01-19 00:00:00+05:30,12.625958442687988,12.849568367004395,12.512548446655273,12.798213005065918,278496473
1998-01-20 00:00:00+05:30,12.835659980773926,12.997215270996094,12.673033714294434,12.732949256896973,426074882
1998-01-21 00:00:00+05:30,12.751136779785156,12.796072959899902,12.628097534179688,12.677313804626465,188385738
1998-01-22 00:00:00+05:30,12.63879680633545,12.63879680633545,12.464402198791504,12.508269309997559,224131875
1998-01-23 00:00:00+05:30,12.481520652770996,12.655916213989258,12.44300365447998,12.584232330322266,244072883
1998-01-26 00:00:00+05:30,12.584232330322266,12.584232330322266,12.584232330322266,12.584232330322266,0
1998-01-27 00:00:00+05:30,12.58209228515625,12.61846923828125,12.346713066101074,12.455842971801758,213509445
1998-01-28 00:00:00+05:30,12.432305335998535,12.558553695678711,11.672672271728516,11.796780586242676,607548798
1998-01-29 00:00:00+05:30,11.737936019897461,11.916610717773438,11.687650680541992,11.849206924438477,285646635
1998-01-30 00:00:00+05:30,11.89735221862793,12.030020713806152,11.816039085388184,11.997922897338867,242988675
1998-02-02 00:00:00+05:30,12.054628372192383,12.323175430297852,11.950847625732422,12.234373092651367,322939637
1998-02-03 00:00:00+05:30,12.314616203308105,12.537156105041504,12.242932319641113,12.459053039550781,371986009
1998-02-04 00:00:00+05:30,12.579952239990234,12.753276824951172,12.39164924621582,12.457983016967773,443384817
1998-02-05 00:00:00+05:30,12.496500015258789,12.81747055053711,12.496500015258789,12.743647575378418,376364900
1998-02-06 00:00:00+05:30,12.737228393554688,12.922322273254395,12.475101470947266,12.730809211730957,504665911
1998-02-09 00:00:00+05:30,12.752206802368164,12.774675369262695,12.56604290008545,12.63879680633545,235899266
1998-02-10 00:00:00+05:30,12.58209228515625,12.674103736877441,12.49756908416748,12.561763763427734,249176135
1998-02-11 00:00:00+05:30,12.65698528289795,12.774675369262695,12.605629920959473,12.694432258605957,314943606
1998-02-12 00:00:00+05:30,12.671963691711426,12.714759826660156,12.541436195373535,12.679452896118164,200447548
1998-02-13 00:00:00+05:30,12.708340644836426,13.052850723266602,12.708340644836426,12.991866111755371,370294272
1998-02-16 00:00:00+05:30,12.991866111755371,12.991866111755371,12.991866111755371,12.991866111755371,0
1998-02-17 00:00:00+05:30,13.052850723266602,13.447646141052246,13.052850723266602,13.389870643615723,364522736
1998-02-18 00:00:00+05:30,13.469043731689453,13.54500675201416,13.052850723266602,13.20263671875,482762114
1998-02-19 00:00:00+05:30,13.22403621673584,13.435876846313477,13.22403621673584,13.39094066619873,358802606
1998-02-20 00:00:00+05:30,13.415549278259277,13.415549278259277,13.257203102111816,13.316046714782715,209513766
1998-02-23 00:00:00+05:30,13.320326805114746,13.459415435791016,13.298929214477539,13.421968460083008,157266177
1998-02-24 00:00:00+05:30,13.470113754272461,13.928033828735352,13.363122940063477,13.637019157409668,268369413
1998-02-25 00:00:00+05:30,13.601712226867676,13.875608444213867,13.601712226867676,13.842440605163574,261588443
1998-02-26 00:00:00+05:30,13.88737678527832,13.951571464538574,13.719402313232422,13.811413764953613,186385562
1998-02-27 00:00:00+05:30,13.855279922485352,14.390233039855957,13.855279922485352,14.295010566711426,491875066
1998-03-02 00:00:00+05:30,14.315339088439941,15.290023803710938,14.315339088439941,15.113489151000977,535238695
1998-03-03 00:00:00+05:30,15.299653053283691,15.470837593078613,14.507923126220703,15.126328468322754,838928975
1998-03-04 00:00:00+05:30,14.978680610656738,15.214059829711914,14.818195343017578,15.16484546661377,328556954
1998-03-05 00:00:00+05:30,15.076043128967285,15.124188423156738,14.55285930633545,14.956212997436523,209368894
1998-03-06 00:00:00+05:30,14.935885429382324,15.079252243041992,14.833173751831055,15.016127586364746,217033120
1998-03-09 00:00:00+05:30,15.107069969177246,15.660210609436035,15.107069969177246,15.590666770935059,338006383
1998-03-10 00:00:00+05:30,15.561779975891113,15.920198440551758,15.430180549621582,15.708356857299805,312564892
1998-03-11 00:00:00+05:30,15.620624542236328,15.620624542236328,15.19587230682373,15.438740730285645,331842289
1998-03-12 00:00:00+05:30,15.502935409545898,15.704076766967773,15.408782958984375,15.614205360412598,399240745
1998-03-13 00:00:00+05:30,15.614205360412598,15.614205360412598,15.614205360412598,15.614205360412598,0
1998-03-16 00:00:00+05:30,15.67411994934082,15.770410537719727,15.524333000183105,15.553220748901367,189507332
1998-03-17 00:00:00+05:30,15.51577377319336,15.51577377319336,15.11028003692627,15.200152397155762,344105051
1998-03-18 00:00:00+05:30,15.299653053283691,15.481536865234375,15.260066032409668,15.382036209106445,184506892
1998-03-19 00:00:00+05:30,15.460139274597168,15.650582313537598,15.257926940917969,15.591736793518066,323378928
1998-03-20 00:00:00+05:30,15.537172317504883,15.63132381439209,15.437670707702637,15.561779975891113,157897074
1998-03-23 00:00:00+05:30,15.588526725769043,15.715846061706543,15.513633728027344,15.696587562561035,43003784
1998-03-24 00:00:00+05:30,15.727615356445312,15.806788444519043,15.198012351989746,15.417342185974121,154850077
1998-03-25 00:00:00+05:30,15.492236137390137,15.599225997924805,15.3916654586792,15.545730590820312,139157107
1998-03-26 00:00:00+05:30,15.492236137390137,15.567129135131836,15.224759101867676,15.265416145324707,175085502
1998-03-27 00:00:00+05:30,15.254716873168945,15.362776756286621,15.156285285949707,15.340309143066406,158616763
1998-03-30 00:00:00+05:30,15.340309143066406,15.380966186523438,14.886669158935547,14.954072952270508,193208593
1998-03-31 00:00:00+05:30,14.975470542907715,15.363846778869629,14.899508476257324,15.21619987487793,274472754
1998-04-01 00:00:00+05:30,15.385245323181152,16.261497497558594,15.385245323181152,16.185535430908203,455455973
1998-04-02 00:00:00+05:30,16.25828742980957,16.60386848449707,15.902009963989258,16.396305084228516,366116334
1998-04-03 00:00:00+05:30,16.412355422973633,16.791101455688477,16.368488311767578,16.722627639770508,258466673
1998-04-06 00:00:00+05:30,16.714067459106445,16.82640838623047,16.521484375,16.730117797851562,193951649
1998-04-07 00:00:00+05:30,16.669132232666016,17.079975128173828,16.64024543762207,16.890602111816406,274687727
1998-04-08 00:00:00+05:30,16.890602111816406,16.890602111816406,16.890602111816406,16.890602111816406,0
1998-04-09 00:00:00+05:30,17.054298400878906,17.054298400878906,16.477619171142578,16.597448348999023,303199582
1998-04-10 00:00:00+05:30,16.54074478149414,16.62633514404297,16.337461471557617,16.400585174560547,240278156
1998-04-13 00:00:00+05:30,16.26363754272461,16.380258560180664,16.00579071044922,16.14059829711914,251003399
1998-04-14 00:00:00+05:30,16.14059829711914,16.14059829711914,16.14059829711914,16.14059829711914,0
1998-04-15 00:00:00+05:30,16.473339080810547,16.776123046875,16.35886001586914,16.681970596313477,173790996
1998-04-16 00:00:00+05:30,16.59958839416504,16.69053077697754,16.4444522857666,16.488317489624023,134862336
1998-04-17 00:00:00+05:30,16.455150604248047,16.947307586669922,16.374908447265625,16.84352684020996,281001366
1998-04-20 00:00:00+05:30,16.883113861083984,16.914140701293945,16.43482208251953,16.55358123779297,157060552
1998-04-21 00:00:00+05:30,16.569631576538086,17.01150131225586,16.519344329833984,16.77077293395996,224926338
1998-04-22 00:00:00+05:30,16.909860610961914,17.067136764526367,16.611356735229492,16.656293869018555,162229231
1998-04-23 00:00:00+05:30,16.606008529663086,16.74402618408203,16.37811851501465,16.447662353515625,149447732
1998-04-24 00:00:00+05:30,16.465850830078125,16.600658416748047,16.048587799072266,16.524694442749023,228669658
1998-04-27 00:00:00+05:30,16.560001373291016,16.583539962768555,16.350299835205078,16.42198371887207,86465553
1998-04-28 00:00:00+05:30,16.39095687866211,16.455150604248047,16.220842361450195,16.27861785888672,143199519
1998-04-29 00:00:00+05:30,16.47654914855957,16.645593643188477,16.28610610961914,16.347091674804688,118187971
1998-04-30 00:00:00+05:30,16.306434631347656,16.987964630126953,16.306434631347656,16.92591094970703,250540741
1998-05-01 00:00:00+05:30,16.92591094970703,16.92591094970703,16.92591094970703,16.92591094970703,0
1998-05-04 00:00:00+05:30,17.009361267089844,17.35173225402832,17.009361267089844,17.293956756591797,239100482
1998-05-05 00:00:00+05:30,17.31000518798828,17.317495346069336,17.013641357421875,17.11207389831543,180071923
1998-05-06 00:00:00+05:30,17.225482940673828,17.24688148498535,16.80821990966797,16.869205474853516,158574704
1998-05-07 00:00:00+05:30,16.869205474853516,16.869205474853516,16.869205474853516,16.869205474853516,0
1998-05-08 00:00:00+05:30,16.819988250732422,17.020061492919922,16.727977752685547,16.882043838500977,168589604
1998-05-11 00:00:00+05:30,16.818918228149414,16.859575271606445,16.67127227783203,16.776123046875,86605753
1998-05-12 00:00:00+05:30,16.74509620666504,16.74509620666504,15.835676193237305,16.548233032226562,322570445
1998-05-13 00:00:00+05:30,16.310714721679688,16.669132232666016,16.092453002929688,16.199443817138672,222617723
1998-05-14 00:00:00+05:30,16.198373794555664,17.081045150756836,16.156646728515625,17.027551651000977,426542213
1998-05-15 00:00:00+05:30,17.116352081298828,17.397737503051758,17.07569694519043,17.139890670776367,284754033
1998-05-18 00:00:00+05:30,17.203014373779297,17.304655075073242,17.12063217163086,17.178407669067383,126184002
1998-05-19 00:00:00+05:30,17.171987533569336,17.24260139465332,17.014711380004883,17.154869079589844,174949977
1998-05-20 00:00:00+05:30,17.268280029296875,17.733688354492188,17.24688148498535,17.671634674072266,216420916
1998-05-21 00:00:00+05:30,17.694101333618164,17.760435104370117,17.227622985839844,17.47370147705078,214729178
1998-05-22 00:00:00+05:30,17.46086311340332,17.52398681640625,17.001873016357422,17.261859893798828,347511893
1998-05-25 00:00:00+05:30,16.967636108398438,17.096025466918945,16.747234344482422,17.036109924316406,177824061
1998-05-26 00:00:00+05:30,16.904512405395508,16.929119110107422,16.50008773803711,16.622055053710938,180142022
1998-05-27 00:00:00+05:30,16.47654914855957,16.47654914855957,15.112419128417969,15.23224925994873,477850467
1998-05-28 00:00:00+05:30,15.155216217041016,15.577828407287598,14.905926704406738,15.282533645629883,336936196
1998-05-29 00:00:00+05:30,15.133816719055176,15.133816719055176,14.381673812866211,14.724043846130371,382169149
1998-06-01 00:00:00+05:30,14.807496070861816,14.87169075012207,14.16876220703125,14.30250072479248,289366589
1998-06-02 00:00:00+05:30,14.22974681854248,14.293940544128418,13.517189979553223,13.675536155700684,387968725
1998-06-03 00:00:00+05:30,13.84458065032959,14.226536750793457,13.587803840637207,14.149503707885742,312359266
1998-06-04 00:00:00+05:30,14.251145362854004,14.283242225646973,14.023255348205566,14.076749801635742,187946447
1998-06-05 00:00:00+05:30,14.079959869384766,14.437309265136719,13.589942932128906,13.73331069946289,309204783
1998-06-08 00:00:00+05:30,13.801785469055176,13.883097648620605,12.517897605895996,13.335306167602539,487112964
1998-06-09 00:00:00+05:30,13.773966789245605,14.037163734436035,13.321396827697754,13.792156219482422,263901730
1998-06-10 00:00:00+05:30,13.694793701171875,13.842440605163574,13.033592224121094,13.153422355651855,290763908
1998-06-11 00:00:00+05:30,13.02396297454834,13.452995300292969,12.753276824951172,13.357773780822754,288086102
1998-06-12 00:00:00+05:30,13.373822212219238,13.992227554321289,13.373822212219238,13.75684928894043,249975271
1998-06-15 00:00:00+05:30,13.523609161376953,13.587803840637207,12.85170841217041,12.940509796142578,260803327
1998-06-16 00:00:00+05:30,12.843149185180664,13.260412216186523,12.241862297058105,13.12132453918457,337623172
1998-06-17 00:00:00+05:30,13.480813026428223,14.430889129638672,13.480813026428223,14.415910720825195,177338037
1998-06-18 00:00:00+05:30,14.743302345275879,14.828893661499023,14.14415454864502,14.232956886291504,172075892
1998-06-19 00:00:00+05:30,14.037163734436035,14.037163734436035,13.25078296661377,13.3299560546875,209074475
1998-06-22 00:00:00+05:30,13.267902374267578,13.587803840637207,12.244002342224121,13.077458381652832,259695753
1998-06-23 00:00:00+05:30,13.438016891479492,13.5321683883667,12.798213005065918,13.451925277709961,255457062
1998-06-24 00:00:00+05:30,13.373822212219238,13.801785469055176,13.309627532958984,13.755779266357422,197040706
1998-06-25 00:00:00+05:30,13.79964542388916,14.22974681854248,13.739729881286621,13.970829963684082,176239810
1998-06-26 00:00:00+05:30,13.908775329589844,13.908775329589844,13.614550590515137,13.703352928161621,137184971
1998-06-29 00:00:00+05:30,13.620970726013184,14.159132957458496,13.395219802856445,14.113126754760742,178973695
1998-06-30 00:00:00+05:30,14.165553092956543,14.18695068359375,13.920543670654297,13.999716758728027,112486535
1998-07-01 00:00:00+05:30,13.86063003540039,13.86063003540039,13.438016891479492,13.662696838378906,159579465
1998-07-02 00:00:00+05:30,13.547146797180176,13.812483787536621,13.416619300842285,13.620970726013184,148471011
1998-07-03 00:00:00+05:30,13.524679183959961,13.651997566223145,13.213335990905762,13.265762329101562,161986219
1998-07-06 00:00:00+05:30,13.3460054397583,13.908775329589844,13.22403621673584,13.831742286682129,188077300
1998-07-07 00:00:00+05:30,13.908775329589844,14.101358413696289,13.823183059692383,13.919473648071289,165164069
1998-07-08 00:00:00+05:30,14.037163734436035,14.593515396118164,14.022185325622559,14.47475528717041,256966541
1998-07-09 00:00:00+05:30,14.465126037597656,14.893089294433594,14.465126037597656,14.742232322692871,255587915
1998-07-10 00:00:00+05:30,14.844943046569824,15.083532333374023,14.81070613861084,14.984030723571777,171286103
1998-07-13 00:00:00+05:30,14.957283020019531,15.222620010375977,14.422329902648926,14.497222900390625,251610929
1998-07-14 00:00:00+05:30,14.49936294555664,14.838522911071777,14.465126037597656,14.743302345275879,165827678
1998-07-15 00:00:00+05:30,14.872759819030762,15.040736198425293,14.52932071685791,14.597794532775879,199727858
1998-07-16 00:00:00+05:30,14.713343620300293,15.492236137390137,14.550719261169434,15.403433799743652,328982225
1998-07-17 00:00:00+05:30,15.507214546203613,15.553220748901367,14.807496070861816,14.9144868850708,295166164
1998-07-20 00:00:00+05:30,14.976540565490723,14.978680610656738,14.400932312011719,14.482245445251465,186563148
1998-07-21 00:00:00+05:30,14.465126037597656,14.779679298400879,14.252215385437012,14.366695404052734,252779256
1998-07-22 00:00:00+05:30,14.507923126220703,14.698366165161133,14.444798469543457,14.500432968139648,146625054
1998-07-23 00:00:00+05:30,14.435169219970703,14.460846900939941,13.872398376464844,13.93552303314209,219874491
1998-07-24 00:00:00+05:30,13.936593055725098,13.994367599487305,13.653067588806152,13.706562995910645,165930491
1998-07-27 00:00:00+05:30,13.758988380432129,14.005066871643066,13.396289825439453,13.504350662231445,196708901
1998-07-28 00:00:00+05:30,13.459415435791016,13.94729232788086,13.459415435791016,13.817832946777344,209845571
1998-07-29 00:00:00+05:30,13.84458065032959,14.201929092407227,13.78359603881836,14.117406845092773,177828735
1998-07-30 00:00:00+05:30,14.165553092956543,14.313199996948242,13.50862979888916,13.57496452331543,282548231
1998-07-31 00:00:00+05:30,13.630599975585938,13.882027626037598,13.400569915771484,13.620970726013184,328028870
1998-08-03 00:00:00+05:30,13.505420684814453,13.505420684814453,12.787513732910156,12.859197616577148,215682533
1998-08-04 00:00:00+05:30,12.796072959899902,13.052850723266602,12.75434684753418,12.857057571411133,193909589
1998-08-05 00:00:00+05:30,12.587442398071289,13.052850723266602,12.453702926635742,12.89664363861084,190432648
1998-08-06 00:00:00+05:30,12.973677635192871,13.2004976272583,12.670893669128418,12.751136779785156,300161931
1998-08-07 00:00:00+05:30,12.652706146240234,12.88166618347168,12.609910011291504,12.682662963867188,192960907
1998-08-10 00:00:00+05:30,12.605629920959473,12.622748374938965,12.390579223632812,12.421606063842773,158990628
1998-08-11 00:00:00+05:30,12.389509201049805,12.475101470947266,12.199066162109375,12.291077613830566,137484062
1998-08-12 00:00:00+05:30,12.175527572631836,12.494359970092773,12.068536758422852,12.275029182434082,200461568
1998-08-13 00:00:00+05:30,12.220463752746582,12.62488842010498,12.17980670928955,12.503989219665527,220991412
1998-08-14 00:00:00+05:30,12.460123062133789,12.603489875793457,12.390579223632812,12.42802619934082,118187971
1998-08-17 00:00:00+05:30,12.438725471496582,12.609910011291504,12.058908462524414,12.107053756713867,183978809
1998-08-18 00:00:00+05:30,12.089935302734375,12.362760543823242,12.016112327575684,12.225812911987305,158565357
1998-08-19 00:00:00+05:30,12.293216705322266,12.51575756072998,12.208695411682129,12.419466018676758,184343327
1998-08-20 00:00:00+05:30,12.601349830627441,13.190868377685547,12.601349830627441,13.119185447692871,226281597
1998-08-21 00:00:00+05:30,13.042152404785156,13.137372970581055,12.849568367004395,12.936230659484863,202340238
1998-08-24 00:00:00+05:30,12.892365455627441,13.122393608093262,12.731879234313965,13.073179244995117,197017339
1998-08-25 00:00:00+05:30,13.095646858215332,13.476532936096191,13.095646858215332,13.408059120178223,205139549
1998-08-26 00:00:00+05:30,13.408059120178223,13.408059120178223,13.408059120178223,13.408059120178223,0
1998-08-27 00:00:00+05:30,13.523609161376953,14.015766143798828,13.216546058654785,13.306418418884277,329234583
1998-08-28 00:00:00+05:30,13.143793106079102,13.457275390625,13.010053634643555,13.297859191894531,308461727
1998-08-31 00:00:00+05:30,13.389870643615723,13.583523750305176,13.321396827697754,13.435876846313477,202167325
1998-09-01 00:00:00+05:30,13.393080711364746,13.4390869140625,13.097786903381348,13.34814453125,283048275
1998-09-02 00:00:00+05:30,13.416619300842285,13.499000549316406,13.248642921447754,13.2914400100708,129347832
1998-09-03 00:00:00+05:30,13.257203102111816,13.565335273742676,13.181239128112793,13.48188304901123,182880581
1998-09-04 00:00:00+05:30,13.566405296325684,14.176252365112305,13.566405296325684,14.119546890258789,344282637
1998-09-07 00:00:00+05:30,14.206209182739258,14.251145362854004,13.962270736694336,14.11419677734375,173823709
1998-09-08 00:00:00+05:30,14.028605461120605,14.550719261169434,14.015766143798828,14.486523628234863,228664984
1998-09-09 00:00:00+05:30,14.507923126220703,14.63524055480957,14.403072357177734,14.454426765441895,161565621
1998-09-10 00:00:00+05:30,14.37097454071045,14.548579216003418,14.315339088439941,14.433029174804688,133834208
1998-09-11 00:00:00+05:30,14.380603790283203,14.380603790283203,14.224396705627441,14.330318450927734,131221829
1998-09-14 00:00:00+05:30,14.422329902648926,14.870620727539062,14.422329902648926,14.843873023986816,189142814
1998-09-15 00:00:00+05:30,14.768980026245117,14.786097526550293,14.507923126220703,14.582816123962402,138465457
1998-09-16 00:00:00+05:30,14.593515396118164,14.796796798706055,14.510062217712402,14.554998397827148,181315023
1998-09-17 00:00:00+05:30,14.550719261169434,14.668408393859863,14.424469947814941,14.46191692352295,109677877
1998-09-18 00:00:00+05:30,14.381673812866211,14.400932312011719,14.017906188964844,14.082099914550781,210364308
1998-09-21 00:00:00+05:30,14.117406845092773,14.227606773376465,13.740799903869629,14.028605461120605,275309277
1998-09-22 00:00:00+05:30,14.073540687561035,14.315339088439941,14.018976211547852,14.165553092956543,194007729
1998-09-23 00:00:00+05:30,14.336737632751465,14.37739372253418,14.103498458862305,14.153783798217773,106018676
1998-09-24 00:00:00+05:30,14.251145362854004,15.214059829711914,14.251145362854004,15.147726058959961,356353793
1998-09-25 00:00:00+05:30,15.235458374023438,15.373476028442383,15.117769241333008,15.183032989501953,223103747
1998-09-28 00:00:00+05:30,15.273975372314453,15.449440002441406,14.9508638381958,15.026826858520508,233366333
1998-09-29 00:00:00+05:30,15.107069969177246,15.192662239074707,14.732603073120117,14.935885429382324,158499931
1998-09-30 00:00:00+05:30,14.721903800964355,14.976540565490723,14.64059066772461,14.895228385925293,158541990
1998-10-01 00:00:00+05:30,14.895228385925293,14.895228385925293,14.895228385925293,14.895228385925293,0
1998-10-02 00:00:00+05:30,14.895228385925293,14.895228385925293,14.895228385925293,14.895228385925293,0
1998-10-05 00:00:00+05:30,14.765769958496094,14.765769958496094,13.704422950744629,13.707633018493652,205008697
1998-10-06 00:00:00+05:30,13.612410545349121,14.430889129638672,13.585663795471191,14.16234302520752,209831551
1998-10-07 00:00:00+05:30,14.251145362854004,14.955142974853516,14.251145362854004,14.895228385925293,226805008
1998-10-08 00:00:00+05:30,14.974401473999023,15.28895378112793,14.617053031921387,14.755070686340332,367032302
1998-10-09 00:00:00+05:30,14.754000663757324,15.085672378540039,14.754000663757324,14.990449905395508,221655022
1998-10-12 00:00:00+05:30,15.095300674438477,15.460139274597168,14.697296142578125,14.958353042602539,249596733
1998-10-13 00:00:00+05:30,14.978680610656738,15.030036926269531,14.017906188964844,14.336737632751465,214037529
1998-10-14 00:00:00+05:30,14.300360679626465,15.000079154968262,14.22974681854248,14.899508476257324,186025718
1998-10-15 00:00:00+05:30,15.010778427124023,15.042875289916992,14.638450622558594,14.794656753540039,201321456
1998-10-16 00:00:00+05:30,14.903787612915039,15.0621337890625,14.711204528808594,14.868480682373047,152705028
1998-10-19 00:00:00+05:30,14.850292205810547,14.855642318725586,14.70157527923584,14.777539253234863,51495186
1998-10-20 00:00:00+05:30,14.759349822998047,14.796796798706055,14.275753021240234,14.43195915222168,170328074
1998-10-21 00:00:00+05:30,14.43195915222168,14.43195915222168,14.43195915222168,14.43195915222168,0
1998-10-22 00:00:00+05:30,14.614912986755371,14.957283020019531,14.589235305786133,14.869550704956055,191040178
1998-10-23 00:00:00+05:30,14.776469230651855,15.276115417480469,14.764699935913086,15.161635398864746,235459975
1998-10-26 00:00:00+05:30,15.37989616394043,15.660210609436035,15.28360366821289,15.423762321472168,234478580
1998-10-27 00:00:00+05:30,15.4280424118042,16.048587799072266,15.235458374023438,15.44729995727539,155499667
1998-10-28 00:00:00+05:30,15.577828407287598,15.74901294708252,15.25899600982666,15.367056846618652,221655022
1998-10-29 00:00:00+05:30,15.267556190490723,15.42269229888916,15.085672378540039,15.346729278564453,176080917
1998-10-30 00:00:00+05:30,15.426972389221191,15.449440002441406,15.011848449707031,15.112419128417969,256667449
1998-11-02 00:00:00+05:30,14.957283020019531,15.176613807678223,14.744372367858887,15.113489151000977,199195101
1998-11-03 00:00:00+05:30,15.107069969177246,15.233319282531738,14.839592933654785,14.972262382507324,175693033
1998-11-04 00:00:00+05:30,14.972262382507324,14.972262382507324,14.972262382507324,14.972262382507324,0
1998-11-05 00:00:00+05:30,15.023616790771484,15.082462310791016,14.916626930236816,15.000079154968262,104523217
1998-11-06 00:00:00+05:30,15.042875289916992,15.189453125,15.0054292678833,15.091020584106445,104097946
1998-11-09 00:00:00+05:30,15.181962966918945,15.491166114807129,15.181962966918945,15.31570053100586,102527715
1998-11-10 00:00:00+05:30,15.321050643920898,15.512563705444336,15.278255462646484,15.348869323730469,124071667
1998-11-11 00:00:00+05:30,15.513633728027344,15.754363059997559,15.489026069641113,15.609926223754883,186086471
1998-11-12 00:00:00+05:30,15.590666770935059,15.772550582885742,15.535032272338867,15.719056129455566,114687663
1998-11-13 00:00:00+05:30,15.711566925048828,15.783249855041504,15.579968452453613,15.62169361114502,110140534
1998-11-16 00:00:00+05:30,15.620624542236328,15.620624542236328,15.363846778869629,15.409852981567383,71338054
1998-11-17 00:00:00+05:30,15.407712936401367,15.490096092224121,15.327469825744629,15.405573844909668,78404096
1998-11-18 00:00:00+05:30,15.470837593078613,15.597086906433105,15.40664291381836,15.561779975891113,54948761
1998-11-19 00:00:00+05:30,15.577828407287598,15.608856201171875,15.287883758544922,15.287883758544922,65996462
1998-11-20 00:00:00+05:30,15.299653053283691,15.376686096191406,15.139166831970215,15.192662239074707,98648869
1998-11-23 00:00:00+05:30,15.139166831970215,15.139166831970215,14.917695999145508,14.991519927978516,80376232
1998-11-24 00:00:00+05:30,15.101719856262207,15.171263694763184,14.897368431091309,14.925186157226562,88629295
1998-11-25 00:00:00+05:30,14.925186157226562,14.925186157226562,14.925186157226562,14.925186157226562,0
1998-11-26 00:00:00+05:30,14.850292205810547,15.000079154968262,14.649149894714355,14.656639099121094,78913487
1998-11-27 00:00:00+05:30,14.634170532226562,14.698366165161133,14.44372844696045,14.597794532775879,95485039
1998-11-30 00:00:00+05:30,14.350646018981934,14.611702919006348,14.085309982299805,14.61063289642334,157836321
1998-12-01 00:00:00+05:30,14.57211685180664,14.639520645141602,14.422329902648926,14.582816123962402,94396158
1998-12-02 00:00:00+05:30,14.636310577392578,14.679106712341309,14.390233039855957,14.434099197387695,97882446
1998-12-03 00:00:00+05:30,14.433029174804688,14.518622398376465,14.360276222229004,14.44372844696045,80306133
1998-12-04 00:00:00+05:30,14.466196060180664,15.508283615112305,14.454426765441895,15.148796081542969,278230094
1998-12-07 00:00:00+05:30,15.122048377990723,15.171263694763184,14.851362228393555,15.132747650146484,132721961
1998-12-08 00:00:00+05:30,15.070693016052246,15.160565376281738,14.957283020019531,15.065342903137207,98854494
1998-12-09 00:00:00+05:30,15.145586013793945,15.408782958984375,15.145586013793945,15.194802284240723,103728755
1998-12-10 00:00:00+05:30,15.271835327148438,15.316770553588867,15.154146194458008,15.219409942626953,51752218
1998-12-11 00:00:00+05:30,15.256856918334961,15.39487361907959,15.256856918334961,15.342449188232422,86722585
1998-12-14 00:00:00+05:30,15.40664291381836,15.449440002441406,15.236528396606445,15.28360366821289,66580626
1998-12-15 00:00:00+05:30,15.2461576461792,15.276115417480469,14.865270614624023,14.884529113769531,88470403
1998-12-16 00:00:00+05:30,14.901647567749023,15.112419128417969,14.700506210327148,15.107069969177246,119818956
1998-12-17 00:00:00+05:30,14.807496070861816,15.107069969177246,14.700506210327148,14.717623710632324,128815075
1998-12-18 00:00:00+05:30,14.76255989074707,15.085672378540039,14.709065437316895,14.890949249267578,155069722
1998-12-21 00:00:00+05:30,15.056783676147461,15.363846778869629,15.03217601776123,15.363846778869629,113416523
1998-12-22 00:00:00+05:30,15.433390617370605,15.492236137390137,15.085672378540039,15.237598419189453,124861456
1998-12-23 00:00:00+05:30,15.363846778869629,15.40664291381836,15.021476745605469,15.021476745605469,98522689
1998-12-24 00:00:00+05:30,14.978680610656738,15.224759101867676,14.919836044311523,15.03217601776123,133151905
1998-12-25 00:00:00+05:30,15.03217601776123,15.03217601776123,15.03217601776123,15.03217601776123,0
1998-12-28 00:00:00+05:30,15.171263694763184,15.74901294708252,15.114559173583984,15.74901294708252,170440234
1998-12-29 00:00:00+05:30,15.556429862976074,15.731895446777344,15.321050643920898,15.363846778869629,119164693
1998-12-30 00:00:00+05:30,15.586387634277344,16.593168258666992,15.520052909851074,16.593168258666992,320747855
1998-12-31 00:00:00+05:30,16.519344329833984,16.62633514404297,16.007930755615234,16.069984436035156,222809329
1999-01-01 00:00:00+05:30,16.217632293701172,16.47654914855957,16.069984436035156,16.316062927246094,158046620
1999-01-04 00:00:00+05:30,16.495807647705078,16.904512405395508,16.40379524230957,16.701229095458984,178216619
1999-01-05 00:00:00+05:30,16.797521591186523,16.882043838500977,16.692670822143555,16.754724502563477,138227118
1999-01-06 00:00:00+05:30,17.01150131225586,17.171987533569336,16.846736907958984,17.054298400878906,195554594
1999-01-07 00:00:00+05:30,17.196596145629883,17.545385360717773,17.176267623901367,17.530406951904297,188539958
1999-01-08 00:00:00+05:30,17.699451446533203,18.017213821411133,17.653446197509766,17.96371841430664,184969550
1999-01-11 00:00:00+05:30,17.908082962036133,18.822853088378906,17.739038467407227,17.971208572387695,287936556
1999-01-12 00:00:00+05:30,17.675914764404297,17.888824462890625,17.01150131225586,17.188037872314453,188264232
1999-01-13 00:00:00+05:30,17.54645538330078,17.653446197509766,17.097095489501953,17.227622985839844,144157547
1999-01-14 00:00:00+05:30,17.01150131225586,17.46086311340332,16.519344329833984,17.290748596191406,130763845
1999-01-15 00:00:00+05:30,17.545385360717773,17.953018188476562,17.01150131225586,17.199806213378906,226907820
1999-01-18 00:00:00+05:30,17.418066024780273,17.803232192993164,17.077835083007812,17.739038467407227,166701587
1999-01-19 00:00:00+05:30,17.65130615234375,17.717639923095703,17.032899856567383,17.118492126464844,190843899
1999-01-20 00:00:00+05:30,17.118492126464844,17.118492126464844,17.118492126464844,17.118492126464844,0
1999-01-21 00:00:00+05:30,17.317495346069336,17.717639923095703,17.054298400878906,17.589250564575195,211934540
1999-01-22 00:00:00+05:30,17.589250564575195,17.649166107177734,17.236181259155273,17.304655075073242,132011618
1999-01-25 00:00:00+05:30,17.268280029296875,17.268280029296875,16.86278533935547,17.16128921508789,137110198
1999-01-26 00:00:00+05:30,17.16128921508789,17.16128921508789,17.16128921508789,17.16128921508789,0
1999-01-27 00:00:00+05:30,17.439464569091797,17.96371841430664,17.418066024780273,17.603160858154297,171047764
1999-01-28 00:00:00+05:30,17.64702606201172,17.802162170410156,17.16128921508789,17.182687759399414,104238146
1999-01-29 00:00:00+05:30,17.223344802856445,17.395597457885742,17.114213943481445,17.268280029296875,86876805
1999-02-01 00:00:00+05:30,17.182687759399414,17.589250564575195,17.122772216796875,17.122772216796875,116173776
1999-02-02 00:00:00+05:30,17.182687759399414,17.204084396362305,16.797521591186523,16.968706130981445,115753178
1999-02-03 00:00:00+05:30,17.31107521057129,17.535755157470703,17.118492126464844,17.439464569091797,134109934
1999-02-04 00:00:00+05:30,17.715499877929688,17.867427825927734,17.418066024780273,17.498308181762695,150817011
1999-02-05 00:00:00+05:30,17.567853927612305,17.589250564575195,17.22869300842285,17.482261657714844,91587499
1999-02-08 00:00:00+05:30,17.589250564575195,18.188398361206055,17.535755157470703,17.60957908630371,185978985
1999-02-09 00:00:00+05:30,17.514358520507812,17.67484474182129,17.2896785736084,17.67484474182129,111019116
1999-02-10 00:00:00+05:30,17.803232192993164,18.038612365722656,17.653446197509766,17.98511505126953,102195910
1999-02-11 00:00:00+05:30,18.06001091003418,18.443035125732422,18.030052185058594,18.08140754699707,188918496
1999-02-12 00:00:00+05:30,18.126344680786133,18.42163848876953,18.0493106842041,18.2311954498291,120412466
1999-02-15 00:00:00+05:30,18.29538917541504,18.582124710083008,17.99581527709961,18.011863708496094,126814899
1999-02-16 00:00:00+05:30,17.99581527709961,18.1402530670166,17.889894485473633,17.99581527709961,86535653
1999-02-17 00:00:00+05:30,18.17770004272461,18.17770004272461,17.471561431884766,17.824630737304688,117043011
1999-02-18 00:00:00+05:30,17.888824462890625,18.16699981689453,17.579622268676758,17.64274787902832,105060648
1999-02-19 00:00:00+05:30,17.67484474182129,17.862077713012695,17.589250564575195,17.589250564575195,64898235
1999-02-22 00:00:00+05:30,17.525056838989258,17.589250564575195,17.150590896606445,17.182687759399414,58935093
1999-02-23 00:00:00+05:30,17.118492126464844,17.413787841796875,16.995454788208008,17.413787841796875,92914719
1999-02-24 00:00:00+05:30,17.50151824951172,17.561433792114258,17.20622444152832,17.37527084350586,71810058
1999-02-25 00:00:00+05:30,17.22976303100586,17.36457061767578,17.118492126464844,17.118492126464844,58458416
1999-02-26 00:00:00+05:30,17.009361267089844,17.009361267089844,16.455150604248047,16.53646469116211,104214779
1999-03-01 00:00:00+05:30,18.08140754699707,19.258304595947266,18.006515502929688,19.258304595947266,209177288
1999-03-02 00:00:00+05:30,19.258304595947266,19.258304595947266,19.258304595947266,19.258304595947266,0
1999-03-03 00:00:00+05:30,19.90024757385254,20.4993953704834,19.707664489746094,19.8360538482666,266056126
1999-03-04 00:00:00+05:30,20.051105499267578,20.4084529876709,19.97193145751953,20.306812286376953,166033304
1999-03-05 00:00:00+05:30,20.542190551757812,21.030067443847656,20.445899963378906,20.649181365966797,190876612
1999-03-08 00:00:00+05:30,20.92949676513672,21.674152374267578,20.497255325317383,21.674152374267578,262065120
1999-03-09 00:00:00+05:30,21.783281326293945,21.783281326293945,20.960525512695312,20.991552352905273,211705548
1999-03-10 00:00:00+05:30,20.649181365966797,21.676292419433594,20.649181365966797,21.317873001098633,217645323
1999-03-11 00:00:00+05:30,21.29112434387207,21.612096786499023,20.973363876342773,21.054676055908203,92171663
1999-03-12 00:00:00+05:30,21.141338348388672,21.46445083618164,21.077144622802734,21.344621658325195,105219540
1999-03-15 00:00:00+05:30,21.48370933532715,21.952327728271484,21.18413543701172,21.61851692199707,121837825
1999-03-16 00:00:00+05:30,21.547903060913086,22.03577995300293,21.18306541442871,21.18306541442871,108532916
1999-03-17 00:00:00+05:30,21.65489387512207,22.530075073242188,21.40025520324707,21.499757766723633,209485726
1999-03-18 00:00:00+05:30,21.505107879638672,21.71266746520996,21.26972770690918,21.56930160522461,65814203
1999-03-19 00:00:00+05:30,21.65489387512207,21.74904441833496,21.05574607849121,21.333921432495117,74520577
1999-03-22 00:00:00+05:30,21.18413543701172,21.18413543701172,20.72514533996582,20.959455490112305,62767206
1999-03-23 00:00:00+05:30,20.948755264282227,21.141338348388672,20.306812286376953,20.306812286376953,97055270
1999-03-24 00:00:00+05:30,20.948755264282227,21.248329162597656,19.947324752807617,20.544330596923828,111107909
1999-03-25 00:00:00+05:30,20.349607467651367,20.58926773071289,19.475494384765625,19.557878494262695,88017092
1999-03-26 00:00:00+05:30,19.525781631469727,19.938764572143555,19.343896865844727,19.707664489746094,84951401
1999-03-29 00:00:00+05:30,19.707664489746094,19.707664489746094,19.707664489746094,19.707664489746094,0
1999-03-30 00:00:00+05:30,19.686267852783203,20.863162994384766,19.08711814880371,20.863162994384766,97237529
1999-03-31 00:00:00+05:30,20.83748435974121,20.981922149658203,20.482276916503906,20.606386184692383,76570056
1999-04-01 00:00:00+05:30,20.70267677307129,20.745473861694336,20.22549819946289,20.23084831237793,49371167
1999-04-02 00:00:00+05:30,20.23084831237793,20.23084831237793,20.23084831237793,20.23084831237793,0
1999-04-05 00:00:00+05:30,19.472286224365234,19.681987762451172,18.637758255004883,18.830341339111328,70024527
1999-04-06 00:00:00+05:30,18.873138427734375,20.336769104003906,18.744749069213867,20.336769104003906,148287209
1999-04-07 00:00:00+05:30,20.221220016479492,20.841764450073242,19.996538162231445,20.223358154296875,130733468
1999-04-08 00:00:00+05:30,20.28541374206543,20.504745483398438,20.04575538635254,20.306812286376953,48932998
1999-04-09 00:00:00+05:30,20.349607467651367,20.43520164489746,19.707664489746094,20.00937843322754,78120567
1999-04-12 00:00:00+05:30,19.88098907470703,20.114229202270508,19.60067367553711,19.87885093688965,51817270
1999-04-13 00:00:00+05:30,19.679847717285156,19.87885093688965,19.493684768676758,19.493684768676758,48816072
1999-04-14 00:00:00+05:30,19.493684768676758,19.493684768676758,19.493684768676758,19.493684768676758,0
1999-04-15 00:00:00+05:30,19.044322967529297,19.36529541015625,18.959800720214844,19.226207733154297,43927417
1999-04-16 00:00:00+05:30,19.493684768676758,20.764732360839844,19.493684768676758,20.764732360839844,59500236
1999-04-19 00:00:00+05:30,19.45088768005371,20.563589096069336,19.226207733154297,20.151676177978516,73034885
1999-04-20 00:00:00+05:30,20.302532196044922,20.477996826171875,20.010448455810547,20.178422927856445,38581947
1999-04-21 00:00:00+05:30,20.473716735839844,20.85246467590332,20.2041015625,20.43520164489746,57459402
1999-04-22 00:00:00+05:30,20.37100601196289,20.728355407714844,19.643470764160156,19.910947799682617,63048773
1999-04-23 00:00:00+05:30,20.0179386138916,20.23084831237793,19.484054565429688,20.221220016479492,88135420
1999-04-26 00:00:00+05:30,19.713014602661133,19.814655303955078,18.971569061279297,18.98012924194336,99139473
1999-04-27 00:00:00+05:30,18.98012924194336,18.98012924194336,18.98012924194336,18.98012924194336,0
1999-04-28 00:00:00+05:30,19.15131378173828,19.788978576660156,18.87527847290039,19.729063034057617,60841382
1999-04-29 00:00:00+05:30,19.846752166748047,20.328210830688477,19.66486930847168,20.328210830688477,72414317
1999-04-30 00:00:00+05:30,20.413803100585938,20.62564468383789,20.242618560791016,20.497255325317383,56728824
1999-05-03 00:00:00+05:30,20.4993953704834,20.927356719970703,20.437341690063477,20.450178146362305,37926281
1999-05-04 00:00:00+05:30,20.477996826171875,21.697689056396484,20.477996826171875,21.697689056396484,68956536
1999-05-05 00:00:00+05:30,21.505107879638672,22.318235397338867,21.35531997680664,21.826078414916992,105887683
1999-05-06 00:00:00+05:30,21.93199920654297,23.57216453552246,21.911670684814453,23.57216453552246,166859872
1999-05-07 00:00:00+05:30,24.03008460998535,24.41097068786621,23.32394790649414,23.430936813354492,116685082
1999-05-10 00:00:00+05:30,23.623519897460938,24.03008460998535,23.005115509033203,23.516529083251953,94457986
1999-05-11 00:00:00+05:30,23.559326171875,23.66417694091797,22.940919876098633,22.981576919555664,65913044
1999-05-12 00:00:00+05:30,23.281150817871094,23.751909255981445,21.934139251708984,22.565383911132812,113914651
1999-05-13 00:00:00+05:30,22.78899383544922,23.47373390197754,22.78899383544922,23.225515365600586,95287872
1999-05-14 00:00:00+05:30,23.40953826904297,24.132795333862305,23.25975227355957,23.8909969329834,125789855
1999-05-17 00:00:00+05:30,23.816102981567383,24.39385223388672,22.790063858032227,23.439495086669922,121693888
1999-05-18 00:00:00+05:30,23.537927627563477,23.923093795776367,23.195558547973633,23.240493774414062,79842634
1999-05-19 00:00:00+05:30,23.302547454833984,23.537927627563477,23.036142349243164,23.25975227355957,42317322
1999-05-20 00:00:00+05:30,23.21053695678711,23.40953826904297,22.853187561035156,22.853187561035156,35922787
1999-05-21 00:00:00+05:30,23.212675094604492,24.372453689575195,22.646696090698242,23.43628692626953,204437525
1999-05-24 00:00:00+05:30,23.94449234008789,24.196989059448242,23.580724716186523,23.899555206298828,61926057
1999-05-25 00:00:00+05:30,23.92095375061035,23.92095375061035,22.726938247680664,22.810392379760742,83849342
1999-05-26 00:00:00+05:30,23.08856773376465,23.3185977935791,22.395267486572266,22.895984649658203,89793323
1999-05-27 00:00:00+05:30,22.87458610534668,23.172019958496094,21.635635375976562,21.635635375976562,65662134
1999-05-28 00:00:00+05:30,21.80467987060547,22.159889221191406,20.97015380859375,21.761884689331055,104758145
1999-05-31 00:00:00+05:30,22.018661499023438,22.74298858642578,21.960887908935547,22.608179092407227,70359089
1999-06-01 00:00:00+05:30,22.341772079467773,22.57073211669922,21.766164779663086,21.85389518737793,52742118
1999-06-02 00:00:00+05:30,22.04006004333496,22.1224422454834,21.633495330810547,21.95981788635254,38738269
1999-06-03 00:00:00+05:30,22.018661499023438,22.22622299194336,21.891342163085938,22.111743927001953,29251452
1999-06-04 00:00:00+05:30,22.35782241821289,23.000835418701172,22.296836853027344,22.644556045532227,78992933
1999-06-07 00:00:00+05:30,22.895984649658203,23.243703842163086,22.682003021240234,22.938779830932617,66239147
1999-06-08 00:00:00+05:30,22.78899383544922,23.302547454833984,22.714099884033203,22.810392379760742,60690575
1999-06-09 00:00:00+05:30,23.10996437072754,23.537927627563477,22.691631317138672,22.77080535888672,26756467
1999-06-10 00:00:00+05:30,22.786853790283203,23.15062141418457,22.577152252197266,22.657394409179688,29994368
1999-06-11 00:00:00+05:30,22.66060447692871,22.80183219909668,21.9908447265625,22.07215690612793,53739589
1999-06-14 00:00:00+05:30,21.74048614501953,21.8453369140625,21.31894302368164,21.7362060546875,36844971
1999-06-15 00:00:00+05:30,21.815378189086914,21.898832321166992,21.339271545410156,21.439842224121094,37577933
1999-06-16 00:00:00+05:30,22.895984649658203,22.895984649658203,21.399185180664062,22.148120880126953,48621942
1999-06-17 00:00:00+05:30,22.39740753173828,22.940919876098633,22.182357788085938,22.518306732177734,55544234
1999-06-18 00:00:00+05:30,22.67986297607422,23.19983673095703,22.67986297607422,22.927011489868164,54612283
1999-06-21 00:00:00+05:30,23.026512145996094,23.532577514648438,22.981576919555664,23.402050018310547,57642596
1999-06-22 00:00:00+05:30,23.515459060668945,23.837501525878906,23.243703842163086,23.611751556396484,50800031
1999-06-23 00:00:00+05:30,24.0728816986084,24.0728816986084,23.002975463867188,23.103546142578125,66189563
1999-06-24 00:00:00+05:30,23.044700622558594,23.3004093170166,22.726938247680664,23.20090675354004,52110147
1999-06-25 00:00:00+05:30,23.10996437072754,23.298269271850586,22.946269989013672,23.00190544128418,32452015
1999-06-28 00:00:00+05:30,23.214815139770508,23.216955184936523,23.002975463867188,23.144201278686523,21156207
1999-06-29 00:00:00+05:30,23.16880989074707,23.366743087768555,23.055400848388672,23.261892318725586,34404943
1999-06-30 00:00:00+05:30,23.25975227355957,23.537927627563477,23.18699836730957,23.457685470581055,64885477
1999-07-01 00:00:00+05:30,23.53578758239746,23.602121353149414,23.203046798706055,23.30147933959961,31579601
1999-07-02 00:00:00+05:30,23.40953826904297,23.534717559814453,23.25975227355957,23.306827545166016,35487983
1999-07-05 00:00:00+05:30,23.388141632080078,23.8546199798584,23.388141632080078,23.634218215942383,67602772
1999-07-06 00:00:00+05:30,23.64491844177246,23.751909255981445,23.43628692626953,23.511180877685547,29302205
1999-07-07 00:00:00+05:30,23.53578758239746,23.57323455810547,23.10996437072754,23.19769859313965,46470912
1999-07-08 00:00:00+05:30,23.10996437072754,23.172019958496094,22.610319137573242,22.67023468017578,53310486
1999-07-09 00:00:00+05:30,22.682003021240234,22.872446060180664,22.11709213256836,22.240131378173828,73048765
1999-07-12 00:00:00+05:30,22.403827667236328,23.25975227355957,22.062528610229492,22.97836685180664,95136924
1999-07-13 00:00:00+05:30,23.08856773376465,23.107826232910156,21.935209274291992,22.35247230529785,58031556
1999-07-14 00:00:00+05:30,22.568592071533203,22.57501220703125,22.08499526977539,22.232643127441406,38245562
1999-07-15 00:00:00+05:30,22.33963394165039,22.853187561035156,21.789701461791992,21.979074478149414,87967181
1999-07-16 00:00:00+05:30,21.933069229125977,22.168447494506836,21.826078414916992,21.94483757019043,39042081
1999-07-19 00:00:00+05:30,21.997262954711914,22.468021392822266,21.937349319458008,22.332143783569336,53323244
1999-07-20 00:00:00+05:30,22.468021392822266,22.532215118408203,21.186275482177734,21.2954044342041,94062530
1999-07-21 00:00:00+05:30,21.29112434387207,21.719087600708008,21.18413543701172,21.453750610351562,61249409
1999-07-22 00:00:00+05:30,21.462310791015625,21.80467987060547,21.398115158081055,21.487987518310547,51932187
1999-07-23 00:00:00+05:30,21.6955509185791,22.099973678588867,21.505107879638672,21.646333694458008,72685135
1999-07-26 00:00:00+05:30,21.609956741333008,21.751184463500977,21.235490798950195,21.434492111206055,46257902
1999-07-27 00:00:00+05:30,21.35531997680664,21.630285263061523,21.186275482177734,21.286846160888672,64827761
1999-07-28 00:00:00+05:30,21.716947555541992,22.142770767211914,21.5543212890625,21.693410873413086,72083260
1999-07-29 00:00:00+05:30,21.747974395751953,21.86887550354004,21.424863815307617,21.734066009521484,45290060
1999-07-30 00:00:00+05:30,21.505107879638672,21.865665435791016,20.330350875854492,21.50938606262207,54659483
1999-08-02 00:00:00+05:30,21.75974464416504,21.783281326293945,21.29112434387207,21.39597511291504,35835163
1999-08-03 00:00:00+05:30,21.4409122467041,21.4409122467041,20.89312171936035,20.973363876342773,69626361
1999-08-04 00:00:00+05:30,21.26972770690918,21.676292419433594,21.18413543701172,21.402395248413086,37203414
1999-08-05 00:00:00+05:30,21.505107879638672,21.780071258544922,21.217302322387695,21.297544479370117,34549629
1999-08-06 00:00:00+05:30,21.23763084411621,21.312524795532227,21.077144622802734,21.123149871826172,27073364
1999-08-09 00:00:00+05:30,21.077144622802734,21.077144622802734,20.691978454589844,20.749753952026367,25875127
1999-08-10 00:00:00+05:30,20.69304847717285,20.69304847717285,19.903457641601562,20.059663772583008,46456518
1999-08-11 00:00:00+05:30,19.720504760742188,21.077144622802734,19.720504760742188,20.49832534790039,95085705
1999-08-12 00:00:00+05:30,20.796829223632812,20.796829223632812,20.221220016479492,20.38919448852539,49288029
1999-08-13 00:00:00+05:30,20.477996826171875,20.49832534790039,20.039335250854492,20.111019134521484,24961963
1999-08-16 00:00:00+05:30,20.28541374206543,20.520793914794922,20.14097785949707,20.28006362915039,26080286
1999-08-17 00:00:00+05:30,20.325000762939453,20.437341690063477,20.221220016479492,20.270435333251953,32740451
1999-08-18 00:00:00+05:30,20.520793914794922,21.826078414916992,20.520793914794922,21.591768264770508,108684378
1999-08-19 00:00:00+05:30,21.701969146728516,21.783281326293945,21.012950897216797,21.07928466796875,45558916
1999-08-20 00:00:00+05:30,21.18413543701172,21.18413543701172,20.655601501464844,20.80645751953125,18244502
1999-08-23 00:00:00+05:30,20.990482330322266,21.29112434387207,20.886701583862305,20.994762420654297,23997813
1999-08-24 00:00:00+05:30,21.167015075683594,21.462310791015625,21.018299102783203,21.328571319580078,45629950
1999-08-25 00:00:00+05:30,21.719087600708008,21.911670684814453,19.686267852783203,21.125289916992188,41788023
1999-08-26 00:00:00+05:30,21.333921432495117,22.553613662719727,20.927356719970703,22.02187156677246,86332738
1999-08-27 00:00:00+05:30,22.57501220703125,23.062889099121094,22.510818481445312,22.628507614135742,61668277
1999-08-30 00:00:00+05:30,22.468021392822266,22.509748458862305,21.933069229125977,21.987634658813477,28869456
1999-08-31 00:00:00+05:30,21.9544677734375,22.25404167175293,21.612096786499023,21.737276077270508,39820654
1999-09-01 00:00:00+05:30,22.358890533447266,22.446624755859375,21.9544677734375,22.29897689819336,55950344
1999-09-02 00:00:00+05:30,22.168447494506836,22.25404167175293,21.270797729492188,21.41523551940918,40248729
1999-09-03 00:00:00+05:30,21.280426025390625,21.4409122467041,21.035417556762695,21.09319305419922,25941395
1999-09-06 00:00:00+05:30,21.288986206054688,21.35531997680664,20.971223831176758,21.12957000732422,15847095
1999-09-07 00:00:00+05:30,21.012950897216797,21.22051239013672,20.587127685546875,20.727285385131836,30160738
1999-09-08 00:00:00+05:30,21.31038475036621,21.31038475036621,20.717655181884766,20.939125061035156,27674304
1999-09-09 00:00:00+05:30,21.077144622802734,21.077144622802734,20.801109313964844,20.913448333740234,16004165
1999-09-10 00:00:00+05:30,20.948755264282227,21.008670806884766,20.724075317382812,20.796829223632812,17804510
1999-09-13 00:00:00+05:30,20.796829223632812,20.796829223632812,20.796829223632812,20.796829223632812,0
1999-09-14 00:00:00+05:30,20.67057991027832,20.92521858215332,20.4812068939209,20.560380935668945,27945777
1999-09-15 00:00:00+05:30,20.86530303955078,20.86530303955078,20.242618560791016,20.434131622314453,39178307
1999-09-16 00:00:00+05:30,20.264015197753906,20.37100601196289,19.90024757385254,20.031845092773438,28143878
1999-09-17 00:00:00+05:30,19.814655303955078,19.921646118164062,19.38669204711914,19.716224670410156,25577157
1999-09-20 00:00:00+05:30,19.7269229888916,19.814655303955078,19.413440704345703,19.45195770263672,14514969
1999-09-21 00:00:00+05:30,19.472286224365234,19.5086612701416,18.750099182128906,18.848529815673828,32047213
1999-09-22 00:00:00+05:30,19.258304595947266,19.90024757385254,19.172712326049805,19.431629180908203,59163758
1999-09-23 00:00:00+05:30,19.46158790588379,19.472286224365234,18.659156799316406,18.755449295043945,34104543
1999-09-24 00:00:00+05:30,18.659156799316406,19.132055282592773,18.640968322753906,18.76079750061035,31455291
1999-09-27 00:00:00+05:30,18.77684783935547,18.828201293945312,17.934831619262695,18.039682388305664,29222899
1999-09-28 00:00:00+05:30,17.83746910095215,18.08140754699707,17.46086311340332,17.612789154052734,50999815
1999-09-29 00:00:00+05:30,18.03647232055664,18.5307674407959,17.867427825927734,18.183048248291016,60135900
1999-09-30 00:00:00+05:30,18.16699981689453,18.25045394897461,17.676984786987305,17.79253387451172,25425181
1999-10-01 00:00:00+05:30,17.739038467407227,17.953018188476562,17.526126861572266,17.68340301513672,43331430
1999-10-04 00:00:00+05:30,17.78183364868164,17.78183364868164,16.905580520629883,17.02541160583496,26728006
1999-10-05 00:00:00+05:30,16.90665054321289,17.0532283782959,16.637035369873047,16.890602111816406,46594755
1999-10-06 00:00:00+05:30,17.07569694519043,17.953018188476562,17.013641357421875,17.399877548217773,66034970
1999-10-07 00:00:00+05:30,17.40629768371582,18.719072341918945,17.40629768371582,18.63027000427246,112300724
1999-10-08 00:00:00+05:30,18.616361618041992,18.873138427734375,18.306087493896484,18.425918579101562,52927181
1999-10-11 00:00:00+05:30,18.573564529418945,18.59496307373047,17.603160858154297,17.783973693847656,29968478
1999-10-12 00:00:00+05:30,17.54645538330078,17.717639923095703,17.118492126464844,17.24688148498535,39329536
1999-10-13 00:00:00+05:30,17.054298400878906,17.84602928161621,16.2625675201416,17.544315338134766,87776977
1999-10-14 00:00:00+05:30,17.743318557739258,18.94803237915039,17.743318557739258,18.94803237915039,73935712
1999-10-15 00:00:00+05:30,19.258304595947266,19.35566520690918,17.43304443359375,17.467281341552734,64541147
1999-10-18 00:00:00+05:30,17.745458602905273,17.745458602905273,16.840316772460938,17.012571334838867,56705878
1999-10-19 00:00:00+05:30,17.012571334838867,17.012571334838867,17.012571334838867,17.012571334838867,0
1999-10-20 00:00:00+05:30,18.057870864868164,18.057870864868164,16.4444522857666,16.546092987060547,88501480
1999-10-21 00:00:00+05:30,16.669132232666016,17.009361267089844,16.328901290893555,16.47226905822754,56114144
1999-10-22 00:00:00+05:30,16.519344329833984,16.945167541503906,16.433752059936523,16.56214141845703,50149086
1999-10-25 00:00:00+05:30,17.054298400878906,17.545385360717773,16.969776153564453,17.153799057006836,72097233
1999-10-26 00:00:00+05:30,17.204084396362305,17.308935165405273,16.693740844726562,16.750444412231445,47558858
1999-10-27 00:00:00+05:30,17.20194435119629,17.2896785736084,16.693740844726562,16.797521591186523,47302761
1999-10-28 00:00:00+05:30,16.883113861083984,16.883113861083984,15.657000541687012,15.874192237854004,43283295
1999-10-29 00:00:00+05:30,16.048587799072266,16.048587799072266,14.807496070861816,15.12311840057373,58297841
1999-11-01 00:00:00+05:30,14.980820655822754,15.128467559814453,13.914125442504883,13.952640533447266,45027233
1999-11-02 00:00:00+05:30,14.015766143798828,14.636310577392578,13.373822212219238,14.45014762878418,65071801
1999-11-03 00:00:00+05:30,14.550719261169434,14.955142974853516,14.293940544128418,14.672687530517578,49635536
1999-11-04 00:00:00+05:30,14.550719261169434,14.929465293884277,14.426609992980957,14.766839981079102,21580590
1999-11-05 00:00:00+05:30,14.789307594299316,15.642023086547852,14.764699935913086,15.509353637695312,59589403
1999-11-08 00:00:00+05:30,15.509353637695312,15.509353637695312,15.509353637695312,15.509353637695312,0
1999-11-09 00:00:00+05:30,15.620624542236328,15.620624542236328,15.096370697021484,15.455859184265137,32216760
1999-11-10 00:00:00+05:30,15.513633728027344,15.697657585144043,15.299653053283691,15.411993026733398,20135370
1999-11-11 00:00:00+05:30,15.449440002441406,16.645593643188477,15.438740730285645,16.466920852661133,97027885
1999-11-12 00:00:00+05:30,16.369558334350586,17.118492126464844,16.283966064453125,16.380258560180664,76323633
1999-11-15 00:00:00+05:30,16.39095687866211,16.6669921875,16.069984436035156,16.22298240661621,39853414
1999-11-16 00:00:00+05:30,16.048587799072266,16.283966064453125,15.754363059997559,15.882752418518066,35195153
1999-11-17 00:00:00+05:30,16.049657821655273,16.153438568115234,15.642023086547852,15.642023086547852,27699493
1999-11-18 00:00:00+05:30,15.622763633728027,16.39095687866211,15.535032272338867,16.293594360351562,49201105
1999-11-19 00:00:00+05:30,16.412355422973633,17.01150131225586,16.380258560180664,16.473339080810547,71013820
1999-11-22 00:00:00+05:30,16.519344329833984,16.54074478149414,16.048587799072266,16.24117088317871,37442781
1999-11-23 00:00:00+05:30,16.24117088317871,16.24117088317871,16.24117088317871,16.24117088317871,0
1999-11-24 00:00:00+05:30,16.369558334350586,16.652013778686523,15.915919303894043,15.97369384765625,47706254
1999-11-25 00:00:00+05:30,16.00579071044922,16.17697525024414,15.90093994140625,16.03681755065918,20834543
1999-11-26 00:00:00+05:30,16.112781524658203,16.15557861328125,15.537172317504883,15.578898429870605,35424239
1999-11-29 00:00:00+05:30,15.556429862976074,15.620624542236328,14.936955451965332,15.034316062927246,26829323
1999-11-30 00:00:00+05:30,14.978680610656738,15.222620010375977,14.725112915039062,14.883459091186523,39475623
1999-12-01 00:00:00+05:30,15.064273834228516,15.571409225463867,15.023616790771484,15.176613807678223,31011420
1999-12-02 00:00:00+05:30,15.189453125,15.470837593078613,15.064273834228516,15.190522193908691,33659224
1999-12-03 00:00:00+05:30,15.299653053283691,15.599225997924805,15.192662239074707,15.248296737670898,31281538
1999-12-06 00:00:00+05:30,15.489026069641113,15.492236137390137,15.117769241333008,15.183032989501953,12683265
1999-12-07 00:00:00+05:30,15.192662239074707,15.363846778869629,14.93802547454834,15.028966903686523,32086562
1999-12-08 00:00:00+05:30,15.234389305114746,15.419482231140137,14.593515396118164,14.73153305053711,34782220
1999-12-09 00:00:00+05:30,14.550719261169434,14.9144868850708,14.507923126220703,14.735812187194824,15610859
1999-12-10 00:00:00+05:30,14.807496070861816,14.850292205810547,14.251145362854004,14.339946746826172,17409476
1999-12-13 00:00:00+05:30,14.22974681854248,14.336737632751465,13.867049217224121,13.900216102600098,16156048
1999-12-14 00:00:00+05:30,13.845650672912598,13.908775329589844,13.161980628967285,13.26683235168457,38432681
1999-12-15 00:00:00+05:30,13.373822212219238,13.968689918518066,12.410906791687012,13.800715446472168,39127602
1999-12-16 00:00:00+05:30,13.694793701171875,13.865979194641113,13.373822212219238,13.452995300292969,16829705
1999-12-17 00:00:00+05:30,13.523609161376953,13.542866706848145,13.052850723266602,13.097786903381348,16260262
1999-12-20 00:00:00+05:30,13.074249267578125,13.50221061706543,12.85170841217041,13.083877563476562,26814229
1999-12-21 00:00:00+05:30,13.15984058380127,14.131316184997559,13.052850723266602,14.131316184997559,63979883
1999-12-22 00:00:00+05:30,15.262206077575684,15.262206077575684,15.262206077575684,15.262206077575684,1818477
1999-12-23 00:00:00+05:30,16.04216766357422,16.102081298828125,15.408782958984375,15.699797630310059,43575797
1999-12-24 00:00:00+05:30,15.663420677185059,15.663420677185059,14.680176734924316,14.850292205810547,22662882
1999-12-27 00:00:00+05:30,14.764699935913086,15.021476745605469,14.135595321655273,14.27789306640625,11920628
1999-12-28 00:00:00+05:30,13.695863723754883,14.743302345275879,13.695863723754883,14.28431224822998,24718717
1999-12-29 00:00:00+05:30,14.507923126220703,14.826753616333008,14.315339088439941,14.38381290435791,11723975
1999-12-30 00:00:00+05:30,14.43195915222168,14.609563827514648,13.932312965393066,14.037163734436035,9914751
1999-12-31 00:00:00+05:30,14.037163734436035,14.037163734436035,14.037163734436035,14.037163734436035,0
2000-01-03 00:00:00+05:30,14.850292205810547,15.160565376281738,14.44372844696045,15.160565376281738,26297407
2000-01-04 00:00:00+05:30,15.278255462646484,15.599225997924805,14.856712341308594,15.242947578430176,33303725
2000-01-05 00:00:00+05:30,15.326399803161621,16.239030838012695,14.122756004333496,15.539312362670898,64592086
2000-01-06 00:00:00+05:30,15.856003761291504,16.782541275024414,15.856003761291504,16.782541275024414,33723435
2000-01-07 00:00:00+05:30,17.811792373657227,18.125274658203125,17.632047653198242,18.125274658203125,10805109
2000-01-10 00:00:00+05:30,19.49689292907715,19.576065063476562,18.723350524902344,19.576065063476562,57005858
2000-01-11 00:00:00+05:30,19.301101684570312,20.37100601196289,18.532907485961914,18.909515380859375,111045006
2000-01-12 00:00:00+05:30,19.36529541015625,19.77185821533203,18.622779846191406,19.009016036987305,28804684
2000-01-13 00:00:00+05:30,19.258304595947266,20.028636932373047,18.637758255004883,18.824993133544922,31174379
2000-01-14 00:00:00+05:30,18.828201293945312,19.33747673034668,18.470853805541992,18.991897583007812,26889329
2000-01-17 00:00:00+05:30,19.364225387573242,19.364225387573242,17.472631454467773,17.489749908447266,82432628
2000-01-18 00:00:00+05:30,17.24688148498535,17.760435104370117,17.032899856567383,17.575342178344727,37733274
2000-01-19 00:00:00+05:30,17.760435104370117,18.145601272583008,17.139890670776367,17.676984786987305,19928856
2000-01-20 00:00:00+05:30,17.760435104370117,17.760435104370117,16.66271209716797,16.82105827331543,22667602
2000-01-21 00:00:00+05:30,16.797521591186523,18.100666046142578,16.797521591186523,17.793603897094727,56122789
2000-01-24 00:00:00+05:30,17.888824462890625,18.35958480834961,16.74402618408203,16.956937789916992,72295848
2000-01-25 00:00:00+05:30,16.69053077697754,16.69053077697754,15.600296020507812,15.610995292663574,57996459
2000-01-26 00:00:00+05:30,15.610995292663574,15.610995292663574,15.610995292663574,15.610995292663574,0
2000-01-27 00:00:00+05:30,16.069984436035156,16.860645294189453,14.550719261169434,16.665922164916992,87298103
2000-01-28 00:00:00+05:30,16.412355422973633,16.412355422973633,15.332819938659668,15.389525413513184,59659596
2000-01-31 00:00:00+05:30,15.214059829711914,15.577828407287598,14.657709121704102,14.811776161193848,46420954
2000-02-01 00:00:00+05:30,14.9144868850708,15.444089889526367,14.786097526550293,15.011848449707031,53975217
2000-02-02 00:00:00+05:30,15.40664291381836,15.678400039672852,15.235458374023438,15.279324531555176,28068217
2000-02-03 00:00:00+05:30,15.4280424118042,15.535032272338867,15.085672378540039,15.1734037399292,16686328
2000-02-04 00:00:00+05:30,15.256856918334961,15.402363777160645,14.786097526550293,14.882390022277832,20478063
2000-02-07 00:00:00+05:30,15.160565376281738,16.07319450378418,15.160565376281738,15.990812301635742,45210614
2000-02-08 00:00:00+05:30,16.28610610961914,17.07569694519043,16.17697525024414,16.332111358642578,45291088
2000-02-09 00:00:00+05:30,16.78468132019043,17.639537811279297,16.519344329833984,17.639537811279297,31670824
2000-02-10 00:00:00+05:30,19.050743103027344,19.050743103027344,19.050743103027344,19.050743103027344,949756
2000-02-11 00:00:00+05:30,20.57535743713379,20.57535743713379,20.57535743713379,20.57535743713379,2024430
2000-02-14 00:00:00+05:30,21.36387825012207,22.18984603881836,19.301101684570312,19.95481300354004,52450784
2000-02-15 00:00:00+05:30,19.793256759643555,21.55111312866211,19.472286224365234,21.53720474243164,68620431
2000-02-16 00:00:00+05:30,22.0314998626709,22.831790924072266,20.863162994384766,21.33820152282715,76622397
2000-02-17 00:00:00+05:30,21.376718521118164,22.572872161865234,21.22800064086914,22.042198181152344,89953851
2000-02-18 00:00:00+05:30,22.147050857543945,22.468021392822266,20.278995513916016,20.473716735839844,51018368
2000-02-21 00:00:00+05:30,21.18413543701172,21.56930160522461,20.542190551757812,20.968013763427734,45442597
2000-02-22 00:00:00+05:30,21.077144622802734,21.37350845336914,19.741901397705078,20.142047882080078,50870972
2000-02-23 00:00:00+05:30,20.349607467651367,21.376718521118164,18.5307674407959,18.531837463378906,33391817
2000-02-24 00:00:00+05:30,18.5307674407959,18.830341339111328,17.353872299194336,18.03219223022461,27808195
2000-02-25 00:00:00+05:30,18.588542938232422,18.588542938232422,17.139890670776367,17.335683822631836,16027952
2000-02-28 00:00:00+05:30,17.54645538330078,17.949810028076172,16.82105827331543,17.19338607788086,15596138
2000-02-29 00:00:00+05:30,17.332473754882812,17.525056838989258,15.818556785583496,15.981183052062988,60839513
2000-03-01 00:00:00+05:30,15.836746215820312,16.776123046875,15.192662239074707,16.128829956054688,40871260
2000-03-02 00:00:00+05:30,16.283966064453125,16.69053077697754,15.286813735961914,15.505075454711914,49994914
2000-03-03 00:00:00+05:30,15.74901294708252,15.74901294708252,14.265053749084473,14.451217651367188,32555108
2000-03-06 00:00:00+05:30,14.9144868850708,15.607786178588867,14.9144868850708,15.607786178588867,22249948
2000-03-07 00:00:00+05:30,15.941596031188965,16.856365203857422,15.663420677185059,16.703369140625,44608225
2000-03-08 00:00:00+05:30,17.54645538330078,18.039682388305664,16.69053077697754,17.280048370361328,38155180
2000-03-09 00:00:00+05:30,17.439464569091797,18.124204635620117,16.842456817626953,17.73261833190918,41578378
2000-03-10 00:00:00+05:30,17.97334861755371,18.552167892456055,17.33354377746582,17.918781280517578,31746999
2000-03-13 00:00:00+05:30,18.552167892456055,19.352455139160156,17.118492126464844,17.740108489990234,52478497
2000-03-14 00:00:00+05:30,17.653446197509766,18.787546157836914,16.92591094970703,18.3809814453125,52288994
2000-03-15 00:00:00+05:30,18.402379989624023,18.723350524902344,17.67484474182129,18.224775314331055,20967359
2000-03-16 00:00:00+05:30,18.3809814453125,18.3809814453125,16.76756477355957,16.811429977416992,22341078
2000-03-17 00:00:00+05:30,16.811429977416992,16.811429977416992,16.811429977416992,16.811429977416992,0
2000-03-20 00:00:00+05:30,16.811429977416992,16.811429977416992,16.811429977416992,16.811429977416992,0
2000-03-21 00:00:00+05:30,16.583539962768555,16.859575271606445,15.466558456420898,15.516843795776367,18503310
2000-03-22 00:00:00+05:30,15.941596031188965,16.47654914855957,15.74901294708252,15.84423542022705,20994744
2000-03-23 00:00:00+05:30,15.982253074645996,16.001510620117188,14.9144868850708,15.080322265625,13964266
2000-03-24 00:00:00+05:30,15.235458374023438,15.684819221496582,15.235458374023438,15.436600685119629,12076623
2000-03-27 00:00:00+05:30,15.511493682861328,15.663420677185059,15.193732261657715,15.417342185974121,11396096
2000-03-28 00:00:00+05:30,15.449440002441406,15.490096092224121,14.81070613861084,15.020406723022461,18016024
2000-03-29 00:00:00+05:30,15.40664291381836,16.048587799072266,15.235458374023438,15.47404670715332,16241896
2000-03-30 00:00:00+05:30,15.618485450744629,16.134178161621094,15.214059829711914,15.409852981567383,28220988
2000-03-31 00:00:00+05:30,15.214059829711914,16.088172912597656,15.192662239074707,15.865633010864258,27392504
2000-04-03 00:00:00+05:30,15.832466125488281,17.135610580444336,15.429110527038574,17.054298400878906,80382074
2000-04-04 00:00:00+05:30,16.797521591186523,16.797521591186523,15.690168380737305,15.690168380737305,27166362
2000-04-05 00:00:00+05:30,14.550719261169434,15.834606170654297,14.444798469543457,14.951932907104492,33006129
2000-04-06 00:00:00+05:30,15.085672378540039,15.214059829711914,13.825323104858398,14.61063289642334,20159998
2000-04-07 00:00:00+05:30,14.593515396118164,15.704076766967773,14.593515396118164,15.640953063964844,50815547
2000-04-10 00:00:00+05:30,15.727615356445312,16.515066146850586,15.513633728027344,15.74901294708252,68288626
2000-04-11 00:00:00+05:30,15.537172317504883,15.577828407287598,15.042875289916992,15.342449188232422,22405289
2000-04-12 00:00:00+05:30,15.513633728027344,15.82604694366455,15.299653053283691,15.446229934692383,16534258
2000-04-13 00:00:00+05:30,15.011848449707031,15.011848449707031,14.550719261169434,14.671618461608887,18802122
2000-04-14 00:00:00+05:30,14.671618461608887,14.671618461608887,14.671618461608887,14.671618461608887,0
2000-04-17 00:00:00+05:30,14.550719261169434,14.550719261169434,13.497930526733398,13.497930526733398,15138108
2000-04-18 00:00:00+05:30,13.497930526733398,13.849929809570312,12.41839599609375,12.425886154174805,32198674
2000-04-19 00:00:00+05:30,13.245433807373047,13.245433807373047,11.940149307250977,12.457983016967773,35376758
2000-04-20 00:00:00+05:30,12.229022979736328,12.516827583312988,11.611686706542969,12.31889533996582,42921300
2000-04-21 00:00:00+05:30,12.31889533996582,12.31889533996582,12.31889533996582,12.31889533996582,0
2000-04-24 00:00:00+05:30,12.303916931152344,12.303916931152344,11.333512306213379,11.361329078674316,29196868
2000-04-25 00:00:00+05:30,10.714035987854004,11.255409240722656,10.480796813964844,10.990072250366211,40820695
2000-04-26 00:00:00+05:30,11.336722373962402,11.869535446166992,11.336722373962402,11.869535446166992,14221298
2000-04-27 00:00:00+05:30,12.710480690002441,12.710480690002441,11.869535446166992,12.302846908569336,44286654
2000-04-28 00:00:00+05:30,12.303916931152344,12.51575756072998,12.004343032836914,12.17980670928955,16711050
2000-05-01 00:00:00+05:30,12.17980670928955,12.17980670928955,12.17980670928955,12.17980670928955,0
2000-05-02 00:00:00+05:30,12.089935302734375,12.28251838684082,11.234010696411133,11.297135353088379,20270522
2000-05-03 00:00:00+05:30,10.741853713989258,11.651273727416992,10.594206809997559,11.24898910522461,27223938
2000-05-04 00:00:00+05:30,11.3410005569458,11.918749809265137,11.127019882202148,11.750775337219238,24017674
2000-05-05 00:00:00+05:30,11.850275993347168,12.261119842529297,11.747565269470215,12.077095985412598,29956842
2000-05-08 00:00:00+05:30,12.23972225189209,12.691222190856934,11.11097240447998,11.134509086608887,22667509
2000-05-09 00:00:00+05:30,10.833866119384766,11.576380729675293,10.699057579040527,11.32174301147461,20297627
2000-05-10 00:00:00+05:30,11.447992324829102,11.88558292388916,11.105622291564941,11.405196189880371,52307874
2000-05-11 00:00:00+05:30,11.3410005569458,11.672672271728516,11.02003002166748,11.410545349121094,26392836
2000-05-12 00:00:00+05:30,11.55284309387207,12.162689208984375,11.362399101257324,11.971176147460938,62668225
2000-05-15 00:00:00+05:30,11.811759948730469,12.62488842010498,11.469389915466309,12.420536041259766,40809292
2000-05-16 00:00:00+05:30,12.522176742553711,13.583523750305176,12.522176742553711,13.39094066619873,62829735
2000-05-17 00:00:00+05:30,13.587803840637207,13.694793701171875,13.117045402526855,13.235803604125977,56780371
2000-05-18 00:00:00+05:30,13.05392074584961,13.373822212219238,12.731879234313965,12.939440727233887,34956394
2000-05-19 00:00:00+05:30,12.775745391845703,13.309627532958984,12.73401927947998,13.246503829956055,26204736
2000-05-22 00:00:00+05:30,13.15984058380127,13.64771842956543,13.079598426818848,13.447646141052246,33498508
2000-05-23 00:00:00+05:30,13.492582321166992,13.908775329589844,13.421968460083008,13.761128425598145,35885354
2000-05-24 00:00:00+05:30,13.694793701171875,14.101358413696289,12.88166618347168,13.37275218963623,52002988
2000-05-25 00:00:00+05:30,13.138442993164062,14.315339088439941,13.138442993164062,14.006136894226074,90435342
2000-05-26 00:00:00+05:30,14.120616912841797,14.52932071685791,13.804993629455566,14.375253677368164,70066447
2000-05-29 00:00:00+05:30,14.336737632751465,14.550719261169434,14.122756004333496,14.347436904907227,36629251
2000-05-30 00:00:00+05:30,14.400932312011719,16.027189254760742,14.293940544128418,15.81641674041748,73694943
2000-05-31 00:00:00+05:30,16.47654914855957,16.883113861083984,15.171263694763184,15.526473045349121,138465644
2000-06-01 00:00:00+05:30,15.30714225769043,15.684819221496582,14.788237571716309,14.885599136352539,55642700
2000-06-02 00:00:00+05:30,15.042875289916992,15.385245323181152,14.680176734924316,14.903787612915039,57900049
2000-06-05 00:00:00+05:30,15.190522193908691,15.492236137390137,14.14415454864502,14.231886863708496,66289011
2000-06-06 00:00:00+05:30,14.14415454864502,14.54750919342041,13.91091537475586,14.292871475219727,46522038
2000-06-07 00:00:00+05:30,14.315339088439941,14.975470542907715,14.22974681854248,14.727252960205078,41267931
2000-06-08 00:00:00+05:30,14.870620727539062,15.255786895751953,14.765769958496094,15.14130687713623,43068790
2000-06-09 00:00:00+05:30,15.021476745605469,15.4280424118042,14.786097526550293,14.967982292175293,40068619
2000-06-12 00:00:00+05:30,15.042875289916992,15.042875289916992,14.582816123962402,14.727252960205078,19070837
2000-06-13 00:00:00+05:30,14.614912986755371,14.87169075012207,14.507923126220703,14.761489868164062,18307919
2000-06-14 00:00:00+05:30,14.912346839904785,15.074973106384277,14.700506210327148,14.931605339050293,28084574
2000-06-15 00:00:00+05:30,14.978680610656738,15.556429862976074,14.9144868850708,15.340309143066406,41960795
2000-06-16 00:00:00+05:30,15.380966186523438,15.665560722351074,15.299653053283691,15.48581600189209,29890948
2000-06-19 00:00:00+05:30,15.513633728027344,16.066774368286133,15.472977638244629,15.775760650634766,36965963
2000-06-20 00:00:00+05:30,15.962993621826172,16.375978469848633,15.834606170654297,16.07854461669922,39476465
2000-06-21 00:00:00+05:30,16.2625675201416,16.360998153686523,15.342449188232422,15.512563705444336,28501059
2000-06-22 00:00:00+05:30,15.492236137390137,15.920198440551758,15.192662239074707,15.74901294708252,22366361
2000-06-23 00:00:00+05:30,15.727615356445312,16.260427474975586,15.535032272338867,15.82176685333252,50635297
2000-06-26 00:00:00+05:30,15.706216812133789,15.93731689453125,15.40664291381836,15.512563705444336,25481775
2000-06-27 00:00:00+05:30,15.451579093933105,15.74901294708252,15.32533073425293,15.42269229888916,27891894
2000-06-28 00:00:00+05:30,15.363846778869629,16.412355422973633,15.342449188232422,16.142738342285156,48505998
2000-06-29 00:00:00+05:30,16.455150604248047,17.225482940673828,16.338531494140625,17.09388542175293,83902197
2000-06-30 00:00:00+05:30,16.905580520629883,17.219064712524414,16.733327865600586,16.94302749633789,54746734
2000-07-03 00:00:00+05:30,17.07569694519043,17.632047653198242,16.369558334350586,17.485469818115234,86784694
2000-07-04 00:00:00+05:30,17.54645538330078,17.622417449951172,17.22869300842285,17.32498550415039,34054258
2000-07-05 00:00:00+05:30,17.118492126464844,17.40201759338379,16.863855361938477,17.08425521850586,38773459
2000-07-06 00:00:00+05:30,16.89381217956543,17.426626205444336,16.714067459106445,17.31963539123535,65725364
2000-07-07 00:00:00+05:30,17.439464569091797,18.034332275390625,17.334613800048828,17.82356071472168,76465327
2000-07-10 00:00:00+05:30,17.89096450805664,18.143463134765625,17.60102081298828,17.930551528930664,54363382
2000-07-11 00:00:00+05:30,17.804302215576172,18.552167892456055,17.698381423950195,18.471923828125,121284272
2000-07-12 00:00:00+05:30,18.509370803833008,18.509370803833008,17.867427825927734,18.09210777282715,26866196
2000-07-13 00:00:00+05:30,18.145601272583008,18.828201293945312,17.71870994567871,17.831050872802734,115842672
2000-07-14 00:00:00+05:30,17.91022300720215,18.16699981689453,17.54645538330078,17.650236129760742,48316448
2000-07-17 00:00:00+05:30,17.568923950195312,17.568923950195312,16.47654914855957,16.72690773010254,50260077
2000-07-18 00:00:00+05:30,16.550373077392578,17.671634674072266,16.54930305480957,17.245811462402344,77418355
2000-07-19 00:00:00+05:30,17.14845085144043,17.480121612548828,16.733327865600586,16.791101455688477,29908473
2000-07-20 00:00:00+05:30,16.73546600341797,17.09388542175293,16.30536460876465,16.464780807495117,44084207
2000-07-21 00:00:00+05:30,16.54074478149414,16.78468132019043,15.974762916564941,16.128829956054688,42946116
2000-07-24 00:00:00+05:30,15.910569190979004,16.198373794555664,15.663420677185059,15.81641674041748,42686887
2000-07-25 00:00:00+05:30,15.54680061340332,16.58139991760254,15.54680061340332,16.170555114746094,53098645
2000-07-26 00:00:00+05:30,16.15557861328125,16.39095687866211,15.541452407836914,15.666630744934082,29122235
2000-07-27 00:00:00+05:30,15.577828407287598,15.835676193237305,15.000079154968262,15.762922286987305,35090658
2000-07-28 00:00:00+05:30,15.920198440551758,16.645593643188477,15.754363059997559,16.006860733032227,57008522
2000-07-31 00:00:00+05:30,15.974762916564941,16.343881607055664,15.74901294708252,15.87633228302002,23722041
2000-08-01 00:00:00+05:30,15.962993621826172,16.197303771972656,15.691238403320312,16.084964752197266,23004314
2000-08-02 00:00:00+05:30,16.02397918701172,16.348161697387695,15.899869918823242,16.246519088745117,19828053
2000-08-03 00:00:00+05:30,16.36741828918457,16.530044555664062,15.984393119812012,16.038957595825195,32972901
2000-08-04 00:00:00+05:30,16.076404571533203,16.54930305480957,15.878472328186035,16.285036087036133,51407468
2000-08-07 00:00:00+05:30,16.369558334350586,16.840316772460938,16.32676124572754,16.586750030517578,45932033
2000-08-08 00:00:00+05:30,16.669132232666016,16.797521591186523,16.4262638092041,16.652013778686523,27282167
2000-08-09 00:00:00+05:30,16.647733688354492,16.687320709228516,16.2625675201416,16.442312240600586,34131088
2000-08-10 00:00:00+05:30,16.519344329833984,16.669132232666016,16.369558334350586,16.419843673706055,29695417
2000-08-11 00:00:00+05:30,16.455150604248047,16.497947692871094,16.072124481201172,16.289316177368164,21498387
2000-08-14 00:00:00+05:30,16.369558334350586,17.59139060974121,16.134178161621094,17.158079147338867,46381792
2000-08-15 00:00:00+05:30,17.158079147338867,17.158079147338867,17.158079147338867,17.158079147338867,0
2000-08-16 00:00:00+05:30,17.715499877929688,17.951948165893555,17.09816551208496,17.520776748657227,63033865
2000-08-17 00:00:00+05:30,17.512218475341797,17.67484474182129,17.01150131225586,17.11528205871582,31202278
2000-08-18 00:00:00+05:30,17.139890670776367,17.332473754882812,16.82105827331543,16.9804744720459,28130746
2000-08-21 00:00:00+05:30,16.904512405395508,17.127052307128906,16.58568000793457,16.709789276123047,20396841
2000-08-22 00:00:00+05:30,16.851015090942383,17.032899856567383,16.289316177368164,16.396305084228516,43101830
2000-08-23 00:00:00+05:30,16.528974533081055,16.8167781829834,16.373838424682617,16.618846893310547,28226923
2000-08-24 00:00:00+05:30,16.665922164916992,16.8167781829834,16.375978469848633,16.465850830078125,16718854
2000-08-25 00:00:00+05:30,16.56214141845703,16.6669921875,16.221912384033203,16.26898765563965,26542569
2000-08-28 00:00:00+05:30,16.219772338867188,16.412355422973633,16.112781524658203,16.347091674804688,11892822
2000-08-29 00:00:00+05:30,16.283966064453125,16.579259872436523,16.283966064453125,16.412355422973633,19796695
2000-08-30 00:00:00+05:30,16.47654914855957,16.58139991760254,16.17697525024414,16.246519088745117,10539852
2000-08-31 00:00:00+05:30,16.21335220336914,16.669132232666016,16.17697525024414,16.60386848449707,22075727
2000-09-01 00:00:00+05:30,16.60386848449707,16.60386848449707,16.60386848449707,16.60386848449707,0
2000-09-04 00:00:00+05:30,16.733327865600586,16.883113861083984,16.465850830078125,16.507577896118164,21348748
2000-09-05 00:00:00+05:30,16.58032989501953,16.754724502563477,16.47654914855957,16.52683448791504,18135474
2000-09-06 00:00:00+05:30,16.538604736328125,16.59851837158203,16.228330612182617,16.35886001586914,22464173
2000-09-07 00:00:00+05:30,16.433752059936523,16.58139991760254,16.29466438293457,16.348161697387695,9576169
2000-09-08 00:00:00+05:30,16.35886001586914,16.579259872436523,16.2625675201416,16.320343017578125,16829752
2000-09-11 00:00:00+05:30,16.36741828918457,16.40914535522461,16.198373794555664,16.28610610961914,10678790
2000-09-12 00:00:00+05:30,16.2625675201416,18.079267501831055,16.2625675201416,17.76364517211914,105116120
2000-09-13 00:00:00+05:30,17.970138549804688,18.35958480834961,17.54645538330078,17.980836868286133,63209815
2000-09-14 00:00:00+05:30,17.86956787109375,18.06001091003418,17.559293746948242,17.622417449951172,29228039
2000-09-15 00:00:00+05:30,17.739038467407227,17.7582950592041,17.12063217163086,17.22976303100586,26051451
2000-09-18 00:00:00+05:30,17.118492126464844,17.204084396362305,16.606008529663086,16.677692413330078,21041244
2000-09-19 00:00:00+05:30,16.586750030517578,16.754724502563477,16.048587799072266,16.133108139038086,28673878
2000-09-20 00:00:00+05:30,16.519344329833984,16.604938507080078,16.24117088317871,16.461570739746094,8358118
2000-09-21 00:00:00+05:30,16.56214141845703,17.097095489501953,16.41449546813965,16.52576446533203,25498786
2000-09-22 00:00:00+05:30,16.457290649414062,16.47654914855957,15.248296737670898,15.502935409545898,33437989
2000-09-25 00:00:00+05:30,15.941596031188965,16.219772338867188,15.363846778869629,15.639883041381836,21573300
2000-09-26 00:00:00+05:30,15.646302223205566,15.920198440551758,15.41092300415039,15.642023086547852,22897856
2000-09-27 00:00:00+05:30,15.470837593078613,15.91912841796875,15.449440002441406,15.691238403320312,13358512
2000-09-28 00:00:00+05:30,15.704076766967773,15.898799896240234,15.024686813354492,15.186243057250977,27256370
2000-09-29 00:00:00+05:30,15.403433799743652,15.577828407287598,15.149866104125977,15.261136054992676,18894092
2000-10-02 00:00:00+05:30,15.261136054992676,15.261136054992676,15.261136054992676,15.261136054992676,0
2000-10-03 00:00:00+05:30,15.251506805419922,15.53396224975586,15.042875289916992,15.2643461227417,15421918
2000-10-04 00:00:00+05:30,15.385245323181152,15.577828407287598,15.298583030700684,15.491166114807129,10817213
2000-10-05 00:00:00+05:30,15.554289817810059,15.881682395935059,15.418412208557129,15.48581600189209,25806056
2000-10-06 00:00:00+05:30,15.57461929321289,16.061426162719727,15.57461929321289,15.829256057739258,43966252
2000-10-09 00:00:00+05:30,15.793949127197266,15.930896759033203,15.513633728027344,15.556429862976074,20012275
2000-10-10 00:00:00+05:30,15.617415428161621,15.684819221496582,15.323190689086914,15.408782958984375,17994247
2000-10-11 00:00:00+05:30,15.299653053283691,15.599225997924805,15.081392288208008,15.418412208557129,22293924
2000-10-12 00:00:00+05:30,15.311422348022461,16.09994125366211,15.3007230758667,15.958715438842773,42117164
2000-10-13 00:00:00+05:30,15.834606170654297,16.607078552246094,15.620624542236328,16.36313819885254,65370472
2000-10-16 00:00:00+05:30,16.369558334350586,17.153799057006836,16.369558334350586,16.90665054321289,54095228
2000-10-17 00:00:00+05:30,16.904512405395508,17.009361267089844,15.80357837677002,16.115991592407227,53192017
2000-10-18 00:00:00+05:30,16.05179786682129,16.15557861328125,15.750082969665527,15.838885307312012,20576951
2000-10-19 00:00:00+05:30,15.727615356445312,16.129899978637695,15.62169361114502,16.002580642700195,15944861
2000-10-20 00:00:00+05:30,16.173765182495117,16.765424728393555,15.942666053771973,16.01007080078125,37955349
2000-10-23 00:00:00+05:30,15.942666053771973,16.198373794555664,15.877402305603027,15.97583293914795,10627290
2000-10-24 00:00:00+05:30,15.946946144104004,16.321413040161133,15.946946144104004,16.24544906616211,22556377
2000-10-25 00:00:00+05:30,16.2625675201416,16.62633514404297,16.069984436035156,16.36741828918457,27871097
2000-10-26 00:00:00+05:30,16.307504653930664,16.54074478149414,15.969413757324219,16.425193786621094,9941388
2000-10-27 00:00:00+05:30,16.41449546813965,16.57284164428711,16.156646728515625,16.185535430908203,9129354
2000-10-30 00:00:00+05:30,16.30536460876465,16.30536460876465,15.942666053771973,16.066774368286133,9968587
2000-10-31 00:00:00+05:30,16.05928611755371,16.39095687866211,15.995092391967773,16.25828742980957,14684703
2000-11-01 00:00:00+05:30,16.412355422973633,17.353872299194336,16.17804527282715,16.6851806640625,38907770
2000-11-02 00:00:00+05:30,16.77184295654297,17.671634674072266,16.77184295654297,17.57855224609375,110720819
2000-11-03 00:00:00+05:30,17.653446197509766,17.905942916870117,17.24688148498535,17.304655075073242,49202414
2000-11-06 00:00:00+05:30,17.250091552734375,17.46086311340332,17.183757781982422,17.227622985839844,28586394
2000-11-07 00:00:00+05:30,17.1623592376709,17.520776748657227,17.1623592376709,17.31963539123535,29712287
2000-11-08 00:00:00+05:30,17.39666748046875,17.61064910888672,16.777193069458008,16.87990379333496,79317027
2000-11-09 00:00:00+05:30,16.738676071166992,17.145240783691406,16.41449546813965,16.615636825561523,59087209
2000-11-10 00:00:00+05:30,16.4990177154541,16.58568000793457,16.199443817138672,16.271127700805664,28426754
2000-11-13 00:00:00+05:30,16.219772338867188,16.324623107910156,16.00579071044922,16.138458251953125,18183095
2000-11-14 00:00:00+05:30,16.215492248535156,16.54074478149414,16.12347984313965,16.380258560180664,28960773
2000-11-15 00:00:00+05:30,16.60386848449707,16.797521591186523,16.41342544555664,16.459430694580078,26731745
2000-11-16 00:00:00+05:30,16.433752059936523,16.551443099975586,16.156646728515625,16.20479393005371,20258558
2000-11-17 00:00:00+05:30,16.110641479492188,16.53646469116211,16.10422134399414,16.48938751220703,28285152
2000-11-20 00:00:00+05:30,16.53646469116211,16.647733688354492,16.40379524230957,16.455150604248047,12385295
2000-11-21 00:00:00+05:30,16.433752059936523,16.876693725585938,16.32676124572754,16.6669921875,36697108
2000-11-22 00:00:00+05:30,16.838176727294922,17.054298400878906,16.712997436523438,16.77077293395996,41536880
2000-11-23 00:00:00+05:30,16.65308380126953,16.797521591186523,16.584609985351562,16.681970596313477,14945801
2000-11-24 00:00:00+05:30,16.73118782043457,16.86171531677246,16.627405166625977,16.755794525146484,15147314
2000-11-27 00:00:00+05:30,16.773983001708984,16.964426040649414,16.714067459106445,16.855295181274414,14813032
2000-11-28 00:00:00+05:30,16.840316772460938,17.24688148498535,16.840316772460938,17.147380828857422,36912267
2000-11-29 00:00:00+05:30,17.13026237487793,18.273990631103516,17.07569694519043,17.485469818115234,96681780
2000-11-30 00:00:00+05:30,17.54645538330078,17.739038467407227,17.439464569091797,17.48760986328125,43199409
2000-12-01 00:00:00+05:30,17.37527084350586,18.132762908935547,17.332473754882812,17.907012939453125,100002212
2000-12-04 00:00:00+05:30,17.953018188476562,18.3221378326416,17.824630737304688,18.106016159057617,66424023
2000-12-05 00:00:00+05:30,18.2311954498291,18.751169204711914,18.1038761138916,18.573564529418945,74257002
2000-12-06 00:00:00+05:30,18.830341339111328,18.915935516357422,18.29538917541504,18.418428421020508,61642060
2000-12-07 00:00:00+05:30,18.35958480834961,18.637758255004883,18.318927764892578,18.456945419311523,38629988
2000-12-08 00:00:00+05:30,18.434476852416992,18.609941482543945,18.29538917541504,18.355304718017578,33050572
2000-12-11 00:00:00+05:30,18.35958480834961,18.845321655273438,18.233335494995117,18.674135208129883,55522036
2000-12-12 00:00:00+05:30,18.86029815673828,19.472286224365234,18.628129959106445,19.331058502197266,124136252
2000-12-13 00:00:00+05:30,19.47014617919922,19.8360538482666,19.25616455078125,19.645610809326172,100320698
2000-12-14 00:00:00+05:30,19.793256759643555,19.897037506103516,19.32463836669922,19.47870445251465,66739986
2000-12-15 00:00:00+05:30,19.45088768005371,19.943044662475586,18.969430923461914,19.78255844116211,185833411
2000-12-18 00:00:00+05:30,19.47335433959961,20.028636932373047,19.47335433959961,19.74083137512207,75932757
2000-12-19 00:00:00+05:30,19.66486930847168,19.87885093688965,19.429489135742188,19.60067367553711,66029222
2000-12-20 00:00:00+05:30,19.258304595947266,19.511871337890625,18.894535064697266,19.186620712280273,58961217
2000-12-21 00:00:00+05:30,19.044322967529297,19.622072219848633,18.853879928588867,19.384553909301758,76354103
2000-12-22 00:00:00+05:30,19.643470764160156,19.707664489746094,19.06572151184082,19.167362213134766,52970783
2000-12-25 00:00:00+05:30,19.167362213134766,19.167362213134766,19.167362213134766,19.167362213134766,0
2000-12-26 00:00:00+05:30,19.322498321533203,19.36529541015625,18.470853805541992,18.582124710083008,46374782
2000-12-27 00:00:00+05:30,18.552167892456055,18.76614761352539,18.329626083374023,18.63134002685547,28861979
2000-12-28 00:00:00+05:30,18.710512161254883,19.216577529907227,18.659156799316406,19.089258193969727,42071039
2000-12-29 00:00:00+05:30,19.203739166259766,19.320358276367188,18.983339309692383,19.17485237121582,28130466
2001-01-01 00:00:00+05:30,19.236906051635742,19.429489135742188,18.98868751525879,19.126705169677734,25667819
2001-01-02 00:00:00+05:30,19.168432235717773,19.472286224365234,19.168432235717773,19.411300659179688,32659042
2001-01-03 00:00:00+05:30,19.343896865844727,20.429851531982422,19.258304595947266,20.20838165283203,170953690
2001-01-04 00:00:00+05:30,20.3175106048584,20.542190551757812,19.720504760742188,19.803955078125,65803922
2001-01-05 00:00:00+05:30,19.75046157836914,20.182703018188477,19.644540786743164,20.037195205688477,77735953
2001-01-08 00:00:00+05:30,19.948394775390625,20.242618560791016,19.313940048217773,19.47870445251465,75883874
2001-01-09 00:00:00+05:30,19.472286224365234,19.87885093688965,19.408090591430664,19.639190673828125,49277981
2001-01-10 00:00:00+05:30,19.643470764160156,19.90024757385254,19.352455139160156,19.45088768005371,39263689
2001-01-11 00:00:00+05:30,19.472286224365234,19.51508140563965,19.15131378173828,19.235836029052734,34134873
2001-01-12 00:00:00+05:30,19.309659957885742,19.363155364990234,18.59496307373047,18.661296844482422,50113289
2001-01-15 00:00:00+05:30,18.723350524902344,18.873138427734375,18.445175170898438,18.551097869873047,26349328
2001-01-16 00:00:00+05:30,18.59496307373047,18.910585403442383,18.447315216064453,18.51258087158203,33996870
2001-01-17 00:00:00+05:30,19.001527786254883,19.095678329467773,18.57677459716797,18.688045501708984,52828481
2001-01-18 00:00:00+05:30,18.755449295043945,19.301101684570312,18.616361618041992,19.208019256591797,73706814
2001-01-19 00:00:00+05:30,19.36101531982422,19.833913803100586,19.301101684570312,19.59211540222168,66393647
2001-01-22 00:00:00+05:30,19.643470764160156,19.788978576660156,19.37920379638672,19.53326988220215,24171052
2001-01-23 00:00:00+05:30,19.536479949951172,19.874570846557617,19.429489135742188,19.50545310974121,45612378
2001-01-24 00:00:00+05:30,19.459447860717773,19.725852966308594,19.258304595947266,19.468006134033203,36703604
2001-01-25 00:00:00+05:30,19.472286224365234,19.622072219848633,19.08711814880371,19.312870025634766,36206410
2001-01-26 00:00:00+05:30,19.312870025634766,19.312870025634766,19.312870025634766,19.312870025634766,0
2001-01-29 00:00:00+05:30,19.15131378173828,19.17057228088379,18.664506912231445,18.898815155029297,30150083
2001-01-30 00:00:00+05:30,18.96622085571289,19.427349090576172,18.939472198486328,19.353525161743164,31544224
2001-01-31 00:00:00+05:30,19.472286224365234,19.738691329956055,19.27970314025879,19.49261474609375,44969658
2001-02-01 00:00:00+05:30,19.51508140563965,19.72799301147461,19.02399444580078,19.121355056762695,56564464
2001-02-02 00:00:00+05:30,19.067861557006836,19.36529541015625,18.881698608398438,19.26044464111328,27510458
2001-02-05 00:00:00+05:30,19.27970314025879,19.491544723510742,18.964080810546875,19.093538284301758,21861924
2001-02-06 00:00:00+05:30,19.08818817138672,19.309659957885742,18.188398361206055,18.78005599975586,29753179
2001-02-07 00:00:00+05:30,18.402379989624023,18.465503692626953,16.568561553955078,16.872413635253906,213573002
2001-02-08 00:00:00+05:30,17.041460037231445,17.668424606323242,16.79966163635254,17.494029998779297,89436376
2001-02-09 00:00:00+05:30,17.567853927612305,17.65130615234375,17.16128921508789,17.376340866088867,40949632
2001-02-12 00:00:00+05:30,17.332473754882812,17.482261657714844,16.960147857666016,17.370990753173828,39783641
2001-02-13 00:00:00+05:30,17.37527084350586,17.418066024780273,17.0168514251709,17.139890670776367,47130549
2001-02-14 00:00:00+05:30,17.116352081298828,17.31107521057129,16.968706130981445,17.26078987121582,27564341
2001-02-15 00:00:00+05:30,17.31963539123535,17.621347427368164,17.26934814453125,17.559293746948242,39375381
2001-02-16 00:00:00+05:30,17.589250564575195,17.715499877929688,17.270418167114258,17.376340866088867,29668592
2001-02-19 00:00:00+05:30,17.37527084350586,17.418066024780273,16.79966163635254,16.9986629486084,32327564
2001-02-20 00:00:00+05:30,17.009361267089844,17.009361267089844,16.59423828125,16.668062210083008,32832655
2001-02-21 00:00:00+05:30,16.519344329833984,16.991174697875977,16.39095687866211,16.90665054321289,49192787
2001-02-22 00:00:00+05:30,16.904512405395508,17.652376174926758,16.86171531677246,17.53789520263672,97064617
2001-02-23 00:00:00+05:30,17.54645538330078,17.802162170410156,17.182687759399414,17.30144691467285,55387912
2001-02-26 00:00:00+05:30,17.16128921508789,17.439464569091797,16.931259155273438,17.362430572509766,37033773
2001-02-27 00:00:00+05:30,17.39666748046875,17.798952102661133,17.37527084350586,17.725128173828125,75353641
2001-02-28 00:00:00+05:30,17.654516220092773,17.760435104370117,16.2625675201416,16.60921859741211,193253971
2001-03-01 00:00:00+05:30,16.369558334350586,16.706579208374023,16.00579071044922,16.237960815429688,82257426
2001-03-02 00:00:00+05:30,16.369558334350586,16.647733688354492,15.984393119812012,16.137388229370117,58328544
2001-03-05 00:00:00+05:30,16.153438568115234,16.283966064453125,15.376686096191406,15.755433082580566,82155922
2001-03-06 00:00:00+05:30,15.755433082580566,15.755433082580566,15.755433082580566,15.755433082580566,0
2001-03-07 00:00:00+05:30,16.112781524658203,16.198373794555664,15.599225997924805,15.944806098937988,34629356
2001-03-08 00:00:00+05:30,16.15557861328125,17.17947769165039,15.984393119812012,17.03931999206543,50887889
2001-03-09 00:00:00+05:30,16.904512405395508,17.16128921508789,16.2625675201416,16.93553924560547,28186920
2001-03-12 00:00:00+05:30,16.99010467529297,17.01150131225586,16.327831268310547,16.35993003845215,17132535
2001-03-13 00:00:00+05:30,16.069984436035156,16.069984436035156,14.957283020019531,15.0418062210083,21435017
2001-03-14 00:00:00+05:30,14.764699935913086,16.24117088317871,14.721903800964355,16.111711502075195,16377422
2001-03-15 00:00:00+05:30,16.048587799072266,16.70871925354004,16.027189254760742,16.554651260375977,13076197
2001-03-16 00:00:00+05:30,16.497947692871094,16.797521591186523,16.455150604248047,16.69908905029297,11148598
2001-03-19 00:00:00+05:30,16.69053077697754,16.818918228149414,16.503297805786133,16.783611297607422,6893831
2001-03-20 00:00:00+05:30,16.818918228149414,16.904512405395508,16.50864601135254,16.782541275024414,10860395
2001-03-21 00:00:00+05:30,16.604938507080078,17.154869079589844,16.50864601135254,17.10244369506836,16472618
2001-03-22 00:00:00+05:30,17.178407669067383,17.418066024780273,17.07569694519043,17.314285278320312,12955859
2001-03-23 00:00:00+05:30,17.418066024780273,17.418066024780273,17.054298400878906,17.318565368652344,10816933
2001-03-26 00:00:00+05:30,17.16128921508789,17.650236129760742,17.16128921508789,17.44267463684082,11036952
2001-03-27 00:00:00+05:30,17.439464569091797,17.527196884155273,17.354942321777344,17.457653045654297,11370673
2001-03-28 00:00:00+05:30,17.49295997619629,18.027912139892578,17.482261657714844,17.957298278808594,21550307
2001-03-29 00:00:00+05:30,17.808582305908203,17.929481506347656,17.31107521057129,17.373130798339844,12778274
2001-03-30 00:00:00+05:30,17.31107521057129,17.589250564575195,17.30251693725586,17.418066024780273,11596441
2001-04-02 00:00:00+05:30,17.16663932800293,17.544315338134766,16.754724502563477,17.43732452392578,21527922
2001-04-03 00:00:00+05:30,17.37527084350586,17.589250564575195,17.353872299194336,17.498308181762695,7650813
2001-04-04 00:00:00+05:30,17.444814682006836,18.08140754699707,17.268280029296875,18.004375457763672,25474251
2001-04-05 00:00:00+05:30,18.004375457763672,18.004375457763672,18.004375457763672,18.004375457763672,0
2001-04-06 00:00:00+05:30,18.16699981689453,18.2311954498291,17.824630737304688,17.942319869995117,14142459
2001-04-09 00:00:00+05:30,17.974416732788086,18.2311954498291,17.888824462890625,18.089967727661133,14354253
2001-04-10 00:00:00+05:30,18.064289093017578,18.316787719726562,17.803232192993164,18.2675724029541,18110192
2001-04-11 00:00:00+05:30,18.273990631103516,18.337114334106445,17.634187698364258,17.867427825927734,21798180
2001-04-12 00:00:00+05:30,17.760435104370117,17.761505126953125,17.225482940673828,17.373130798339844,29816689
2001-04-13 00:00:00+05:30,17.373130798339844,17.373130798339844,17.373130798339844,17.373130798339844,0
2001-04-16 00:00:00+05:30,17.249021530151367,17.653446197509766,17.17519760131836,17.62348747253418,12117655
2001-04-17 00:00:00+05:30,17.54645538330078,17.69624137878418,17.353872299194336,17.563573837280273,9667860
2001-04-18 00:00:00+05:30,17.525056838989258,17.888824462890625,17.439464569091797,17.812862396240234,14105540
2001-04-19 00:00:00+05:30,17.93804168701172,18.288970947265625,17.803232192993164,18.094247817993164,26023972
2001-04-20 00:00:00+05:30,18.252592086791992,18.68055534362793,17.783973693847656,18.55323600769043,32459959
2001-04-23 00:00:00+05:30,18.59496307373047,18.894535064697266,18.44838523864746,18.793964385986328,15206899
2001-04-24 00:00:00+05:30,18.828201293945312,18.830341339111328,18.402379989624023,18.72121238708496,9754877
2001-04-25 00:00:00+05:30,18.726560592651367,18.726560592651367,18.509370803833008,18.618501663208008,6247559
2001-04-26 00:00:00+05:30,18.76614761352539,18.98012924194336,18.017213821411133,18.22156524658203,14859391
2001-04-27 00:00:00+05:30,17.867427825927734,18.057870864868164,17.37527084350586,17.934831619262695,19198558
2001-04-30 00:00:00+05:30,17.867427825927734,18.015073776245117,17.760435104370117,17.957298278808594,4965623
2001-05-01 00:00:00+05:30,17.957298278808594,17.957298278808594,17.957298278808594,17.957298278808594,0
2001-05-02 00:00:00+05:30,17.971208572387695,18.18625831604004,17.803232192993164,17.913433074951172,6645538
2001-05-03 00:00:00+05:30,17.867427825927734,18.017213821411133,17.824630737304688,17.887754440307617,4296032
2001-05-04 00:00:00+05:30,17.942319869995117,17.942319869995117,17.63846778869629,17.777555465698242,6006089
2001-05-07 00:00:00+05:30,17.760435104370117,18.0493106842041,17.760435104370117,17.877056121826172,4457308
2001-05-08 00:00:00+05:30,17.931621551513672,17.942319869995117,17.54645538330078,17.680192947387695,5523944
2001-05-09 00:00:00+05:30,17.67484474182129,18.08140754699707,17.334613800048828,17.840679168701172,8375924
2001-05-10 00:00:00+05:30,17.84602928161621,17.908082962036133,17.332473754882812,17.765785217285156,5766675
2001-05-11 00:00:00+05:30,17.760435104370117,17.760435104370117,17.163429260253906,17.277908325195312,8101320
2001-05-14 00:00:00+05:30,17.445884704589844,17.445884704589844,16.264707565307617,16.560001373291016,19347730
2001-05-15 00:00:00+05:30,16.497947692871094,16.647733688354492,15.922337532043457,16.49473762512207,6113902
2001-05-16 00:00:00+05:30,16.54074478149414,16.792171478271484,16.09138298034668,16.48189926147461,11794542
2001-05-17 00:00:00+05:30,16.583539962768555,16.733327865600586,16.219772338867188,16.470130920410156,12130133
2001-05-18 00:00:00+05:30,16.497947692871094,17.006153106689453,16.497947692871094,16.819988250732422,19991525
2001-05-21 00:00:00+05:30,16.69053077697754,16.883113861083984,16.47654914855957,16.63596534729004,9240673
2001-05-22 00:00:00+05:30,16.711929321289062,16.776123046875,16.44552230834961,16.502227783203125,8019070
2001-05-23 00:00:00+05:30,16.58032989501953,16.706579208374023,16.54074478149414,16.591028213500977,5824624
2001-05-24 00:00:00+05:30,16.519344329833984,16.664852142333984,16.41342544555664,16.470130920410156,4327530
2001-05-25 00:00:00+05:30,16.47654914855957,16.62633514404297,16.307504653930664,16.447662353515625,5922717
2001-05-28 00:00:00+05:30,16.583539962768555,16.647733688354492,16.455150604248047,16.547163009643555,5306401
2001-05-29 00:00:00+05:30,16.604938507080078,16.99010467529297,16.522554397583008,16.630615234375,26628838
2001-05-30 00:00:00+05:30,17.1077938079834,17.1077938079834,16.62633514404297,16.68946075439453,37998297
2001-05-31 00:00:00+05:30,16.797521591186523,17.19338607788086,16.62633514404297,17.03396987915039,34295588
2001-06-01 00:00:00+05:30,17.051088333129883,17.118492126464844,16.455150604248047,16.519344329833984,18714263
2001-06-04 00:00:00+05:30,16.30536460876465,16.57284164428711,16.18232536315918,16.2625675201416,7942147
2001-06-05 00:00:00+05:30,16.198373794555664,16.233680725097656,15.684819221496582,15.870983123779297,12740467
2001-06-06 00:00:00+05:30,16.112781524658203,16.15557861328125,15.941596031188965,16.044307708740234,6710777
2001-06-07 00:00:00+05:30,15.966203689575195,16.134178161621094,15.62169361114502,15.827116012573242,12515353
2001-06-08 00:00:00+05:30,15.684819221496582,15.812137603759766,15.470837593078613,15.673049926757812,13869071
2001-06-11 00:00:00+05:30,15.781109809875488,16.198373794555664,15.663420677185059,16.062496185302734,18340212
2001-06-12 00:00:00+05:30,16.048587799072266,16.15557861328125,15.944806098937988,16.05500602722168,7057443
2001-06-13 00:00:00+05:30,15.834606170654297,16.24117088317871,15.834606170654297,16.072124481201172,6460895
2001-06-14 00:00:00+05:30,16.071054458618164,16.306434631347656,15.883820533752441,15.958715438842773,18635378
2001-06-15 00:00:00+05:30,15.856003761291504,15.856003761291504,15.40664291381836,15.46762752532959,12223832
2001-06-18 00:00:00+05:30,15.326399803161621,16.134178161621094,15.326399803161621,15.99188232421875,14086099
2001-06-19 00:00:00+05:30,16.153438568115234,17.08425521850586,15.984393119812012,16.891672134399414,20361792
2001-06-20 00:00:00+05:30,17.009361267089844,17.009361267089844,16.395235061645508,16.637035369873047,15877846
2001-06-21 00:00:00+05:30,16.669132232666016,16.904512405395508,16.491527557373047,16.766494750976562,16059497
2001-06-22 00:00:00+05:30,16.797521591186523,16.89381217956543,16.69053077697754,16.7943115234375,10249406
2001-06-25 00:00:00+05:30,16.718347549438477,16.818918228149414,16.264707565307617,16.350299835205078,9239972
2001-06-26 00:00:00+05:30,16.29145622253418,17.533615112304688,16.15985679626465,17.082115173339844,21812807
2001-06-27 00:00:00+05:30,17.01150131225586,17.16128921508789,16.497947692871094,16.761144638061523,14682226
2001-06-28 00:00:00+05:30,16.691600799560547,16.848876953125,16.41449546813965,16.523624420166016,7007906
2001-06-29 00:00:00+05:30,16.519344329833984,16.69053077697754,15.94373607635498,16.14059829711914,10635468
2001-07-02 00:00:00+05:30,15.856003761291504,16.583539962768555,15.856003761291504,16.23689079284668,3614476
2001-07-03 00:00:00+05:30,15.879542350769043,16.348161697387695,15.730825424194336,15.998300552368164,17395316
2001-07-04 00:00:00+05:30,16.09138298034668,16.710859298706055,16.09138298034668,16.485107421875,10752955
2001-07-05 00:00:00+05:30,16.47654914855957,16.583539962768555,16.097803115844727,16.193023681640625,6027072
2001-07-06 00:00:00+05:30,16.00579071044922,16.28182601928711,15.856003761291504,16.215492248535156,7745821
2001-07-09 00:00:00+05:30,16.069984436035156,16.198373794555664,15.892380714416504,15.988672256469727,5802706
2001-07-10 00:00:00+05:30,15.941596031188965,16.18232536315918,15.941596031188965,16.14059829711914,4889916
2001-07-11 00:00:00+05:30,16.072124481201172,16.21335220336914,16.072124481201172,16.160926818847656,2995824
2001-07-12 00:00:00+05:30,16.219772338867188,16.24117088317871,16.01007080078125,16.18767547607422,5211393
2001-07-13 00:00:00+05:30,16.2625675201416,16.92591094970703,16.2625675201416,16.727977752685547,18695944
2001-07-16 00:00:00+05:30,16.786821365356445,17.0714168548584,16.61670684814453,16.87562370300293,15016975
2001-07-17 00:00:00+05:30,16.69053077697754,16.904512405395508,16.519344329833984,16.72690773010254,4938752
2001-07-18 00:00:00+05:30,16.818918228149414,16.88097381591797,16.433752059936523,16.704439163208008,6257279
2001-07-19 00:00:00+05:30,16.647733688354492,17.009361267089844,16.54074478149414,16.85743522644043,5750739
2001-07-20 00:00:00+05:30,16.840316772460938,17.030759811401367,16.649873733520508,16.909860610961914,13351315
2001-07-23 00:00:00+05:30,16.883113861083984,17.01150131225586,16.692670822143555,16.926979064941406,317644
2001-07-24 00:00:00+05:30,16.583539962768555,17.05215835571289,16.52576446533203,16.915210723876953,6152317
2001-07-25 00:00:00+05:30,16.829618453979492,17.01150131225586,16.776123046875,16.877763748168945,7769001
2001-07-26 00:00:00+05:30,16.86171531677246,16.883113861083984,16.573911666870117,16.6669921875,8188244
2001-07-27 00:00:00+05:30,16.50436782836914,16.69053077697754,16.063566207885742,16.14059829711914,11292816
2001-07-30 00:00:00+05:30,16.15557861328125,16.669132232666016,15.962993621826172,16.539674758911133,9827406
2001-07-31 00:00:00+05:30,16.647733688354492,17.097095489501953,16.501157760620117,16.9622859954834,11009707
2001-08-01 00:00:00+05:30,16.968706130981445,17.01150131225586,16.69053077697754,16.838176727294922,8328490
2001-08-02 00:00:00+05:30,16.840316772460938,16.86171531677246,16.32676124572754,16.418773651123047,6140914
2001-08-03 00:00:00+05:30,16.797521591186523,17.439464569091797,16.179115295410156,16.257219314575195,9191603
2001-08-06 00:00:00+05:30,16.283966064453125,16.54074478149414,16.11492156982422,16.259357452392578,8357230
2001-08-07 00:00:00+05:30,16.30536460876465,16.429473876953125,16.069984436035156,16.169485092163086,6903738
2001-08-08 00:00:00+05:30,16.24117088317871,16.261497497558594,14.48010540008545,15.941596031188965,10632804
2001-08-09 00:00:00+05:30,15.834606170654297,16.289316177368164,15.813207626342773,16.17804527282715,13363746
2001-08-10 00:00:00+05:30,16.24117088317871,16.36206817626953,15.729755401611328,15.806788444519043,11007464
2001-08-13 00:00:00+05:30,17.653446197509766,17.653446197509766,15.729755401611328,15.778970718383789,9263572
2001-08-14 00:00:00+05:30,16.025049209594727,16.217632293701172,15.642023086547852,16.084964752197266,11826928
2001-08-15 00:00:00+05:30,16.084964752197266,16.084964752197266,16.084964752197266,16.084964752197266,0
2001-08-16 00:00:00+05:30,16.07747459411621,16.24117088317871,15.620624542236328,15.68588924407959,10253519
2001-08-17 00:00:00+05:30,15.873122215270996,15.941596031188965,15.215129852294922,15.294302940368652,24259985
2001-08-20 00:00:00+05:30,15.299653053283691,15.684819221496582,15.214059829711914,15.605646133422852,18378626
2001-08-21 00:00:00+05:30,15.620624542236328,15.824976921081543,15.532892227172852,15.609926223754883,18811188
2001-08-22 00:00:00+05:30,15.609926223754883,15.609926223754883,15.609926223754883,15.609926223754883,0
2001-08-23 00:00:00+05:30,15.55856990814209,16.412355422973633,15.521122932434082,16.19088363647461,28982457
2001-08-24 00:00:00+05:30,16.197303771972656,16.239030838012695,15.71691608428955,15.838885307312012,17622532
2001-08-27 00:00:00+05:30,15.834606170654297,15.918058395385742,15.577828407287598,15.635602951049805,9786422
2001-08-28 00:00:00+05:30,15.620624542236328,16.01542091369629,15.518983840942383,15.588526725769043,22092224
2001-08-29 00:00:00+05:30,15.642023086547852,15.791810035705566,15.484746932983398,15.528613090515137,18976950
2001-08-30 00:00:00+05:30,15.59494686126709,15.663420677185059,15.370266914367676,15.433390617370605,22107226
2001-08-31 00:00:00+05:30,15.500795364379883,15.577828407287598,15.342449188232422,15.41092300415039,22690174
2001-09-03 00:00:00+05:30,15.614205360412598,15.614205360412598,15.363846778869629,15.425902366638184,12348890
2001-09-04 00:00:00+05:30,15.449440002441406,15.535032272338867,15.299653053283691,15.41627311706543,18170898
2001-09-05 00:00:00+05:30,15.513633728027344,16.191953659057617,15.513633728027344,16.079614639282227,33348822
2001-09-06 00:00:00+05:30,15.920198440551758,15.920198440551758,14.274682998657227,14.490803718566895,93574357
2001-09-07 00:00:00+05:30,14.44372844696045,14.721903800964355,13.878817558288574,14.24793529510498,67523840
2001-09-10 00:00:00+05:30,16.711929321289062,16.711929321289062,13.951571464538574,14.018976211547852,46157520
2001-09-11 00:00:00+05:30,14.22974681854248,14.550719261169434,13.994367599487305,14.347436904907227,54511526
2001-09-12 00:00:00+05:30,13.395219802856445,14.636310577392578,12.947999954223633,14.365625381469727,70402971
2001-09-13 00:00:00+05:30,14.293940544128418,14.709065437316895,14.028605461120605,14.14415454864502,48250788
2001-09-14 00:00:00+05:30,14.015766143798828,14.122756004333496,13.395219802856445,13.816762924194336,48598716
2001-09-17 00:00:00+05:30,13.395219802856445,13.50221061706543,12.930880546569824,13.312837600708008,50254002
2001-09-18 00:00:00+05:30,13.369543075561523,13.951571464538574,13.26683235168457,13.732240676879883,33606883
2001-09-19 00:00:00+05:30,13.651997566223145,13.801785469055176,13.373822212219238,13.619900703430176,25271009
2001-09-20 00:00:00+05:30,13.587803840637207,13.908775329589844,13.20263671875,13.711913108825684,35511209
2001-09-21 00:00:00+05:30,14.87169075012207,14.87169075012207,12.801423072814941,12.959769248962402,52741557
2001-09-24 00:00:00+05:30,12.860267639160156,13.371683120727539,12.860267639160156,13.098856925964355,30313368
2001-09-25 00:00:00+05:30,13.373822212219238,13.373822212219238,12.553204536437988,12.640936851501465,47714853
2001-09-26 00:00:00+05:30,12.721179962158203,13.093506813049316,12.368110656738281,12.524316787719727,53577706
2001-09-27 00:00:00+05:30,12.665545463562012,12.877386093139648,12.422676086425781,12.791793823242188,30687654
2001-09-28 00:00:00+05:30,12.860267639160156,13.157700538635254,12.271819114685059,12.405557632446289,52918676
2001-10-01 00:00:00+05:30,12.62488842010498,12.879526138305664,12.432305335998535,12.746857643127441,34931672
2001-10-02 00:00:00+05:30,12.746857643127441,12.746857643127441,12.746857643127441,12.746857643127441,0
2001-10-03 00:00:00+05:30,12.731879234313965,13.11490535736084,12.731879234313965,13.043221473693848,24440468
2001-10-04 00:00:00+05:30,13.075319290161133,13.260412216186523,12.567112922668457,12.903063774108887,39935243
2001-10-05 00:00:00+05:30,12.903063774108887,12.988656044006348,12.648426055908203,12.915903091430664,28159207
2001-10-08 00:00:00+05:30,12.62488842010498,12.96083927154541,12.410906791687012,12.689083099365234,25998222
2001-10-09 00:00:00+05:30,12.710480690002441,13.052850723266602,12.689083099365234,12.990796089172363,22454079
2001-10-10 00:00:00+05:30,12.945859909057617,14.092799186706543,12.92446231842041,13.954780578613281,80568866
2001-10-11 00:00:00+05:30,13.972970008850098,14.400932312011719,13.829602241516113,13.93017292022705,68244417
2001-10-12 00:00:00+05:30,13.908775329589844,14.101358413696289,13.694793701171875,13.752569198608398,44874743
2001-10-15 00:00:00+05:30,13.694793701171875,14.219047546386719,13.694793701171875,13.886306762695312,52809180
2001-10-16 00:00:00+05:30,13.964409828186035,14.159132957458496,13.807133674621582,13.904496192932129,21347159
2001-10-17 00:00:00+05:30,14.015766143798828,14.828893661499023,13.972970008850098,14.697296142578125,64173638
2001-10-18 00:00:00+05:30,14.625612258911133,14.935885429382324,14.358136177062988,14.525040626525879,48568620
2001-10-19 00:00:00+05:30,14.52932071685791,15.055713653564453,14.52932071685791,14.819265365600586,100525482
2001-10-22 00:00:00+05:30,14.940163612365723,14.9530029296875,13.940872192382812,14.027535438537598,59777737
2001-10-23 00:00:00+05:30,14.30250072479248,14.45656681060791,14.122756004333496,14.281102180480957,33106044
2001-10-24 00:00:00+05:30,14.358136177062988,14.779679298400879,14.254355430603027,14.446937561035156,42698384
2001-10-25 00:00:00+05:30,14.528250694274902,14.653429985046387,14.360276222229004,14.47475528717041,21088865
2001-10-26 00:00:00+05:30,14.47475528717041,14.47475528717041,14.47475528717041,14.47475528717041,0
2001-10-29 00:00:00+05:30,14.612772941589355,14.730463027954102,14.167692184448242,14.378463745117188,29109711
2001-10-30 00:00:00+05:30,14.19336986541748,14.44372844696045,14.18695068359375,14.344226837158203,16689599
2001-10-31 00:00:00+05:30,14.44372844696045,14.828893661499023,14.293940544128418,14.679106712341309,24089970
2001-11-01 00:00:00+05:30,14.681246757507324,16.003650665283203,14.681246757507324,15.82604694366455,117274807
2001-11-02 00:00:00+05:30,15.727615356445312,15.791810035705566,14.243656158447266,14.549649238586426,135005994
2001-11-05 00:00:00+05:30,14.243656158447266,14.657709121704102,13.716192245483398,13.834952354431152,145536593
2001-11-06 00:00:00+05:30,13.908775329589844,14.351716041564941,13.908775329589844,14.11419677734375,64384685
2001-11-07 00:00:00+05:30,14.122756004333496,14.308919906616211,13.664836883544922,13.762198448181152,52151692
2001-11-08 00:00:00+05:30,13.906635284423828,14.24793529510498,13.801785469055176,14.07781982421875,50112588
2001-11-09 00:00:00+05:30,14.14415454864502,14.293940544128418,13.804993629455566,13.89914608001709,32466455
2001-11-12 00:00:00+05:30,13.951571464538574,14.251145362854004,13.951571464538574,14.143084526062012,26728660
2001-11-13 00:00:00+05:30,14.18695068359375,14.249005317687988,13.976179122924805,14.09921932220459,19760617
2001-11-14 00:00:00+05:30,14.206209182739258,14.208349227905273,14.082099914550781,14.146293640136719,6281487
2001-11-15 00:00:00+05:30,14.227606773376465,14.848153114318848,14.085309982299805,14.618123054504395,43264742
2001-11-16 00:00:00+05:30,14.618123054504395,14.618123054504395,14.618123054504395,14.618123054504395,0
2001-11-19 00:00:00+05:30,14.764699935913086,15.235458374023438,14.721903800964355,14.909136772155762,47894261
2001-11-20 00:00:00+05:30,14.936955451965332,15.169123649597168,14.64059066772461,14.754000663757324,19980637
2001-11-21 00:00:00+05:30,14.564627647399902,15.449440002441406,14.564627647399902,15.051435470581055,66394581
2001-11-22 00:00:00+05:30,15.085672378540039,15.492236137390137,15.085672378540039,15.225829124450684,35145055
2001-11-23 00:00:00+05:30,15.402363777160645,15.777900695800781,14.9144868850708,15.020406723022461,24414438
2001-11-26 00:00:00+05:30,15.112419128417969,15.297513008117676,14.898438453674316,14.9690523147583,16870456
2001-11-27 00:00:00+05:30,15.000079154968262,15.163775444030762,14.445867538452148,14.613842964172363,24215729
2001-11-28 00:00:00+05:30,14.721903800964355,14.721903800964355,14.191229820251465,14.271472930908203,31282986
2001-11-29 00:00:00+05:30,14.315339088439941,14.52932071685791,14.122756004333496,14.278963088989258,16742408
2001-11-30 00:00:00+05:30,14.278963088989258,14.278963088989258,14.278963088989258,14.278963088989258,0
2001-12-03 00:00:00+05:30,14.315339088439941,14.696226119995117,14.267193794250488,14.55392837524414,26602060
2001-12-04 00:00:00+05:30,14.655570030212402,15.143446922302246,14.636310577392578,15.012918472290039,30864679
2001-12-05 00:00:00+05:30,15.085672378540039,15.41627311706543,15.085672378540039,15.225829124450684,25344847
2001-12-06 00:00:00+05:30,15.40664291381836,15.661280632019043,15.156285285949707,15.41092300415039,36026067
2001-12-07 00:00:00+05:30,15.429110527038574,15.885960578918457,14.959423065185547,15.154146194458008,45150188
2001-12-10 00:00:00+05:30,15.17982292175293,15.355287551879883,15.0054292678833,15.269695281982422,13159990
2001-12-11 00:00:00+05:30,15.255786895751953,15.449440002441406,14.991519927978516,15.059993743896484,15513141
2001-12-12 00:00:00+05:30,15.085672378540039,15.171263694763184,14.52932071685791,14.660919189453125,48068716
2001-12-13 00:00:00+05:30,14.764699935913086,14.929465293884277,14.336737632751465,14.779679298400879,29192055
2001-12-14 00:00:00+05:30,14.87169075012207,14.903787612915039,14.582816123962402,14.685526847839355,11418808
2001-12-17 00:00:00+05:30,14.685526847839355,14.685526847839355,14.685526847839355,14.685526847839355,0
2001-12-18 00:00:00+05:30,14.818195343017578,14.818195343017578,14.380603790283203,14.51113224029541,12046994
2001-12-19 00:00:00+05:30,14.657709121704102,14.657709121704102,14.283242225646973,14.348506927490234,13105172
2001-12-20 00:00:00+05:30,14.358136177062988,14.623472213745117,14.29822063446045,14.519691467285156,6194096
2001-12-21 00:00:00+05:30,14.507923126220703,14.550719261169434,14.022185325622559,14.227606773376465,12500632
2001-12-24 00:00:00+05:30,15.169123649597168,15.169123649597168,14.037163734436035,14.312129974365234,5735271
2001-12-25 00:00:00+05:30,14.312129974365234,14.312129974365234,14.312129974365234,14.312129974365234,0
2001-12-26 00:00:00+05:30,14.422329902648926,14.550719261169434,14.275753021240234,14.342086791992188,5249153
2001-12-27 00:00:00+05:30,14.422329902648926,14.422329902648926,14.208349227905273,14.252215385437012,6128202
2001-12-28 00:00:00+05:30,14.208349227905273,14.271472930908203,14.122756004333496,14.139875411987305,7801153
2001-12-31 00:00:00+05:30,14.251145362854004,14.655570030212402,14.251145362854004,14.49936294555664,10519664
2002-01-01 00:00:00+05:30,14.507923126220703,14.850292205810547,14.465126037597656,14.637380599975586,8267923
2002-01-02 00:00:00+05:30,14.764699935913086,15.192662239074707,14.741162300109863,15.1370267868042,22037920
2002-01-03 00:00:00+05:30,15.192662239074707,15.299653053283691,15.0257568359375,15.144515991210938,10108132
2002-01-04 00:00:00+05:30,15.192662239074707,15.37989616394043,15.021476745605469,15.126328468322754,11675279
2002-01-07 00:00:00+05:30,15.235458374023438,15.385245323181152,15.109210014343262,15.2279691696167,10442834
2002-01-08 00:00:00+05:30,15.192662239074707,15.511493682861328,15.192662239074707,15.34993839263916,15779145
2002-01-09 00:00:00+05:30,15.214059829711914,15.791810035705566,15.214059829711914,15.598156929016113,25123659
2002-01-10 00:00:00+05:30,15.4280424118042,15.870983123779297,15.4280424118042,15.788599967956543,17241377
2002-01-11 00:00:00+05:30,15.813207626342773,16.3898868560791,15.792879104614258,16.221912384033203,35802169
2002-01-14 00:00:00+05:30,16.369558334350586,16.583539962768555,16.00579071044922,16.118131637573242,20995352
2002-01-15 00:00:00+05:30,15.941596031188965,16.2625675201416,15.62169361114502,15.699797630310059,9176321
2002-01-16 00:00:00+05:30,15.941596031188965,15.941596031188965,15.514703750610352,15.566059112548828,8442752
2002-01-17 00:00:00+05:30,15.556429862976074,16.084964752197266,15.470837593078613,15.987602233886719,14231766
2002-01-18 00:00:00+05:30,16.08710479736328,16.69053077697754,15.470837593078613,15.598156929016113,16134971
2002-01-21 00:00:00+05:30,15.620624542236328,15.989742279052734,14.358136177062988,15.831396102905273,8098236
2002-01-22 00:00:00+05:30,15.665560722351074,15.920198440551758,15.665560722351074,15.832466125488281,10602568
2002-01-23 00:00:00+05:30,15.791810035705566,16.016490936279297,15.695517539978027,15.885960578918457,11203182
2002-01-24 00:00:00+05:30,15.941596031188965,16.148088455200195,15.67411994934082,15.86456298828125,15152034
2002-01-25 00:00:00+05:30,15.663420677185059,15.746872901916504,15.439810752868652,15.494376182556152,11113501
2002-01-28 00:00:00+05:30,15.619555473327637,15.620624542236328,15.085672378540039,15.144515991210938,8615197
2002-01-29 00:00:00+05:30,15.235458374023438,15.277185440063477,14.886669158935547,15.01933765411377,14236159
2002-01-30 00:00:00+05:30,14.87169075012207,15.081392288208008,14.87169075012207,15.03752613067627,4242429
2002-01-31 00:00:00+05:30,15.085672378540039,15.210850715637207,14.764699935913086,14.857782363891602,15095347
2002-02-01 00:00:00+05:30,14.903787612915039,15.031105995178223,14.860990524291992,14.967982292175293,6484916
2002-02-04 00:00:00+05:30,15.40450382232666,15.40450382232666,14.833173751831055,14.912346839904785,3219909
2002-02-05 00:00:00+05:30,14.828893661499023,15.152006149291992,14.812846183776855,14.966912269592285,6900093
2002-02-06 00:00:00+05:30,15.021476745605469,15.057853698730469,14.83531379699707,14.951932907104492,13501234
2002-02-07 00:00:00+05:30,15.128467559814453,15.449440002441406,14.912346839904785,14.975470542907715,12066108
2002-02-08 00:00:00+05:30,15.128467559814453,15.39487361907959,15.021476745605469,15.305002212524414,13041147
2002-02-11 00:00:00+05:30,15.617415428161621,15.617415428161621,15.193732261657715,15.285743713378906,5083858
2002-02-12 00:00:00+05:30,15.192662239074707,15.233319282531738,15.000079154968262,15.042875289916992,3560079
2002-02-13 00:00:00+05:30,15.0054292678833,15.192662239074707,14.957283020019531,15.015057563781738,4099846
2002-02-14 00:00:00+05:30,15.299653053283691,15.299653053283691,15.021476745605469,15.180892944335938,4812245
2002-02-15 00:00:00+05:30,15.2461576461792,15.703006744384766,15.237598419189453,15.539312362670898,31663113
2002-02-18 00:00:00+05:30,15.492236137390137,16.088172912597656,15.342449188232422,15.976902961730957,26021916
2002-02-19 00:00:00+05:30,16.063566207885742,16.17697525024414,15.834606170654297,16.037887573242188,26076266
2002-02-20 00:00:00+05:30,15.834606170654297,16.048587799072266,15.513633728027344,15.581038475036621,12929782
2002-02-21 00:00:00+05:30,15.513633728027344,15.882752418518066,15.299653053283691,15.783249855041504,12551478
2002-02-22 00:00:00+05:30,15.727615356445312,16.048587799072266,15.62597370147705,16.025049209594727,16113193
2002-02-25 00:00:00+05:30,15.945876121520996,16.02290916442871,15.516843795776367,15.544660568237305,6199237
2002-02-26 00:00:00+05:30,15.706216812133789,15.74901294708252,15.40664291381836,15.49544620513916,8214461
2002-02-27 00:00:00+05:30,15.556429862976074,15.714776039123535,15.413063049316406,15.638813018798828,10940448
2002-02-28 00:00:00+05:30,15.677330017089844,16.037887573242188,15.085672378540039,15.903079986572266,85628424
2002-03-01 00:00:00+05:30,16.198373794555664,16.747234344482422,15.834606170654297,16.22298240661621,40772046
2002-03-04 00:00:00+05:30,16.198373794555664,16.366348266601562,15.577828407287598,15.645232200622559,20765706
2002-03-05 00:00:00+05:30,15.727615356445312,15.769341468811035,15.235458374023438,15.297513008117676,25633470
2002-03-06 00:00:00+05:30,15.353148460388184,15.535032272338867,15.193732261657715,15.226899147033691,13530770
2002-03-07 00:00:00+05:30,15.342449188232422,15.661280632019043,15.322120666503906,15.469767570495605,12791593
2002-03-08 00:00:00+05:30,15.588526725769043,15.592806816101074,15.192662239074707,15.257926940917969,6535575
2002-03-11 00:00:00+05:30,15.284673690795898,15.40664291381836,15.171263694763184,15.31570053100586,11166403
2002-03-12 00:00:00+05:30,15.342449188232422,15.727615356445312,15.302863121032715,15.402363777160645,21597975
2002-03-13 00:00:00+05:30,15.385245323181152,15.556429862976074,15.299653053283691,15.397013664245605,8725534
2002-03-14 00:00:00+05:30,15.432320594787598,15.530752182006836,15.276115417480469,15.333889961242676,6742696
2002-03-15 00:00:00+05:30,15.40664291381836,15.449440002441406,15.192662239074707,15.214059829711914,7444393
2002-03-18 00:00:00+05:30,15.385245323181152,15.438740730285645,15.111349105834961,15.155216217041016,6334389
2002-03-19 00:00:00+05:30,15.29537296295166,15.4280424118042,15.176613807678223,15.21619987487793,9958820
2002-03-20 00:00:00+05:30,15.256856918334961,15.385245323181152,15.214059829711914,15.318910598754883,4085406
2002-03-21 00:00:00+05:30,15.513633728027344,15.513633728027344,15.154146194458008,15.169123649597168,7923080
2002-03-22 00:00:00+05:30,15.171263694763184,15.298583030700684,15.021476745605469,15.138096809387207,3472642
2002-03-25 00:00:00+05:30,15.138096809387207,15.138096809387207,15.138096809387207,15.138096809387207,0
2002-03-26 00:00:00+05:30,15.278255462646484,15.299653053283691,14.978680610656738,15.048225402832031,9233663
2002-03-27 00:00:00+05:30,15.021476745605469,15.152006149291992,14.691946029663086,14.804286003112793,21877813
2002-03-28 00:00:00+05:30,14.786097526550293,15.017197608947754,14.786097526550293,14.908066749572754,12741635
2002-03-29 00:00:00+05:30,14.908066749572754,14.908066749572754,14.908066749572754,14.908066749572754,0
2002-04-01 00:00:00+05:30,14.850292205810547,15.256856918334961,14.766839981079102,15.113489151000977,3942823
2002-04-02 00:00:00+05:30,15.124188423156738,15.202290534973145,14.895228385925293,14.949793815612793,10430637
2002-04-03 00:00:00+05:30,14.87169075012207,14.934815406799316,14.680176734924316,14.735812187194824,6950845
2002-04-04 00:00:00+05:30,14.935885429382324,14.935885429382324,14.650219917297363,14.700506210327148,5050771
2002-04-05 00:00:00+05:30,14.657709121704102,14.764699935913086,14.331388473510742,14.390233039855957,13740508
2002-04-08 00:00:00+05:30,14.403072357177734,14.481175422668457,13.823183059692383,13.86063003540039,35872222
2002-04-09 00:00:00+05:30,13.841370582580566,13.841370582580566,13.314977645874023,13.401639938354492,42906439
2002-04-10 00:00:00+05:30,13.54500675201416,13.754709243774414,13.288229942321777,13.399499893188477,33719042
2002-04-11 00:00:00+05:30,13.480813026428223,13.66055679321289,13.373822212219238,13.523609161376953,29078540
2002-04-12 00:00:00+05:30,13.523609161376953,13.950502395629883,13.523609161376953,13.867049217224121,19474190
2002-04-15 00:00:00+05:30,13.865979194641113,13.993297576904297,13.61776065826416,13.779316902160645,14980337
2002-04-16 00:00:00+05:30,13.907705307006836,13.994367599487305,13.507560729980469,13.625249862670898,16736800
2002-04-17 00:00:00+05:30,13.694793701171875,13.801785469055176,13.566405296325684,13.66055679321289,9536867
2002-04-18 00:00:00+05:30,13.695863723754883,13.753639221191406,13.61134147644043,13.712982177734375,8012387
2002-04-19 00:00:00+05:30,13.694793701171875,13.737589836120605,13.50221061706543,13.59315299987793,11063450
2002-04-22 00:00:00+05:30,13.673396110534668,13.785736083984375,13.504350662231445,13.737589836120605,5528337
2002-04-23 00:00:00+05:30,13.734380722045898,13.734380722045898,13.549286842346191,13.613480567932129,7898452
2002-04-24 00:00:00+05:30,13.62952995300293,13.69265365600586,13.505420684814453,13.666976928710938,5413373
2002-04-25 00:00:00+05:30,13.694793701171875,13.694793701171875,12.945859909057617,13.113835334777832,25213106
2002-04-26 00:00:00+05:30,13.157700538635254,13.3502836227417,13.157700538635254,13.237943649291992,12408241
2002-04-29 00:00:00+05:30,13.20263671875,13.26683235168457,12.922322273254395,13.00363540649414,20544565
2002-04-30 00:00:00+05:30,13.010053634643555,13.50221061706543,12.861336708068848,13.473323822021484,23100818
2002-05-01 00:00:00+05:30,13.473323822021484,13.473323822021484,13.473323822021484,13.473323822021484,0
2002-05-02 00:00:00+05:30,13.69265365600586,13.69265365600586,13.375962257385254,13.410199165344238,4168357
2002-05-03 00:00:00+05:30,13.395219802856445,13.50221061706543,13.34172534942627,13.444436073303223,3527693
2002-05-06 00:00:00+05:30,13.525749206542969,13.54500675201416,13.373822212219238,13.48188304901123,5899771
2002-05-07 00:00:00+05:30,13.485093116760254,13.69265365600586,13.454065322875977,13.67232608795166,5393044
2002-05-08 00:00:00+05:30,13.714052200317383,13.801785469055176,13.613480567932129,13.768617630004883,6663390
2002-05-09 00:00:00+05:30,13.88737678527832,13.88737678527832,13.707633018493652,13.812483787536621,6313172
2002-05-10 00:00:00+05:30,13.812483787536621,13.81997299194336,13.589942932128906,13.741869926452637,7353357
2002-05-13 00:00:00+05:30,13.737589836120605,13.791086196899414,13.548216819763184,13.620970726013184,6206621
2002-05-14 00:00:00+05:30,13.60920238494873,13.638089179992676,13.438016891479492,13.565335273742676,15302094
2002-05-15 00:00:00+05:30,13.50221061706543,13.779316902160645,13.460485458374023,13.534308433532715,9339279
2002-05-16 00:00:00+05:30,13.651997566223145,13.737589836120605,13.480813026428223,13.5321683883667,4491329
2002-05-17 00:00:00+05:30,13.587803840637207,13.587803840637207,13.4390869140625,13.528959274291992,6223631
2002-05-20 00:00:00+05:30,13.50221061706543,13.554636001586914,13.373822212219238,13.531099319458008,3797063
2002-05-21 00:00:00+05:30,13.395219802856445,13.480813026428223,12.956559181213379,13.07210922241211,15780547
2002-05-22 00:00:00+05:30,13.15984058380127,13.30534839630127,13.074249267578125,13.221896171569824,6304713
2002-05-23 00:00:00+05:30,13.245433807373047,13.351353645324707,12.245072364807129,12.41839599609375,40629931
2002-05-24 00:00:00+05:30,12.753276824951172,13.222966194152832,12.692292213439941,13.097786903381348,21314913
2002-05-27 00:00:00+05:30,13.111695289611816,13.26683235168457,12.73401927947998,13.082807540893555,10715569
2002-05-28 00:00:00+05:30,13.191938400268555,13.191938400268555,12.445143699645996,12.66126537322998,17047201
2002-05-29 00:00:00+05:30,12.689083099365234,12.838869094848633,12.511478424072266,12.698712348937988,19641728
2002-05-30 00:00:00+05:30,12.646286010742188,13.052850723266602,12.603489875793457,12.99935531616211,17362182
2002-05-31 00:00:00+05:30,13.031452178955078,13.154492378234863,12.846359252929688,13.031452178955078,9400920
2002-06-03 00:00:00+05:30,13.106346130371094,13.371683120727539,13.077458381652832,13.261482238769531,6902242
2002-06-04 00:00:00+05:30,13.15984058380127,13.336376190185547,13.150212287902832,13.244363784790039,7468274
2002-06-05 00:00:00+05:30,13.258273124694824,13.898076057434082,13.258273124694824,13.815692901611328,19309129
2002-06-06 00:00:00+05:30,13.69693374633789,13.908775329589844,13.288229942321777,13.365262985229492,17908585
2002-06-07 00:00:00+05:30,13.290369987487793,13.459415435791016,13.074249267578125,13.319256782531738,8404010
2002-06-10 00:00:00+05:30,13.45085620880127,13.523609161376953,13.235803604125977,13.261482238769531,9053413
2002-06-11 00:00:00+05:30,13.416619300842285,13.50221061706543,13.056059837341309,13.167330741882324,24970141
2002-06-12 00:00:00+05:30,13.138442993164062,13.167330741882324,13.014333724975586,13.071039199829102,20590410
2002-06-13 00:00:00+05:30,13.138442993164062,13.245433807373047,12.96939754486084,13.028243064880371,11232577
2002-06-14 00:00:00+05:30,13.031452178955078,13.19621753692627,12.96725845336914,13.1277437210083,6677082
2002-06-17 00:00:00+05:30,13.306418418884277,13.587803840637207,13.26683235168457,13.357773780822754,11663362
2002-06-18 00:00:00+05:30,13.500070571899414,13.500070571899414,13.249712944030762,13.339585304260254,7736662
2002-06-19 00:00:00+05:30,13.352423667907715,13.405920028686523,13.046430587768555,13.129883766174316,11856183
2002-06-20 00:00:00+05:30,13.15984058380127,13.15984058380127,12.788583755493164,12.953349113464355,16533090
2002-06-21 00:00:00+05:30,12.990796089172363,13.438016891479492,12.947999954223633,13.28180980682373,16558466
2002-06-24 00:00:00+05:30,13.351353645324707,13.60920238494873,13.186589241027832,13.559986114501953,11440539
2002-06-25 00:00:00+05:30,13.60920238494873,13.716192245483398,13.363122940063477,13.426247596740723,13377859
2002-06-26 00:00:00+05:30,13.42731761932373,13.480813026428223,13.288229942321777,13.461554527282715,8610804
2002-06-27 00:00:00+05:30,13.865979194641113,13.865979194641113,13.343865394592285,13.705492973327637,18917552
2002-06-28 00:00:00+05:30,13.801785469055176,13.865979194641113,13.577103614807129,13.712982177734375,12457965
2002-07-01 00:00:00+05:30,13.736519813537598,14.37739372253418,13.673396110534668,14.301430702209473,25215583
2002-07-02 00:00:00+05:30,14.208349227905273,14.764699935913086,14.12596607208252,14.687666893005371,35317827
2002-07-03 00:00:00+05:30,14.657709121704102,14.657709121704102,14.258633613586426,14.322829246520996,13218219
2002-07-04 00:00:00+05:30,14.336737632751465,15.040736198425293,14.336737632751465,14.993659973144531,34532571
2002-07-05 00:00:00+05:30,14.935885429382324,15.513633728027344,14.660919189453125,15.376686096191406,47150972
2002-07-08 00:00:00+05:30,15.299653053283691,15.492236137390137,14.893089294433594,15.002219200134277,36428299
2002-07-09 00:00:00+05:30,15.000079154968262,15.276115417480469,14.748650550842285,15.135956764221191,33190164
2002-07-10 00:00:00+05:30,15.192662239074707,15.192662239074707,14.818195343017578,14.875969886779785,26010513
2002-07-11 00:00:00+05:30,14.764699935913086,15.085672378540039,14.689806938171387,14.988309860229492,21741165
2002-07-12 00:00:00+05:30,14.87169075012207,15.074973106384277,14.809636116027832,14.898438453674316,15173017
2002-07-15 00:00:00+05:30,14.949793815612793,15.064273834228516,14.786097526550293,14.992589950561523,10111263
2002-07-16 00:00:00+05:30,15.01933765411377,15.192662239074707,14.872759819030762,14.987239837646484,14790040
2002-07-17 00:00:00+05:30,14.978680610656738,15.064273834228516,14.807496070861816,14.924116134643555,14762747
2002-07-18 00:00:00+05:30,14.893089294433594,14.957283020019531,14.657709121704102,14.76255989074707,9302173
2002-07-19 00:00:00+05:30,14.679106712341309,14.71976375579834,14.358136177062988,14.424469947814941,10957459
2002-07-22 00:00:00+05:30,14.214768409729004,14.400932312011719,13.908775329589844,13.987948417663574,7517998
2002-07-23 00:00:00+05:30,13.801785469055176,14.011486053466797,13.587803840637207,13.913055419921875,15074410
2002-07-24 00:00:00+05:30,13.909845352172852,14.013626098632812,13.088156700134277,13.282879829406738,20859405
2002-07-25 00:00:00+05:30,13.54500675201416,13.694793701171875,13.22403621673584,13.271110534667969,19352217
2002-07-26 00:00:00+05:30,13.309627532958984,13.79964542388916,13.261482238769531,13.582453727722168,24346535
2002-07-29 00:00:00+05:30,13.651997566223145,13.790016174316406,13.405920028686523,13.5685453414917,9902693
2002-07-30 00:00:00+05:30,13.801785469055176,13.801785469055176,13.461554527282715,13.558916091918945,8050334
2002-07-31 00:00:00+05:30,13.373822212219238,13.587803840637207,13.086017608642578,13.457275390625,14690732
2002-08-01 00:00:00+05:30,13.587803840637207,13.724751472473145,13.50221061706543,13.658416748046875,8467988
2002-08-02 00:00:00+05:30,13.695863723754883,14.44372844696045,13.589942932128906,14.353856086730957,33674318
2002-08-05 00:00:00+05:30,14.122756004333496,14.901647567749023,13.480813026428223,14.77432918548584,56480438
2002-08-06 00:00:00+05:30,14.444798469543457,14.743302345275879,14.300360679626465,14.483315467834473,32117452
2002-08-07 00:00:00+05:30,14.721903800964355,14.721903800964355,14.412700653076172,14.49936294555664,14817519
2002-08-08 00:00:00+05:30,14.381673812866211,14.52932071685791,13.953710556030273,14.028605461120605,15680398
2002-08-09 00:00:00+05:30,14.063912391662598,14.527180671691895,13.89914608001709,14.38381290435791,18920310
2002-08-12 00:00:00+05:30,14.44372844696045,14.546439170837402,14.122756004333496,14.244726181030273,17105570
2002-08-13 00:00:00+05:30,14.251145362854004,14.602073669433594,14.202999114990234,14.485454559326172,15095908
2002-08-14 00:00:00+05:30,14.55285930633545,14.892019271850586,14.512202262878418,14.75614070892334,46876228
2002-08-15 00:00:00+05:30,14.75614070892334,14.75614070892334,14.75614070892334,14.75614070892334,0
2002-08-16 00:00:00+05:30,14.764699935913086,15.042875289916992,14.62026309967041,14.955142974853516,57978934
2002-08-19 00:00:00+05:30,14.978680610656738,15.01933765411377,14.702645301818848,14.777539253234863,21706209
2002-08-20 00:00:00+05:30,14.786097526550293,14.925186157226562,14.657709121704102,14.796796798706055,17592529
2002-08-21 00:00:00+05:30,14.703715324401855,14.9144868850708,14.527180671691895,14.609563827514648,14875187
2002-08-22 00:00:00+05:30,14.657709121704102,14.764699935913086,14.487593650817871,14.538949966430664,14109746
2002-08-23 00:00:00+05:30,14.560347557067871,14.721903800964355,14.560347557067871,14.644869804382324,9052852
2002-08-26 00:00:00+05:30,14.52932071685791,14.679106712341309,12.838869094848633,14.44372844696045,11200705
2002-08-27 00:00:00+05:30,14.403072357177734,14.679106712341309,14.251145362854004,14.457636833190918,13896690
2002-08-28 00:00:00+05:30,14.497222900390625,14.651289939880371,14.44372844696045,14.574256896972656,8402561
2002-08-29 00:00:00+05:30,14.87169075012207,15.085672378540039,14.766839981079102,15.023616790771484,32430143
2002-08-30 00:00:00+05:30,14.92625617980957,14.978680610656738,14.764699935913086,14.966912269592285,9251982
2002-09-02 00:00:00+05:30,15.192662239074707,15.192662239074707,14.614912986755371,14.705855369567871,22252752
2002-09-03 00:00:00+05:30,14.671618461608887,14.671618461608887,14.44372844696045,14.532529830932617,15782884
2002-09-04 00:00:00+05:30,14.429819107055664,14.593515396118164,14.165553092956543,14.514342308044434,12166351
2002-09-05 00:00:00+05:30,14.636310577392578,14.722973823547363,14.521830558776855,14.652359962463379,7746149
2002-09-06 00:00:00+05:30,14.55285930633545,14.657709121704102,14.14415454864502,14.175182342529297,13307292
2002-09-09 00:00:00+05:30,14.016836166381836,14.287522315979004,14.009346008300781,14.05749225616455,8014911
2002-09-10 00:00:00+05:30,14.05749225616455,14.05749225616455,14.05749225616455,14.05749225616455,0
2002-09-11 00:00:00+05:30,14.165553092956543,14.428749084472656,14.079959869384766,14.176252365112305,10449938
2002-09-12 00:00:00+05:30,14.296080589294434,14.804286003112793,14.26184368133545,14.618123054504395,27123181
2002-09-13 00:00:00+05:30,14.507923126220703,14.700506210327148,14.495083808898926,14.649149894714355,12175557
2002-09-16 00:00:00+05:30,14.721903800964355,14.859922409057617,14.25328540802002,14.30250072479248,23810927
2002-09-17 00:00:00+05:30,14.336737632751465,14.422329902648926,14.190159797668457,14.292871475219727,7509399
2002-09-18 00:00:00+05:30,14.231886863708496,14.441588401794434,14.16876220703125,14.213698387145996,9383910
2002-09-19 00:00:00+05:30,14.418049812316895,14.418049812316895,14.017906188964844,14.058562278747559,9147066
2002-09-20 00:00:00+05:30,13.694793701171875,14.188020706176758,13.694793701171875,14.068190574645996,8069261
2002-09-23 00:00:00+05:30,14.146293640136719,14.270402908325195,14.018976211547852,14.08958911895752,7756196
2002-09-24 00:00:00+05:30,13.823183059692383,14.122756004333496,13.823183059692383,14.038233757019043,4648119
2002-09-25 00:00:00+05:30,13.88737678527832,14.101358413696289,13.870259284973145,14.038233757019043,10120096
2002-09-26 00:00:00+05:30,14.22546672821045,14.22546672821045,13.934453010559082,13.986878395080566,4493946
2002-09-27 00:00:00+05:30,14.013626098632812,14.07781982421875,13.93017292022705,14.005066871643066,7830315
2002-09-30 00:00:00+05:30,13.951571464538574,14.02646541595459,13.888446807861328,13.908775329589844,10057473
2002-10-01 00:00:00+05:30,14.122756004333496,14.122756004333496,13.806063652038574,13.903426170349121,4476375
2002-10-02 00:00:00+05:30,13.903426170349121,13.903426170349121,13.903426170349121,13.903426170349121,0
2002-10-03 00:00:00+05:30,13.373822212219238,13.951571464538574,13.373822212219238,13.859560012817383,4077041
2002-10-04 00:00:00+05:30,13.181239128112793,13.801785469055176,13.181239128112793,13.588872909545898,8360922
2002-10-07 00:00:00+05:30,13.564266204833984,13.84458065032959,13.365262985229492,13.755779266357422,5973609
2002-10-08 00:00:00+05:30,13.716192245483398,13.865979194641113,13.675536155700684,13.75684928894043,5707885
2002-10-09 00:00:00+05:30,13.823183059692383,14.005066871643066,13.709773063659668,13.891656875610352,7756850
2002-10-10 00:00:00+05:30,13.395219802856445,14.465126037597656,13.395219802856445,13.744009971618652,7084315
2002-10-11 00:00:00+05:30,13.801785469055176,13.823183059692383,13.632740020751953,13.70870304107666,7549636
2002-10-14 00:00:00+05:30,13.796435356140137,13.89272689819336,13.730100631713867,13.842440605163574,2968532
2002-10-15 00:00:00+05:30,13.842440605163574,13.842440605163574,13.842440605163574,13.842440605163574,0
2002-10-16 00:00:00+05:30,14.101358413696289,14.101358413696289,13.834952354431152,13.900216102600098,8859050
2002-10-17 00:00:00+05:30,13.908775329589844,14.036093711853027,13.801785469055176,13.920543670654297,6218537
2002-10-18 00:00:00+05:30,13.89272689819336,13.972970008850098,13.83923053741455,13.882027626037598,4977587
2002-10-21 00:00:00+05:30,13.849929809570312,13.93017292022705,13.61134147644043,13.722612380981445,5728588
2002-10-22 00:00:00+05:30,13.767547607421875,13.84458065032959,13.69693374633789,13.813553810119629,3026761
2002-10-23 00:00:00+05:30,13.84458065032959,13.885236740112305,13.716192245483398,13.858489990234375,2791554
2002-10-24 00:00:00+05:30,13.929102897644043,13.93017292022705,13.565335273742676,13.610272407531738,20832207
2002-10-25 00:00:00+05:30,13.694793701171875,13.801785469055176,13.630599975585938,13.678746223449707,7824520
2002-10-28 00:00:00+05:30,13.737589836120605,13.746150016784668,13.37810230255127,13.491512298583984,10983069
2002-10-29 00:00:00+05:30,13.421968460083008,13.54500675201416,13.1641206741333,13.26683235168457,16750025
2002-10-30 00:00:00+05:30,13.26683235168457,13.497930526733398,13.05392074584961,13.109556198120117,19629157
2002-10-31 00:00:00+05:30,13.15984058380127,13.34172534942627,13.052850723266602,13.141653060913086,26187678
2002-11-01 00:00:00+05:30,13.28180980682373,13.395219802856445,13.173749923706055,13.271110534667969,11141634
2002-11-04 00:00:00+05:30,13.459415435791016,13.459415435791016,13.274320602416992,13.326745986938477,2659579
2002-11-05 00:00:00+05:30,13.3502836227417,13.500070571899414,13.19621753692627,13.426247596740723,9340635
2002-11-06 00:00:00+05:30,13.426247596740723,13.426247596740723,13.426247596740723,13.426247596740723,0
2002-11-07 00:00:00+05:30,13.355633735656738,13.585663795471191,13.236873626708984,13.298929214477539,17152911
2002-11-08 00:00:00+05:30,13.138442993164062,13.22403621673584,13.07638931274414,13.153422355651855,12821362
2002-11-11 00:00:00+05:30,13.149142265319824,13.26683235168457,13.052850723266602,13.19407844543457,8334518
2002-11-12 00:00:00+05:30,13.150212287902832,13.180169105529785,13.058199882507324,13.119185447692871,6626891
2002-11-13 00:00:00+05:30,13.138442993164062,13.14486312866211,12.952279090881348,13.062479972839355,16182872
2002-11-14 00:00:00+05:30,13.095646858215332,13.15984058380127,13.043221473693848,13.07852840423584,13303927
2002-11-15 00:00:00+05:30,13.117045402526855,13.370613098144531,13.100996017456055,13.21440601348877,14746531
2002-11-18 00:00:00+05:30,13.373822212219238,13.539657592773438,13.333166122436523,13.389870643615723,10895024
2002-11-19 00:00:00+05:30,13.389870643615723,13.389870643615723,13.389870643615723,13.389870643615723,0
2002-11-20 00:00:00+05:30,13.416619300842285,13.4776029586792,13.289299964904785,13.3663330078125,9553597
2002-11-21 00:00:00+05:30,13.45085620880127,13.478672981262207,13.337446212768555,13.452995300292969,5285324
2002-11-22 00:00:00+05:30,13.523609161376953,13.66055679321289,13.504350662231445,13.563196182250977,9871616
2002-11-25 00:00:00+05:30,13.587803840637207,13.906635284423828,13.525749206542969,13.781455993652344,14062826
2002-11-26 00:00:00+05:30,13.801785469055176,13.865979194641113,13.566405296325684,13.585663795471191,9914283
2002-11-27 00:00:00+05:30,13.311767578125,13.5685453414917,13.298929214477539,13.352423667907715,20859686
2002-11-28 00:00:00+05:30,13.416619300842285,13.758988380432129,13.416619300842285,13.738659858703613,17930316
2002-11-29 00:00:00+05:30,13.823183059692383,13.865979194641113,13.524679183959961,13.5867338180542,11743463
2002-12-02 00:00:00+05:30,13.698003768920898,13.98366928100586,13.630599975585938,13.911985397338867,17534580
2002-12-03 00:00:00+05:30,14.02646541595459,14.09921932220459,13.84458065032959,13.908775329589844,16321436
2002-12-04 00:00:00+05:30,13.919473648071289,14.109917640686035,13.737589836120605,13.858489990234375,13986044
2002-12-05 00:00:00+05:30,13.865979194641113,13.993297576904297,13.823183059692383,13.900216102600098,3734627
2002-12-06 00:00:00+05:30,13.737589836120605,14.122756004333496,13.737589836120605,14.07568073272705,7256012
2002-12-09 00:00:00+05:30,14.163413047790527,14.384882926940918,13.812483787536621,13.914125442504883,13537920
2002-12-10 00:00:00+05:30,13.93017292022705,14.22974681854248,13.84458065032959,14.134525299072266,12600361
2002-12-11 00:00:00+05:30,14.197649955749512,14.251145362854004,13.88095760345459,13.908775329589844,6333267
2002-12-12 00:00:00+05:30,13.972970008850098,14.197649955749512,13.868119239807129,14.047863006591797,5223356
2002-12-13 00:00:00+05:30,14.122756004333496,14.44372844696045,14.079959869384766,14.40521240234375,19745616
2002-12-16 00:00:00+05:30,14.97761058807373,14.97761058807373,14.317479133605957,14.486523628234863,12015823
2002-12-17 00:00:00+05:30,14.44372844696045,14.44372844696045,14.037163734436035,14.098149299621582,7129786
2002-12-18 00:00:00+05:30,14.079959869384766,14.550719261169434,13.99650764465332,14.508992195129395,18136970
2002-12-19 00:00:00+05:30,14.465126037597656,14.550719261169434,14.23509693145752,14.327108383178711,10171175
2002-12-20 00:00:00+05:30,14.192299842834473,14.52932071685791,14.192299842834473,14.317479133605957,10833009
2002-12-23 00:00:00+05:30,14.28431224822998,14.388092994689941,14.19871997833252,14.283242225646973,5057267
2002-12-24 00:00:00+05:30,14.22974681854248,14.28966236114502,14.06284236907959,14.170902252197266,9071826
2002-12-25 00:00:00+05:30,14.170902252197266,14.170902252197266,14.170902252197266,14.170902252197266,0
2002-12-26 00:00:00+05:30,14.272542953491211,14.291802406311035,14.122756004333496,14.160202980041504,4632043
2002-12-27 00:00:00+05:30,14.165553092956543,14.459776878356934,14.165553092956543,14.243656158447266,12695556
2002-12-30 00:00:00+05:30,14.22974681854248,14.400932312011719,14.106707572937012,14.179460525512695,8369428
2002-12-31 00:00:00+05:30,14.251145362854004,14.293940544128418,14.101358413696289,14.14201545715332,6591187
2003-01-01 00:00:00+05:30,14.272542953491211,14.272542953491211,14.063912391662598,14.10777759552002,4291966
2003-01-02 00:00:00+05:30,14.22974681854248,14.336737632751465,14.060702323913574,14.137735366821289,8321293
2003-01-03 00:00:00+05:30,14.22546672821045,14.569976806640625,14.149503707885742,14.46298599243164,24975936
2003-01-06 00:00:00+05:30,14.507923126220703,14.636310577392578,14.322829246520996,14.38381290435791,25370457
2003-01-07 00:00:00+05:30,14.441588401794434,14.60421371459961,14.390233039855957,14.507923126220703,21795049
2003-01-08 00:00:00+05:30,14.507923126220703,14.656639099121094,14.507923126220703,14.581746101379395,11210519
2003-01-09 00:00:00+05:30,14.593515396118164,14.698366165161133,14.446937561035156,14.489733695983887,11882681
2003-01-10 00:00:00+05:30,14.593515396118164,14.64700984954834,14.358136177062988,14.602073669433594,10679771
2003-01-13 00:00:00+05:30,14.612772941589355,14.661989212036133,14.507923126220703,14.596725463867188,8594541
2003-01-14 00:00:00+05:30,14.272542953491211,14.52932071685791,14.272542953491211,14.344226837158203,15454818
2003-01-15 00:00:00+05:30,14.422329902648926,14.60421371459961,14.422329902648926,14.584956169128418,9072761
2003-01-16 00:00:00+05:30,14.617053031921387,14.64700984954834,14.46833610534668,14.582816123962402,9819135
2003-01-17 00:00:00+05:30,14.743302345275879,14.818195343017578,14.470476150512695,14.513272285461426,26826426
2003-01-20 00:00:00+05:30,14.540019989013672,14.591375350952148,14.486523628234863,14.523970603942871,9452093
2003-01-21 00:00:00+05:30,14.507923126220703,14.52932071685791,14.079959869384766,14.118476867675781,16860829
2003-01-22 00:00:00+05:30,14.016836166381836,14.227606773376465,13.956920623779297,14.012556076049805,9223007
2003-01-23 00:00:00+05:30,14.015766143798828,14.14415454864502,13.94194221496582,13.994367599487305,6297189
2003-01-24 00:00:00+05:30,14.094939231872559,14.122756004333496,13.871329307556152,13.969759941101074,9454757
2003-01-27 00:00:00+05:30,13.975109100341797,14.012556076049805,13.681955337524414,13.746150016784668,25428639
2003-01-28 00:00:00+05:30,13.694793701171875,13.93017292022705,13.673396110534668,13.82425308227539,13248595
2003-01-29 00:00:00+05:30,13.863839149475098,13.863839149475098,13.459415435791016,13.512909889221191,7434626
2003-01-30 00:00:00+05:30,13.671256065368652,13.689444541931152,13.377032279968262,13.45085620880127,11153598
2003-01-31 00:00:00+05:30,13.478672981262207,13.717262268066406,13.397359848022461,13.668045997619629,26899423
2003-02-03 00:00:00+05:30,13.758988380432129,14.101358413696289,13.673396110534668,13.94194221496582,11129343
2003-02-04 00:00:00+05:30,13.801785469055176,14.015766143798828,11.982945442199707,13.875608444213867,3290803
2003-02-05 00:00:00+05:30,13.587803840637207,13.908775329589844,13.587803840637207,13.687305450439453,7935838
2003-02-06 00:00:00+05:30,13.758988380432129,13.791086196899414,13.406989097595215,13.744009971618652,11259916
2003-02-07 00:00:00+05:30,13.712982177734375,13.716192245483398,13.60920238494873,13.643439292907715,6145026
2003-02-10 00:00:00+05:30,13.5503568649292,13.630599975585938,13.449786186218262,13.49365234375,8811055
2003-02-11 00:00:00+05:30,13.352423667907715,13.628459930419922,13.352423667907715,13.530029296875,6433743
2003-02-12 00:00:00+05:30,13.405920028686523,13.573895454406738,13.26683235168457,13.474392890930176,2949138
2003-02-13 00:00:00+05:30,13.474392890930176,13.474392890930176,13.474392890930176,13.474392890930176,0
2003-02-14 00:00:00+05:30,13.438016891479492,13.523609161376953,13.363122940063477,13.469043731689453,3758601
2003-02-17 00:00:00+05:30,13.630599975585938,13.651997566223145,13.505420684814453,13.600642204284668,2614669
2003-02-18 00:00:00+05:30,13.60920238494873,13.716192245483398,13.60920238494873,13.691583633422852,3383008
2003-02-19 00:00:00+05:30,13.748289108276367,13.823183059692383,13.651997566223145,13.753639221191406,9484479
2003-02-20 00:00:00+05:30,13.60920238494873,13.649858474731445,13.459415435791016,13.610272407531738,4265609
2003-02-21 00:00:00+05:30,13.622040748596191,13.748289108276367,13.547146797180176,13.693723678588867,3229957
2003-02-24 00:00:00+05:30,13.855279922485352,13.855279922485352,13.50221061706543,13.55677604675293,7263256
2003-02-25 00:00:00+05:30,13.523609161376953,13.566405296325684,13.438016891479492,13.499000549316406,11949509
2003-02-26 00:00:00+05:30,13.512909889221191,13.717262268066406,13.512909889221191,13.668045997619629,8118658
2003-02-27 00:00:00+05:30,13.651997566223145,13.79964542388916,13.619900703430176,13.709773063659668,9398350
2003-02-28 00:00:00+05:30,13.758988380432129,14.073540687561035,13.673396110534668,13.925893783569336,31045489
2003-03-03 00:00:00+05:30,14.020045280456543,14.112056732177734,13.825323104858398,13.889516830444336,9498639
2003-03-04 00:00:00+05:30,13.748289108276367,13.88737678527832,13.675536155700684,13.767547607421875,4684898
2003-03-05 00:00:00+05:30,13.727960586547852,13.727960586547852,13.591012954711914,13.691583633422852,8531451
2003-03-06 00:00:00+05:30,13.651997566223145,13.694793701171875,13.50221061706543,13.587803840637207,4307809
2003-03-07 00:00:00+05:30,13.54500675201416,13.778246879577637,13.523609161376953,13.718332290649414,10395681
2003-03-10 00:00:00+05:30,13.649858474731445,13.797505378723145,13.64771842956543,13.714052200317383,9665990
2003-03-11 00:00:00+05:30,13.630599975585938,13.780386924743652,13.60920238494873,13.753639221191406,4213034
2003-03-12 00:00:00+05:30,13.673396110534668,13.780386924743652,13.65627670288086,13.710843086242676,4685973
2003-03-13 00:00:00+05:30,13.908775329589844,13.908775329589844,13.486162185668945,13.582453727722168,3242995
2003-03-14 00:00:00+05:30,13.582453727722168,13.582453727722168,13.582453727722168,13.582453727722168,0
2003-03-17 00:00:00+05:30,13.566405296325684,13.566405296325684,13.322466850280762,13.355633735656738,7048470
2003-03-18 00:00:00+05:30,13.355633735656738,13.355633735656738,13.355633735656738,13.355633735656738,0
2003-03-19 00:00:00+05:30,13.480813026428223,13.54500675201416,13.353493690490723,13.4208984375,9104446
2003-03-20 00:00:00+05:30,13.480813026428223,13.52039909362793,13.384520530700684,13.395219802856445,6098667
2003-03-21 00:00:00+05:30,13.396289825439453,13.438016891479492,13.149142265319824,13.167330741882324,10091121
2003-03-24 00:00:00+05:30,13.278600692749023,13.367403030395508,13.015403747558594,13.082807540893555,6109135
2003-03-25 00:00:00+05:30,13.07852840423584,13.179099082946777,12.92446231842041,13.147002220153809,8742919
2003-03-26 00:00:00+05:30,13.22403621673584,13.448716163635254,13.08494758605957,13.41447925567627,9462000
2003-03-27 00:00:00+05:30,13.392010688781738,13.539657592773438,13.311767578125,13.415549278259277,9964615
2003-03-28 00:00:00+05:30,13.438016891479492,13.577103614807129,13.272180557250977,13.501140594482422,4497078
2003-03-31 00:00:00+05:30,13.459415435791016,13.480813026428223,13.309627532958984,13.443366050720215,5171342
2003-04-01 00:00:00+05:30,13.459415435791016,13.4776029586792,13.34172534942627,13.393080711364746,3329825
2003-04-02 00:00:00+05:30,13.35456371307373,13.480813026428223,13.246503829956055,13.396289825439453,2720893
2003-04-03 00:00:00+05:30,13.373822212219238,13.6412992477417,13.373822212219238,13.528959274291992,7491687
2003-04-04 00:00:00+05:30,13.566405296325684,13.694793701171875,13.504350662231445,13.63594913482666,13771025
2003-04-07 00:00:00+05:30,13.737589836120605,14.270402908325195,13.694793701171875,14.072470664978027,24195727
2003-04-08 00:00:00+05:30,14.079959869384766,14.281102180480957,13.908775329589844,14.153783798217773,15533750
2003-04-09 00:00:00+05:30,14.120616912841797,14.174112319946289,13.997576713562012,14.085309982299805,7579405
2003-04-10 00:00:00+05:30,13.951571464538574,14.486523628234863,13.951571464538574,14.411630630493164,20376886
2003-04-11 00:00:00+05:30,14.336737632751465,14.783958435058594,14.208349227905273,14.439449310302734,15125443
2003-04-15 00:00:00+05:30,14.44372844696045,14.657709121704102,14.347436904907227,14.427680015563965,12236497
2003-04-16 00:00:00+05:30,14.44372844696045,14.76255989074707,14.44372844696045,14.68338680267334,11930349
2003-04-17 00:00:00+05:30,14.57211685180664,14.679106712341309,14.465126037597656,14.623472213745117,8897979
2003-04-18 00:00:00+05:30,14.623472213745117,14.623472213745117,14.623472213745117,14.623472213745117,0
2003-04-21 00:00:00+05:30,14.657709121704102,14.657709121704102,14.382743835449219,14.446937561035156,3873845
2003-04-22 00:00:00+05:30,14.444798469543457,14.549649238586426,14.208349227905273,14.237236022949219,4222941
2003-04-23 00:00:00+05:30,14.336737632751465,14.336737632751465,14.097079277038574,14.22546672821045,6316583
2003-04-24 00:00:00+05:30,14.22974681854248,14.272542953491211,14.122756004333496,14.189090728759766,11424977
2003-04-25 00:00:00+05:30,14.128106117248535,14.336737632751465,14.037163734436035,14.232956886291504,7728437
2003-04-28 00:00:00+05:30,14.33459758758545,14.591375350952148,14.251145362854004,14.545369148254395,9120522
2003-04-29 00:00:00+05:30,14.550719261169434,14.7507905960083,14.550719261169434,14.625612258911133,10640188
2003-04-30 00:00:00+05:30,14.550719261169434,14.65877914428711,14.449077606201172,14.613842964172363,10843945
2003-05-01 00:00:00+05:30,14.613842964172363,14.613842964172363,14.613842964172363,14.613842964172363,0
2003-05-02 00:00:00+05:30,14.60421371459961,14.636310577392578,14.343156814575195,14.561417579650879,13078580
2003-05-05 00:00:00+05:30,14.614912986755371,14.625612258911133,14.467266082763672,14.542160034179688,6077637
2003-05-06 00:00:00+05:30,14.507923126220703,14.655570030212402,14.433029174804688,14.577466011047363,9147954
2003-05-07 00:00:00+05:30,14.550719261169434,14.730463027954102,14.36883544921875,14.465126037597656,17732401
2003-05-08 00:00:00+05:30,12.43016529083252,14.484384536743164,12.410906791687012,14.16234302520752,12986750
2003-05-09 00:00:00+05:30,14.231886863708496,14.332457542419434,14.14415454864502,14.207279205322266,4500115
2003-05-12 00:00:00+05:30,14.167692184448242,14.54750919342041,14.16662311553955,14.472616195678711,7022440
2003-05-13 00:00:00+05:30,14.507923126220703,14.560347557067871,14.300360679626465,14.354926109313965,3772154
2003-05-14 00:00:00+05:30,14.347436904907227,14.418049812316895,14.257564544677734,14.300360679626465,9655289
2003-05-15 00:00:00+05:30,14.295010566711426,14.44372844696045,14.293940544128418,14.388092994689941,5901360
2003-05-16 00:00:00+05:30,14.422329902648926,15.085672378540039,14.400932312011719,14.975470542907715,24450516
2003-05-19 00:00:00+05:30,15.087811470031738,15.421622276306152,14.860990524291992,15.042875289916992,32932991
2003-05-20 00:00:00+05:30,15.186243057250977,15.297513008117676,14.9144868850708,14.997939109802246,17536543
2003-05-21 00:00:00+05:30,15.064273834228516,15.33174991607666,15.045015335083008,15.115629196166992,16119549
2003-05-22 00:00:00+05:30,15.192662239074707,15.513633728027344,14.786097526550293,14.84708309173584,11525406
2003-05-23 00:00:00+05:30,14.978680610656738,15.11028003692627,14.446937561035156,14.548579216003418,43929707
2003-05-26 00:00:00+05:30,14.379533767700195,14.754000663757324,14.379533767700195,14.725112915039062,19752158
2003-05-27 00:00:00+05:30,14.743302345275879,15.040736198425293,14.57211685180664,14.886669158935547,22576940
2003-05-28 00:00:00+05:30,14.925186157226562,15.000079154968262,14.682316780090332,14.797866821289062,15599223
2003-05-29 00:00:00+05:30,14.807496070861816,14.87169075012207,14.638450622558594,14.732603073120117,29132377
2003-05-30 00:00:00+05:30,14.711204528808594,14.978680610656738,14.698366165161133,14.85350227355957,19637055
2003-06-02 00:00:00+05:30,14.796796798706055,15.466558456420898,14.796796798706055,15.03752613067627,36393249
2003-06-03 00:00:00+05:30,15.064273834228516,15.149866104125977,14.586026191711426,14.628822326660156,20904176
2003-06-04 00:00:00+05:30,14.44372844696045,14.736882209777832,14.379533767700195,14.545369148254395,21751260
2003-06-05 00:00:00+05:30,14.71976375579834,14.843873023986816,14.623472213745117,14.77432918548584,19030086
2003-06-06 00:00:00+05:30,14.87169075012207,15.188383102416992,14.809636116027832,15.112419128417969,29138312
2003-06-09 00:00:00+05:30,15.188383102416992,15.513633728027344,15.188383102416992,15.26862621307373,26196978
2003-06-10 00:00:00+05:30,15.214059829711914,15.513633728027344,15.008638381958008,15.103859901428223,26339935
2003-06-11 00:00:00+05:30,15.17982292175293,15.278255462646484,14.877039909362793,14.992589950561523,15453229
2003-06-12 00:00:00+05:30,15.101719856262207,15.321050643920898,15.08888053894043,15.269695281982422,17903771
2003-06-13 00:00:00+05:30,15.326399803161621,15.490096092224121,15.128467559814453,15.214059829711914,22434077
2003-06-16 00:00:00+05:30,15.299653053283691,15.330679893493652,14.978680610656738,15.127397537231445,9650568
2003-06-17 00:00:00+05:30,15.194802284240723,15.33174991607666,15.189453125,15.284673690795898,17554722
2003-06-18 00:00:00+05:30,15.40664291381836,15.763992309570312,15.345659255981445,15.602436065673828,38296641
2003-06-19 00:00:00+05:30,15.729755401611328,15.856003761291504,15.541452407836914,15.706216812133789,23307191
2003-06-20 00:00:00+05:30,15.706216812133789,16.002580642700195,15.642023086547852,15.914849281311035,34600194
2003-06-23 00:00:00+05:30,16.048587799072266,16.15129852294922,15.898799896240234,15.981183052062988,27393345
2003-06-24 00:00:00+05:30,15.620624542236328,15.941596031188965,15.40664291381836,15.67411994934082,17048696
2003-06-25 00:00:00+05:30,15.770410537719727,15.957645416259766,15.769341468811035,15.896659851074219,21542129
2003-06-26 00:00:00+05:30,15.941596031188965,16.56214141845703,15.941596031188965,16.43589210510254,52512098
2003-06-27 00:00:00+05:30,16.47654914855957,16.56214141845703,16.17697525024414,16.290386199951172,19919790
2003-06-30 00:00:00+05:30,16.328901290893555,16.62633514404297,16.307504653930664,16.420913696289062,24577630
2003-07-01 00:00:00+05:30,16.455150604248047,16.46799087524414,16.07319450378418,16.126689910888672,10305159
2003-07-02 00:00:00+05:30,16.143808364868164,16.34602165222168,16.143808364868164,16.25507926940918,12942120
2003-07-03 00:00:00+05:30,16.15878677368164,16.53646469116211,16.134178161621094,16.201583862304688,23538940
2003-07-04 00:00:00+05:30,16.2625675201416,16.733327865600586,16.2625675201416,16.49473762512207,26154311
2003-07-07 00:00:00+05:30,16.62633514404297,16.646663665771484,16.295734405517578,16.388816833496094,7457759
2003-07-08 00:00:00+05:30,16.369558334350586,16.776123046875,16.369558334350586,16.58568000793457,28482646
2003-07-09 00:00:00+05:30,16.647733688354492,16.647733688354492,16.369558334350586,16.510786056518555,12625597
2003-07-10 00:00:00+05:30,16.369558334350586,16.604938507080078,16.198373794555664,16.344951629638672,20499234
2003-07-11 00:00:00+05:30,16.392026901245117,16.47654914855957,16.097803115844727,16.20586395263672,16375600
2003-07-14 00:00:00+05:30,16.112781524658203,16.2625675201416,16.016490936279297,16.170555114746094,10607569
2003-07-15 00:00:00+05:30,16.219772338867188,16.30536460876465,15.684819221496582,15.769341468811035,18111780
2003-07-16 00:00:00+05:30,15.935176849365234,16.219772338867188,15.770410537719727,16.148088455200195,11562279
2003-07-17 00:00:00+05:30,16.2625675201416,16.2625675201416,15.94373607635498,16.110641479492188,16869381
2003-07-18 00:00:00+05:30,15.920198440551758,16.13204002380371,15.727615356445312,15.939456939697266,10889603
2003-07-21 00:00:00+05:30,15.620624542236328,16.048587799072266,15.433390617370605,15.550010681152344,7004261
2003-07-22 00:00:00+05:30,15.513633728027344,15.834606170654297,15.303932189941406,15.460139274597168,12293184
2003-07-23 00:00:00+05:30,15.813207626342773,15.813207626342773,15.470837593078613,15.537172317504883,6110304
2003-07-24 00:00:00+05:30,15.535032272338867,16.037887573242188,15.470837593078613,15.903079986572266,14933604
2003-07-25 00:00:00+05:30,14.764699935913086,16.904512405395508,14.764699935913086,15.740453720092773,20720795
2003-07-28 00:00:00+05:30,16.025049209594727,16.025049209594727,15.772550582885742,15.843165397644043,16221941
2003-07-29 00:00:00+05:30,15.877402305603027,15.877402305603027,15.588526725769043,15.814277648925781,14905003
2003-07-30 00:00:00+05:30,15.832466125488281,15.898799896240234,15.411993026733398,15.537172317504883,16089874
2003-07-31 00:00:00+05:30,15.55856990814209,15.620624542236328,15.278255462646484,15.353148460388184,31238543
2003-08-01 00:00:00+05:30,15.430180549621582,15.567129135131836,15.385245323181152,15.411993026733398,21536334
2003-08-04 00:00:00+05:30,15.511493682861328,15.770410537719727,15.470837593078613,15.605646133422852,12804117
2003-08-05 00:00:00+05:30,15.791810035705566,16.04644775390625,15.577828407287598,15.65807056427002,36036208
2003-08-06 00:00:00+05:30,15.727615356445312,15.845305442810059,15.556429862976074,15.661280632019043,16454485
2003-08-07 00:00:00+05:30,15.770410537719727,15.982253074645996,15.59494686126709,15.799299240112305,29325478
2003-08-08 00:00:00+05:30,15.941596031188965,16.388816833496094,15.877402305603027,16.2989444732666,32957620
2003-08-11 00:00:00+05:30,16.30536460876465,16.72690773010254,16.260427474975586,16.441242218017578,24858729
2003-08-12 00:00:00+05:30,16.513996124267578,16.643455505371094,16.35886001586914,16.520414352416992,17038321
2003-08-13 00:00:00+05:30,16.479759216308594,16.62526512145996,16.2261905670166,16.491527557373047,15578146
2003-08-14 00:00:00+05:30,16.58139991760254,16.668062210083008,16.243310928344727,16.32248306274414,15266530
2003-08-15 00:00:00+05:30,16.32248306274414,16.32248306274414,16.32248306274414,16.32248306274414,0
2003-08-18 00:00:00+05:30,16.407005310058594,16.519344329833984,16.18767547607422,16.48938751220703,13097040
2003-08-19 00:00:00+05:30,16.620986938476562,16.620986938476562,16.307504653930664,16.441242218017578,14715500
2003-08-20 00:00:00+05:30,16.539674758911133,16.54074478149414,16.24117088317871,16.343881607055664,13860518
2003-08-21 00:00:00+05:30,16.433752059936523,16.919490814208984,16.374908447265625,16.787891387939453,26232963
2003-08-22 00:00:00+05:30,16.947307586669922,17.503658294677734,16.904512405395508,17.296096801757812,42878727
2003-08-25 00:00:00+05:30,17.54645538330078,17.589250564575195,16.339601516723633,16.558931350708008,31038245
2003-08-26 00:00:00+05:30,16.77184295654297,17.285398483276367,16.695880889892578,16.976194381713867,23155215
2003-08-27 00:00:00+05:30,17.22120475769043,17.36029052734375,17.023271560668945,17.321775436401367,17834793
2003-08-28 00:00:00+05:30,17.332473754882812,17.589250564575195,17.097095489501953,17.482261657714844,26457235
2003-08-29 00:00:00+05:30,17.632047653198242,17.91022300720215,17.507938385009766,17.808582305908203,22994126
2003-09-01 00:00:00+05:30,17.974416732788086,18.423778533935547,17.974416732788086,18.306087493896484,20546481
2003-09-02 00:00:00+05:30,18.35958480834961,18.423778533935547,18.009723663330078,18.18625831604004,13765463
2003-09-03 00:00:00+05:30,18.2311954498291,18.355304718017578,17.717639923095703,17.829980850219727,12438150
2003-09-04 00:00:00+05:30,17.974416732788086,17.974416732788086,17.22976303100586,17.334613800048828,19404511
2003-09-05 00:00:00+05:30,17.503658294677734,18.06001091003418,17.46086311340332,17.895244598388672,18250811
2003-09-08 00:00:00+05:30,17.867427825927734,18.272920608520508,17.867427825927734,18.214075088500977,16206052
2003-09-09 00:00:00+05:30,18.29538917541504,18.316787719726562,17.54645538330078,17.69089126586914,13237847
2003-09-10 00:00:00+05:30,17.760435104370117,18.07712745666504,17.611719131469727,17.98618507385254,9132158
2003-09-11 00:00:00+05:30,17.974416732788086,18.16486167907715,17.44267463684082,17.54217529296875,14564599
2003-09-12 00:00:00+05:30,17.640607833862305,17.867427825927734,17.118492126464844,17.21585464477539,13063673
2003-09-15 00:00:00+05:30,17.09816551208496,17.332473754882812,16.86278533935547,16.969776153564453,10748749
2003-09-16 00:00:00+05:30,16.883113861083984,17.36457061767578,16.69053077697754,17.055368423461914,30692654
2003-09-17 00:00:00+05:30,17.24688148498535,17.24688148498535,16.69053077697754,16.766494750976562,18642388
2003-09-18 00:00:00+05:30,16.74402618408203,16.901302337646484,16.47654914855957,16.56749153137207,9792824
2003-09-19 00:00:00+05:30,16.797521591186523,17.225482940673828,16.604938507080078,17.009361267089844,16247317
2003-09-22 00:00:00+05:30,17.182687759399414,17.204084396362305,16.67983055114746,16.695880889892578,11347587
2003-09-23 00:00:00+05:30,16.583539962768555,16.968706130981445,16.54181480407715,16.904512405395508,9344327
2003-09-24 00:00:00+05:30,17.07569694519043,17.653446197509766,16.845666885375977,17.552875518798828,20851367
2003-09-25 00:00:00+05:30,17.139890670776367,17.715499877929688,17.139890670776367,17.36564064025879,16448924
2003-09-26 00:00:00+05:30,17.482261657714844,17.632047653198242,17.2896785736084,17.561433792114258,11147476
2003-09-29 00:00:00+05:30,17.503658294677734,17.66414451599121,17.33354377746582,17.414857864379883,5924026
2003-09-30 00:00:00+05:30,17.51970672607422,17.56571388244629,17.01150131225586,17.13775062561035,14912527
2003-10-01 00:00:00+05:30,17.261859893798828,17.439464569091797,17.118492126464844,17.343172073364258,8394383
2003-10-02 00:00:00+05:30,17.343172073364258,17.343172073364258,17.343172073364258,17.343172073364258,0
2003-10-03 00:00:00+05:30,17.353872299194336,17.580692291259766,17.22976303100586,17.327123641967773,14630586
2003-10-06 00:00:00+05:30,17.46086311340332,18.06001091003418,17.397737503051758,17.951948165893555,25580802
2003-10-07 00:00:00+05:30,18.034332275390625,18.326416015625,17.848169326782227,17.93804168701172,24455236
2003-10-08 00:00:00+05:30,18.145601272583008,18.16486167907715,17.87277603149414,18.043960571289062,13171065
2003-10-09 00:00:00+05:30,18.188398361206055,18.92449378967285,18.08140754699707,18.8035945892334,24040947
2003-10-10 00:00:00+05:30,18.832481384277344,19.21550750732422,18.811084747314453,19.026134490966797,14228869
2003-10-13 00:00:00+05:30,18.958730697631836,19.472286224365234,18.873138427734375,19.34282684326172,16949716
2003-10-14 00:00:00+05:30,19.46907615661621,19.51508140563965,18.5307674407959,18.765077590942383,16235494
2003-10-15 00:00:00+05:30,18.903095245361328,19.15131378173828,18.34995460510254,18.899885177612305,14651663
2003-10-16 00:00:00+05:30,19.044322967529297,19.322498321533203,18.862438201904297,19.175922393798828,13866173
2003-10-17 00:00:00+05:30,19.086050033569336,19.258304595947266,18.728700637817383,18.954450607299805,11716171
2003-10-20 00:00:00+05:30,18.937332153320312,19.044322967529297,18.701953887939453,18.750099182128906,11494843
2003-10-21 00:00:00+05:30,18.616361618041992,18.830341339111328,18.37670135498047,18.671995162963867,15315833
2003-10-22 00:00:00+05:30,18.637758255004883,18.830341339111328,18.511510848999023,18.74367904663086,12239768
2003-10-23 00:00:00+05:30,18.744749069213867,18.744749069213867,17.978696823120117,18.14881134033203,11529753
2003-10-24 00:00:00+05:30,18.150951385498047,18.445175170898438,17.9765567779541,18.357444763183594,8772220
2003-10-27 00:00:00+05:30,18.701953887939453,18.828201293945312,18.402379989624023,18.515790939331055,12426514
2003-10-28 00:00:00+05:30,18.46657371520996,18.723350524902344,18.428056716918945,18.58640480041504,11691169
2003-10-29 00:00:00+05:30,18.787546157836914,18.787546157836914,18.082477569580078,18.46657371520996,33964437
2003-10-30 00:00:00+05:30,18.445175170898438,18.509370803833008,18.338184356689453,18.410938262939453,12688079
2003-10-31 00:00:00+05:30,18.402379989624023,18.744749069213867,18.402379989624023,18.546817779541016,11746314
2003-11-03 00:00:00+05:30,18.723350524902344,19.06572151184082,18.509370803833008,18.971569061279297,18614769
2003-11-04 00:00:00+05:30,19.04218292236328,19.38669204711914,19.04218292236328,19.262584686279297,19583125
2003-11-05 00:00:00+05:30,19.15131378173828,19.459447860717773,18.877418518066406,19.018644332885742,24219654
2003-11-06 00:00:00+05:30,18.98012924194336,19.08711814880371,18.723350524902344,18.769357681274414,13330145
2003-11-07 00:00:00+05:30,18.76614761352539,18.808944702148438,18.3221378326416,18.483692169189453,14553617
2003-11-10 00:00:00+05:30,18.509370803833008,18.616361618041992,18.0856876373291,18.44945526123047,8952703
2003-11-11 00:00:00+05:30,18.659156799316406,18.659156799316406,18.445175170898438,18.51685905456543,15841768
2003-11-12 00:00:00+05:30,18.659156799316406,18.697673797607422,18.06001091003418,18.206586837768555,10938626
2003-11-13 00:00:00+05:30,18.402379989624023,18.402379989624023,18.145601272583008,18.26864242553711,13251727
2003-11-14 00:00:00+05:30,18.2311954498291,18.370283126831055,18.188398361206055,18.29538917541504,15424488
2003-11-17 00:00:00+05:30,18.297529220581055,18.545747756958008,18.254732131958008,18.391681671142578,5830653
2003-11-18 00:00:00+05:30,18.5307674407959,18.616361618041992,18.360652923583984,18.483692169189453,8408590
2003-11-19 00:00:00+05:30,18.616361618041992,18.695533752441406,18.233335494995117,18.606731414794922,8013836
2003-11-20 00:00:00+05:30,18.70409393310547,18.977989196777344,18.2311954498291,18.425918579101562,13872015
2003-11-21 00:00:00+05:30,18.455875396728516,18.781126022338867,18.188398361206055,18.68590545654297,12161303
2003-11-24 00:00:00+05:30,18.76614761352539,18.830341339111328,18.34888458251953,18.398099899291992,7383313
2003-11-25 00:00:00+05:30,18.507230758666992,18.551097869873047,18.220495223999023,18.30287742614746,9077901
2003-11-26 00:00:00+05:30,18.30287742614746,18.30287742614746,18.30287742614746,18.30287742614746,0
2003-11-27 00:00:00+05:30,18.297529220581055,18.487972259521484,18.102806091308594,18.300739288330078,19973299
2003-11-28 00:00:00+05:30,18.188398361206055,18.57142448425293,18.188398361206055,18.347814559936523,11935583
2003-12-01 00:00:00+05:30,18.59496307373047,18.723350524902344,18.338184356689453,18.655946731567383,19113084
2003-12-02 00:00:00+05:30,18.723350524902344,18.958730697631836,18.57677459716797,18.76186752319336,15049034
2003-12-03 00:00:00+05:30,18.787546157836914,19.108518600463867,18.6398983001709,18.728700637817383,17161416
2003-12-04 00:00:00+05:30,18.76614761352539,19.47014617919922,18.7126522064209,19.255094528198242,26941950
2003-12-05 00:00:00+05:30,19.36529541015625,19.943044662475586,19.36529541015625,19.48726463317871,35774643
2003-12-08 00:00:00+05:30,19.416650772094727,19.749391555786133,19.408090591430664,19.53754997253418,17796706
2003-12-09 00:00:00+05:30,19.579275131225586,20.43520164489746,19.579275131225586,20.319650650024414,37275476
2003-12-10 00:00:00+05:30,20.542190551757812,21.179855346679688,20.43520164489746,20.930566787719727,42758529
2003-12-11 00:00:00+05:30,20.97015380859375,21.05574607849121,20.328210830688477,20.823577880859375,19433205
2003-12-12 00:00:00+05:30,20.00830841064453,20.863162994384766,19.752601623535156,20.68876838684082,11509143
2003-12-15 00:00:00+05:30,20.75617218017578,21.37457847595215,20.735843658447266,21.285776138305664,13868089
2003-12-16 00:00:00+05:30,21.333921432495117,22.241201400756836,21.034347534179688,22.081785202026367,35203845
2003-12-17 00:00:00+05:30,22.168447494506836,22.168447494506836,21.420583724975586,21.669872283935547,18151644
2003-12-18 00:00:00+05:30,21.719087600708008,21.719087600708008,21.078214645385742,21.133848190307617,16898403
2003-12-19 00:00:00+05:30,21.462310791015625,21.633495330810547,21.014020919799805,21.14775848388672,14569786
2003-12-22 00:00:00+05:30,21.248329162597656,21.26972770690918,21.00225067138672,21.113521575927734,6285319
2003-12-23 00:00:00+05:30,21.18413543701172,21.26972770690918,20.777570724487305,20.872791290283203,7891582
2003-12-24 00:00:00+05:30,21.26972770690918,21.26972770690918,20.718725204467773,20.903820037841797,18287310
2003-12-25 00:00:00+05:30,20.903820037841797,20.903820037841797,20.903820037841797,20.903820037841797,0
2003-12-26 00:00:00+05:30,21.077144622802734,21.248329162597656,20.713375091552734,20.864233016967773,9960502
2003-12-29 00:00:00+05:30,21.11994171142578,21.65489387512207,20.82143783569336,21.29112434387207,23080676
2003-12-30 00:00:00+05:30,21.336061477661133,21.56930160522461,20.863162994384766,21.052536010742188,23209659
2003-12-31 00:00:00+05:30,21.077144622802734,21.248329162597656,20.97015380859375,21.045047760009766,16655250
2004-01-01 00:00:00+05:30,21.18413543701172,21.505107879638672,20.99690055847168,21.286846160888672,25234370
2004-01-02 00:00:00+05:30,21.29647445678711,22.04006004333496,21.29647445678711,21.888132095336914,37599524
2004-01-05 00:00:00+05:30,22.36103057861328,22.853187561035156,21.74155616760254,22.704471588134766,42092863
2004-01-06 00:00:00+05:30,22.78899383544922,22.97943687438965,21.826078414916992,22.12137222290039,19008915
2004-01-07 00:00:00+05:30,21.847476959228516,22.147050857543945,21.515806198120117,21.935209274291992,16405883
2004-01-08 00:00:00+05:30,22.04006004333496,23.214815139770508,21.97586441040039,23.039352416992188,27137808
2004-01-09 00:00:00+05:30,23.32394790649414,23.751909255981445,22.831790924072266,23.231935501098633,30116388
2004-01-12 00:00:00+05:30,23.430936813354492,24.065391540527344,22.810392379760742,23.8364315032959,25333771
2004-01-13 00:00:00+05:30,23.602121353149414,23.901695251464844,23.131364822387695,23.561466217041016,16866718
2004-01-14 00:00:00+05:30,23.77330780029297,24.32965850830078,22.895984649658203,24.261184692382812,20471007
2004-01-15 00:00:00+05:30,24.436649322509766,24.971601486206055,24.0728816986084,24.299701690673828,30361130
2004-01-16 00:00:00+05:30,24.39385223388672,24.47944450378418,23.751909255981445,23.991567611694336,16732734
2004-01-19 00:00:00+05:30,24.0728816986084,24.62923240661621,23.779726028442383,24.394922256469727,14886450
2004-01-20 00:00:00+05:30,24.500843048095703,24.69235610961914,23.64491844177246,23.98942756652832,18147344
2004-01-21 00:00:00+05:30,25.656341552734375,25.656341552734375,23.4320068359375,23.66738510131836,20463716
2004-01-22 00:00:00+05:30,23.751909255981445,24.051483154296875,22.87458610534668,23.102476119995117,21116484
2004-01-23 00:00:00+05:30,23.10996437072754,23.3185977935791,21.232280731201172,22.014381408691406,46914876
2004-01-26 00:00:00+05:30,22.014381408691406,22.014381408691406,22.014381408691406,22.014381408691406,0
2004-01-27 00:00:00+05:30,22.42522621154785,22.872446060180664,21.719087600708008,22.54398536682129,20802438
2004-01-28 00:00:00+05:30,22.27543830871582,22.711959838867188,21.516876220703125,21.774723052978516,14547822
2004-01-29 00:00:00+05:30,21.833568572998047,22.468021392822266,21.742626190185547,22.01224136352539,33511640
2004-01-30 00:00:00+05:30,22.36103057861328,22.462671279907227,21.719087600708008,21.93092918395996,10582286
2004-02-02 00:00:00+05:30,21.93092918395996,21.93092918395996,21.93092918395996,21.93092918395996,0
2004-02-03 00:00:00+05:30,21.826078414916992,22.403827667236328,20.948755264282227,21.63135528564453,17754646
2004-02-04 00:00:00+05:30,21.633495330810547,21.97586441040039,21.29112434387207,21.430213928222656,18270579
2004-02-05 00:00:00+05:30,21.611026763916016,21.611026763916016,20.77971076965332,20.859952926635742,15932009
2004-02-06 00:00:00+05:30,20.968013763427734,21.419513702392578,20.841764450073242,21.186275482177734,19483817
2004-02-09 00:00:00+05:30,20.948755264282227,21.588558197021484,20.948755264282227,21.30610466003418,14719239
2004-02-10 00:00:00+05:30,21.462310791015625,21.719087600708008,21.29112434387207,21.50082778930664,23109977
2004-02-11 00:00:00+05:30,21.697689056396484,21.697689056396484,21.31466293334961,21.60032844543457,16274422
2004-02-12 00:00:00+05:30,21.50938606262207,21.8859920501709,21.50938606262207,21.606748580932617,17525187
2004-02-13 00:00:00+05:30,21.826078414916992,22.72052001953125,21.5906982421875,22.659534454345703,32841208
2004-02-16 00:00:00+05:30,22.63920783996582,23.195558547973633,22.617809295654297,22.91096305847168,15150819
2004-02-17 00:00:00+05:30,22.853187561035156,23.34534454345703,22.683073043823242,23.115314483642578,19947269
2004-02-18 00:00:00+05:30,23.317527770996094,23.32394790649414,22.55254364013672,23.10140609741211,23516882
2004-02-19 00:00:00+05:30,23.10996437072754,23.25975227355957,22.938779830932617,23.08321762084961,25428686
2004-02-20 00:00:00+05:30,21.9544677734375,23.49513053894043,21.9544677734375,23.347484588623047,19800107
2004-02-23 00:00:00+05:30,23.32394790649414,23.66631507873535,23.11424446105957,23.3185977935791,16429249
2004-02-24 00:00:00+05:30,23.47373390197754,23.987287521362305,22.944129943847656,23.801124572753906,24753580
2004-02-25 00:00:00+05:30,23.54648780822754,23.751909255981445,22.921661376953125,23.02330207824707,9022149
2004-02-26 00:00:00+05:30,22.78899383544922,23.698413848876953,22.78899383544922,23.3592529296875,16967895
2004-02-27 00:00:00+05:30,23.40953826904297,23.751909255981445,23.25975227355957,23.548627853393555,9052712
2004-03-01 00:00:00+05:30,23.537927627563477,24.52010154724121,23.32394790649414,24.40348243713379,19071257
2004-03-02 00:00:00+05:30,24.40348243713379,24.40348243713379,24.40348243713379,24.40348243713379,0
2004-03-03 00:00:00+05:30,24.39385223388672,25.46375846862793,23.99370765686035,25.136367797851562,19108130
2004-03-04 00:00:00+05:30,25.035795211791992,25.206981658935547,24.652769088745117,24.922386169433594,11209818
2004-03-05 00:00:00+05:30,24.650630950927734,25.247636795043945,24.650630950927734,24.963041305541992,10886051
2004-03-08 00:00:00+05:30,24.972671508789062,25.39100456237793,24.822885513305664,25.167394638061523,8867229
2004-03-09 00:00:00+05:30,24.95020294189453,25.24977684020996,24.781158447265625,25.009048461914062,11366467
2004-03-10 00:00:00+05:30,24.95020294189453,25.292573928833008,24.607833862304688,25.066822052001953,12556432
2004-03-11 00:00:00+05:30,24.907407760620117,24.993000030517578,24.39385223388672,24.568246841430664,15886444
2004-03-12 00:00:00+05:30,24.500843048095703,24.56503677368164,24.126375198364258,24.274023056030273,11377917
2004-03-15 00:00:00+05:30,24.49335479736328,24.49335479736328,23.348554611206055,23.562536239624023,11740519
2004-03-16 00:00:00+05:30,23.388141632080078,23.537927627563477,22.340702056884766,23.026512145996094,21561850
2004-03-17 00:00:00+05:30,23.116384506225586,23.537927627563477,22.510818481445312,23.357114791870117,24436356
2004-03-18 00:00:00+05:30,23.32394790649414,23.505830764770508,22.939849853515625,23.24156379699707,6850976
2004-03-19 00:00:00+05:30,23.086427688598633,23.08856773376465,22.708751678466797,22.899194717407227,10012049
2004-03-22 00:00:00+05:30,22.938779830932617,23.193418502807617,22.746196746826172,22.94734001159668,13247287
2004-03-23 00:00:00+05:30,22.791133880615234,23.216955184936523,22.791133880615234,23.08749771118164,11357307
2004-03-24 00:00:00+05:30,23.195558547973633,23.428796768188477,22.748336791992188,22.83392906188965,11180610
2004-03-25 00:00:00+05:30,22.704471588134766,23.234073638916016,22.704471588134766,22.87458610534668,12143078
2004-03-26 00:00:00+05:30,23.152761459350586,23.3004093170166,22.473371505737305,22.922731399536133,11037139
2004-03-29 00:00:00+05:30,23.002975463867188,23.04684066772461,22.644556045532227,22.83392906188965,4819115
2004-03-30 00:00:00+05:30,22.96017837524414,22.96017837524414,22.36638069152832,22.477651596069336,8862836
2004-03-31 00:00:00+05:30,22.047548294067383,22.617809295654297,22.047548294067383,22.320375442504883,13533714
2004-04-01 00:00:00+05:30,22.530075073242188,23.34534454345703,22.25404167175293,23.169879913330078,12084100
2004-04-02 00:00:00+05:30,23.32394790649414,23.488712310791016,23.05112075805664,23.253332138061523,9146225
2004-04-05 00:00:00+05:30,22.682003021240234,23.580724716186523,22.682003021240234,23.322877883911133,8329424
2004-04-06 00:00:00+05:30,23.32394790649414,23.505830764770508,23.115314483642578,23.20518684387207,5901173
2004-04-07 00:00:00+05:30,23.216955184936523,23.558256149291992,23.08856773376465,23.37316131591797,8495467
2004-04-08 00:00:00+05:30,23.131364822387695,23.471593856811523,21.847476959228516,23.32394790649414,10040463
2004-04-09 00:00:00+05:30,23.32394790649414,23.32394790649414,23.32394790649414,23.32394790649414,0
2004-04-12 00:00:00+05:30,23.430936813354492,23.534717559814453,22.895984649658203,23.017953872680664,6178254
2004-04-13 00:00:00+05:30,22.96017837524414,23.40953826904297,22.57501220703125,23.23728370666504,7629503
2004-04-14 00:00:00+05:30,23.23728370666504,23.23728370666504,23.23728370666504,23.23728370666504,0
2004-04-15 00:00:00+05:30,23.238353729248047,23.537927627563477,23.2094669342041,23.274730682373047,13067738
2004-04-16 00:00:00+05:30,22.689491271972656,23.430936813354492,22.689491271972656,23.25547218322754,6662595
2004-04-19 00:00:00+05:30,23.216955184936523,23.40953826904297,23.024372100830078,23.25547218322754,7918033
2004-04-20 00:00:00+05:30,23.321807861328125,23.321807861328125,22.89705467224121,23.025442123413086,5210879
2004-04-21 00:00:00+05:30,23.002975463867188,23.280080795288086,22.812532424926758,23.091777801513672,10555087
2004-04-22 00:00:00+05:30,23.428796768188477,23.428796768188477,22.895984649658203,23.115314483642578,4999038
2004-04-23 00:00:00+05:30,22.87458610534668,23.36460304260254,22.812532424926758,23.12387466430664,9013783
2004-04-27 00:00:00+05:30,21.883853912353516,23.313247680664062,21.883853912353516,22.623157501220703,21148590
2004-04-28 00:00:00+05:30,22.501188278198242,23.10996437072754,22.25404167175293,22.638137817382812,13825188
2004-04-29 00:00:00+05:30,22.468021392822266,23.216955184936523,22.25404167175293,22.813600540161133,15730403
2004-04-30 00:00:00+05:30,22.256181716918945,23.428796768188477,22.256181716918945,23.037212371826172,7233253
2004-05-03 00:00:00+05:30,22.940919876098633,23.25975227355957,22.510818481445312,22.959108352661133,11991289
2004-05-04 00:00:00+05:30,22.895984649658203,22.981576919555664,22.57501220703125,22.73335838317871,12186259
2004-05-05 00:00:00+05:30,22.70768165588379,22.810392379760742,22.53328514099121,22.61566925048828,21407070
2004-05-06 00:00:00+05:30,22.810392379760742,22.810392379760742,22.36103057861328,22.401687622070312,27479801
2004-05-07 00:00:00+05:30,22.147050857543945,22.36210060119629,21.826078414916992,22.036849975585938,10697670
2004-05-10 00:00:00+05:30,21.399185180664062,22.04006004333496,21.077144622802734,21.3863468170166,14248029
2004-05-11 00:00:00+05:30,20.97015380859375,21.29112434387207,19.830703735351562,19.99974822998047,22823176
2004-05-12 00:00:00+05:30,19.793256759643555,20.278995513916016,19.643470764160156,19.968721389770508,15093991
2004-05-13 00:00:00+05:30,19.718364715576172,20.776500701904297,18.72977066040039,20.38063621520996,17723756
2004-05-14 00:00:00+05:30,20.542190551757812,20.84283447265625,19.257234573364258,19.615652084350586,22654049
2004-05-17 00:00:00+05:30,19.57713508605957,19.710874557495117,17.377410888671875,17.70159149169922,13794485
2004-05-18 00:00:00+05:30,18.188398361206055,20.918798446655273,17.653446197509766,19.38348388671875,15943178
2004-05-19 00:00:00+05:30,19.793256759643555,20.151676177978516,17.974416732788086,19.236906051635742,12360199
2004-05-20 00:00:00+05:30,18.723350524902344,19.258304595947266,18.509370803833008,18.99724769592285,12852860
2004-05-21 00:00:00+05:30,18.72549057006836,19.27970314025879,18.617431640625,19.200529098510742,11646866
2004-05-24 00:00:00+05:30,19.343896865844727,19.814655303955078,19.194110870361328,19.667007446289062,11152476
2004-05-25 00:00:00+05:30,19.538619995117188,19.90024757385254,18.551097869873047,19.77292823791504,13889259
2004-05-26 00:00:00+05:30,19.322498321533203,19.75046157836914,18.830341339111328,19.041114807128906,13036614
2004-05-27 00:00:00+05:30,18.808944702148438,19.707664489746094,18.726560592651367,19.5814151763916,24552815
2004-05-28 00:00:00+05:30,19.46158790588379,19.576065063476562,18.637758255004883,18.8399715423584,16191658
2004-05-31 00:00:00+05:30,18.47727394104004,18.92984390258789,17.54645538330078,18.787546157836914,19960495
2004-06-01 00:00:00+05:30,19.044322967529297,19.60067367553711,19.044322967529297,19.321428298950195,34556873
2004-06-02 00:00:00+05:30,19.448747634887695,19.51508140563965,18.723350524902344,19.280771255493164,14811677
2004-06-03 00:00:00+05:30,19.472286224365234,19.472286224365234,18.414148330688477,18.77149772644043,18973866
2004-06-04 00:00:00+05:30,18.701953887939453,19.041114807128906,18.509370803833008,18.746889114379883,18360868
2004-06-07 00:00:00+05:30,19.15131378173828,19.29682159423828,18.76614761352539,19.0400447845459,19051630
2004-06-08 00:00:00+05:30,21.376718521118164,21.376718521118164,18.72977066040039,19.12884521484375,6539781
2004-06-09 00:00:00+05:30,19.792186737060547,19.792186737060547,18.88383674621582,19.108518600463867,6425565
2004-06-10 00:00:00+05:30,19.119216918945312,19.301101684570312,18.981199264526367,19.194110870361328,8637255
2004-06-11 00:00:00+05:30,19.258304595947266,19.298961639404297,18.856019973754883,19.035764694213867,7623614
2004-06-14 00:00:00+05:30,19.001527786254883,19.162012100219727,18.616361618041992,18.772567749023438,9236607
2004-06-15 00:00:00+05:30,18.616361618041992,19.021854400634766,18.616361618041992,18.905235290527344,5691996
2004-06-16 00:00:00+05:30,19.001527786254883,19.055021286010742,18.755449295043945,18.935192108154297,5935756
2004-06-17 00:00:00+05:30,18.935192108154297,19.258304595947266,18.85173988342285,19.07962989807129,5944448
2004-06-18 00:00:00+05:30,18.937332153320312,19.236906051635742,18.452665328979492,18.55002784729004,10243424
2004-06-21 00:00:00+05:30,18.509370803833008,18.578914642333984,18.083547592163086,18.36707305908203,6506694
2004-06-22 00:00:00+05:30,18.35958480834961,18.573564529418945,17.675914764404297,18.416288375854492,7856953
2004-06-23 00:00:00+05:30,18.405588150024414,18.445175170898438,17.720849990844727,18.12741470336914,14397528
2004-06-24 00:00:00+05:30,18.16699981689453,18.509370803833008,18.08140754699707,18.420568466186523,22522963
2004-06-25 00:00:00+05:30,18.35958480834961,18.830341339111328,18.2311954498291,18.554306030273438,8856947
2004-06-28 00:00:00+05:30,18.6398983001709,18.787546157836914,18.402379989624023,18.643108367919922,7516315
2004-06-29 00:00:00+05:30,18.616361618041992,18.923423767089844,18.41307830810547,18.762937545776367,7299848
2004-06-30 00:00:00+05:30,18.808944702148438,19.130985260009766,18.623849868774414,18.977989196777344,8899942
2004-07-01 00:00:00+05:30,18.93840217590332,19.22406768798828,18.842111587524414,18.97477912902832,11504096
2004-07-02 00:00:00+05:30,19.022924423217773,19.643470764160156,18.937332153320312,19.45195770263672,10856843
2004-07-05 00:00:00+05:30,19.301101684570312,19.686267852783203,19.301101684570312,19.59639549255371,6659838
2004-07-06 00:00:00+05:30,19.662729263305664,20.259735107421875,19.37920379638672,20.067153930664062,10415168
2004-07-07 00:00:00+05:30,20.197681427001953,21.012950897216797,20.01365852355957,20.65774154663086,23883690
2004-07-08 00:00:00+05:30,20.542190551757812,22.04006004333496,20.542190551757812,20.940195083618164,31351077
2004-07-09 00:00:00+05:30,20.2265682220459,22.594270706176758,20.2265682220459,22.499048233032227,34001356
2004-07-12 00:00:00+05:30,22.499048233032227,22.767595291137695,22.15239906311035,22.550405502319336,16011876
2004-07-13 00:00:00+05:30,22.57501220703125,22.746196746826172,22.04326820373535,22.354612350463867,8852227
2004-07-14 00:00:00+05:30,22.677722930908203,22.677722930908203,21.466590881347656,21.55860137939453,12893798
2004-07-15 00:00:00+05:30,21.22907066345215,22.142770767211914,21.186275482177734,21.27400779724121,19396099
2004-07-16 00:00:00+05:30,21.26972770690918,21.997262954711914,21.26972770690918,21.92237091064453,15276437
2004-07-19 00:00:00+05:30,21.716947555541992,22.00796127319336,21.419513702392578,21.743696212768555,10496624
2004-07-20 00:00:00+05:30,21.823938369750977,21.823938369750977,21.253679275512695,21.307174682617188,11115884
2004-07-21 00:00:00+05:30,21.312524795532227,21.398115158081055,21.077144622802734,21.254749298095703,15395560
2004-07-22 00:00:00+05:30,21.48370933532715,21.48370933532715,20.97015380859375,21.07393455505371,10466154
2004-07-23 00:00:00+05:30,21.034347534179688,21.612096786499023,20.991552352905273,21.427003860473633,16439904
2004-07-26 00:00:00+05:30,21.398115158081055,22.57501220703125,21.29112434387207,22.512958526611328,22460808
2004-07-27 00:00:00+05:30,22.512958526611328,22.57501220703125,22.30753517150879,22.48941993713379,18223613
2004-07-28 00:00:00+05:30,22.33000373840332,22.463741302490234,22.082855224609375,22.154539108276367,13666763
2004-07-29 00:00:00+05:30,22.127792358398438,22.51616859436035,21.719087600708008,22.39847755432129,16810918
2004-07-30 00:00:00+05:30,22.510818481445312,22.510818481445312,21.9180908203125,22.204824447631836,15525478
2004-08-02 00:00:00+05:30,22.191986083984375,22.211244583129883,21.933069229125977,22.11602210998535,6203022
2004-08-03 00:00:00+05:30,22.147050857543945,22.24334144592285,21.528644561767578,21.672012329101562,23081564
2004-08-04 00:00:00+05:30,21.720157623291016,22.276508331298828,21.616376876831055,22.18877601623535,13439500
2004-08-05 00:00:00+05:30,22.25404167175293,22.468021392822266,22.18984603881836,22.396337509155273,12984600
2004-08-06 00:00:00+05:30,22.36103057861328,22.468021392822266,22.00796127319336,22.385639190673828,7922519
2004-08-09 00:00:00+05:30,22.369590759277344,22.473371505737305,22.19412612915039,22.4134578704834,7407287
2004-08-10 00:00:00+05:30,22.300046920776367,22.466951370239258,22.147050857543945,22.255111694335938,5321169
2004-08-11 00:00:00+05:30,22.125652313232422,22.617809295654297,21.93948745727539,22.383499145507812,12960159
2004-08-12 00:00:00+05:30,22.383499145507812,22.383499145507812,22.147050857543945,22.277578353881836,4873092
2004-08-13 00:00:00+05:30,22.251901626586914,22.251901626586914,21.633495330810547,21.8089599609375,11678317
2004-08-16 00:00:00+05:30,21.928789138793945,22.25404167175293,21.662382125854492,22.196266174316406,7772132
2004-08-17 00:00:00+05:30,22.211244583129883,22.25404167175293,21.398115158081055,21.798261642456055,10354509
2004-08-18 00:00:00+05:30,21.8271484375,21.89027214050293,21.398115158081055,21.525434494018555,10775948
2004-08-19 00:00:00+05:30,21.714807510375977,22.211244583129883,21.612096786499023,22.1224422454834,12010543
2004-08-20 00:00:00+05:30,21.99940299987793,22.14491081237793,21.74048614501953,21.929859161376953,5972441
2004-08-23 00:00:00+05:30,22.04006004333496,22.082855224609375,21.612096786499023,21.746904373168945,4685272
2004-08-24 00:00:00+05:30,21.80360984802246,22.082855224609375,21.72229766845703,22.026151657104492,4728593
2004-08-25 00:00:00+05:30,22.232643127441406,22.269018173217773,22.051828384399414,22.124582290649414,4404219
2004-08-26 00:00:00+05:30,22.46588134765625,22.468021392822266,22.18984603881836,22.327863693237305,13914075
2004-08-27 00:00:00+05:30,22.296836853027344,22.42522621154785,21.879573822021484,21.915950775146484,5641057
2004-08-30 00:00:00+05:30,22.062528610229492,22.354612350463867,22.020801544189453,22.27543830871582,7361535
2004-08-31 00:00:00+05:30,22.16630744934082,22.463741302490234,22.107463836669922,22.399547576904297,9103651
2004-09-01 00:00:00+05:30,22.468021392822266,22.682003021240234,22.27543830871582,22.411317825317383,10687062
2004-09-02 00:00:00+05:30,22.403827667236328,22.403827667236328,22.147050857543945,22.224082946777344,6153064
2004-09-03 00:00:00+05:30,22.25724983215332,22.292556762695312,22.00368309020996,22.22515296936035,10358995
2004-09-06 00:00:00+05:30,22.214454650878906,22.25404167175293,22.091415405273438,22.15346908569336,8976958
2004-09-07 00:00:00+05:30,22.25404167175293,22.405967712402344,21.85817527770996,22.30218505859375,11160047
2004-09-08 00:00:00+05:30,22.36103057861328,22.40275764465332,22.046478271484375,22.313955307006836,7227785
2004-09-09 00:00:00+05:30,22.33963394165039,23.49513053894043,22.15026092529297,23.10675621032715,63275335
2004-09-10 00:00:00+05:30,22.895984649658203,23.852479934692383,22.895984649658203,23.660966873168945,63254258
2004-09-13 00:00:00+05:30,23.751909255981445,23.8546199798584,23.434146881103516,23.603191375732422,15088664
2004-09-14 00:00:00+05:30,23.559326171875,23.559326171875,23.0093936920166,23.2501220703125,9969989
2004-09-15 00:00:00+05:30,23.386001586914062,23.49513053894043,23.175230026245117,23.341064453125,8771239
2004-09-16 00:00:00+05:30,23.2822208404541,24.582155227661133,23.2822208404541,24.444137573242188,33939201
2004-09-17 00:00:00+05:30,24.508331298828125,25.333229064941406,24.228017807006836,25.1417179107666,36963907
2004-09-20 00:00:00+05:30,25.07859230041504,25.63494300842285,25.035795211791992,25.326810836791992,25705159
2004-09-21 00:00:00+05:30,25.3139705657959,25.503345489501953,25.085012435913086,25.20591163635254,18918020
2004-09-22 00:00:00+05:30,25.121387481689453,25.24977684020996,24.78329849243164,24.953413009643555,17796426
2004-09-23 00:00:00+05:30,24.886009216308594,24.993000030517578,24.6324405670166,24.827163696289062,16949762
2004-09-24 00:00:00+05:30,24.66132926940918,25.162044525146484,24.569316864013672,24.65597915649414,16547671
2004-09-27 00:00:00+05:30,24.607833862304688,24.757619857788086,24.079299926757812,24.37031364440918,13528994
2004-09-28 00:00:00+05:30,24.20340919494629,24.607833862304688,24.0728816986084,24.13921546936035,9937650
2004-09-29 00:00:00+05:30,24.182010650634766,24.45697784423828,23.797914505004883,24.344636917114258,19286370
2004-09-30 00:00:00+05:30,24.605693817138672,24.607833862304688,24.191640853881836,24.332868576049805,21039094
2004-10-01 00:00:00+05:30,24.500843048095703,24.7961368560791,24.015106201171875,24.14884376525879,27528076
2004-10-04 00:00:00+05:30,24.351055145263672,24.607833862304688,24.287931442260742,24.516891479492188,27642292
2004-10-05 00:00:00+05:30,24.50298309326172,24.927734375,24.29328155517578,24.524381637573242,14766299
2004-10-06 00:00:00+05:30,24.56503677368164,24.658119201660156,24.051483154296875,24.104978561401367,11919226
2004-10-07 00:00:00+05:30,24.180940628051758,24.23122787475586,23.861038208007812,23.98407745361328,13550444
2004-10-08 00:00:00+05:30,24.073951721191406,24.282581329345703,23.73586082458496,23.9091854095459,18966622
2004-10-11 00:00:00+05:30,23.941282272338867,23.964820861816406,23.648128509521484,23.75725746154785,14618249
2004-10-12 00:00:00+05:30,23.937002182006836,23.937002182006836,23.537927627563477,23.674875259399414,9516117
2004-10-14 00:00:00+05:30,23.64491844177246,24.0728816986084,23.537927627563477,23.92202377319336,19288052
2004-10-15 00:00:00+05:30,24.051483154296875,24.22052764892578,23.864248275756836,23.92202377319336,9840912
2004-10-18 00:00:00+05:30,23.965890884399414,24.070741653442383,23.537927627563477,23.607471466064453,10613270
2004-10-19 00:00:00+05:30,23.751909255981445,23.790424346923828,23.21909523010254,23.51759910583496,14326868
2004-10-20 00:00:00+05:30,23.559326171875,23.648128509521484,23.113174438476562,23.33678436279297,18411480
2004-10-21 00:00:00+05:30,23.388141632080078,23.388141632080078,23.115314483642578,23.206256866455078,8984248
2004-10-22 00:00:00+05:30,23.206256866455078,23.206256866455078,23.206256866455078,23.206256866455078,0
2004-10-25 00:00:00+05:30,23.152761459350586,23.238353729248047,22.810392379760742,23.10996437072754,7337281
2004-10-26 00:00:00+05:30,23.152761459350586,23.429866790771484,23.111034393310547,23.297199249267578,13612459
2004-10-27 00:00:00+05:30,23.279010772705078,23.34534454345703,23.007253646850586,23.22872543334961,10240247
2004-10-28 00:00:00+05:30,23.537927627563477,23.537927627563477,23.131364822387695,23.243703842163086,27039809
2004-10-29 00:00:00+05:30,23.40953826904297,23.40953826904297,23.07037925720215,23.274730682373047,13013481
2004-11-01 00:00:00+05:30,23.430936813354492,23.49513053894043,23.112104415893555,23.239423751831055,13524508
2004-11-02 00:00:00+05:30,23.32715606689453,24.173452377319336,23.32715606689453,24.083580017089844,30473803
2004-11-03 00:00:00+05:30,24.137075424194336,24.39385223388672,24.008686065673828,24.31147003173828,20307394
2004-11-04 00:00:00+05:30,24.351055145263672,24.436649322509766,23.858898162841797,23.974449157714844,10555742
2004-11-05 00:00:00+05:30,24.204479217529297,24.45804786682129,24.104978561401367,24.14349365234375,10976246
2004-11-08 00:00:00+05:30,24.0728816986084,24.324308395385742,24.008686065673828,24.077159881591797,8096834
2004-11-09 00:00:00+05:30,24.040782928466797,24.51582145690918,24.040782928466797,24.15312385559082,11058543
2004-11-10 00:00:00+05:30,24.24406623840332,24.560758590698242,24.14349365234375,24.45697784423828,14420381
2004-11-11 00:00:00+05:30,24.500843048095703,24.672027587890625,24.43878746032715,24.571456909179688,14505996
2004-11-12 00:00:00+05:30,24.607833862304688,24.735151290893555,24.500843048095703,24.56610679626465,2160937
2004-11-15 00:00:00+05:30,24.56610679626465,24.56610679626465,24.56610679626465,24.56610679626465,0
2004-11-16 00:00:00+05:30,24.672027587890625,24.86461067199707,24.500843048095703,24.60248374938965,16894617
2004-11-17 00:00:00+05:30,22.67986297607422,24.69235610961914,22.67986297607422,24.34784507751465,11420678
2004-11-18 00:00:00+05:30,24.351055145263672,24.404550552368164,24.02045440673828,24.16596221923828,11275151
2004-11-19 00:00:00+05:30,24.32965850830078,24.690216064453125,24.183080673217773,24.450557708740234,16447849
2004-11-22 00:00:00+05:30,23.86210823059082,24.69342613220215,23.86210823059082,24.590715408325195,14335981
2004-11-23 00:00:00+05:30,24.650630950927734,25.583587646484375,24.650630950927734,25.501205444335938,34130620
2004-11-24 00:00:00+05:30,25.570749282836914,27.132810592651367,25.570749282836914,26.838586807250977,48521606
2004-11-25 00:00:00+05:30,26.85463523864746,27.475181579589844,26.677030563354492,27.253711700439453,38403239
2004-11-26 00:00:00+05:30,27.253711700439453,27.253711700439453,27.253711700439453,27.253711700439453,0
2004-11-29 00:00:00+05:30,27.176677703857422,27.92026138305664,27.090015411376953,27.627107620239258,25825917
2004-11-30 00:00:00+05:30,28.031532287597656,28.13424301147461,27.122112274169922,27.577892303466797,29684388
2004-12-01 00:00:00+05:30,27.496578216552734,28.17490005493164,27.18202781677246,27.596080780029297,34516355
2004-12-02 00:00:00+05:30,27.815410614013672,27.815410614013672,27.261199951171875,27.50406837463379,26666178
2004-12-03 00:00:00+05:30,27.560773849487305,28.031532287597656,27.198076248168945,27.40456771850586,18990316
2004-12-06 00:00:00+05:30,27.284738540649414,27.496578216552734,26.961626052856445,27.083595275878906,17571686
2004-12-07 00:00:00+05:30,27.132810592651367,27.515838623046875,26.961626052856445,27.292226791381836,12917398
2004-12-08 00:00:00+05:30,27.475181579589844,27.507278442382812,26.88245391845703,27.097503662109375,11647333
2004-12-09 00:00:00+05:30,26.96483612060547,27.496578216552734,26.942367553710938,27.332883834838867,10942131
2004-12-10 00:00:00+05:30,27.36819076538086,27.384239196777344,26.81932830810547,27.10927391052246,13428518
2004-12-13 00:00:00+05:30,27.796152114868164,27.796152114868164,26.91883087158203,27.1007137298584,11545922
2004-12-14 00:00:00+05:30,27.176677703857422,27.547935485839844,27.06861686706543,27.357492446899414,18315163
2004-12-15 00:00:00+05:30,27.496578216552734,27.78545379638672,27.285808563232422,27.384239196777344,17970460
2004-12-16 00:00:00+05:30,27.410987854003906,27.53937530517578,27.175607681274414,27.274038314819336,11764913
2004-12-17 00:00:00+05:30,27.389589309692383,27.389589309692383,26.747644424438477,26.86426544189453,11395395
2004-12-20 00:00:00+05:30,26.961626052856445,27.175607681274414,26.80113983154297,27.09964370727539,8664874
2004-12-21 00:00:00+05:30,27.169187545776367,28.24337387084961,27.007631301879883,28.072189331054688,22802707
2004-12-22 00:00:00+05:30,27.624967575073242,28.459495544433594,27.60357093811035,27.941659927368164,25124314
2004-12-23 00:00:00+05:30,28.010133743286133,28.13852310180664,27.646366119384766,27.817550659179688,17030611
2004-12-24 00:00:00+05:30,27.83894920349121,27.924541473388672,27.665624618530273,27.79294204711914,5950430
2004-12-27 00:00:00+05:30,27.817550659179688,28.245513916015625,27.60357093811035,28.027252197265625,10903810
2004-12-28 00:00:00+05:30,28.2241153717041,28.459495544433594,27.98873519897461,28.240163803100586,12676442
2004-12-29 00:00:00+05:30,28.35250473022461,28.65207862854004,28.13852310180664,28.290449142456055,17310682
2004-12-30 00:00:00+05:30,28.45628547668457,28.459495544433594,27.60357093811035,27.695581436157227,15173111
2004-12-31 00:00:00+05:30,27.624967575073242,28.135313034057617,27.624967575073242,28.04758071899414,8002106
2005-01-03 00:00:00+05:30,28.223045349121094,28.438095092773438,27.96733856201172,28.098936080932617,7186567
2005-01-04 00:00:00+05:30,28.01120376586914,28.331106185913086,27.817550659179688,28.127824783325195,7246291
2005-01-05 00:00:00+05:30,28.348224639892578,28.348224639892578,27.410987854003906,27.74907684326172,14546373
2005-01-06 00:00:00+05:30,27.68916130065918,27.68916130065918,26.986234664916992,27.3189754486084,10436385
2005-01-07 00:00:00+05:30,27.09108543395996,27.965198516845703,27.09108543395996,27.82183074951172,10254967
2005-01-10 00:00:00+05:30,27.817550659179688,27.817550659179688,27.132810592651367,27.270828247070312,6922899
2005-01-11 00:00:00+05:30,26.807559967041016,27.710559844970703,26.7508544921875,27.205564498901367,6306956
2005-01-12 00:00:00+05:30,27.598220825195312,27.774755477905273,26.812908172607422,27.198076248168945,16637398
2005-01-13 00:00:00+05:30,27.49015998840332,27.49015998840332,26.319683074951172,26.62888526916504,13194946
2005-01-14 00:00:00+05:30,26.68345069885254,27.025821685791016,26.108911514282227,26.811840057373047,14513286
2005-01-17 00:00:00+05:30,26.876033782958984,26.876033782958984,26.319683074951172,26.593578338623047,10553545
2005-01-18 00:00:00+05:30,26.726247787475586,27.05577850341797,26.577529907226562,26.748714447021484,14684049
2005-01-19 00:00:00+05:30,26.748714447021484,26.961626052856445,26.33466148376465,26.54222297668457,7283912
2005-01-20 00:00:00+05:30,26.935949325561523,29.807575225830078,25.93451690673828,29.504793167114258,136295593
2005-01-24 00:00:00+05:30,29.57968521118164,29.65778923034668,28.633888244628906,28.817913055419922,33151095
2005-01-25 00:00:00+05:30,28.716272354125977,30.103939056396484,28.0786075592041,29.083250045776367,65162510
2005-01-27 00:00:00+05:30,29.12604522705078,29.935964584350586,28.716272354125977,29.623552322387695,52771700
2005-01-28 00:00:00+05:30,29.614992141723633,30.321130752563477,29.294021606445312,29.942384719848633,44217115
2005-01-31 00:00:00+05:30,29.529399871826172,30.064353942871094,28.566484451293945,29.133535385131836,57536185
2005-02-01 00:00:00+05:30,28.480892181396484,29.465206146240234,28.480892181396484,28.888526916503906,50539634
2005-02-02 00:00:00+05:30,28.908855438232422,28.908855438232422,28.266910552978516,28.36106300354004,15154698
2005-02-03 00:00:00+05:30,28.609281539916992,28.667055130004883,28.144941329956055,28.45093536376953,30187843
2005-02-04 00:00:00+05:30,28.459495544433594,28.970909118652344,28.459495544433594,28.711992263793945,18468774
2005-02-07 00:00:00+05:30,28.8874568939209,29.50372314453125,28.391021728515625,28.50657081604004,26560889
2005-02-08 00:00:00+05:30,28.52368927001953,28.52368927001953,28.148151397705078,28.255142211914062,9828341
2005-02-09 00:00:00+05:30,28.040090560913086,28.608211517333984,28.040090560913086,28.402790069580078,14371591
2005-02-10 00:00:00+05:30,28.05293083190918,28.52475929260254,28.05293083190918,28.47447395324707,8474764
2005-02-11 00:00:00+05:30,28.82326316833496,29.294021606445312,28.35678482055664,28.545087814331055,9187163
2005-02-14 00:00:00+05:30,28.7376708984375,28.8874568939209,28.07432746887207,28.223045349121094,10133648
2005-02-15 00:00:00+05:30,28.566484451293945,28.566484451293945,27.990875244140625,28.091447830200195,13116621
2005-02-16 00:00:00+05:30,28.13852310180664,28.307567596435547,27.68060302734375,27.932031631469727,29626766
2005-02-17 00:00:00+05:30,27.88388442993164,28.075397491455078,27.501928329467773,27.79294204711914,16581739
2005-02-18 00:00:00+05:30,27.796152114868164,27.924541473388672,27.23980140686035,27.39065933227539,11135092
2005-02-21 00:00:00+05:30,27.496578216552734,27.560773849487305,26.961626052856445,27.049358367919922,13568437
2005-02-22 00:00:00+05:30,26.9873046875,27.622827529907227,26.98302459716797,27.468761444091797,9653513
2005-02-23 00:00:00+05:30,27.496578216552734,27.817550659179688,27.284738540649414,27.500858306884766,11292162
2005-02-24 00:00:00+05:30,27.60357093811035,27.880674362182617,27.325393676757812,27.699861526489258,16638380
2005-02-25 00:00:00+05:30,27.710559844970703,27.710559844970703,27.42168617248535,27.55863380432129,13465858
2005-02-28 00:00:00+05:30,27.560773849487305,27.92133140563965,26.53366470336914,27.691301345825195,32109134
2005-03-01 00:00:00+05:30,27.437734603881836,28.930252075195312,27.3553524017334,28.644588470458984,45324876
2005-03-02 00:00:00+05:30,28.630678176879883,28.840381622314453,28.25086212158203,28.693803787231445,23794897
2005-03-03 00:00:00+05:30,28.630678176879883,28.94095230102539,28.570764541625977,28.821123123168945,13916411
2005-03-04 00:00:00+05:30,28.8874568939209,29.62997055053711,28.718412399291992,29.378543853759766,31373789
2005-03-07 00:00:00+05:30,29.880329132080078,29.880329132080078,28.912065505981445,29.23196792602539,9788571
2005-03-08 00:00:00+05:30,29.102508544921875,29.69416618347168,29.101438522338867,29.401012420654297,15225966
2005-03-09 00:00:00+05:30,29.10892677307129,29.850372314453125,29.10892677307129,29.378543853759766,7113009
2005-03-10 00:00:00+05:30,29.20842933654785,29.75408172607422,29.20842933654785,29.55400848388672,15071373
2005-03-11 00:00:00+05:30,29.8289737701416,29.8289737701416,28.675615310668945,28.793304443359375,21789113
2005-03-14 00:00:00+05:30,29.101438522338867,29.251224517822266,28.458425521850586,28.554716110229492,10150659
2005-03-15 00:00:00+05:30,28.75906753540039,29.015846252441406,28.3514347076416,28.662776947021484,6908411
2005-03-16 00:00:00+05:30,28.82326316833496,28.83717155456543,28.438095092773438,28.570764541625977,11967361
2005-03-17 00:00:00+05:30,28.353574752807617,28.85536003112793,28.353574752807617,28.549367904663086,17581173
2005-03-18 00:00:00+05:30,28.566484451293945,28.566484451293945,27.924541473388672,28.056140899658203,8403449
2005-03-21 00:00:00+05:30,28.13852310180664,28.67347526550293,27.602500915527344,27.743728637695312,25173103
2005-03-22 00:00:00+05:30,28.02511215209961,28.02511215209961,27.2280330657959,27.311485290527344,13617693
2005-03-23 00:00:00+05:30,27.496578216552734,27.665624618530273,27.11248207092285,27.475181579589844,10963628
2005-03-24 00:00:00+05:30,27.582172393798828,28.502290725708008,27.496578216552734,28.286169052124023,14581563
2005-03-28 00:00:00+05:30,28.459495544433594,28.797584533691406,27.958778381347656,28.109634399414062,10715569
2005-03-29 00:00:00+05:30,28.245513916015625,28.31612777709961,27.080385208129883,27.284738540649414,14818593
2005-03-30 00:00:00+05:30,27.36819076538086,28.331106185913086,26.83323860168457,27.428104400634766,11413668
2005-03-31 00:00:00+05:30,27.98873519897461,28.8874568939209,27.710559844970703,28.717342376708984,37853565
2005-04-01 00:00:00+05:30,28.566484451293945,29.238386154174805,28.290449142456055,28.944162368774414,21466468
2005-04-04 00:00:00+05:30,29.122835159301758,29.57219696044922,28.459495544433594,28.871408462524414,17738804
2005-04-05 00:00:00+05:30,29.20842933654785,29.415990829467773,28.844661712646484,28.901365280151367,14649373
2005-04-06 00:00:00+05:30,28.97304916381836,29.465206146240234,28.8874568939209,29.328258514404297,10199215
2005-04-07 00:00:00+05:30,29.41813087463379,29.899587631225586,29.229827880859375,29.429899215698242,23769148
2005-04-08 00:00:00+05:30,29.529399871826172,30.171344757080078,29.20842933654785,29.961641311645508,29089008
2005-04-11 00:00:00+05:30,30.064353942871094,30.130687713623047,29.638530731201172,29.91563606262207,7425092
2005-04-12 00:00:00+05:30,29.914566040039062,30.27833366394043,29.74338150024414,30.04830551147461,8300450
2005-04-13 00:00:00+05:30,30.167064666748047,30.57790756225586,29.978761672973633,30.330759048461914,15893267
2005-04-15 00:00:00+05:30,30.235538482666016,30.32006072998047,29.197729110717773,29.46199607849121,10847870
2005-04-18 00:00:00+05:30,29.187030792236328,30.064353942871094,28.8874568939209,29.51228141784668,9128326
2005-04-19 00:00:00+05:30,29.950942993164062,29.950942993164062,29.273693084716797,29.424549102783203,7875926
2005-04-20 00:00:00+05:30,29.422409057617188,30.214139938354492,29.20842933654785,29.36784553527832,21793974
2005-04-21 00:00:00+05:30,29.36784553527832,29.95736312866211,29.101438522338867,29.9381046295166,8068700
2005-04-22 00:00:00+05:30,30.064353942871094,30.19274139404297,29.682397842407227,29.820415496826172,5220926
2005-04-25 00:00:00+05:30,29.978761672973633,30.06114387512207,29.53046989440918,29.631040573120117,4067554
2005-04-26 00:00:00+05:30,29.721982955932617,29.850372314453125,29.39031219482422,29.556148529052734,5480108
2005-04-27 00:00:00+05:30,29.68988609313965,30.57790756225586,29.379613876342773,29.993738174438477,24551366
2005-04-28 00:00:00+05:30,30.085750579833984,31.540822982788086,29.959501266479492,31.033687591552734,37316041
2005-04-29 00:00:00+05:30,31.025129318237305,31.025129318237305,30.225908279418945,30.76407241821289,21200604
2005-05-02 00:00:00+05:30,30.81328773498535,30.920278549194336,29.959501266479492,30.148876190185547,11968156
2005-05-03 00:00:00+05:30,28.934532165527344,30.52227210998535,28.934532165527344,30.250516891479492,6791298
2005-05-04 00:00:00+05:30,30.342529296875,30.87748146057129,30.090030670166016,30.52227210998535,9835491
2005-05-05 00:00:00+05:30,29.958433151245117,30.659221649169922,29.958433151245117,30.304012298583984,10719261
2005-05-06 00:00:00+05:30,31.608226776123047,31.608226776123047,30.087890625,30.834684371948242,14231065
2005-05-09 00:00:00+05:30,30.599306106567383,31.818998336791992,30.599306106567383,31.73340606689453,13384542
2005-05-10 00:00:00+05:30,31.73340606689453,31.73340606689453,31.284046173095703,31.49909782409668,8352557
2005-05-11 00:00:00+05:30,30.81328773498535,31.73340606689453,30.81328773498535,31.58896827697754,12910341
2005-05-12 00:00:00+05:30,31.776203155517578,31.86179542541504,31.20380210876465,31.391035079956055,16341952
2005-05-13 00:00:00+05:30,31.540822982788086,31.765504837036133,31.198453903198242,31.6702823638916,14277284
2005-05-16 00:00:00+05:30,31.56222152709961,32.03084182739258,31.45737075805664,31.82434844970703,18293853
2005-05-17 00:00:00+05:30,31.243389129638672,31.9473876953125,31.243389129638672,31.64353370666504,16816666
2005-05-18 00:00:00+05:30,31.540822982788086,31.985904693603516,31.288326263427734,31.786901473999023,30546239
2005-05-19 00:00:00+05:30,31.776203155517578,32.621429443359375,31.690610885620117,32.07042694091797,21347813
2005-05-20 00:00:00+05:30,31.669212341308594,32.26836013793945,31.669212341308594,32.04689025878906,18541538
2005-05-23 00:00:00+05:30,31.754804611206055,32.054378509521484,31.754804611206055,31.922779083251953,8628189
2005-05-24 00:00:00+05:30,31.840396881103516,32.48234176635742,31.776203155517578,32.15174102783203,16381581
2005-05-25 00:00:00+05:30,32.0565185546875,32.60858917236328,32.0565185546875,32.439544677734375,11188648
2005-05-26 00:00:00+05:30,32.48234176635742,32.88569641113281,32.13997268676758,32.7744255065918,29344218
2005-05-27 00:00:00+05:30,32.824710845947266,34.551536560058594,32.73911666870117,33.61001968383789,63640460
2005-05-30 00:00:00+05:30,33.59504318237305,34.044403076171875,33.1884765625,33.32649612426758,30224716
2005-05-31 00:00:00+05:30,33.38106155395508,34.23698425292969,33.38106155395508,34.2209358215332,33715537
2005-06-01 00:00:00+05:30,34.23698425292969,34.408172607421875,33.81116485595703,34.05617141723633,17088840
2005-06-02 00:00:00+05:30,34.05617141723633,34.3846321105957,33.32114791870117,33.40031814575195,19368199
2005-06-03 00:00:00+05:30,33.55224609375,34.023006439208984,33.169219970703125,33.863590240478516,17577154
2005-06-06 00:00:00+05:30,34.044403076171875,34.065799713134766,33.74482727050781,33.83898162841797,6406591
2005-06-07 00:00:00+05:30,33.99946594238281,33.99946594238281,33.10288619995117,33.172428131103516,18933909
2005-06-08 00:00:00+05:30,33.48805236816406,33.916015625,33.4249267578125,33.82828140258789,16911908
2005-06-09 00:00:00+05:30,33.82828140258789,34.023006439208984,33.637840270996094,33.718082427978516,15538890
2005-06-10 00:00:00+05:30,33.70203399658203,33.954532623291016,33.32756423950195,33.43134689331055,9557850
2005-06-13 00:00:00+05:30,33.55224609375,33.72343063354492,33.422786712646484,33.641048431396484,8983687
2005-06-14 00:00:00+05:30,33.59504318237305,33.754459381103516,33.300819396972656,33.607879638671875,11350671
2005-06-15 00:00:00+05:30,33.70203399658203,33.916015625,33.38426971435547,33.474143981933594,15168811
2005-06-16 00:00:00+05:30,33.59504318237305,33.74482727050781,33.06222915649414,33.151031494140625,16814470
2005-06-17 00:00:00+05:30,33.38106155395508,33.674217224121094,32.6342658996582,33.08469772338867,40130588
2005-06-20 00:00:00+05:30,33.46665573120117,33.57364273071289,32.80331039428711,32.85466766357422,16891393
2005-06-21 00:00:00+05:30,32.910301208496094,33.2526741027832,32.86857604980469,32.969146728515625,8558650
2005-06-22 00:00:00+05:30,33.060089111328125,33.78762435913086,32.97663879394531,33.696685791015625,20308890
2005-06-23 00:00:00+05:30,33.809024810791016,34.00160598754883,33.445255279541016,33.66565704345703,13885754
2005-06-24 00:00:00+05:30,33.295467376708984,34.450965881347656,33.295467376708984,34.30010986328125,20103545
2005-06-27 00:00:00+05:30,34.36537551879883,35.664241790771484,34.32257843017578,35.025508880615234,44200432
2005-06-28 00:00:00+05:30,35.09291076660156,35.19990158081055,33.809024810791016,34.076499938964844,27605326
2005-06-29 00:00:00+05:30,34.023006439208984,34.72914123535156,33.918155670166016,34.55367660522461,13615450
2005-06-30 00:00:00+05:30,34.55795669555664,35.93813705444336,34.55795669555664,35.5658073425293,25528882
2005-07-01 00:00:00+05:30,35.30689239501953,36.12002182006836,34.98699188232422,35.74662399291992,9723238
2005-07-04 00:00:00+05:30,35.84184646606445,36.14141845703125,35.413883209228516,36.016239166259766,9959848
2005-07-05 00:00:00+05:30,36.051544189453125,36.58435821533203,35.73485565185547,35.80546951293945,18230062
2005-07-06 00:00:00+05:30,35.799049377441406,36.051544189453125,35.757320404052734,35.86966323852539,8828113
2005-07-07 00:00:00+05:30,35.86966323852539,36.45917892456055,35.6300048828125,35.96702575683594,20905952
2005-07-08 00:00:00+05:30,36.06973648071289,36.43992233276367,35.41495132446289,36.328651428222656,16014166
2005-07-11 00:00:00+05:30,36.37679672241211,36.69776916503906,36.265525817871094,36.49769592285156,7354572
2005-07-12 00:00:00+05:30,36.54798126220703,37.96025848388672,36.269805908203125,37.322593688964844,18968585
2005-07-13 00:00:00+05:30,37.44670486450195,37.617889404296875,36.890350341796875,36.99413299560547,10475688
2005-07-14 00:00:00+05:30,36.97594451904297,38.38180160522461,36.91175079345703,37.766605377197266,29054286
2005-07-15 00:00:00+05:30,37.76767349243164,38.024452209472656,37.33971405029297,37.82331085205078,18267589
2005-07-18 00:00:00+05:30,37.44670486450195,37.5526237487793,37.018741607666016,37.20597457885742,15236247
2005-07-19 00:00:00+05:30,37.51089859008789,37.51089859008789,36.055824279785156,36.34577178955078,23312238
2005-07-20 00:00:00+05:30,36.398197174072266,36.69348907470703,35.670658111572266,35.80439758300781,21183032
2005-07-21 00:00:00+05:30,35.95097351074219,36.11466979980469,34.90032958984375,34.992340087890625,24390417
2005-07-22 00:00:00+05:30,35.30582046508789,35.62144470214844,34.90032958984375,35.180641174316406,36640794
2005-07-25 00:00:00+05:30,35.47807693481445,35.8204460144043,35.28549575805664,35.644981384277344,15724000
2005-07-26 00:00:00+05:30,35.73485565185547,36.505184173583984,35.73485565185547,36.23984909057617,20555687
2005-07-27 00:00:00+05:30,36.419593811035156,36.419593811035156,35.77764892578125,36.21845245361328,8106133
2005-07-28 00:00:00+05:30,36.99413299560547,36.99413299560547,36.99413299560547,36.99413299560547,0
2005-07-29 00:00:00+05:30,36.07722473144531,36.37679672241211,35.523014068603516,36.00981903076172,35709497
2005-08-01 00:00:00+05:30,36.16281509399414,36.16281509399414,35.43849182128906,35.58292770385742,7409624
2005-08-02 00:00:00+05:30,35.627864837646484,35.90604019165039,35.413883209228516,35.76053237915039,18902691
2005-08-03 00:00:00+05:30,36.37679672241211,37.33971405029297,36.013031005859375,36.77373123168945,35719639
2005-08-04 00:00:00+05:30,37.33971405029297,37.874664306640625,36.756614685058594,37.14820098876953,13183122
2005-08-05 00:00:00+05:30,37.14712905883789,37.48735809326172,36.82722854614258,37.23058319091797,14074790
2005-08-08 00:00:00+05:30,37.48735809326172,37.55369567871094,36.767311096191406,36.87965393066406,17257640
2005-08-09 00:00:00+05:30,37.018741607666016,37.20704650878906,36.16281509399414,36.375728607177734,12816221
2005-08-10 00:00:00+05:30,37.20704650878906,37.26696014404297,36.37679672241211,37.162109375,9407556
2005-08-11 00:00:00+05:30,36.61752700805664,37.35041046142578,36.61752700805664,36.94063949584961,13095264
2005-08-12 00:00:00+05:30,37.0166015625,37.0166015625,35.94883346557617,36.215240478515625,43523596
2005-08-16 00:00:00+05:30,36.16281509399414,36.782291412353516,36.142486572265625,36.38642883300781,17531075
2005-08-17 00:00:00+05:30,36.44099044799805,36.774803161621094,36.401405334472656,36.58863830566406,6721385
2005-08-18 00:00:00+05:30,36.69776916503906,36.907470703125,36.1842155456543,36.265525817871094,11777578
2005-08-19 00:00:00+05:30,36.1842155456543,36.37679672241211,35.94883346557617,36.0440559387207,10041537
2005-08-22 00:00:00+05:30,36.98664474487305,36.98664474487305,36.015167236328125,36.16709518432617,10928718
2005-08-23 00:00:00+05:30,36.98664474487305,36.98664474487305,36.16281509399414,36.237709045410156,8447098
2005-08-24 00:00:00+05:30,36.59077835083008,36.59077835083008,36.02372741699219,36.30939483642578,8345454
2005-08-25 00:00:00+05:30,36.419593811035156,36.73628616333008,36.14141845703125,36.55440139770508,7641934
2005-08-26 00:00:00+05:30,36.59077835083008,36.91175079345703,36.54798126220703,36.73200607299805,7492294
2005-08-29 00:00:00+05:30,36.80475997924805,36.97594451904297,36.16281509399414,36.42494201660156,6853967
2005-08-30 00:00:00+05:30,36.67637252807617,37.126800537109375,36.4623908996582,36.57044982910156,15628197
2005-08-31 00:00:00+05:30,36.654972076416016,37.125732421875,36.505184173583984,37.054046630859375,10002656
2005-09-01 00:00:00+05:30,37.125732421875,37.44242477416992,36.894630432128906,37.05618667602539,9436344
2005-09-02 00:00:00+05:30,37.18457794189453,37.31831359863281,36.81010818481445,37.06367874145508,8310497
2005-09-05 00:00:00+05:30,37.31831359863281,38.51553726196289,37.14712905883789,38.35505294799805,23506274
2005-09-06 00:00:00+05:30,38.51340103149414,39.24200439453125,38.51340103149414,39.09756851196289,16616602
2005-09-08 00:00:00+05:30,39.24200439453125,39.372535705566406,38.837581634521484,38.936012268066406,17581500
2005-09-09 00:00:00+05:30,39.26554489135742,39.368255615234375,38.841861724853516,39.146785736083984,9967325
2005-09-12 00:00:00+05:30,39.368255615234375,40.24985885620117,39.15855407714844,40.01340866088867,17773854
2005-09-13 00:00:00+05:30,40.24985885620117,40.65642166137695,40.12146759033203,40.55799102783203,17205486
2005-09-14 00:00:00+05:30,40.592227935791016,40.592227935791016,39.52231979370117,39.72774124145508,27700428
2005-09-15 00:00:00+05:30,40.01233673095703,40.35684585571289,39.89678955078125,40.23380661010742,14806863
2005-09-16 00:00:00+05:30,40.35684585571289,40.630741119384766,39.90748596191406,40.187801361083984,17542151
2005-09-19 00:00:00+05:30,40.337589263916016,41.6407356262207,40.228458404541016,41.51448440551758,33622865
2005-09-20 00:00:00+05:30,41.6407356262207,42.04301834106445,41.005210876464844,41.2898063659668,49089694
2005-09-21 00:00:00+05:30,44.871849060058594,45.54589080810547,41.53374481201172,45.000240325927734,73255226
2005-09-22 00:00:00+05:30,45.224918365478516,47.664302825927734,43.57191467285156,43.86079025268555,76598972
2005-09-23 00:00:00+05:30,44.93604278564453,45.610084533691406,43.81264114379883,44.149662017822266,37765317
2005-09-26 00:00:00+05:30,44.615074157714844,46.059444427490234,44.29410171508789,45.947105407714844,36101806
2005-09-27 00:00:00+05:30,46.412513732910156,46.412513732910156,44.77555847167969,45.5137939453125,30337059
2005-09-28 00:00:00+05:30,44.9681396484375,45.802669525146484,44.695316314697266,45.16072463989258,22308957
2005-09-29 00:00:00+05:30,45.417503356933594,45.73847579956055,44.29410171508789,44.422489166259766,23729814
2005-09-30 00:00:00+05:30,44.29410171508789,44.807655334472656,43.0583610534668,43.892887115478516,26863071
2005-10-03 00:00:00+05:30,43.732398986816406,44.35829544067383,42.737388610839844,43.94103240966797,16929234
2005-10-04 00:00:00+05:30,44.005226135253906,44.19780731201172,43.81264114379883,43.95708084106445,14212690
2005-10-05 00:00:00+05:30,44.13361358642578,44.13361358642578,42.047298431396484,42.20778274536133,48964620
2005-10-06 00:00:00+05:30,42.288028717041016,42.33617401123047,40.84365463256836,40.98809051513672,50984269
2005-10-07 00:00:00+05:30,42.015201568603516,42.015201568603516,40.137516021728516,40.57082748413086,44380955
2005-10-10 00:00:00+05:30,40.76341247558594,41.774471282958984,40.57082748413086,41.34115982055664,33775601
2005-10-11 00:00:00+05:30,41.56584167480469,41.630035400390625,40.73131561279297,40.972042083740234,23083349
2005-10-13 00:00:00+05:30,41.02018737792969,42.14358901977539,40.795509338378906,41.19672393798828,28565841
2005-10-14 00:00:00+05:30,41.34115982055664,41.485599517822266,40.12146759033203,40.18566131591797,28884473
2005-10-17 00:00:00+05:30,40.76341247558594,40.76341247558594,39.3992805480957,39.81654357910156,21312520
2005-10-18 00:00:00+05:30,40.08937072753906,40.6350212097168,39.65605926513672,39.97703170776367,21419424
2005-10-19 00:00:00+05:30,39.6721076965332,39.80049514770508,38.51660919189453,38.59685134887695,25572241
2005-10-20 00:00:00+05:30,42.20778274536133,42.849727630615234,36.783363342285156,37.39320755004883,46466731
2005-10-21 00:00:00+05:30,36.91175079345703,39.12645721435547,36.91175079345703,38.93387222290039,37008836
2005-10-24 00:00:00+05:30,39.12645721435547,39.46347427368164,37.457401275634766,37.60184097290039,28495928
2005-10-25 00:00:00+05:30,38.179588317871094,38.805484771728516,37.730228424072266,37.922813415527344,23825106
2005-10-26 00:00:00+05:30,37.874664306640625,38.22773361206055,37.072235107421875,37.377159118652344,28778825
2005-10-27 00:00:00+05:30,37.55369567871094,38.035152435302734,36.91175079345703,37.13643264770508,39697612
2005-10-28 00:00:00+05:30,37.232723236083984,37.29691696166992,36.71916961669922,37.05618667602539,31352625
2005-10-31 00:00:00+05:30,37.16852951049805,38.821533203125,37.16852951049805,38.58080291748047,22390381
2005-11-02 00:00:00+05:30,38.99806594848633,40.298004150390625,38.51660919189453,40.18566131591797,39427114
2005-11-04 00:00:00+05:30,40.18566131591797,40.18566131591797,40.18566131591797,40.18566131591797,0
2005-11-07 00:00:00+05:30,38.99806594848633,40.683170318603516,38.99806594848633,40.49058532714844,20129123
2005-11-08 00:00:00+05:30,40.683170318603516,40.92389678955078,40.12146759033203,40.65106964111328,18171904
2005-11-09 00:00:00+05:30,40.827606201171875,41.50164794921875,39.80049514770508,41.325111389160156,34691103
2005-11-10 00:00:00+05:30,41.43745040893555,41.43745040893555,40.827606201171875,40.95599365234375,15423678
2005-11-11 00:00:00+05:30,41.14857864379883,42.015201568603516,41.084381103515625,41.7584228515625,26212166
2005-11-14 00:00:00+05:30,42.015201568603516,42.320125579833984,40.859703063964844,41.1806755065918,25984327
2005-11-16 00:00:00+05:30,41.1806755065918,42.17568588256836,41.1806755065918,41.902862548828125,23911381
2005-11-17 00:00:00+05:30,41.98310470581055,42.191734313964844,41.4535026550293,41.79051971435547,17494031
2005-11-18 00:00:00+05:30,41.91891098022461,42.20778274536133,41.742374420166016,41.98310470581055,13373974
2005-11-21 00:00:00+05:30,42.047298431396484,42.047298431396484,40.49058532714844,40.683170318603516,28911899
2005-11-22 00:00:00+05:30,41.212772369384766,41.662132263183594,40.04122543334961,40.153564453125,25797376
2005-11-23 00:00:00+05:30,40.12146759033203,41.71027755737305,40.12146759033203,41.53374481201172,24527052
2005-11-24 00:00:00+05:30,41.56584167480469,43.87683868408203,41.56584167480469,43.31513595581055,59874827
2005-11-25 00:00:00+05:30,43.36328125,44.35829544067383,42.86577606201172,43.87683868408203,40862882
2005-11-28 00:00:00+05:30,43.97312927246094,44.98419189453125,43.97312927246094,44.695316314697266,45992817
2005-11-29 00:00:00+05:30,44.67926788330078,44.77555847167969,43.68425369262695,43.94103240966797,24417806
2005-11-30 00:00:00+05:30,43.97312927246094,44.454586029052734,43.010215759277344,43.17070007324219,18302280
2005-12-01 00:00:00+05:30,43.33118438720703,43.79659652709961,42.544803619384766,43.58796310424805,16604632
2005-12-02 00:00:00+05:30,43.79659652709961,44.58297348022461,43.79659652709961,44.13361358642578,17719939
2005-12-05 00:00:00+05:30,44.13361358642578,44.422489166259766,42.962066650390625,43.07440948486328,27729104
2005-12-06 00:00:00+05:30,43.266990661621094,43.49167251586914,42.52875518798828,42.86577606201172,16727210
2005-12-07 00:00:00+05:30,43.010215759277344,44.10151672363281,42.929969787597656,43.507720947265625,26710815
2005-12-08 00:00:00+05:30,43.74844741821289,43.764495849609375,43.10650634765625,43.4274787902832,14370305
2005-12-09 00:00:00+05:30,43.49167251586914,44.1817626953125,43.33118438720703,43.924983978271484,20271759
2005-12-12 00:00:00+05:30,44.1817626953125,44.93604278564453,44.149662017822266,44.43853759765625,30814923
2005-12-13 00:00:00+05:30,44.454586029052734,45.62613296508789,44.29410171508789,45.48169708251953,39967508
2005-12-14 00:00:00+05:30,45.69032669067383,46.50880432128906,45.01628875732422,46.25202941894531,44248408
2005-12-15 00:00:00+05:30,46.38041687011719,46.54090118408203,44.26200485229492,45.04838562011719,22032976
2005-12-16 00:00:00+05:30,45.385406494140625,45.54589080810547,44.64717102050781,45.28911209106445,16263325
2005-12-19 00:00:00+05:30,45.417503356933594,46.66929244995117,45.417503356933594,46.476707458496094,16955539
2005-12-20 00:00:00+05:30,46.70138931274414,46.861873626708984,45.5137939453125,46.04339599609375,16564121
2005-12-21 00:00:00+05:30,46.059444427490234,46.39646530151367,45.06443405151367,45.46564865112305,19542576
2005-12-22 00:00:00+05:30,45.57798767089844,46.0915412902832,45.257015228271484,45.59403610229492,17900724
2005-12-23 00:00:00+05:30,45.73847579956055,45.86686325073242,44.534828186035156,44.727413177490234,18633219
2005-12-26 00:00:00+05:30,44.71136474609375,44.93604278564453,43.71635055541992,44.149662017822266,17352172
2005-12-27 00:00:00+05:30,44.29410171508789,45.56193923950195,43.79659652709961,45.32120895385742,13792927
2005-12-28 00:00:00+05:30,45.417503356933594,45.65822982788086,44.1817626953125,44.43853759765625,24309563
2005-12-29 00:00:00+05:30,44.615074157714844,45.080482482910156,44.51877975463867,44.74346160888672,16441730
2005-12-30 00:00:00+05:30,44.93604278564453,45.83476638793945,44.64717102050781,45.610084533691406,18216273
2006-01-02 00:00:00+05:30,45.57798767089844,45.81871795654297,42.36827087402344,44.9681396484375,11604273
2006-01-03 00:00:00+05:30,45.240966796875,46.300174713134766,45.0323371887207,45.93105697631836,19518160
2006-01-04 00:00:00+05:30,46.219932556152344,47.72849655151367,46.219932556152344,47.16679763793945,38979651
2006-01-05 00:00:00+05:30,47.19889450073242,47.72849655151367,46.38041687011719,46.66929244995117,14491269
2006-01-06 00:00:00+05:30,46.861873626708984,46.94211959838867,45.54589080810547,46.685340881347656,29840722
2006-01-09 00:00:00+05:30,46.94211959838867,47.18284606933594,46.027347564697266,46.65324401855469,20201291
2006-01-10 00:00:00+05:30,46.76558303833008,47.022361755371094,45.73847579956055,45.85081481933594,15669323
2006-01-12 00:00:00+05:30,45.89896011352539,46.861873626708984,45.01628875732422,46.412513732910156,16169454
2006-01-13 00:00:00+05:30,46.54090118408203,47.102603912353516,46.10758972167969,46.70138931274414,25544453
2006-01-16 00:00:00+05:30,46.54090118408203,46.861873626708984,46.059444427490234,46.28412628173828,11861679
2006-01-17 00:00:00+05:30,46.28412628173828,46.573001861572266,45.57798767089844,45.7224235534668,9281034
2006-01-18 00:00:00+05:30,45.57798767089844,45.70637512207031,43.66820526123047,45.369354248046875,11577962
2006-01-19 00:00:00+05:30,45.57798767089844,46.300174713134766,45.46564865112305,45.93105697631836,12573901
2006-01-20 00:00:00+05:30,46.300174713134766,47.34333038330078,46.155738830566406,47.19889450073242,18981739
2006-01-23 00:00:00+05:30,47.16679763793945,48.94819259643555,46.70138931274414,48.75560760498047,35218785
2006-01-24 00:00:00+05:30,48.94819259643555,50.970314025878906,48.65931701660156,49.654327392578125,28205043
2006-01-25 00:00:00+05:30,49.79876708984375,50.77772903442383,49.02843475341797,50.63329315185547,25043609
2006-01-27 00:00:00+05:30,50.63329315185547,50.970314025878906,49.654327392578125,49.895057678222656,20144903
2006-01-30 00:00:00+05:30,49.895057678222656,50.52095413208008,48.739559173583984,49.83086395263672,14515804
2006-01-31 00:00:00+05:30,50.071590423583984,50.28022384643555,49.44569778442383,49.686424255371094,8126550
2006-02-01 00:00:00+05:30,49.7506217956543,50.18393325805664,49.269161224365234,49.76667022705078,17572381
2006-02-02 00:00:00+05:30,49.7506217956543,50.328369140625,49.59013366699219,49.97529983520508,19182794
2006-02-03 00:00:00+05:30,49.895057678222656,49.97529983520508,48.75560760498047,48.93214416503906,11485961
2006-02-06 00:00:00+05:30,48.93214416503906,50.456756591796875,48.45068359375,50.29627227783203,20230001
2006-02-07 00:00:00+05:30,50.55305099487305,51.99742126464844,50.29627227783203,51.64435577392578,22985982
2006-02-08 00:00:00+05:30,51.67645263671875,51.82088851928711,50.328369140625,51.09870147705078,12638501
2006-02-10 00:00:00+05:30,51.114749908447266,52.65541458129883,51.114749908447266,52.35049057006836,18429983
2006-02-13 00:00:00+05:30,52.31839370727539,52.912193298339844,49.782718658447266,52.31839370727539,10847303
2006-02-14 00:00:00+05:30,52.31839370727539,52.864044189453125,51.692501068115234,52.494930267333984,16888128
2006-02-15 00:00:00+05:30,52.67146301269531,55.11084747314453,52.67146301269531,54.8380241394043,44483164
2006-02-16 00:00:00+05:30,54.91826629638672,55.36762619018555,53.168968200683594,53.377601623535156,21242028
2006-02-17 00:00:00+05:30,53.92325210571289,53.92325210571289,51.70854949951172,51.9332275390625,23005731
2006-02-20 00:00:00+05:30,51.836936950683594,52.4146842956543,50.585147857666016,52.27024841308594,25354496
2006-02-21 00:00:00+05:30,52.39863586425781,53.2331657409668,52.31839370727539,52.719608306884766,15353239
2006-02-22 00:00:00+05:30,52.639366149902344,52.880096435546875,52.09371566772461,52.51097869873047,12768460
2006-02-23 00:00:00+05:30,52.639366149902344,53.92325210571289,52.51097869873047,53.28131103515625,20856271
2006-02-24 00:00:00+05:30,53.28131103515625,53.28131103515625,52.077667236328125,52.4788818359375,14772511
2006-02-27 00:00:00+05:30,52.912193298339844,53.76276779174805,52.494930267333984,53.31340789794922,11539202
2006-02-28 00:00:00+05:30,53.76276779174805,56.37868881225586,52.2060546875,55.35157775878906,60658759
2006-03-01 00:00:00+05:30,55.36762619018555,56.45893096923828,55.255287170410156,55.80093765258789,26362407
2006-03-02 00:00:00+05:30,55.849082946777344,57.726768493652344,55.849082946777344,56.71570587158203,30503983
2006-03-03 00:00:00+05:30,56.49102783203125,57.26136016845703,55.54416275024414,55.929325103759766,18614734
2006-03-06 00:00:00+05:30,56.779903411865234,57.74281692504883,55.86513137817383,57.26136016845703,24737890
2006-03-07 00:00:00+05:30,57.453941345214844,58.06378936767578,56.57126998901367,57.08482360839844,33191291
2006-03-08 00:00:00+05:30,57.29345703125,57.421844482421875,55.36762619018555,55.80093765258789,25047811
2006-03-09 00:00:00+05:30,55.80093765258789,56.33053970336914,54.27632141113281,55.57625961303711,21289914
2006-03-10 00:00:00+05:30,56.13795852661133,57.61442947387695,55.849082946777344,57.132972717285156,14379869
2006-03-13 00:00:00+05:30,57.132972717285156,57.79096221923828,56.04166793823242,56.202152252197266,26359270
2006-03-14 00:00:00+05:30,56.747806549072266,57.453941345214844,56.18610382080078,56.45893096923828,15650115
2006-03-16 00:00:00+05:30,56.55522155761719,56.8120002746582,54.99850845336914,55.72069549560547,28989595
2006-03-17 00:00:00+05:30,56.1700553894043,57.421844482421875,56.00957107543945,56.346588134765625,21372641
2006-03-20 00:00:00+05:30,56.28239440917969,57.132972717285156,56.28239440917969,56.87619400024414,12866686
2006-03-21 00:00:00+05:30,57.132972717285156,58.01564407348633,56.87619400024414,57.309505462646484,20384118
2006-03-22 00:00:00+05:30,57.132972717285156,57.421844482421875,56.37868881225586,56.779903411865234,9642250
2006-03-23 00:00:00+05:30,57.116920471191406,57.85515594482422,56.82804870605469,57.421844482421875,12335431
2006-03-24 00:00:00+05:30,56.52312469482422,59.86123275756836,55.704647064208984,59.55630874633789,37525084
2006-03-27 00:00:00+05:30,59.70074462890625,62.23642349243164,59.155094146728516,61.93149948120117,27296081
2006-03-28 00:00:00+05:30,61.30560302734375,63.552406311035156,60.759952545166016,61.947547912597656,19881999
2006-03-29 00:00:00+05:30,62.87836456298828,63.56845474243164,61.54633331298828,62.011741638183594,26489225
2006-03-30 00:00:00+05:30,62.71788024902344,65.63872528076172,62.46110153198242,64.38693237304688,29641808
2006-03-31 00:00:00+05:30,64.6758041381836,64.6758041381836,62.26852035522461,62.63763427734375,16419448
2006-04-03 00:00:00+05:30,62.79812240600586,64.13015747070312,62.5894889831543,63.95362091064453,12306877
2006-04-04 00:00:00+05:30,63.87337875366211,65.7671127319336,63.552406311035156,65.4942855834961,22129206
2006-04-05 00:00:00+05:30,65.63872528076172,66.26461791992188,65.4140396118164,66.12017822265625,11937670
2006-04-07 00:00:00+05:30,65.47823333740234,66.922607421875,61.30560302734375,64.0820083618164,35996950
2006-04-10 00:00:00+05:30,64.83629608154297,65.12516784667969,63.086997985839844,63.90547561645508,22821444
2006-04-12 00:00:00+05:30,63.90547561645508,64.80419158935547,61.289554595947266,61.69076919555664,34873499
2006-04-13 00:00:00+05:30,61.6265754699707,62.749977111816406,58.4168586730957,60.61551284790039,38864193
2006-04-17 00:00:00+05:30,60.679710388183594,62.1080322265625,60.679710388183594,61.93149948120117,13859045
2006-04-18 00:00:00+05:30,62.1080322265625,64.03385925292969,62.1080322265625,63.48821258544922,14792516
2006-04-19 00:00:00+05:30,63.552406311035156,64.83629608154297,62.782073974609375,63.66474533081055,16998290
2006-04-20 00:00:00+05:30,63.712890625,64.83629608154297,63.02280044555664,64.38693237304688,19340917
2006-04-21 00:00:00+05:30,64.83629608154297,65.47823333740234,63.26353073120117,64.32273864746094,24065956
2006-04-24 00:00:00+05:30,64.22644805908203,65.60662841796875,64.13015747070312,65.3177490234375,22880069
2006-04-25 00:00:00+05:30,65.3177490234375,65.47823333740234,63.07094955444336,63.32772445678711,16646583
2006-04-26 00:00:00+05:30,63.552406311035156,64.98072814941406,62.749977111816406,64.69185638427734,21935977
2006-04-27 00:00:00+05:30,64.98072814941406,66.44115447998047,64.38693237304688,65.09307098388672,37287259
2006-04-28 00:00:00+05:30,63.24748229980469,64.96468353271484,61.064876556396484,64.48322296142578,17372348
2006-05-02 00:00:00+05:30,65.63872528076172,67.35591888427734,65.47823333740234,66.60163879394531,25902955
2006-05-03 00:00:00+05:30,66.76212310791016,68.20649719238281,66.76212310791016,67.05099487304688,20623210
2006-05-04 00:00:00+05:30,67.08309173583984,68.013916015625,66.61768341064453,67.21148681640625,21768626
2006-05-05 00:00:00+05:30,67.67689514160156,68.013916015625,66.63373565673828,66.90656280517578,9542176
2006-05-08 00:00:00+05:30,67.59664916992188,67.59664916992188,66.29671478271484,66.69792938232422,9349134
2006-05-09 00:00:00+05:30,66.74607849121094,67.08309173583984,65.39799499511719,66.2325210571289,15978362
2006-05-10 00:00:00+05:30,66.44115447998047,66.76212310791016,65.590576171875,65.81525421142578,7804742
2006-05-11 00:00:00+05:30,66.08808135986328,67.24358367919922,65.15726470947266,65.39799499511719,15955550
2006-05-12 00:00:00+05:30,65.15726470947266,65.28565216064453,63.552406311035156,64.6758041381836,12722892
2006-05-15 00:00:00+05:30,64.48322296142578,64.48322296142578,60.342689514160156,61.30560302734375,22324301
2006-05-16 00:00:00+05:30,61.947547912597656,63.39191818237305,59.3797721862793,62.52529525756836,29447887
2006-05-17 00:00:00+05:30,63.2314338684082,65.79920959472656,62.91046142578125,65.57453155517578,29578802
2006-05-18 00:00:00+05:30,66.12017822265625,66.12017822265625,60.69575881958008,61.3537483215332,29866198
2006-05-19 00:00:00+05:30,61.65867233276367,63.825233459472656,56.98853302001953,57.74281692504883,27220252
2006-05-22 00:00:00+05:30,58.4168586730957,60.0217170715332,46.54090118408203,55.06270217895508,35166836
2006-05-23 00:00:00+05:30,55.52811050415039,58.01564407348633,52.31839370727539,57.132972717285156,35050963
2006-05-24 00:00:00+05:30,57.48603820800781,59.49211120605469,54.88616943359375,55.88117980957031,43575782
2006-05-25 00:00:00+05:30,55.52811050415039,59.36372375488281,53.60227966308594,58.224273681640625,28801946
2006-05-26 00:00:00+05:30,59.058799743652344,60.9846305847168,57.40579605102539,58.802024841308594,31385400
2006-05-29 00:00:00+05:30,59.058799743652344,59.684696197509766,56.52312469482422,57.116920471191406,24777105
2006-05-30 00:00:00+05:30,57.453941345214844,58.4168586730957,56.07376480102539,56.651512145996094,20419267
2006-05-31 00:00:00+05:30,55.849082946777344,55.849082946777344,51.61225509643555,53.08872604370117,48798406
2006-06-01 00:00:00+05:30,53.92325210571289,54.88616943359375,51.002410888671875,51.40362548828125,42262794
2006-06-02 00:00:00+05:30,51.67645263671875,53.18501663208008,50.28022384643555,52.76775360107422,32989507
2006-06-05 00:00:00+05:30,54.53310012817383,54.53310012817383,50.729583740234375,51.37152862548828,33161794
2006-06-06 00:00:00+05:30,48.1457633972168,51.1789436340332,46.861873626708984,48.96424102783203,47486023
2006-06-07 00:00:00+05:30,48.1457633972168,49.83086395263672,47.18284606933594,48.7235107421875,34605282
2006-06-08 00:00:00+05:30,48.46673583984375,48.94819259643555,45.09653091430664,47.3914794921875,46234723
2006-06-09 00:00:00+05:30,47.50381851196289,51.90113067626953,47.50381851196289,51.51596450805664,35639061
2006-06-12 00:00:00+05:30,51.67645263671875,51.67645263671875,49.10867691040039,49.55803680419922,22602998
2006-06-13 00:00:00+05:30,49.10867691040039,49.10867691040039,46.605098724365234,46.94211959838867,31669192
2006-06-14 00:00:00+05:30,47.53591537475586,49.429649353027344,46.2680778503418,47.295188903808594,32037299
2006-06-15 00:00:00+05:30,47.824790954589844,50.71353530883789,47.824790954589844,49.94320297241211,27212912
2006-06-16 00:00:00+05:30,51.3554801940918,53.826961517333984,50.71353530883789,52.38258743286133,42604674
2006-06-19 00:00:00+05:30,51.692501068115234,53.28131103515625,51.419673919677734,52.81590270996094,19146725
2006-06-20 00:00:00+05:30,51.99742126464844,53.12082290649414,50.79377746582031,51.88508224487305,22065773
2006-06-21 00:00:00+05:30,51.67645263671875,54.75777816772461,51.3554801940918,54.16398239135742,25660728
2006-06-22 00:00:00+05:30,54.244224548339844,56.04166793823242,54.244224548339844,54.8380241394043,16341503
2006-06-23 00:00:00+05:30,54.244224548339844,55.2071418762207,53.12082290649414,54.82197570800781,16904911
2006-06-26 00:00:00+05:30,55.512062072753906,55.512062072753906,52.831947326660156,53.377601623535156,13341613
2006-06-27 00:00:00+05:30,53.60227966308594,56.731754302978516,52.9603385925293,56.474979400634766,34026776
2006-06-28 00:00:00+05:30,55.6885986328125,57.29345703125,54.75777816772461,56.82804870605469,26212394
2006-06-29 00:00:00+05:30,57.132972717285156,57.7749137878418,55.849082946777344,56.42683410644531,28074452
2006-06-30 00:00:00+05:30,54.64543914794922,59.058799743652344,54.64543914794922,58.54524612426758,25397559
2006-07-03 00:00:00+05:30,58.73782730102539,59.989620208740234,58.30451965332031,59.3797721862793,17576372
2006-07-04 00:00:00+05:30,59.3797721862793,59.97357177734375,57.21321487426758,57.421844482421875,23679436
2006-07-05 00:00:00+05:30,57.453941345214844,59.3797721862793,56.87619400024414,59.267433166503906,23996460
2006-07-06 00:00:00+05:30,58.73782730102539,59.058799743652344,57.839107513427734,58.27241897583008,9492558
2006-07-07 00:00:00+05:30,58.8983154296875,59.20323944091797,55.849082946777344,56.202152252197266,16486497
2006-07-10 00:00:00+05:30,56.1700553894043,56.45893096923828,55.014556884765625,56.202152252197266,14806926
2006-07-11 00:00:00+05:30,56.45893096923828,56.747806549072266,55.849082946777344,56.49102783203125,10071802
2006-07-12 00:00:00+05:30,55.849082946777344,58.54524612426758,55.2071418762207,58.24032211303711,24508343
2006-07-13 00:00:00+05:30,58.384761810302734,58.83412170410156,57.5020866394043,58.1440315246582,24843270
2006-07-14 00:00:00+05:30,57.7749137878418,57.7749137878418,56.33053970336914,56.66756057739258,13838355
2006-07-17 00:00:00+05:30,56.1700553894043,56.651512145996094,54.95036315917969,55.23923873901367,10628598
2006-07-18 00:00:00+05:30,56.1700553894043,56.1700553894043,53.76276779174805,54.452857971191406,14342788
2006-07-19 00:00:00+05:30,55.35157775878906,55.849082946777344,53.39365005493164,53.76276779174805,16392040
2006-07-20 00:00:00+05:30,54.5651969909668,56.49102783203125,54.5651969909668,56.18610382080078,16095005
2006-07-21 00:00:00+05:30,56.8120002746582,56.8120002746582,53.441795349121094,53.69857406616211,28770024
2006-07-24 00:00:00+05:30,53.66647720336914,53.66647720336914,51.75669479370117,52.751705169677734,23182233
2006-07-25 00:00:00+05:30,54.244224548339844,56.1700553894043,52.31839370727539,52.67146301269531,29108904
2006-07-26 00:00:00+05:30,52.639366149902344,54.22817611694336,52.639366149902344,53.92325210571289,26153522
2006-07-27 00:00:00+05:30,53.92325210571289,54.80592727661133,52.38258743286133,53.58623123168945,44403705
2006-07-28 00:00:00+05:30,54.083740234375,54.53310012817383,52.67146301269531,52.81590270996094,19161948
2006-07-31 00:00:00+05:30,53.28131103515625,54.244224548339844,53.28131103515625,53.73067092895508,13093585
2006-08-01 00:00:00+05:30,53.826961517333984,54.5651969909668,53.18501663208008,54.324466705322266,13279704
2006-08-02 00:00:00+05:30,54.40471267700195,55.80093765258789,53.89115524291992,55.65650177001953,15516926
2006-08-03 00:00:00+05:30,55.816986083984375,56.45893096923828,54.773826599121094,55.19109344482422,17833887
2006-08-04 00:00:00+05:30,55.52811050415039,55.73674392700195,53.84300994873047,53.987449645996094,17283287
2006-08-07 00:00:00+05:30,53.987449645996094,54.372615814208984,53.554134368896484,54.05164337158203,10626443
2006-08-08 00:00:00+05:30,54.212127685546875,55.46391677856445,54.05164337158203,55.287384033203125,9798987
2006-08-09 00:00:00+05:30,55.415771484375,57.582332611083984,54.72568130493164,57.389747619628906,18218273
2006-08-10 00:00:00+05:30,57.74281692504883,57.74281692504883,56.1700553894043,56.587318420410156,16618552
2006-08-11 00:00:00+05:30,56.49102783203125,57.421844482421875,55.849082946777344,56.25029754638672,7093094
2006-08-14 00:00:00+05:30,56.71570587158203,57.61442947387695,56.63546371459961,57.309505462646484,9095532
2006-08-16 00:00:00+05:30,57.839107513427734,58.51314926147461,57.807010650634766,58.06378936767578,13942688
2006-08-17 00:00:00+05:30,58.09588623046875,58.67363357543945,57.35765075683594,58.12798309326172,12332300
2006-08-18 00:00:00+05:30,58.192176818847656,58.70573043823242,57.453941345214844,57.694671630859375,8155132
2006-08-21 00:00:00+05:30,57.88725280761719,58.384761810302734,56.8120002746582,58.01564407348633,10308044
2006-08-22 00:00:00+05:30,58.09588623046875,58.83412170410156,58.09588623046875,58.384761810302734,7094851
2006-08-23 00:00:00+05:30,58.09588623046875,58.4168586730957,57.21321487426758,57.389747619628906,7907054
2006-08-24 00:00:00+05:30,56.84409713745117,57.919349670410156,56.33053970336914,57.79096221923828,7804425
2006-08-25 00:00:00+05:30,57.93539810180664,58.48105239868164,57.48603820800781,57.82305908203125,9560828
2006-08-28 00:00:00+05:30,57.7749137878418,58.384761810302734,57.61442947387695,57.807010650634766,9277589
2006-08-29 00:00:00+05:30,57.7749137878418,59.443965911865234,57.7749137878418,59.267433166503906,18173680
2006-08-30 00:00:00+05:30,59.3797721862793,60.31059265136719,58.641536712646484,60.134056091308594,15144466
2006-08-31 00:00:00+05:30,60.631561279296875,61.819156646728516,60.15010452270508,61.466087341308594,40181732
2006-09-01 00:00:00+05:30,61.177215576171875,61.947547912597656,60.599464416503906,60.84019470214844,17591451
2006-09-04 00:00:00+05:30,61.22536087036133,61.75496292114258,60.69575881958008,61.03277587890625,8407091
2006-09-05 00:00:00+05:30,61.38584518432617,61.38584518432617,60.03776550292969,60.246395111083984,11041934
2006-09-06 00:00:00+05:30,60.503173828125,61.36979675292969,60.05381393432617,60.69575881958008,13963443
2006-09-07 00:00:00+05:30,60.342689514160156,60.53527069091797,59.42791748046875,59.684696197509766,9155977
2006-09-08 00:00:00+05:30,60.0217170715332,60.663658142089844,59.23533630371094,60.32664108276367,17225017
2006-09-11 00:00:00+05:30,60.92043685913086,60.9846305847168,57.999595642089844,58.44895553588867,16672056
2006-09-12 00:00:00+05:30,58.384761810302734,58.70573043823242,56.49102783203125,58.30451965332031,17153793
2006-09-13 00:00:00+05:30,58.73782730102539,59.49211120605469,58.4168586730957,58.6896858215332,16417638
2006-09-14 00:00:00+05:30,58.4168586730957,59.34767532348633,58.4168586730957,58.769927978515625,7899773
2006-09-15 00:00:00+05:30,58.73782730102539,58.93041229248047,58.17612838745117,58.56129455566406,10213824
2006-09-18 00:00:00+05:30,59.66864776611328,60.342689514160156,58.78597640991211,60.101959228515625,16102700
2006-09-19 00:00:00+05:30,60.342689514160156,60.792049407958984,58.73782730102539,59.09089660644531,10404286
2006-09-20 00:00:00+05:30,59.12299728393555,60.342689514160156,58.12798309326172,60.11800765991211,13311981
2006-09-21 00:00:00+05:30,60.503173828125,61.30560302734375,60.342689514160156,61.19326400756836,12902693
2006-09-22 00:00:00+05:30,61.61052703857422,61.61052703857422,60.03776550292969,60.342689514160156,14893734
2006-09-25 00:00:00+05:30,60.342689514160156,60.663658142089844,59.07484817504883,59.20323944091797,14549884
2006-09-26 00:00:00+05:30,59.540260314941406,59.540260314941406,58.0477409362793,58.97855758666992,31655094
2006-09-27 00:00:00+05:30,59.299530029296875,60.29454040527344,59.299530029296875,59.58840560913086,15480455
2006-09-28 00:00:00+05:30,59.70074462890625,59.829132080078125,58.769927978515625,59.155094146728516,11659811
2006-09-29 00:00:00+05:30,59.572357177734375,60.47107696533203,59.20323944091797,60.246395111083984,11773145
2006-10-03 00:00:00+05:30,59.70074462890625,60.96858215332031,59.42791748046875,60.29454040527344,8539760
2006-10-04 00:00:00+05:30,60.342689514160156,60.406883239746094,58.97855758666992,59.39582061767578,12659812
2006-10-05 00:00:00+05:30,59.443965911865234,60.342689514160156,59.443965911865234,60.08591079711914,7483094
2006-10-06 00:00:00+05:30,60.45502853393555,60.45502853393555,59.13904571533203,59.23533630371094,13073776
2006-10-09 00:00:00+05:30,59.3797721862793,59.9254264831543,58.73782730102539,59.299530029296875,8294739
2006-10-10 00:00:00+05:30,59.70074462890625,59.70074462890625,59.10694885253906,59.411869049072266,8579966
2006-10-11 00:00:00+05:30,59.3797721862793,60.00566864013672,59.058799743652344,59.540260314941406,14092112
2006-10-12 00:00:00+05:30,59.76493835449219,59.9254264831543,58.769927978515625,59.716793060302734,10944349
2006-10-13 00:00:00+05:30,60.342689514160156,61.145118713378906,59.78098678588867,60.58341598510742,15302047
2006-10-16 00:00:00+05:30,61.30560302734375,62.6536865234375,60.872291564941406,62.477149963378906,23840948
2006-10-17 00:00:00+05:30,63.1351432800293,63.1351432800293,61.77101135253906,62.18827438354492,10843041
2006-10-18 00:00:00+05:30,62.26852035522461,62.749977111816406,61.594478607177734,62.46110153198242,12322813
2006-10-19 00:00:00+05:30,62.46110153198242,62.782073974609375,60.64760971069336,61.19326400756836,12496215
2006-10-20 00:00:00+05:30,60.9846305847168,61.947547912597656,59.31557846069336,59.81308364868164,13613867
2006-10-23 00:00:00+05:30,60.69575881958008,60.69575881958008,59.155094146728516,59.36372375488281,6855958
2006-10-26 00:00:00+05:30,59.70074462890625,59.9254264831543,58.4168586730957,59.09089660644531,28042673
2006-10-27 00:00:00+05:30,59.84518051147461,60.45502853393555,59.3797721862793,60.246395111083984,11059213
2006-10-30 00:00:00+05:30,60.663658142089844,60.9846305847168,59.86123275756836,60.16615295410156,11456653
2006-10-31 00:00:00+05:30,60.342689514160156,61.321651458740234,60.214298248291016,60.9846305847168,13377921
2006-11-01 00:00:00+05:30,61.30560302734375,61.6265754699707,60.95253372192383,61.24140930175781,8720633
2006-11-02 00:00:00+05:30,61.064876556396484,61.36979675292969,60.342689514160156,60.503173828125,6258955
2006-11-03 00:00:00+05:30,60.663658142089844,60.72785568237305,59.78098678588867,60.134056091308594,8174940
2006-11-06 00:00:00+05:30,60.27849578857422,61.54633331298828,59.6525993347168,61.38584518432617,15655916
2006-11-07 00:00:00+05:30,61.6265754699707,61.88335418701172,60.374786376953125,60.631561279296875,10899694
2006-11-08 00:00:00+05:30,60.80809783935547,60.88833999633789,59.187191009521484,59.52421188354492,15349830
2006-11-09 00:00:00+05:30,60.0217170715332,60.29454040527344,59.50816345214844,60.03776550292969,10903791
2006-11-10 00:00:00+05:30,60.663658142089844,60.663658142089844,59.46001434326172,59.70074462890625,6859750
2006-11-13 00:00:00+05:30,60.0217170715332,60.7760009765625,59.46001434326172,59.540260314941406,11605616
2006-11-14 00:00:00+05:30,59.94147491455078,60.00566864013672,58.96250915527344,59.09089660644531,11625160
2006-11-15 00:00:00+05:30,59.70074462890625,59.89332962036133,58.93041229248047,59.62050247192383,9471388
2006-11-16 00:00:00+05:30,59.443965911865234,60.0217170715332,59.13904571533203,59.52421188354492,11109688
2006-11-17 00:00:00+05:30,59.73284149169922,59.829132080078125,58.12798309326172,58.33661651611328,12791384
2006-11-20 00:00:00+05:30,57.807010650634766,59.28348159790039,55.849082946777344,57.21321487426758,32659927
2006-11-21 00:00:00+05:30,57.90330123901367,59.299530029296875,57.453941345214844,59.01065444946289,12649808
2006-11-22 00:00:00+05:30,59.3797721862793,59.829132080078125,57.93539810180664,58.20822525024414,16725496
2006-11-23 00:00:00+05:30,58.4168586730957,58.86621856689453,57.389747619628906,57.51813888549805,12367197
2006-11-24 00:00:00+05:30,57.51813888549805,58.54524612426758,57.29345703125,57.64652633666992,8540776
2006-11-27 00:00:00+05:30,57.7749137878418,58.3526611328125,57.64652633666992,58.06378936767578,11941184
2006-11-28 00:00:00+05:30,57.7749137878418,57.85515594482422,57.165069580078125,57.64652633666992,8067012
2006-11-29 00:00:00+05:30,57.694671630859375,59.3797721862793,57.67862319946289,59.12299728393555,9333509
2006-11-30 00:00:00+05:30,59.3797721862793,60.0217170715332,58.529197692871094,59.411869049072266,11936309
2006-12-01 00:00:00+05:30,59.70074462890625,60.342689514160156,59.12299728393555,60.26244354248047,13592729
2006-12-04 00:00:00+05:30,60.342689514160156,60.9846305847168,59.411869049072266,60.7760009765625,11643622
2006-12-05 00:00:00+05:30,60.9846305847168,61.61052703857422,60.663658142089844,61.09697341918945,18956640
2006-12-06 00:00:00+05:30,61.09697341918945,61.61052703857422,59.87727737426758,60.43898010253906,9738978
2006-12-07 00:00:00+05:30,60.342689514160156,60.74390411376953,59.70074462890625,59.957523345947266,4345818
2006-12-08 00:00:00+05:30,59.989620208740234,60.0217170715332,58.97855758666992,59.411869049072266,7154470
2006-12-11 00:00:00+05:30,59.411869049072266,59.46001434326172,57.149017333984375,57.75886535644531,11706759
2006-12-12 00:00:00+05:30,57.64652633666992,58.079837799072266,53.441795349121094,55.65650177001953,17839850
2006-12-13 00:00:00+05:30,57.7749137878418,57.7749137878418,54.5651969909668,55.672550201416016,13416975
2006-12-14 00:00:00+05:30,56.1700553894043,57.197166442871094,55.59230422973633,56.747806549072266,7203792
2006-12-15 00:00:00+05:30,57.132972717285156,57.582332611083984,55.60835647583008,56.057716369628906,19649963
2006-12-18 00:00:00+05:30,56.619415283203125,56.619415283203125,54.95036315917969,55.86513137817383,15085477
2006-12-19 00:00:00+05:30,55.784889221191406,56.10586166381836,53.60227966308594,54.05164337158203,16947236
2006-12-20 00:00:00+05:30,54.244224548339844,56.8120002746582,54.244224548339844,54.69358444213867,28458869
2006-12-21 00:00:00+05:30,55.65650177001953,55.65650177001953,53.971397399902344,54.80592727661133,10229700
2006-12-22 00:00:00+05:30,54.96641159057617,55.17504119873047,54.244224548339844,54.43680953979492,11684872
2006-12-26 00:00:00+05:30,55.46391677856445,56.1700553894043,54.6614875793457,56.02561950683594,11048922
2006-12-27 00:00:00+05:30,56.1700553894043,57.004581451416016,56.04166793823242,56.79595184326172,7332897
2006-12-28 00:00:00+05:30,56.8120002746582,57.51813888549805,56.25029754638672,57.10087585449219,10920453
2006-12-29 00:00:00+05:30,57.277408599853516,57.37369918823242,56.089813232421875,56.52312469482422,9015566
2007-01-02 00:00:00+05:30,56.651512145996094,57.21321487426758,56.394737243652344,56.8120002746582,6914234
2007-01-03 00:00:00+05:30,56.8120002746582,57.036678314208984,56.04166793823242,56.314491271972656,7680333
2007-01-04 00:00:00+05:30,56.57126998901367,57.036678314208984,53.95534896850586,54.22817611694336,22383297
2007-01-05 00:00:00+05:30,54.5651969909668,54.88616943359375,52.9603385925293,53.0566291809082,29382423
2007-01-08 00:00:00+05:30,53.12082290649414,53.50598907470703,52.029518127441406,52.222103118896484,14573070
2007-01-09 00:00:00+05:30,52.639366149902344,53.5380859375,51.86903381347656,52.01346969604492,17636517
2007-01-10 00:00:00+05:30,51.99742126464844,52.73565673828125,51.387577056884766,52.366539001464844,16543605
2007-01-11 00:00:00+05:30,52.55912399291992,54.5651969909668,52.23815155029297,54.30841827392578,22039802
2007-01-12 00:00:00+05:30,54.82197570800781,55.23923873901367,54.19607925415039,54.91826629638672,15842381
2007-01-15 00:00:00+05:30,55.784889221191406,55.784889221191406,54.244224548339844,55.2071418762207,12838067
2007-01-16 00:00:00+05:30,55.6885986328125,55.6885986328125,54.43680953979492,55.09479904174805,8623382
2007-01-17 00:00:00+05:30,54.5651969909668,55.49601364135742,54.244224548339844,54.40471267700195,6335292
2007-01-18 00:00:00+05:30,54.5651969909668,55.52811050415039,53.8109130859375,55.27133560180664,17539350
2007-01-19 00:00:00+05:30,54.82197570800781,56.71570587158203,54.82197570800781,56.362640380859375,21788431
2007-01-22 00:00:00+05:30,56.79595184326172,58.09588623046875,55.704647064208984,57.43789291381836,17513130
2007-01-23 00:00:00+05:30,57.7749137878418,57.7749137878418,56.52312469482422,56.892242431640625,10185887
2007-01-24 00:00:00+05:30,56.8120002746582,57.453941345214844,56.49102783203125,57.21321487426758,7811774
2007-01-25 00:00:00+05:30,57.132972717285156,58.09588623046875,55.8972282409668,57.08482360839844,25278676
2007-01-29 00:00:00+05:30,56.68360900878906,57.71072006225586,54.88616943359375,55.11084747314453,17320272
2007-01-31 00:00:00+05:30,55.2071418762207,57.29345703125,54.372615814208984,56.04166793823242,26040918
2007-02-01 00:00:00+05:30,55.56020736694336,56.97248458862305,55.56020736694336,56.121910095214844,10685012
2007-02-02 00:00:00+05:30,56.41078567504883,57.453941345214844,56.2663459777832,56.860145568847656,10159084
2007-02-05 00:00:00+05:30,56.860145568847656,57.132972717285156,56.52312469482422,57.004581451416016,7130524
2007-02-06 00:00:00+05:30,57.004581451416016,57.5662841796875,55.88117980957031,56.18610382080078,12549095
2007-02-07 00:00:00+05:30,56.5391731262207,56.71570587158203,56.00957107543945,56.394737243652344,9259939
2007-02-08 00:00:00+05:30,56.202152252197266,56.95643615722656,55.56020736694336,56.63546371459961,8590824
2007-02-09 00:00:00+05:30,56.79595184326172,56.892242431640625,55.97747039794922,56.619415283203125,11142273
2007-02-12 00:00:00+05:30,56.619415283203125,56.71570587158203,54.982460021972656,56.28239440917969,8330315
2007-02-13 00:00:00+05:30,55.849082946777344,56.8120002746582,54.50100326538086,55.59230422973633,16860739
2007-02-14 00:00:00+05:30,55.255287170410156,56.25029754638672,54.083740234375,55.83303451538086,7430239
2007-02-15 00:00:00+05:30,56.1700553894043,56.71570587158203,54.9343147277832,55.929325103759766,11524634
2007-02-19 00:00:00+05:30,56.33053970336914,56.45893096923828,55.64045333862305,55.97747039794922,8897639
2007-02-20 00:00:00+05:30,55.88117980957031,56.651512145996094,55.88117980957031,56.4428825378418,9161728
2007-02-21 00:00:00+05:30,56.49102783203125,56.619415283203125,55.56020736694336,55.99352264404297,10167025
2007-02-22 00:00:00+05:30,55.849082946777344,56.8120002746582,55.2071418762207,55.99352264404297,15917566
2007-02-23 00:00:00+05:30,55.849082946777344,56.13795852661133,53.104774475097656,53.61832809448242,28596572
2007-02-26 00:00:00+05:30,53.682525634765625,55.59230422973633,53.57018280029297,54.6614875793457,25630987
2007-02-27 00:00:00+05:30,55.046653747558594,55.2071418762207,52.78380584716797,53.024532318115234,13576001
2007-02-28 00:00:00+05:30,52.31839370727539,57.7749137878418,49.782718658447266,55.11084747314453,65659588
2007-03-01 00:00:00+05:30,55.431819915771484,56.1700553894043,54.212127685546875,55.36762619018555,27404371
2007-03-02 00:00:00+05:30,55.23923873901367,55.46391677856445,52.992435455322266,53.50598907470703,32892804
2007-03-05 00:00:00+05:30,53.28131103515625,53.441795349121094,50.472808837890625,52.045570373535156,26212609
2007-03-06 00:00:00+05:30,52.89614486694336,53.24921417236328,51.58015823364258,52.01346969604492,14952851
2007-03-07 00:00:00+05:30,52.31839370727539,52.639366149902344,50.63329315185547,50.77772903442383,18157358
2007-03-08 00:00:00+05:30,51.3554801940918,51.67645263671875,50.39256286621094,51.33943176269531,24397187
2007-03-09 00:00:00+05:30,51.99742126464844,52.52702713012695,48.94819259643555,49.4777946472168,35427005
2007-03-12 00:00:00+05:30,48.2420539855957,50.29627227783203,47.18284606933594,47.6963996887207,53710272
2007-03-13 00:00:00+05:30,47.824790954589844,48.434635162353516,46.89397048950195,47.80874252319336,33619173
2007-03-14 00:00:00+05:30,46.89397048950195,47.18284606933594,41.72632598876953,45.86686325073242,41671539
2007-03-15 00:00:00+05:30,46.54090118408203,48.38648986816406,46.54090118408203,47.279136657714844,24989339
2007-03-16 00:00:00+05:30,47.792694091796875,48.12971115112305,45.93105697631836,46.55695343017578,16333129
2007-03-19 00:00:00+05:30,46.70138931274414,48.1457633972168,45.27306365966797,45.57798767089844,19360557
2007-03-20 00:00:00+05:30,46.38041687011719,46.38041687011719,44.93604278564453,45.20886993408203,36147368
2007-03-21 00:00:00+05:30,45.257015228271484,46.79767990112305,45.257015228271484,46.412513732910156,33717088
2007-03-22 00:00:00+05:30,46.829776763916016,48.11366653442383,46.829776763916016,47.937129974365234,28083764
2007-03-23 00:00:00+05:30,47.824790954589844,48.1457633972168,46.10758972167969,46.2680778503418,33847564
2007-03-26 00:00:00+05:30,46.54090118408203,47.792694091796875,45.57798767089844,45.65822982788086,22610971
2007-03-28 00:00:00+05:30,45.57798767089844,46.219932556152344,45.09653091430664,46.01129913330078,20998978
2007-03-29 00:00:00+05:30,46.219932556152344,47.664302825927734,45.89896011352539,47.16679763793945,33436135
2007-03-30 00:00:00+05:30,47.18284606933594,49.18891906738281,46.58905029296875,48.51487731933594,37115185
2007-04-02 00:00:00+05:30,48.53092956542969,48.53092956542969,46.87792205810547,47.11865234375,17403662
2007-04-03 00:00:00+05:30,47.18284606933594,48.2420539855957,47.18284606933594,47.98527526855469,9540902
2007-04-04 00:00:00+05:30,49.654327392578125,49.654327392578125,47.375431060791016,47.61615753173828,13933120
2007-04-05 00:00:00+05:30,47.551963806152344,47.824790954589844,47.18284606933594,47.56801223754883,5000801
2007-04-09 00:00:00+05:30,47.279136657714844,50.039493560791016,47.279136657714844,49.8469123840332,13111157
2007-04-10 00:00:00+05:30,49.94320297241211,51.51596450805664,49.7506217956543,51.307334899902344,19904356
2007-04-11 00:00:00+05:30,51.64435577392578,52.23815155029297,51.034507751464844,51.51596450805664,15622652
2007-04-12 00:00:00+05:30,51.09870147705078,51.51596450805664,49.86296081542969,50.15183639526367,11004800
2007-04-13 00:00:00+05:30,50.617244720458984,51.09870147705078,48.83584976196289,49.25311279296875,16594778
2007-04-16 00:00:00+05:30,49.7506217956543,51.09870147705078,49.7506217956543,50.8740234375,11053916
2007-04-17 00:00:00+05:30,51.002410888671875,51.19499206542969,49.76667022705078,50.087642669677734,9637561
2007-04-18 00:00:00+05:30,50.24812698364258,50.8740234375,49.94320297241211,50.36046600341797,14837695
2007-04-19 00:00:00+05:30,50.087642669677734,51.3554801940918,49.686424255371094,51.06660461425781,16622023
2007-04-20 00:00:00+05:30,51.48386764526367,52.045570373535156,51.22709274291992,51.48386764526367,20518612
2007-04-23 00:00:00+05:30,51.67645263671875,52.06161880493164,49.686424255371094,50.167884826660156,23763543
2007-04-24 00:00:00+05:30,50.167884826660156,50.585147857666016,49.686424255371094,50.21603012084961,20420491
2007-04-25 00:00:00+05:30,50.232078552246094,52.15790939331055,49.79876708984375,51.9332275390625,22697922
2007-04-26 00:00:00+05:30,52.31839370727539,52.639366149902344,51.387577056884766,51.85298538208008,23865047
2007-04-27 00:00:00+05:30,51.99742126464844,51.99742126464844,51.0826530456543,51.564109802246094,8467701
2007-04-30 00:00:00+05:30,51.836936950683594,51.99742126464844,50.424659729003906,51.37152862548828,10297146
2007-05-03 00:00:00+05:30,51.90113067626953,52.28629684448242,51.40362548828125,51.9332275390625,6467668
2007-05-04 00:00:00+05:30,52.31839370727539,52.31839370727539,51.32338333129883,51.692501068115234,10038051
2007-05-07 00:00:00+05:30,51.9332275390625,52.222103118896484,51.22709274291992,51.67645263671875,12767983
2007-05-08 00:00:00+05:30,51.67645263671875,51.9332275390625,51.0826530456543,51.3554801940918,13053457
2007-05-09 00:00:00+05:30,51.3554801940918,51.949275970458984,51.002410888671875,51.58015823364258,11055303
2007-05-10 00:00:00+05:30,52.607269287109375,53.650428771972656,51.564109802246094,52.54307556152344,18831744
2007-05-11 00:00:00+05:30,52.28629684448242,52.302345275878906,51.40362548828125,52.045570373535156,13676315
2007-05-14 00:00:00+05:30,52.639366149902344,53.08872604370117,51.836936950683594,52.01346969604492,6658570
2007-05-15 00:00:00+05:30,52.01346969604492,52.639366149902344,51.59620666503906,51.99742126464844,6294772
2007-05-16 00:00:00+05:30,51.99742126464844,52.607269287109375,51.3554801940918,52.446781158447266,7902888
2007-05-17 00:00:00+05:30,52.639366149902344,53.377601623535156,52.334442138671875,52.992435455322266,13660722
2007-05-18 00:00:00+05:30,52.92824172973633,53.92325210571289,52.17395782470703,53.63438034057617,10565375
2007-05-21 00:00:00+05:30,53.92325210571289,55.2071418762207,53.84300994873047,54.8380241394043,10749684
2007-05-22 00:00:00+05:30,54.88616943359375,55.17504119873047,53.136871337890625,54.789878845214844,13366839
2007-05-23 00:00:00+05:30,54.484954833984375,54.88616943359375,53.15291976928711,53.36155319213867,10917752
2007-05-24 00:00:00+05:30,53.60227966308594,53.66647720336914,52.847999572753906,53.31340789794922,8294234
2007-05-25 00:00:00+05:30,52.992435455322266,54.13188552856445,52.35049057006836,53.5380859375,12145037
2007-05-28 00:00:00+05:30,53.92325210571289,54.40471267700195,53.12082290649414,53.409698486328125,10812939
2007-05-29 00:00:00+05:30,54.244224548339844,54.244224548339844,52.78380584716797,52.9603385925293,11282815
2007-05-30 00:00:00+05:30,52.9603385925293,52.9603385925293,51.40362548828125,52.09371566772461,32045371
2007-05-31 00:00:00+05:30,52.334442138671875,53.409698486328125,51.70854949951172,52.575172424316406,27357529
2007-06-01 00:00:00+05:30,52.190006256103516,52.9603385925293,51.40362548828125,51.692501068115234,32378260
2007-06-04 00:00:00+05:30,52.89614486694336,53.21711349487305,52.06161880493164,52.92824172973633,15214563
2007-06-05 00:00:00+05:30,52.880096435546875,52.880096435546875,51.7245979309082,51.949275970458984,15353248
2007-06-06 00:00:00+05:30,53.18501663208008,53.18501663208008,46.54090118408203,50.66539001464844,15394548
2007-06-07 00:00:00+05:30,50.697486877441406,50.98636245727539,49.59013366699219,49.71852111816406,12891760
2007-06-08 00:00:00+05:30,49.429649353027344,49.71852111816406,48.11366653442383,48.33834457397461,28437605
2007-06-11 00:00:00+05:30,49.10867691040039,50.039493560791016,48.78770446777344,49.397552490234375,13650238
2007-06-12 00:00:00+05:30,49.7506217956543,49.86296081542969,49.012386322021484,49.38150405883789,7761094
2007-06-13 00:00:00+05:30,49.429649353027344,49.429649353027344,48.563026428222656,48.80375289916992,9008222
2007-06-14 00:00:00+05:30,49.18891906738281,49.55803680419922,48.57907485961914,48.65931701660156,12036694
2007-06-15 00:00:00+05:30,49.07658004760742,49.269161224365234,48.77165603637695,48.91609573364258,15257271
2007-06-18 00:00:00+05:30,49.012386322021484,49.34940719604492,48.90004348754883,49.10867691040039,18474049
2007-06-19 00:00:00+05:30,49.10867691040039,49.429649353027344,49.02843475341797,49.124725341796875,8388601
2007-06-20 00:00:00+05:30,49.365455627441406,49.959251403808594,49.07658004760742,49.76667022705078,8126936
2007-06-21 00:00:00+05:30,49.429649353027344,49.83086395263672,49.04448318481445,49.55803680419922,17564932
2007-06-22 00:00:00+05:30,49.14077377319336,49.654327392578125,49.14077377319336,49.429649353027344,17756628
2007-06-25 00:00:00+05:30,49.7506217956543,49.7506217956543,49.18891906738281,49.4777946472168,14665050
2007-06-26 00:00:00+05:30,49.25311279296875,49.91110610961914,49.10867691040039,49.4777946472168,8036264
2007-06-27 00:00:00+05:30,49.59013366699219,49.59013366699219,49.06053161621094,49.30126190185547,8553235
2007-06-28 00:00:00+05:30,49.429649353027344,50.53700256347656,49.04448318481445,49.782718658447266,18494247
2007-06-29 00:00:00+05:30,50.39256286621094,50.424659729003906,49.31731033325195,49.654327392578125,6935090
2007-07-02 00:00:00+05:30,49.7506217956543,49.814815521240234,49.34940719604492,49.429649353027344,10612890
2007-07-03 00:00:00+05:30,49.429649353027344,50.312320709228516,49.429649353027344,50.18393325805664,5698423
2007-07-04 00:00:00+05:30,50.18393325805664,50.85797119140625,50.071590423583984,50.697486877441406,4038489
2007-07-05 00:00:00+05:30,50.74563217163086,50.85797119140625,49.7506217956543,49.959251403808594,6976333
2007-07-06 00:00:00+05:30,46.54090118408203,50.841922760009766,46.54090118408203,49.91110610961914,17132099
2007-07-09 00:00:00+05:30,50.087642669677734,50.52095413208008,49.702476501464844,49.959251403808594,8154309
2007-07-10 00:00:00+05:30,49.927154541015625,49.927154541015625,49.10867691040039,49.33335876464844,14706260
2007-07-11 00:00:00+05:30,49.365455627441406,49.429649353027344,48.563026428222656,48.96424102783203,21541684
2007-07-12 00:00:00+05:30,49.10867691040039,49.686424255371094,48.91609573364258,49.07658004760742,27388871
2007-07-13 00:00:00+05:30,49.30126190185547,50.53700256347656,49.30126190185547,49.86296081542969,21317293
2007-07-16 00:00:00+05:30,49.7506217956543,50.53700256347656,48.980289459228516,49.509891510009766,29939021
2007-07-17 00:00:00+05:30,50.071590423583984,50.232078552246094,49.59013366699219,49.97529983520508,31854971
2007-07-18 00:00:00+05:30,50.055545806884766,50.18393325805664,49.04448318481445,49.46174621582031,15001111
2007-07-19 00:00:00+05:30,49.59013366699219,49.7506217956543,48.996337890625,49.41360092163086,11180753
2007-07-20 00:00:00+05:30,49.73457336425781,49.7506217956543,49.14077377319336,49.55803680419922,7373085
2007-07-23 00:00:00+05:30,49.14077377319336,49.59013366699219,49.10867691040039,49.30126190185547,6624293
2007-07-24 00:00:00+05:30,49.429649353027344,49.654327392578125,48.78770446777344,48.851898193359375,15746189
2007-07-25 00:00:00+05:30,48.86794662475586,53.60227966308594,48.78770446777344,53.24921417236328,78059346
2007-07-26 00:00:00+05:30,53.28131103515625,54.40471267700195,52.029518127441406,53.826961517333984,33579269
2007-07-27 00:00:00+05:30,53.28131103515625,57.74281692504883,51.532012939453125,55.33552932739258,79796452
2007-07-30 00:00:00+05:30,56.49102783203125,56.49102783203125,53.3294563293457,53.74671936035156,33459125
2007-07-31 00:00:00+05:30,53.92325210571289,56.15400695800781,53.89115524291992,54.88616943359375,24735142
2007-08-01 00:00:00+05:30,54.72568130493164,54.88616943359375,52.73565673828125,53.61832809448242,18926170
2007-08-02 00:00:00+05:30,53.907203674316406,54.46890640258789,52.9603385925293,53.85905838012695,13387907
2007-08-03 00:00:00+05:30,54.05164337158203,55.431819915771484,54.00349426269531,54.484954833984375,15936735
2007-08-06 00:00:00+05:30,52.9603385925293,55.6885986328125,52.6875114440918,55.38367462158203,11750448
2007-08-07 00:00:00+05:30,55.52811050415039,56.15400695800781,53.377601623535156,53.58623123168945,20949441
2007-08-08 00:00:00+05:30,55.2071418762207,55.52811050415039,53.34550476074219,53.73067092895508,15571610
2007-08-09 00:00:00+05:30,54.40471267700195,54.85407257080078,52.43073654174805,52.62331771850586,14407392
2007-08-10 00:00:00+05:30,52.4788818359375,52.847999572753906,50.13578796386719,52.446781158447266,13860603
2007-08-13 00:00:00+05:30,52.9603385925293,53.265262603759766,52.35049057006836,52.89614486694336,7499089
2007-08-14 00:00:00+05:30,53.265262603759766,53.45784378051758,52.302345275878906,52.9603385925293,8672962
2007-08-16 00:00:00+05:30,51.99742126464844,52.31839370727539,49.86296081542969,50.585147857666016,18496721
2007-08-17 00:00:00+05:30,50.71353530883789,51.19499206542969,48.91609573364258,49.28520965576172,24933901
2007-08-20 00:00:00+05:30,51.034507751464844,51.034507751464844,50.071590423583984,50.167884826660156,17279773
2007-08-21 00:00:00+05:30,50.71353530883789,50.71353530883789,48.707462310791016,48.851898193359375,18965123
2007-08-22 00:00:00+05:30,49.71852111816406,51.54806137084961,49.269161224365234,50.79377746582031,30585059
2007-08-23 00:00:00+05:30,51.387577056884766,52.639366149902344,51.1789436340332,51.48386764526367,17675920
2007-08-24 00:00:00+05:30,50.64934158325195,52.4788818359375,50.64934158325195,51.88508224487305,6279509
2007-08-27 00:00:00+05:30,52.4788818359375,53.12082290649414,52.029518127441406,52.992435455322266,7627390
2007-08-28 00:00:00+05:30,52.992435455322266,54.629390716552734,50.424659729003906,53.74671936035156,21260634
2007-08-29 00:00:00+05:30,52.31839370727539,54.53310012817383,52.31839370727539,54.099788665771484,14477087
2007-08-30 00:00:00+05:30,53.92325210571289,55.512062072753906,53.92325210571289,55.07875061035156,44287888
2007-08-31 00:00:00+05:30,55.36762619018555,55.36762619018555,54.53310012817383,54.82197570800781,11628269
2007-09-03 00:00:00+05:30,54.773826599121094,56.04166793823242,54.5651969909668,55.784889221191406,11733094
2007-09-04 00:00:00+05:30,56.07376480102539,56.07376480102539,54.67753601074219,55.44786834716797,8370135
2007-09-05 00:00:00+05:30,55.512062072753906,55.6885986328125,54.72568130493164,55.22319030761719,6649597
2007-09-06 00:00:00+05:30,54.64543914794922,56.731754302978516,54.64543914794922,56.15400695800781,7321675
2007-09-07 00:00:00+05:30,56.33053970336914,58.03169250488281,56.21820068359375,57.06877517700195,20574910
2007-09-10 00:00:00+05:30,56.49102783203125,59.3797721862793,56.25029754638672,59.28348159790039,25011718
2007-09-11 00:00:00+05:30,59.39582061767578,60.663658142089844,58.62548828125,59.01065444946289,21150964
2007-09-12 00:00:00+05:30,59.13904571533203,59.70074462890625,57.32555389404297,57.74281692504883,9122129
2007-09-13 00:00:00+05:30,57.93539810180664,58.224273681640625,57.116920471191406,57.453941345214844,11702079
2007-09-14 00:00:00+05:30,57.8712043762207,59.267433166503906,57.67862319946289,58.079837799072266,15186978
2007-09-17 00:00:00+05:30,58.256370544433594,59.058799743652344,57.5662841796875,58.0477409362793,8832029
2007-09-18 00:00:00+05:30,57.7749137878418,58.384761810302734,57.51813888549805,57.85515594482422,5887468
2007-09-19 00:00:00+05:30,57.93539810180664,60.759952545166016,57.93539810180664,60.134056091308594,26689445
2007-09-20 00:00:00+05:30,60.342689514160156,62.5894889831543,60.0217170715332,62.30061721801758,29048562
2007-09-21 00:00:00+05:30,62.26852035522461,62.26852035522461,60.08591079711914,61.27350616455078,18907710
2007-09-24 00:00:00+05:30,60.342689514160156,61.91545104980469,59.989620208740234,60.2303466796875,12865861
2007-09-25 00:00:00+05:30,59.572357177734375,60.9846305847168,59.46001434326172,60.069862365722656,14943860
2007-09-26 00:00:00+05:30,60.342689514160156,60.792049407958984,58.97855758666992,59.23533630371094,10803019
2007-09-27 00:00:00+05:30,59.66864776611328,60.7760009765625,58.81807327270508,59.52421188354492,36327948
2007-09-28 00:00:00+05:30,59.62050247192383,61.979644775390625,59.058799743652344,60.92043685913086,16954115
2007-10-01 00:00:00+05:30,61.22536087036133,61.91545104980469,59.21928787231445,59.66864776611328,19580863
2007-10-03 00:00:00+05:30,59.70074462890625,61.2574577331543,59.10694885253906,60.15010452270508,24788944
2007-10-04 00:00:00+05:30,60.342689514160156,60.342689514160156,57.95145034790039,59.52421188354492,18680413
2007-10-05 00:00:00+05:30,59.52421188354492,59.957523345947266,57.06877517700195,57.37369918823242,11670587
2007-10-08 00:00:00+05:30,57.7749137878418,58.09588623046875,55.8972282409668,57.181114196777344,11843590
2007-10-09 00:00:00+05:30,56.1700553894043,60.342689514160156,56.1700553894043,59.34767532348633,17489667
2007-10-10 00:00:00+05:30,57.582332611083984,59.989620208740234,57.582332611083984,59.09089660644531,10207200
2007-10-11 00:00:00+05:30,57.85515594482422,60.9846305847168,57.85515594482422,60.84019470214844,16242311
2007-10-12 00:00:00+05:30,60.663658142089844,60.9846305847168,59.171142578125,59.50816345214844,16104485
2007-10-15 00:00:00+05:30,59.572357177734375,60.487125396728516,58.57734298706055,60.069862365722656,17112593
2007-10-16 00:00:00+05:30,60.0217170715332,60.85624313354492,58.8983154296875,59.7488899230957,11921662
2007-10-17 00:00:00+05:30,57.29345703125,59.63655090332031,54.64543914794922,59.21928787231445,14906227
2007-10-18 00:00:00+05:30,59.3797721862793,60.904388427734375,57.85515594482422,58.81807327270508,18728227
2007-10-19 00:00:00+05:30,58.384761810302734,58.384761810302734,56.00957107543945,56.5391731262207,12425261
2007-10-22 00:00:00+05:30,56.45893096923828,57.71072006225586,55.399723052978516,56.924339294433594,9740614
2007-10-23 00:00:00+05:30,57.132972717285156,59.829132080078125,57.132972717285156,59.4760627746582,19204493
2007-10-24 00:00:00+05:30,59.70074462890625,60.47107696533203,58.4168586730957,59.155094146728516,9013905
2007-10-25 00:00:00+05:30,58.86621856689453,59.058799743652344,57.98354721069336,58.70573043823242,15911472
2007-10-26 00:00:00+05:30,59.21928787231445,61.209312438964844,57.277408599853516,57.85515594482422,27710712
2007-10-29 00:00:00+05:30,58.641536712646484,59.3797721862793,58.256370544433594,58.609439849853516,19204578
2007-10-30 00:00:00+05:30,58.65758514404297,58.73782730102539,57.132972717285156,57.63047790527344,11298950
2007-10-31 00:00:00+05:30,57.7749137878418,58.40081024169922,56.8120002746582,57.421844482421875,17458673
2007-11-01 00:00:00+05:30,57.197166442871094,57.999595642089844,54.789878845214844,55.11084747314453,17297117
2007-11-02 00:00:00+05:30,54.88616943359375,56.892242431640625,53.92325210571289,56.202152252197266,17883764
2007-11-05 00:00:00+05:30,55.849082946777344,56.202152252197266,54.61334228515625,54.95036315917969,18937436
2007-11-06 00:00:00+05:30,55.849082946777344,56.13795852661133,54.67753601074219,55.76884078979492,14293074
2007-11-07 00:00:00+05:30,55.849082946777344,56.45893096923828,54.50100326538086,54.789878845214844,11638413
2007-11-08 00:00:00+05:30,54.88616943359375,55.046653747558594,52.9603385925293,54.629390716552734,5374902
2007-11-12 00:00:00+05:30,53.60227966308594,57.90330123901367,52.97638702392578,57.389747619628906,18602958
2007-11-13 00:00:00+05:30,57.06877517700195,57.85515594482422,54.6614875793457,57.116920471191406,17619884
2007-11-14 00:00:00+05:30,58.51314926147461,59.171142578125,57.61442947387695,58.641536712646484,15089994
2007-11-15 00:00:00+05:30,57.839107513427734,61.27350616455078,57.839107513427734,60.80809783935547,31081713
2007-11-16 00:00:00+05:30,60.9846305847168,66.76212310791016,60.0217170715332,65.83130645751953,51974745
2007-11-19 00:00:00+05:30,67.30777740478516,67.85342407226562,62.9586067199707,63.809181213378906,37835267
2007-11-20 00:00:00+05:30,62.91046142578125,65.63872528076172,62.477149963378906,63.11909484863281,22794875
2007-11-21 00:00:00+05:30,63.39191818237305,64.6758041381836,58.51314926147461,59.50816345214844,23015237
2007-11-22 00:00:00+05:30,59.50816345214844,60.31059265136719,57.82305908203125,59.411869049072266,15683557
2007-11-23 00:00:00+05:30,60.92043685913086,60.92043685913086,58.20822525024414,59.267433166503906,11691000
2007-11-26 00:00:00+05:30,59.70074462890625,61.562381744384766,59.572357177734375,60.246395111083984,10960540
2007-11-27 00:00:00+05:30,60.246395111083984,60.663658142089844,59.187191009521484,59.684696197509766,8163101
2007-11-28 00:00:00+05:30,60.406883239746094,62.1080322265625,59.42791748046875,60.05381393432617,14071079
2007-11-29 00:00:00+05:30,60.663658142089844,61.69076919555664,58.81807327270508,59.62050247192383,26070472
2007-11-30 00:00:00+05:30,59.957523345947266,60.9846305847168,59.52421188354492,60.45502853393555,12366892
2007-12-03 00:00:00+05:30,61.27350616455078,62.07593536376953,60.406883239746094,61.51423645019531,7645498
2007-12-04 00:00:00+05:30,61.75496292114258,62.204322814941406,61.145118713378906,61.706817626953125,7419300
2007-12-05 00:00:00+05:30,61.947547912597656,62.26852035522461,60.39083480834961,61.851253509521484,13655843
2007-12-06 00:00:00+05:30,61.851253509521484,63.21538543701172,61.38584518432617,61.979644775390625,9915676
2007-12-07 00:00:00+05:30,61.979644775390625,62.49319839477539,59.28348159790039,60.39083480834961,15943471
2007-12-10 00:00:00+05:30,61.36979675292969,61.594478607177734,59.49211120605469,59.9254264831543,7774487
2007-12-11 00:00:00+05:30,63.48821258544922,63.48821258544922,59.411869049072266,60.18220138549805,8942892
2007-12-12 00:00:00+05:30,59.86123275756836,61.16116714477539,59.187191009521484,60.85624313354492,23578349
2007-12-13 00:00:00+05:30,61.30560302734375,64.99678039550781,61.30560302734375,63.02280044555664,28327502
2007-12-14 00:00:00+05:30,63.712890625,65.44613647460938,62.68578338623047,64.41902923583984,31128091
2007-12-17 00:00:00+05:30,64.48322296142578,66.44115447998047,61.064876556396484,62.1080322265625,23352226
2007-12-18 00:00:00+05:30,64.19435119628906,67.40406799316406,61.64262390136719,63.40796661376953,12848003
2007-12-19 00:00:00+05:30,64.5313720703125,65.63872528076172,62.1080322265625,64.09806060791016,15144666
2007-12-20 00:00:00+05:30,64.19435119628906,64.80419158935547,62.76602554321289,63.07094955444336,11253086
2007-12-24 00:00:00+05:30,65.4140396118164,65.4140396118164,62.02779006958008,63.56845474243164,17646387
2007-12-26 00:00:00+05:30,63.90547561645508,64.46717834472656,63.343772888183594,64.14620208740234,10952833
2007-12-27 00:00:00+05:30,64.22644805908203,66.12017822265625,64.21039581298828,65.33380126953125,41356752
2007-12-28 00:00:00+05:30,64.19435119628906,66.52139282226562,63.93757247924805,66.29671478271484,23129016
2007-12-31 00:00:00+05:30,66.29671478271484,68.013916015625,66.29671478271484,67.22753143310547,15416808
2008-01-01 00:00:00+05:30,68.04601287841797,70.88661193847656,67.43616485595703,69.84345245361328,35905649
2008-01-02 00:00:00+05:30,70.5816879272461,72.98897552490234,68.78424835205078,70.96685028076172,56548547
2008-01-03 00:00:00+05:30,70.61378479003906,70.93475341796875,68.06205749511719,68.83238983154297,45046995
2008-01-04 00:00:00+05:30,69.00892639160156,70.677978515625,68.41513061523438,70.4051513671875,37048319
2008-01-07 00:00:00+05:30,67.94972229003906,75.42835998535156,67.94972229003906,74.24076843261719,52332637
2008-01-08 00:00:00+05:30,75.04319763183594,76.84063720703125,71.92977142333984,74.14447021484375,53012263
2008-01-09 00:00:00+05:30,73.66301727294922,75.25182342529297,72.57170867919922,73.1976089477539,29810430
2008-01-10 00:00:00+05:30,73.50253295898438,73.82350158691406,70.01998901367188,70.54959106445312,19361009
2008-01-11 00:00:00+05:30,70.61378479003906,72.31493377685547,68.81634521484375,70.75822448730469,16725883
2008-01-14 00:00:00+05:30,71.54460144042969,72.53961181640625,70.05208587646484,72.05815887451172,15384550
2008-01-15 00:00:00+05:30,72.25074005126953,72.8284912109375,68.92868041992188,69.4422378540039,10450639
2008-01-16 00:00:00+05:30,69.00892639160156,69.45828247070312,64.56346893310547,67.06704711914062,27547611
2008-01-17 00:00:00+05:30,66.76212310791016,71.23967742919922,66.76212310791016,69.8916015625,17712169
2008-01-18 00:00:00+05:30,69.8916015625,70.61378479003906,66.76212310791016,68.254638671875,27550409
2008-01-21 00:00:00+05:30,68.36698150634766,68.68795776367188,60.9846305847168,64.78814697265625,37610322
2008-01-22 00:00:00+05:30,60.95253372192383,64.19435119628906,54.244224548339844,58.70573043823242,41092317
2008-01-23 00:00:00+05:30,60.663658142089844,64.19435119628906,57.453941345214844,62.541343688964844,37927743
2008-01-24 00:00:00+05:30,63.2314338684082,64.83629608154297,57.839107513427734,60.18220138549805,19640765
2008-01-25 00:00:00+05:30,62.26852035522461,64.51531982421875,61.0809211730957,63.696842193603516,16931664
2008-01-28 00:00:00+05:30,60.9846305847168,64.19435119628906,60.9846305847168,62.99070358276367,17161765
2008-01-29 00:00:00+05:30,63.77708435058594,66.07203674316406,63.552406311035156,64.57951354980469,15839562
2008-01-30 00:00:00+05:30,67.24358367919922,67.24358367919922,60.69575881958008,63.9857177734375,16179168
2008-01-31 00:00:00+05:30,64.51531982421875,64.51531982421875,61.466087341308594,62.76602554321289,29537004
2008-02-01 00:00:00+05:30,61.706817626953125,66.56954193115234,61.706817626953125,65.84735107421875,11614006
2008-02-04 00:00:00+05:30,66.76212310791016,68.013916015625,64.72395324707031,65.73501586914062,11908347
2008-02-05 00:00:00+05:30,66.44115447998047,66.76212310791016,64.6276626586914,66.10413360595703,11151130
2008-02-06 00:00:00+05:30,64.51531982421875,65.15726470947266,63.03885269165039,64.19435119628906,10445162
2008-02-07 00:00:00+05:30,64.19435119628906,64.59556579589844,61.064876556396484,61.65867233276367,15374321
2008-02-08 00:00:00+05:30,61.947547912597656,64.11410522460938,61.3537483215332,63.552406311035156,18259769
2008-02-11 00:00:00+05:30,63.552406311035156,64.13015747070312,57.453941345214844,59.50816345214844,16119197
2008-02-12 00:00:00+05:30,59.34767532348633,60.246395111083984,58.44895553588867,59.55630874633789,9851748
2008-02-13 00:00:00+05:30,60.503173828125,63.472164154052734,60.0217170715332,62.99070358276367,17056096
2008-02-14 00:00:00+05:30,64.22644805908203,65.47823333740234,62.94255828857422,63.95362091064453,13086154
2008-02-15 00:00:00+05:30,62.55739212036133,65.46218872070312,62.55739212036133,65.10911560058594,22661816
2008-02-18 00:00:00+05:30,65.18936157226562,67.86947631835938,63.825233459472656,67.33987426757812,23135752
2008-02-19 00:00:00+05:30,66.44115447998047,68.36698150634766,64.91653442382812,65.92759704589844,16771027
2008-02-20 00:00:00+05:30,65.92759704589844,65.9596939086914,63.889427185058594,64.82024383544922,10313649
2008-02-21 00:00:00+05:30,65.4942855834961,65.79920959472656,63.712890625,64.6276626586914,9171529
2008-02-22 00:00:00+05:30,63.87337875366211,64.80419158935547,63.87337875366211,64.24249267578125,4815246
2008-02-25 00:00:00+05:30,64.80419158935547,65.7671127319336,64.24249267578125,64.78814697265625,8599305
2008-02-26 00:00:00+05:30,64.83629608154297,65.38194274902344,64.32273864746094,64.65975952148438,8578431
2008-02-27 00:00:00+05:30,65.15726470947266,65.4140396118164,63.39191818237305,64.9486312866211,17818586
2008-02-28 00:00:00+05:30,63.552406311035156,65.38194274902344,63.552406311035156,64.91653442382812,19442957
2008-02-29 00:00:00+05:30,64.83629608154297,66.44115447998047,64.13015747070312,65.07701873779297,32564155
2008-03-03 00:00:00+05:30,63.64869689941406,63.64869689941406,60.7760009765625,61.80310821533203,73383791
2008-03-04 00:00:00+05:30,61.947547912597656,62.396907806396484,58.44895553588867,59.34767532348633,42104459
2008-03-05 00:00:00+05:30,59.026702880859375,62.8623161315918,58.4168586730957,62.44505310058594,27080050
2008-03-07 00:00:00+05:30,61.979644775390625,62.5894889831543,60.0217170715332,61.22536087036133,30010516
2008-03-10 00:00:00+05:30,60.0217170715332,62.509246826171875,59.797035217285156,61.30560302734375,17653510
2008-03-11 00:00:00+05:30,59.86123275756836,62.5894889831543,59.86123275756836,61.706817626953125,27209731
2008-03-12 00:00:00+05:30,62.30061721801758,63.552406311035156,60.904388427734375,61.145118713378906,15054773
2008-03-13 00:00:00+05:30,60.342689514160156,60.9846305847168,58.33661651611328,59.572357177734375,16130653
2008-03-14 00:00:00+05:30,60.55131912231445,61.947547912597656,59.70074462890625,61.5302848815918,19340739
2008-03-17 00:00:00+05:30,60.679710388183594,61.433990478515625,58.65758514404297,59.62050247192383,21605125
2008-03-18 00:00:00+05:30,59.957523345947266,60.9846305847168,57.88725280761719,58.75387954711914,16098859
2008-03-19 00:00:00+05:30,60.342689514160156,60.88833999633789,59.20323944091797,60.11800765991211,17036592
2008-03-24 00:00:00+05:30,63.11909484863281,63.11909484863281,59.39582061767578,61.3537483215332,14055897
2008-03-25 00:00:00+05:30,64.19435119628906,65.79920959472656,60.9846305847168,61.482139587402344,21366248
2008-03-26 00:00:00+05:30,61.321651458740234,63.07094955444336,61.016727447509766,62.68578338623047,15413048
2008-03-27 00:00:00+05:30,62.84626770019531,64.83629608154297,61.947547912597656,64.22644805908203,18902152
2008-03-28 00:00:00+05:30,64.19435119628906,66.76212310791016,64.19435119628906,66.2806625366211,15352678
2008-03-31 00:00:00+05:30,66.44115447998047,67.66084289550781,65.17330932617188,66.20042419433594,13151983
2008-04-01 00:00:00+05:30,66.76212310791016,68.28673553466797,66.0399398803711,67.59664916992188,11668011
2008-04-02 00:00:00+05:30,68.36698150634766,69.58667755126953,65.47823333740234,66.76212310791016,13263696
2008-04-03 00:00:00+05:30,66.79421997070312,67.5645523071289,66.20042419433594,66.7781753540039,12911531
2008-04-04 00:00:00+05:30,65.84735107421875,66.71397399902344,63.93757247924805,64.38693237304688,16549079
2008-04-07 00:00:00+05:30,65.73501586914062,68.83238983154297,64.38693237304688,67.51640319824219,24215498
2008-04-08 00:00:00+05:30,67.72503662109375,67.72503662109375,66.20042419433594,66.93865966796875,20961707
2008-04-09 00:00:00+05:30,66.12017822265625,66.89051055908203,65.34984588623047,66.56954193115234,7388313
2008-04-10 00:00:00+05:30,66.21646881103516,67.32382202148438,65.6868667602539,66.32881164550781,13293197
2008-04-11 00:00:00+05:30,66.44115447998047,66.87446594238281,65.18936157226562,65.4942855834961,11948428
2008-04-15 00:00:00+05:30,65.3177490234375,67.24358367919922,64.85234069824219,66.73002624511719,16351775
2008-04-16 00:00:00+05:30,67.3719711303711,67.62874603271484,66.5053482055664,67.40406799316406,11952139
2008-04-17 00:00:00+05:30,67.75713348388672,68.33488464355469,65.83130645751953,67.86947631835938,9619488
2008-04-21 00:00:00+05:30,68.14230346679688,69.00892639160156,66.58558654785156,66.8263168334961,7846696
2008-04-22 00:00:00+05:30,66.69792938232422,69.00892639160156,66.13623046875,68.46327209472656,9820948
2008-04-23 00:00:00+05:30,68.68795776367188,69.32989501953125,67.8373794555664,68.013916015625,8966446
2008-04-24 00:00:00+05:30,67.75713348388672,68.99287414550781,67.00285339355469,67.38801574707031,14937501
2008-04-25 00:00:00+05:30,68.65585327148438,68.65585327148438,67.14728546142578,68.33488464355469,7794009
2008-04-28 00:00:00+05:30,68.68795776367188,69.32989501953125,67.48430633544922,67.91761779785156,10015152
2008-04-29 00:00:00+05:30,68.3509292602539,69.00892639160156,67.66084289550781,68.14230346679688,10973280
2008-04-30 00:00:00+05:30,67.5645523071289,70.87055969238281,67.5645523071289,70.5816879272461,23595740
2008-05-02 00:00:00+05:30,71.28782653808594,72.12235260009766,70.14837646484375,70.91870880126953,10142649
2008-05-05 00:00:00+05:30,70.5816879272461,71.70508575439453,69.97183990478516,70.8545150756836,8353056
2008-05-06 00:00:00+05:30,70.29280853271484,72.74824523925781,70.29280853271484,72.17049407958984,17286814
2008-05-07 00:00:00+05:30,72.41122436523438,73.72721099853516,71.75323486328125,72.74824523925781,15557677
2008-05-08 00:00:00+05:30,72.70010375976562,72.70010375976562,68.5274658203125,69.00892639160156,19724315
2008-05-09 00:00:00+05:30,69.00892639160156,70.61378479003906,68.46327209472656,70.14837646484375,18173596
2008-05-12 00:00:00+05:30,69.73110961914062,72.21864318847656,68.94473266601562,71.8334732055664,11242054
2008-05-13 00:00:00+05:30,72.21864318847656,73.50253295898438,70.74217224121094,72.33098602294922,12503196
2008-05-14 00:00:00+05:30,71.57669830322266,73.26180267333984,71.41621398925781,72.63590240478516,10964307
2008-05-15 00:00:00+05:30,72.89268493652344,73.18155670166016,71.92977142333984,72.60380554199219,10397207
2008-05-16 00:00:00+05:30,72.60380554199219,73.18155670166016,71.57669830322266,72.89268493652344,7619689
2008-05-20 00:00:00+05:30,72.53961181640625,73.08526611328125,71.7371826171875,72.4593734741211,8410120
2008-05-21 00:00:00+05:30,71.89767456054688,74.59383392333984,71.76927947998047,73.2457504272461,14572310
2008-05-22 00:00:00+05:30,72.86058807373047,74.14447021484375,70.61378479003906,71.70508575439453,18902797
2008-05-23 00:00:00+05:30,71.70508575439453,72.50751495361328,67.77318572998047,68.55956268310547,18286195
2008-05-26 00:00:00+05:30,67.99786376953125,67.99786376953125,64.69185638427734,65.9596939086914,28507751
2008-05-27 00:00:00+05:30,66.2806625366211,69.1694107055664,66.12017822265625,67.11518859863281,31189078
2008-05-28 00:00:00+05:30,67.75713348388672,71.65694427490234,67.75713348388672,71.23967742919922,30945626
2008-05-29 00:00:00+05:30,71.23967742919922,71.88162231445312,68.44722747802734,69.31385040283203,16404359
2008-05-30 00:00:00+05:30,69.65087127685547,70.74217224121094,69.04102325439453,69.8916015625,12730416
2008-06-02 00:00:00+05:30,70.35700988769531,71.89767456054688,69.50643157958984,70.59773254394531,19297897
2008-06-03 00:00:00+05:30,69.97183990478516,70.90265655517578,68.73609924316406,70.5816879272461,14049731
2008-06-04 00:00:00+05:30,71.92977142333984,71.92977142333984,68.36698150634766,69.26570129394531,9194080
2008-06-05 00:00:00+05:30,70.00393676757812,71.81742858886719,68.36698150634766,71.41621398925781,11787140
2008-06-06 00:00:00+05:30,71.89767456054688,72.21864318847656,67.8373794555664,68.51142120361328,13970351
2008-06-09 00:00:00+05:30,67.21148681640625,68.49536895751953,65.79920959472656,66.5534896850586,13368513
2008-06-10 00:00:00+05:30,66.76212310791016,66.76212310791016,63.60055160522461,64.69185638427734,24025968
2008-06-11 00:00:00+05:30,64.83629608154297,65.28565216064453,62.52529525756836,64.03385925292969,37983261
2008-06-12 00:00:00+05:30,62.9586067199707,65.02887725830078,62.6536865234375,64.17829895019531,19752177
2008-06-13 00:00:00+05:30,64.19435119628906,64.64370727539062,62.477149963378906,63.60055160522461,14093181
2008-06-16 00:00:00+05:30,64.1622543334961,64.86839294433594,63.39191818237305,64.6758041381836,14814808
2008-06-17 00:00:00+05:30,64.83629608154297,65.7671127319336,64.51531982421875,65.23751068115234,5815985
2008-06-18 00:00:00+05:30,65.79920959472656,66.52139282226562,64.99678039550781,66.10413360595703,11634656
2008-06-19 00:00:00+05:30,65.15726470947266,66.24856567382812,64.5313720703125,66.05598449707031,9470895
2008-06-20 00:00:00+05:30,66.08808135986328,66.08808135986328,62.42900466918945,63.68079376220703,13876791
2008-06-23 00:00:00+05:30,63.2314338684082,65.55847930908203,61.96359634399414,62.71788024902344,17957726
2008-06-24 00:00:00+05:30,64.13015747070312,64.13015747070312,60.0217170715332,61.466087341308594,27079401
2008-06-25 00:00:00+05:30,61.30560302734375,61.30560302734375,58.609439849853516,59.84518051147461,19094228
2008-06-26 00:00:00+05:30,60.9846305847168,61.947547912597656,59.73284149169922,61.54633331298828,21196560
2008-06-27 00:00:00+05:30,60.95253372192383,60.95253372192383,58.609439849853516,58.96250915527344,13860818
2008-06-30 00:00:00+05:30,58.97855758666992,61.22536087036133,58.09588623046875,60.27849578857422,12281666
2008-07-01 00:00:00+05:30,59.89332962036133,60.9846305847168,57.165069580078125,58.73782730102539,9094239
2008-07-02 00:00:00+05:30,58.73782730102539,59.684696197509766,56.651512145996094,57.74281692504883,25272666
2008-07-03 00:00:00+05:30,57.389747619628906,58.079837799072266,53.95534896850586,54.34051513671875,18257631
2008-07-04 00:00:00+05:30,54.88616943359375,57.10087585449219,53.76276779174805,54.95036315917969,17681141
2008-07-07 00:00:00+05:30,55.52811050415039,57.74281692504883,55.52811050415039,57.08482360839844,10382729
2008-07-08 00:00:00+05:30,56.15400695800781,56.57126998901367,54.11583709716797,55.1429443359375,13942429
2008-07-09 00:00:00+05:30,55.6885986328125,59.81308364868164,55.64045333862305,59.01065444946289,14650731
2008-07-10 00:00:00+05:30,58.67363357543945,59.01065444946289,57.132972717285156,57.5020866394043,8727148
2008-07-11 00:00:00+05:30,57.74281692504883,58.4168586730957,55.319480895996094,56.02561950683594,6891777
2008-07-14 00:00:00+05:30,56.33053970336914,57.421844482421875,53.714622497558594,54.11583709716797,16525943
2008-07-15 00:00:00+05:30,53.826961517333984,53.826961517333984,51.034507751464844,51.499916076660156,17421256
2008-07-16 00:00:00+05:30,51.307334899902344,54.05164337158203,50.28022384643555,52.109764099121094,25352723
2008-07-17 00:00:00+05:30,53.28131103515625,54.53310012817383,52.190006256103516,53.682525634765625,15801275
2008-07-18 00:00:00+05:30,53.95534896850586,57.421844482421875,52.97638702392578,56.57126998901367,15579598
2008-07-21 00:00:00+05:30,56.57126998901367,59.52421188354492,55.52811050415039,57.51813888549805,19469205
2008-07-22 00:00:00+05:30,57.5020866394043,61.064876556396484,56.924339294433594,60.936485290527344,25670645
2008-07-23 00:00:00+05:30,62.380859375,64.09806060791016,60.32664108276367,61.49818420410156,33116743
2008-07-24 00:00:00+05:30,61.49818420410156,63.167240142822266,60.214298248291016,61.145118713378906,11448010
2008-07-25 00:00:00+05:30,60.95253372192383,61.6265754699707,59.58840560913086,60.71180725097656,11070936
2008-07-28 00:00:00+05:30,60.679710388183594,62.1080322265625,60.342689514160156,61.19326400756836,11460354
2008-07-29 00:00:00+05:30,60.663658142089844,61.27350616455078,59.13904571533203,60.85624313354492,10634175
2008-07-30 00:00:00+05:30,60.342689514160156,61.562381744384766,59.3797721862793,60.43898010253906,12276572
2008-07-31 00:00:00+05:30,61.30560302734375,61.594478607177734,56.8120002746582,59.957523345947266,61055177
2008-08-01 00:00:00+05:30,60.03776550292969,60.35873794555664,58.59339141845703,60.05381393432617,18818540
2008-08-04 00:00:00+05:30,60.05381393432617,60.95253372192383,59.70074462890625,60.27849578857422,7241272
2008-08-05 00:00:00+05:30,60.663658142089844,61.401893615722656,60.00566864013672,61.03277587890625,15146744
2008-08-06 00:00:00+05:30,61.6265754699707,62.8623161315918,60.47107696533203,60.95253372192383,26788469
2008-08-07 00:00:00+05:30,60.9846305847168,62.49319839477539,60.342689514160156,61.61052703857422,27180089
2008-08-08 00:00:00+05:30,61.30560302734375,61.91545104980469,60.759952545166016,61.016727447509766,14810876
2008-08-11 00:00:00+05:30,61.6265754699707,62.5894889831543,61.209312438964844,62.204322814941406,4862465
2008-08-12 00:00:00+05:30,62.34876251220703,63.63264846801758,62.02779006958008,62.814170837402344,12624450
2008-08-13 00:00:00+05:30,62.26852035522461,63.5042610168457,62.26852035522461,62.57344055175781,6956995
2008-08-14 00:00:00+05:30,62.1080322265625,62.6536865234375,60.904388427734375,61.3537483215332,4127846
2008-08-18 00:00:00+05:30,61.3537483215332,62.30061721801758,58.28846740722656,60.16615295410156,13931662
2008-08-19 00:00:00+05:30,59.3797721862793,60.0217170715332,58.43290710449219,58.8983154296875,8995492
2008-08-20 00:00:00+05:30,59.34767532348633,59.90937423706055,58.48105239868164,58.73782730102539,15400367
2008-08-21 00:00:00+05:30,58.802024841308594,59.187191009521484,57.90330123901367,58.497100830078125,6729121
2008-08-22 00:00:00+05:30,58.72178268432617,59.058799743652344,57.71072006225586,58.48105239868164,3951176
2008-08-25 00:00:00+05:30,59.70074462890625,60.0217170715332,58.4168586730957,59.04275131225586,2159862
2008-08-26 00:00:00+05:30,58.73782730102539,59.4760627746582,58.51314926147461,59.34767532348633,7958793
2008-08-27 00:00:00+05:30,59.3797721862793,59.66864776611328,58.75387954711914,59.04275131225586,5543188
2008-08-28 00:00:00+05:30,58.8983154296875,59.34767532348633,58.17612838745117,58.8983154296875,15638314
2008-08-29 00:00:00+05:30,59.3797721862793,60.96858215332031,59.09089660644531,60.56736755371094,9425676
2008-09-01 00:00:00+05:30,60.342689514160156,61.93149948120117,59.299530029296875,61.61052703857422,7476047
2008-09-02 00:00:00+05:30,61.947547912597656,63.2314338684082,61.433990478515625,62.396907806396484,11907125
2008-09-04 00:00:00+05:30,62.18827438354492,62.70183181762695,60.45502853393555,60.71180725097656,7305680
2008-09-05 00:00:00+05:30,58.497100830078125,61.36979675292969,58.497100830078125,60.95253372192383,5039670
2008-09-08 00:00:00+05:30,61.30560302734375,67.40406799316406,60.69575881958008,63.07094955444336,18987724
2008-09-09 00:00:00+05:30,62.9586067199707,62.9586067199707,62.124080657958984,62.46110153198242,7324479
2008-09-10 00:00:00+05:30,62.26852035522461,62.91046142578125,61.8994026184082,62.60553741455078,7487428
2008-09-11 00:00:00+05:30,62.26852035522461,62.26852035522461,60.663658142089844,61.51423645019531,8114985
2008-09-12 00:00:00+05:30,62.26852035522461,62.71788024902344,60.679710388183594,61.433990478515625,15167848
2008-09-15 00:00:00+05:30,60.663658142089844,61.289554595947266,58.44895553588867,61.03277587890625,13876162
2008-09-16 00:00:00+05:30,59.66864776611328,62.71788024902344,58.73782730102539,62.396907806396484,13872345
2008-09-17 00:00:00+05:30,59.716793060302734,62.541343688964844,58.93041229248047,59.299530029296875,13727881
2008-09-18 00:00:00+05:30,59.34767532348633,60.31059265136719,56.8120002746582,59.58840560913086,25958082
2008-09-19 00:00:00+05:30,60.374786376953125,61.78705978393555,59.7488899230957,61.321651458740234,26288338
2008-09-22 00:00:00+05:30,61.78705978393555,64.1622543334961,61.16116714477539,62.5894889831543,32965649
2008-09-23 00:00:00+05:30,62.1080322265625,62.396907806396484,61.466087341308594,62.18827438354492,8874756
2008-09-24 00:00:00+05:30,62.26852035522461,62.6536865234375,61.69076919555664,61.947547912597656,12708395
2008-09-25 00:00:00+05:30,61.65867233276367,63.60055160522461,59.87727737426758,60.35873794555664,27492447
2008-09-26 00:00:00+05:30,60.342689514160156,62.33271408081055,58.96250915527344,61.738914489746094,14576828
2008-09-29 00:00:00+05:30,61.61052703857422,62.5894889831543,60.05381393432617,61.417945861816406,27085224
2008-09-30 00:00:00+05:30,60.18220138549805,61.75496292114258,59.3797721862793,60.35873794555664,24819337
2008-10-01 00:00:00+05:30,60.9846305847168,62.42900466918945,60.519222259521484,61.75496292114258,24101068
2008-10-03 00:00:00+05:30,60.95253372192383,63.87337875366211,60.679710388183594,61.12907028198242,37750176
2008-10-06 00:00:00+05:30,62.55739212036133,62.55739212036133,57.165069580078125,57.7749137878418,25491988
2008-10-07 00:00:00+05:30,57.95145034790039,58.72178268432617,54.03559112548828,56.00957107543945,54923905
2008-10-08 00:00:00+05:30,55.1429443359375,55.816986083984375,51.16289520263672,53.21711349487305,34954129
2008-10-10 00:00:00+05:30,52.4788818359375,55.849082946777344,49.269161224365234,52.43073654174805,46294507
2008-10-13 00:00:00+05:30,53.92325210571289,55.49601364135742,52.67146301269531,54.58124542236328,34004238
2008-10-14 00:00:00+05:30,55.816986083984375,55.816986083984375,53.47389221191406,54.22817611694336,15804241
2008-10-15 00:00:00+05:30,53.76276779174805,53.76276779174805,50.8740234375,51.564109802246094,29916966
2008-10-16 00:00:00+05:30,49.429649353027344,52.92824172973633,48.83584976196289,51.90113067626953,33950857
2008-10-17 00:00:00+05:30,52.639366149902344,53.60227966308594,50.424659729003906,51.002410888671875,18525910
2008-10-20 00:00:00+05:30,51.3554801940918,54.212127685546875,51.3554801940918,53.024532318115234,15683283
2008-10-21 00:00:00+05:30,53.60227966308594,54.85407257080078,51.78879165649414,54.27632141113281,24430555
2008-10-22 00:00:00+05:30,53.92325210571289,57.132972717285156,53.28131103515625,54.8380241394043,28117873
2008-10-23 00:00:00+05:30,53.60227966308594,56.49102783203125,52.639366149902344,54.13188552856445,15979219
2008-10-24 00:00:00+05:30,52.9603385925293,55.1429443359375,48.46673583984375,51.002410888671875,30054451
2008-10-27 00:00:00+05:30,50.39256286621094,50.71353530883789,42.38431930541992,47.824790954589844,29081955
2008-10-29 00:00:00+05:30,50.8740234375,51.836936950683594,47.00631332397461,49.14077377319336,38837371
2008-10-31 00:00:00+05:30,50.087642669677734,54.85407257080078,48.46673583984375,49.79876708984375,40986800
2008-11-03 00:00:00+05:30,50.6011962890625,51.804840087890625,49.52593994140625,51.29128646850586,16048633
2008-11-04 00:00:00+05:30,50.970314025878906,55.49601364135742,50.071590423583984,54.80592727661133,13505328
2008-11-05 00:00:00+05:30,56.1700553894043,56.49102783203125,53.31340789794922,54.50100326538086,18921035
2008-11-06 00:00:00+05:30,53.85905838012695,55.849082946777344,52.575172424316406,54.14793395996094,16400287
2008-11-07 00:00:00+05:30,53.409698486328125,56.394737243652344,53.409698486328125,56.057716369628906,15838256
2008-11-10 00:00:00+05:30,56.763851165771484,57.004581451416016,54.5651969909668,55.30343246459961,11076333
2008-11-11 00:00:00+05:30,55.126895904541016,56.4428825378418,54.88616943359375,55.38367462158203,12097488
2008-11-12 00:00:00+05:30,54.88616943359375,55.47996520996094,53.12082290649414,54.5651969909668,13241143
2008-11-14 00:00:00+05:30,55.2071418762207,56.49102783203125,53.04058074951172,54.42075729370117,14434930
2008-11-17 00:00:00+05:30,54.244224548339844,55.86513137817383,51.64435577392578,53.024532318115234,18592321
2008-11-18 00:00:00+05:30,52.31839370727539,53.50598907470703,51.034507751464844,51.58015823364258,17256235
2008-11-19 00:00:00+05:30,51.836936950683594,54.46890640258789,51.58015823364258,52.992435455322266,21314006
2008-11-20 00:00:00+05:30,52.31839370727539,53.50598907470703,51.46781921386719,52.847999572753906,11920061
2008-11-21 00:00:00+05:30,52.639366149902344,55.33552932739258,52.12581253051758,54.517051696777344,14617591
2008-11-24 00:00:00+05:30,54.5651969909668,55.56020736694336,53.77881622314453,55.255287170410156,12943681
2008-11-25 00:00:00+05:30,55.62440490722656,55.86513137817383,53.47389221191406,54.13188552856445,9939666
2008-11-26 00:00:00+05:30,54.244224548339844,55.65650177001953,54.099788665771484,55.33552932739258,22336358
2008-11-27 00:00:00+05:30,55.33552932739258,55.33552932739258,55.33552932739258,55.33552932739258,0
2008-11-28 00:00:00+05:30,51.67645263671875,56.71570587158203,51.67645263671875,55.72069549560547,26051825
2008-12-01 00:00:00+05:30,55.49601364135742,56.8120002746582,52.65541458129883,53.04058074951172,19294361
2008-12-02 00:00:00+05:30,52.79985046386719,55.014556884765625,51.99742126464844,54.43680953979492,18120619
2008-12-03 00:00:00+05:30,54.5651969909668,54.88616943359375,52.847999572753906,54.14793395996094,14380112
2008-12-04 00:00:00+05:30,54.26027297973633,56.1700553894043,53.8109130859375,55.86513137817383,11237275
2008-12-05 00:00:00+05:30,56.057716369628906,56.49102783203125,53.85905838012695,54.356563568115234,7876718
2008-12-08 00:00:00+05:30,55.07875061035156,56.619415283203125,54.180030822753906,54.53310012817383,20927664
2008-12-10 00:00:00+05:30,54.773826599121094,56.10586166381836,54.40471267700195,54.67753601074219,17714979
2008-12-11 00:00:00+05:30,55.014556884765625,55.2071418762207,53.714622497558594,54.9343147277832,12966088
2008-12-12 00:00:00+05:30,54.244224548339844,55.849082946777344,53.28131103515625,55.33552932739258,14288438
2008-12-15 00:00:00+05:30,55.99352264404297,56.1700553894043,54.42075729370117,55.6885986328125,8744439
2008-12-16 00:00:00+05:30,55.30343246459961,57.21321487426758,55.158992767333984,56.66756057739258,12913678
2008-12-17 00:00:00+05:30,57.132972717285156,57.582332611083984,54.72568130493164,55.319480895996094,16166382
2008-12-18 00:00:00+05:30,55.52811050415039,58.641536712646484,55.52811050415039,57.79096221923828,15823099
2008-12-19 00:00:00+05:30,57.582332611083984,59.20323944091797,56.860145568847656,57.46998977661133,18684217
2008-12-22 00:00:00+05:30,57.79096221923828,58.36871337890625,56.52312469482422,57.75886535644531,9548746
2008-12-23 00:00:00+05:30,57.582332611083984,57.919349670410156,56.747806549072266,57.06877517700195,10232455
2008-12-24 00:00:00+05:30,56.55522155761719,56.8120002746582,55.046653747558594,55.319480895996094,27533616
2008-12-26 00:00:00+05:30,57.132972717285156,57.421844482421875,54.5651969909668,54.773826599121094,5564446
2008-12-29 00:00:00+05:30,54.72568130493164,55.512062072753906,54.5651969909668,54.95036315917969,6756678
2008-12-30 00:00:00+05:30,55.2071418762207,55.6885986328125,54.75777816772461,55.19109344482422,9907928
2008-12-31 00:00:00+05:30,55.46391677856445,55.52811050415039,54.88616943359375,55.11084747314453,8661363
2009-01-02 00:00:00+05:30,55.36762619018555,56.45893096923828,54.91826629638672,56.00957107543945,11031936
2009-01-05 00:00:00+05:30,56.1700553894043,56.71570587158203,55.014556884765625,55.512062072753906,10863286
2009-01-06 00:00:00+05:30,55.83303451538086,56.55522155761719,55.1429443359375,55.97747039794922,12253689
2009-01-07 00:00:00+05:30,55.52811050415039,56.1700553894043,51.99742126464844,53.95534896850586,19876612
2009-01-09 00:00:00+05:30,53.92325210571289,56.1700553894043,52.639366149902344,54.452857971191406,21393770
2009-01-12 00:00:00+05:30,54.88616943359375,54.88616943359375,52.029518127441406,52.992435455322266,18730495
2009-01-13 00:00:00+05:30,52.992435455322266,55.35157775878906,52.55912399291992,54.14793395996094,23057100
2009-01-14 00:00:00+05:30,55.2071418762207,55.6885986328125,53.84300994873047,54.789878845214844,14489371
2009-01-15 00:00:00+05:30,54.05164337158203,54.50100326538086,52.89614486694336,54.083740234375,10787055
2009-01-16 00:00:00+05:30,54.43680953979492,55.431819915771484,54.42075729370117,55.126895904541016,11873287
2009-01-19 00:00:00+05:30,55.52811050415039,56.121910095214844,54.40471267700195,54.773826599121094,22487094
2009-01-20 00:00:00+05:30,54.244224548339844,55.19109344482422,53.60227966308594,54.773826599121094,11349481
2009-01-21 00:00:00+05:30,54.244224548339844,55.94537353515625,53.939300537109375,54.96641159057617,20322903
2009-01-22 00:00:00+05:30,54.96641159057617,55.431819915771484,54.43680953979492,54.75777816772461,8126656
2009-01-23 00:00:00+05:30,54.75777816772461,55.19109344482422,54.2923698425293,54.69358444213867,8633273
2009-01-27 00:00:00+05:30,55.33552932739258,55.6885986328125,54.46890640258789,54.82197570800781,17311476
2009-01-28 00:00:00+05:30,55.17504119873047,56.747806549072266,54.88616943359375,56.37868881225586,16053300
2009-01-29 00:00:00+05:30,56.651512145996094,57.06877517700195,55.319480895996094,56.314491271972656,23352930
2009-01-30 00:00:00+05:30,56.29844284057617,58.09588623046875,56.00957107543945,57.807010650634766,12607601
2009-02-02 00:00:00+05:30,57.165069580078125,57.74281692504883,56.8120002746582,57.197166442871094,15580598
2009-02-03 00:00:00+05:30,57.132972717285156,59.21928787231445,57.08482360839844,58.06378936767578,13385617
2009-02-04 00:00:00+05:30,57.21321487426758,58.97855758666992,57.21321487426758,58.06378936767578,10395422
2009-02-05 00:00:00+05:30,58.09588623046875,58.94646072387695,57.64652633666992,58.192176818847656,4954080
2009-02-06 00:00:00+05:30,57.807010650634766,59.058799743652344,57.807010650634766,58.59339141845703,5338071
2009-02-09 00:00:00+05:30,58.769927978515625,59.026702880859375,57.67862319946289,58.78597640991211,5389882
2009-02-10 00:00:00+05:30,58.67363357543945,58.6896858215332,57.37369918823242,57.88725280761719,7371259
2009-02-11 00:00:00+05:30,57.51813888549805,58.192176818847656,57.24531173706055,57.839107513427734,4886392
2009-02-12 00:00:00+05:30,57.93539810180664,57.93539810180664,56.924339294433594,57.22926330566406,4666124
2009-02-13 00:00:00+05:30,57.71072006225586,58.01564407348633,56.63546371459961,57.550235748291016,6660249
2009-02-16 00:00:00+05:30,57.181114196777344,58.384761810302734,56.057716369628906,58.1440315246582,12038941
2009-02-17 00:00:00+05:30,58.06378936767578,58.4168586730957,57.5662841796875,57.95145034790039,9131582
2009-02-18 00:00:00+05:30,57.726768493652344,58.641536712646484,57.48603820800781,57.79096221923828,9827889
2009-02-19 00:00:00+05:30,57.79096221923828,58.28846740722656,57.534183502197266,58.111934661865234,10124610
2009-02-20 00:00:00+05:30,57.85515594482422,58.224273681640625,56.97248458862305,57.839107513427734,6588405
2009-02-24 00:00:00+05:30,57.453941345214844,58.24032211303711,57.24531173706055,57.967498779296875,7091075
2009-02-25 00:00:00+05:30,58.17612838745117,58.57734298706055,57.132972717285156,58.384761810302734,13155129
2009-02-26 00:00:00+05:30,58.256370544433594,60.96858215332031,57.88725280761719,59.07484817504883,11561394
2009-02-27 00:00:00+05:30,59.3797721862793,59.70074462890625,57.95145034790039,58.75387954711914,10919450
2009-03-02 00:00:00+05:30,58.12798309326172,58.44895553588867,57.036678314208984,57.43789291381836,7997915
2009-03-03 00:00:00+05:30,57.132972717285156,57.550235748291016,54.75777816772461,55.22319030761719,15849743
2009-03-04 00:00:00+05:30,55.52811050415039,56.1700553894043,55.27133560180664,55.75279235839844,5888147
2009-03-05 00:00:00+05:30,55.60835647583008,56.07376480102539,52.79985046386719,53.61832809448242,26551399
2009-03-06 00:00:00+05:30,52.6875114440918,53.42574691772461,51.59620666503906,52.81590270996094,18469666
2009-03-09 00:00:00+05:30,52.639366149902344,52.79985046386719,50.071590423583984,50.82587432861328,15255221
2009-03-12 00:00:00+05:30,51.419673919677734,53.682525634765625,51.06660461425781,51.949275970458984,19495379
2009-03-13 00:00:00+05:30,51.99742126464844,53.409698486328125,51.99742126464844,53.07267761230469,14753391
2009-03-16 00:00:00+05:30,53.28131103515625,54.85407257080078,52.67146301269531,54.597293853759766,13850745
2009-03-17 00:00:00+05:30,54.597293853759766,56.13795852661133,54.372615814208984,55.65650177001953,10887696
2009-03-18 00:00:00+05:30,55.86513137817383,56.8120002746582,54.13188552856445,54.43680953979492,8524420
2009-03-19 00:00:00+05:30,54.88616943359375,55.44786834716797,53.66647720336914,54.484954833984375,10311770
2009-03-20 00:00:00+05:30,54.244224548339844,54.95036315917969,53.95534896850586,54.30841827392578,8908665
2009-03-23 00:00:00+05:30,54.5651969909668,56.33053970336914,54.5651969909668,55.97747039794922,7726929
2009-03-24 00:00:00+05:30,56.651512145996094,56.651512145996094,55.23923873901367,56.15400695800781,16617063
2009-03-25 00:00:00+05:30,56.1700553894043,58.30451965332031,56.089813232421875,57.05272674560547,19660107
2009-03-26 00:00:00+05:30,56.98853302001953,60.43898010253906,56.98853302001953,59.411869049072266,19424133
2009-03-27 00:00:00+05:30,59.540260314941406,60.599464416503906,57.93539810180664,59.797035217285156,23279270
2009-03-30 00:00:00+05:30,59.34767532348633,60.56736755371094,56.98853302001953,57.40579605102539,15170799
2009-03-31 00:00:00+05:30,57.35765075683594,59.86123275756836,57.24531173706055,59.331626892089844,17052369
2009-04-01 00:00:00+05:30,59.411869049072266,59.66864776611328,57.534183502197266,59.171142578125,15015019
2009-04-02 00:00:00+05:30,59.86123275756836,60.95253372192383,58.78597640991211,59.4760627746582,20428875
2009-04-06 00:00:00+05:30,59.957523345947266,60.631561279296875,57.004581451416016,57.71072006225586,36134152
2009-04-08 00:00:00+05:30,57.40579605102539,61.8994026184082,56.97248458862305,60.936485290527344,30033512
2009-04-09 00:00:00+05:30,61.6265754699707,61.947547912597656,59.62050247192383,60.069862365722656,9622354
2009-04-13 00:00:00+05:30,60.663658142089844,60.9846305847168,59.73284149169922,60.0217170715332,10202172
2009-04-15 00:00:00+05:30,60.342689514160156,61.22536087036133,58.85017013549805,59.42791748046875,23733933
2009-04-16 00:00:00+05:30,59.55630874633789,62.22037124633789,58.94646072387695,61.5302848815918,16358732
2009-04-17 00:00:00+05:30,61.78705978393555,62.23642349243164,60.214298248291016,60.487125396728516,25784593
2009-04-20 00:00:00+05:30,60.95253372192383,61.0809211730957,58.48105239868164,59.28348159790039,15945867
2009-04-21 00:00:00+05:30,58.3526611328125,61.401893615722656,58.30451965332031,60.55131912231445,15484861
2009-04-22 00:00:00+05:30,59.829132080078125,61.562381744384766,59.829132080078125,61.145118713378906,14402083
2009-04-23 00:00:00+05:30,60.9846305847168,61.30560302734375,60.53527069091797,60.9846305847168,6603749
2009-04-24 00:00:00+05:30,61.27350616455078,61.594478607177734,60.19824981689453,61.16116714477539,6564409
2009-04-27 00:00:00+05:30,61.24140930175781,62.34876251220703,60.45502853393555,62.1080322265625,15018141
2009-04-28 00:00:00+05:30,61.8994026184082,61.8994026184082,59.572357177734375,60.19824981689453,10883272
2009-04-29 00:00:00+05:30,60.39083480834961,61.19326400756836,59.52421188354492,60.631561279296875,16843959
2009-04-30 00:00:00+05:30,60.56736755371094,60.56736755371094,60.56736755371094,60.56736755371094,0
2009-05-04 00:00:00+05:30,61.016727447509766,66.6497802734375,60.9846305847168,66.00784301757812,33674138
2009-05-05 00:00:00+05:30,65.79920959472656,65.79920959472656,62.99070358276367,63.48821258544922,19564986
2009-05-06 00:00:00+05:30,63.552406311035156,63.77708435058594,61.00067901611328,61.80310821533203,19443268
2009-05-07 00:00:00+05:30,62.57344055175781,62.83021926879883,60.872291564941406,61.12907028198242,13665093
2009-05-08 00:00:00+05:30,60.9846305847168,61.77101135253906,59.540260314941406,60.47107696533203,12727786
2009-05-11 00:00:00+05:30,60.96858215332031,60.9846305847168,59.4760627746582,60.32664108276367,9315869
2009-05-12 00:00:00+05:30,60.45502853393555,61.738914489746094,60.08591079711914,61.417945861816406,14272807
2009-05-13 00:00:00+05:30,61.417945861816406,62.011741638183594,59.989620208740234,60.35873794555664,10359232
2009-05-14 00:00:00+05:30,59.7488899230957,60.56736755371094,59.443965911865234,59.957523345947266,7454677
2009-05-15 00:00:00+05:30,60.08591079711914,60.82414627075195,59.50816345214844,59.716793060302734,12676131
2009-05-18 00:00:00+05:30,62.22037124633789,71.65694427490234,62.22037124633789,66.36090850830078,474695
2009-05-19 00:00:00+05:30,66.39300537109375,68.33488464355469,60.69575881958008,61.12907028198242,63091418
2009-05-20 00:00:00+05:30,60.9846305847168,61.851253509521484,59.411869049072266,59.84518051147461,24521937
2009-05-21 00:00:00+05:30,60.0217170715332,60.32664108276367,58.09588623046875,58.465003967285156,23642744
2009-05-22 00:00:00+05:30,58.465003967285156,59.21928787231445,57.85515594482422,58.93041229248047,22213048
2009-05-25 00:00:00+05:30,59.187191009521484,61.19326400756836,58.59339141845703,60.92043685913086,24640822
2009-05-26 00:00:00+05:30,61.466087341308594,61.6265754699707,58.57734298706055,59.07484817504883,19967224
2009-05-27 00:00:00+05:30,59.540260314941406,60.18220138549805,57.63047790527344,59.09089660644531,50370956
2009-05-28 00:00:00+05:30,59.86123275756836,60.342689514160156,58.465003967285156,59.026702880859375,38838215
2009-05-29 00:00:00+05:30,59.31557846069336,60.503173828125,58.44895553588867,58.94646072387695,33315732
2009-06-01 00:00:00+05:30,59.3797721862793,62.509246826171875,59.21928787231445,61.75496292114258,41658738
2009-06-02 00:00:00+05:30,62.5894889831543,63.5042610168457,60.56736755371094,61.69076919555664,30455808
2009-06-03 00:00:00+05:30,62.52529525756836,65.60662841796875,62.011741638183594,65.17330932617188,45211773
2009-06-04 00:00:00+05:30,65.15726470947266,67.40406799316406,63.584503173828125,65.02887725830078,38618810
2009-06-05 00:00:00+05:30,65.15726470947266,65.15726470947266,60.84019470214844,61.417945861816406,82110422
2009-06-08 00:00:00+05:30,65.1412124633789,65.1412124633789,57.93539810180664,58.93041229248047,48671448
2009-06-09 00:00:00+05:30,58.36871337890625,61.594478607177734,58.224273681640625,61.24140930175781,26840393
2009-06-10 00:00:00+05:30,61.30560302734375,63.42401885986328,61.30560302734375,62.68578338623047,41824288
2009-06-11 00:00:00+05:30,62.91046142578125,64.13015747070312,61.99569320678711,63.42401885986328,25150344
2009-06-12 00:00:00+05:30,63.809181213378906,65.15726470947266,62.749977111816406,63.11909484863281,23551082
2009-06-15 00:00:00+05:30,62.5894889831543,63.9857177734375,62.396907806396484,63.39191818237305,14022262
2009-06-16 00:00:00+05:30,62.42900466918945,65.06097412109375,62.41295623779297,63.77708435058594,19748158
2009-06-17 00:00:00+05:30,63.552406311035156,64.19435119628906,61.78705978393555,62.204322814941406,15713308
2009-06-18 00:00:00+05:30,62.26852035522461,62.91046142578125,61.64262390136719,62.05988693237305,14642182
2009-06-19 00:00:00+05:30,62.1080322265625,64.54741668701172,62.1080322265625,64.38693237304688,16988261
2009-06-22 00:00:00+05:30,65.70291900634766,65.9596939086914,64.3548355102539,65.2214584350586,22094066
2009-06-23 00:00:00+05:30,64.99678039550781,64.99678039550781,61.91545104980469,63.35982131958008,25689373
2009-06-24 00:00:00+05:30,63.552406311035156,64.64370727539062,62.07593536376953,63.79313278198242,23646741
2009-06-25 00:00:00+05:30,65.38194274902344,65.38194274902344,61.16116714477539,61.99569320678711,41635262
2009-06-26 00:00:00+05:30,62.5894889831543,63.552406311035156,61.417945861816406,63.1351432800293,17257895
2009-06-29 00:00:00+05:30,63.2314338684082,63.5042610168457,61.947547912597656,62.17222595214844,10808054
2009-06-30 00:00:00+05:30,62.42900466918945,62.68578338623047,60.72785568237305,61.22536087036133,14019582
2009-07-01 00:00:00+05:30,61.0809211730957,62.42900466918945,60.663658142089844,61.401893615722656,10652541
2009-07-02 00:00:00+05:30,61.8994026184082,62.1080322265625,60.71180725097656,61.5302848815918,19051729
2009-07-03 00:00:00+05:30,61.30560302734375,61.979644775390625,60.71180725097656,61.5302848815918,16664694
2009-07-06 00:00:00+05:30,61.78705978393555,65.15726470947266,60.08591079711914,63.45611572265625,52707551
2009-07-07 00:00:00+05:30,63.889427185058594,68.9768295288086,63.889427185058594,67.78923034667969,54865196
2009-07-08 00:00:00+05:30,67.5645523071289,68.5274658203125,66.44115447998047,67.22753143310547,21349891
2009-07-09 00:00:00+05:30,64.99678039550781,69.00892639160156,64.99678039550781,68.49536895751953,15467180
2009-07-10 00:00:00+05:30,68.81634521484375,68.9768295288086,66.63373565673828,67.59664916992188,16957112
2009-07-13 00:00:00+05:30,66.66583251953125,69.00892639160156,65.47823333740234,67.67689514160156,17835940
2009-07-14 00:00:00+05:30,68.04601287841797,68.60771179199219,66.7781753540039,68.17440032958984,12596513
2009-07-15 00:00:00+05:30,68.30278778076172,70.16442108154297,67.1954345703125,69.73110961914062,15124636
2009-07-16 00:00:00+05:30,69.90764617919922,71.06314849853516,69.12126922607422,69.7632064819336,10584906
2009-07-17 00:00:00+05:30,70.54959106445312,74.46544647216797,69.29779815673828,73.58277130126953,23229870
2009-07-20 00:00:00+05:30,74.46544647216797,74.78641510009766,71.57669830322266,72.36308288574219,14047616
2009-07-21 00:00:00+05:30,73.26180267333984,73.26180267333984,69.8916015625,70.5014419555664,13383395
2009-07-22 00:00:00+05:30,71.80137634277344,71.94581604003906,69.04102325439453,69.97183990478516,13656267
2009-07-23 00:00:00+05:30,70.62982940673828,74.46544647216797,70.35700988769531,73.74325561523438,26471952
2009-07-24 00:00:00+05:30,74.14447021484375,75.34811401367188,71.68904113769531,74.5296401977539,18116881
2009-07-27 00:00:00+05:30,75.10739135742188,78.31710815429688,73.18155670166016,76.66410064697266,17139611
2009-07-28 00:00:00+05:30,76.39127349853516,78.73436737060547,75.50860595703125,77.35419464111328,22564580
2009-07-29 00:00:00+05:30,76.39127349853516,77.96403503417969,73.21365356445312,76.29498291015625,14912362
2009-07-30 00:00:00+05:30,75.74932861328125,79.23187255859375,74.49754333496094,77.89984130859375,32163126
2009-07-31 00:00:00+05:30,79.53679656982422,81.20584869384766,77.99613189697266,79.98616027832031,22874405
2009-08-03 00:00:00+05:30,81.20584869384766,81.20584869384766,78.71832275390625,79.64913940429688,7244257
2009-08-04 00:00:00+05:30,79.64913940429688,79.92196655273438,77.03321838378906,79.11953735351562,15198795
2009-08-05 00:00:00+05:30,79.44050598144531,79.53679656982422,76.87273406982422,78.23686218261719,12112517
2009-08-06 00:00:00+05:30,77.35419464111328,78.50968933105469,73.83954620361328,75.13948822021484,17266011
2009-08-07 00:00:00+05:30,75.26787567138672,75.73328399658203,72.89268493652344,73.69511413574219,15535205
2009-08-10 00:00:00+05:30,74.44939422607422,74.75431823730469,70.69403076171875,72.010009765625,17893425
2009-08-11 00:00:00+05:30,70.96685028076172,72.76429748535156,70.0360336303711,72.44332122802734,16357047
2009-08-12 00:00:00+05:30,71.57669830322266,74.0642318725586,70.80636596679688,73.13341522216797,12990968
2009-08-13 00:00:00+05:30,73.91979217529297,77.62701416015625,73.87165069580078,76.8245849609375,10912514
2009-08-14 00:00:00+05:30,77.03321838378906,77.35419464111328,74.01608276367188,75.41231536865234,8558915
2009-08-17 00:00:00+05:30,74.78641510009766,75.0752944946289,70.46934509277344,71.43225860595703,14441545
2009-08-18 00:00:00+05:30,71.25572967529297,73.101318359375,70.37305450439453,72.12235260009766,11740946
2009-08-19 00:00:00+05:30,70.87055969238281,72.21864318847656,69.9878921508789,71.52855682373047,18504055
2009-08-20 00:00:00+05:30,72.3791275024414,73.02107238769531,72.21864318847656,72.26679229736328,8327692
2009-08-21 00:00:00+05:30,72.8284912109375,73.82350158691406,70.66192626953125,73.48648071289062,11289731
2009-08-24 00:00:00+05:30,74.30496215820312,77.93193817138672,73.82350158691406,77.01717376708984,14778462
2009-08-25 00:00:00+05:30,76.07030487060547,78.30105590820312,74.99504852294922,77.1937026977539,12676364
2009-08-26 00:00:00+05:30,77.35419464111328,77.35419464111328,75.62094116210938,76.71224975585938,8742791
2009-08-27 00:00:00+05:30,73.91979217529297,77.75540924072266,73.91979217529297,77.0011215209961,15702307
2009-08-28 00:00:00+05:30,77.1937026977539,77.35419464111328,75.10739135742188,75.9419174194336,10431784
2009-08-31 00:00:00+05:30,75.70118713378906,75.90982055664062,73.39019012451172,74.12842559814453,14584616
2009-09-01 00:00:00+05:30,74.78641510009766,75.34811401367188,72.09025573730469,73.87165069580078,13056797
2009-09-02 00:00:00+05:30,73.26180267333984,74.8506088256836,72.53961181640625,73.1976089477539,9354038
2009-09-03 00:00:00+05:30,73.50253295898438,74.01608276367188,71.97791290283203,72.79639434814453,10038409
2009-09-04 00:00:00+05:30,73.18155670166016,75.70118713378906,72.1063003540039,74.86666107177734,10159236
2009-09-07 00:00:00+05:30,76.0382080078125,76.39127349853516,73.21365356445312,74.1605224609375,26175210
2009-09-08 00:00:00+05:30,74.46544647216797,75.42835998535156,73.18155670166016,73.39019012451172,17618924
2009-09-09 00:00:00+05:30,73.18155670166016,73.50253295898438,72.34703063964844,72.86058807373047,46700328
2009-09-10 00:00:00+05:30,73.342041015625,74.36915588378906,72.70010375976562,73.5185775756836,14746269
2009-09-11 00:00:00+05:30,74.17657470703125,74.32100677490234,72.21864318847656,72.89268493652344,18633319
2009-09-14 00:00:00+05:30,71.96186828613281,73.45438385009766,71.38411712646484,71.8655776977539,10662682
2009-09-15 00:00:00+05:30,72.21864318847656,73.95188903808594,71.99396514892578,73.5185775756836,14240449
2009-09-16 00:00:00+05:30,74.46544647216797,74.64198303222656,73.6148681640625,74.1605224609375,17644640
2009-09-17 00:00:00+05:30,74.75431823730469,75.3962631225586,72.87663269042969,73.43833923339844,29308766
2009-09-18 00:00:00+05:30,73.18155670166016,73.50253295898438,72.61985778808594,72.8284912109375,16610172
2009-09-22 00:00:00+05:30,73.18155670166016,75.10739135742188,72.2828369140625,74.89875793457031,15651056
2009-09-23 00:00:00+05:30,75.42835998535156,76.00611114501953,73.43833923339844,73.9839859008789,12882604
2009-09-24 00:00:00+05:30,73.50253295898438,75.74932861328125,73.50253295898438,74.64198303222656,16581892
2009-09-25 00:00:00+05:30,74.433349609375,75.79747772216797,74.36915588378906,75.42835998535156,9050765
2009-09-29 00:00:00+05:30,76.00611114501953,76.39127349853516,74.7061767578125,75.18762969970703,9251381
2009-09-30 00:00:00+05:30,75.10739135742188,75.25182342529297,74.32100677490234,74.8024673461914,16233998
2009-10-01 00:00:00+05:30,74.69012451171875,74.9468994140625,73.82350158691406,74.64198303222656,13084469
2009-10-05 00:00:00+05:30,74.54568481445312,76.96902465820312,73.82350158691406,76.56781005859375,24135139
2009-10-06 00:00:00+05:30,77.03321838378906,79.76148223876953,77.0011215209961,79.45655822753906,24200712
2009-10-07 00:00:00+05:30,80.08245086669922,81.04536437988281,78.34920501708984,78.62203216552734,13719437
2009-10-08 00:00:00+05:30,79.56889343261719,81.38238525390625,78.95905303955078,80.4836654663086,20233048
2009-10-09 00:00:00+05:30,80.78858947753906,80.78858947753906,78.47759246826172,80.1305923461914,6710032
2009-10-12 00:00:00+05:30,81.65521240234375,83.70943450927734,78.7022705078125,82.92304992675781,13752403
2009-10-13 00:00:00+05:30,82.58602905273438,82.58602905273438,82.58602905273438,82.58602905273438,0
2009-10-14 00:00:00+05:30,82.74651336669922,84.03040313720703,82.37739562988281,83.03539276123047,8952124
2009-10-15 00:00:00+05:30,83.45265197753906,83.45265197753906,80.1305923461914,82.29715728759766,12758210
2009-10-16 00:00:00+05:30,82.48973846435547,82.6341781616211,80.24293518066406,81.01326751708984,7931598
2009-10-20 00:00:00+05:30,80.88488006591797,81.52682495117188,79.63308715820312,80.38737487792969,9965285
2009-10-21 00:00:00+05:30,81.04536437988281,81.04536437988281,77.59491729736328,78.22081756591797,8289109
2009-10-22 00:00:00+05:30,78.63807678222656,80.2108383178711,77.93193817138672,79.55284881591797,10850883
2009-10-23 00:00:00+05:30,80.49971771240234,83.77362823486328,80.24293518066406,83.516845703125,24888981
2009-10-26 00:00:00+05:30,84.57605743408203,85.53897094726562,83.34031677246094,84.96121978759766,20406901
2009-10-27 00:00:00+05:30,84.09459686279297,85.18590545654297,82.20086669921875,83.6452407836914,15462214
2009-10-28 00:00:00+05:30,83.38845825195312,84.25508117675781,80.74044036865234,83.16378021240234,16959205
2009-10-29 00:00:00+05:30,81.68730926513672,84.67234802246094,81.41448211669922,83.22797393798828,22535188
2009-10-30 00:00:00+05:30,84.25508117675781,84.49581146240234,81.23794555664062,81.78359985351562,13911567
2009-11-03 00:00:00+05:30,80.99722290039062,83.40451049804688,78.02822875976562,79.77752685546875,13653077
2009-11-04 00:00:00+05:30,79.28002166748047,82.16876983642578,78.23686218261719,81.71940612792969,10790149
2009-11-05 00:00:00+05:30,81.52682495117188,82.13667297363281,78.95905303955078,80.93302917480469,12370989
2009-11-06 00:00:00+05:30,81.20584869384766,81.7675552368164,79.28002166748047,79.87381744384766,8516381
2009-11-09 00:00:00+05:30,81.20584869384766,83.43660736083984,79.90591430664062,83.1477279663086,11256000
2009-11-10 00:00:00+05:30,82.81071472167969,84.09459686279297,81.52682495117188,82.6341781616211,16352728
2009-11-11 00:00:00+05:30,81.86384582519531,83.26007080078125,81.86384582519531,82.44158935546875,13284309
2009-11-12 00:00:00+05:30,82.81071472167969,83.34031677246094,80.64414978027344,81.18980407714844,13097881
2009-11-13 00:00:00+05:30,82.10457611083984,82.40949249267578,80.88488006591797,81.68730926513672,11292875
2009-11-16 00:00:00+05:30,82.0082778930664,83.06748962402344,81.09351348876953,82.04037475585938,11858102
2009-11-17 00:00:00+05:30,82.0082778930664,82.26506042480469,80.9490737915039,81.73545837402344,10167440
2009-11-18 00:00:00+05:30,81.84779357910156,83.29216766357422,81.15770721435547,83.05143737792969,9760787
2009-11-19 00:00:00+05:30,83.13168334960938,83.516845703125,81.87989044189453,82.37739562988281,11147604
2009-11-20 00:00:00+05:30,81.65521240234375,83.77362823486328,79.71333312988281,83.4205551147461,11136029
2009-11-23 00:00:00+05:30,84.03040313720703,86.66236877441406,83.45265197753906,86.27720642089844,23005925
2009-11-24 00:00:00+05:30,86.66236877441406,86.66236877441406,84.39952087402344,84.67234802246094,18020343
2009-11-25 00:00:00+05:30,84.73654174804688,86.50188446044922,84.20693969726562,86.3093032836914,10055448
2009-11-26 00:00:00+05:30,86.66236877441406,86.98334503173828,83.05143737792969,83.86991882324219,19218143
2009-11-27 00:00:00+05:30,82.98724365234375,83.77362823486328,80.91697692871094,82.26506042480469,13791425
2009-11-30 00:00:00+05:30,82.92304992675781,83.98225402832031,81.84779357910156,82.52183532714844,11778485
2009-12-01 00:00:00+05:30,82.81071472167969,83.4205551147461,82.02433013916016,82.8267593383789,12769260
2009-12-02 00:00:00+05:30,83.40451049804688,83.6131362915039,81.84779357910156,82.48973846435547,12378089
2009-12-03 00:00:00+05:30,82.52183532714844,83.3724136352539,81.84779357910156,81.99223327636719,9098641
2009-12-04 00:00:00+05:30,82.0082778930664,83.16378021240234,81.2700424194336,82.39344787597656,7962417
2009-12-07 00:00:00+05:30,82.52183532714844,83.05143737792969,81.59101867675781,81.78359985351562,6095907
2009-12-08 00:00:00+05:30,81.87989044189453,83.3724136352539,81.63916778564453,83.0032958984375,10561069
2009-12-09 00:00:00+05:30,82.81071472167969,83.08353424072266,82.02433013916016,82.34529876708984,8264272
2009-12-10 00:00:00+05:30,82.42554473876953,82.77861022949219,81.20584869384766,81.59101867675781,10935485
2009-12-11 00:00:00+05:30,82.10457611083984,82.10457611083984,80.33922576904297,81.1256103515625,10360868
2009-12-14 00:00:00+05:30,81.36634063720703,81.83174896240234,80.08245086669922,80.46761322021484,7892373
2009-12-15 00:00:00+05:30,80.88488006591797,81.43053436279297,79.92196655273438,80.70834350585938,7288389
2009-12-16 00:00:00+05:30,80.78858947753906,80.83673095703125,79.45655822753906,80.05035400390625,8073152
2009-12-17 00:00:00+05:30,80.4034194946289,80.69229888916016,79.60099029541016,80.00220489501953,9609303
2009-12-18 00:00:00+05:30,80.27503204345703,80.27503204345703,78.95905303955078,79.28002166748047,6242761
2009-12-21 00:00:00+05:30,79.28002166748047,79.36026763916016,78.17266845703125,78.57388305664062,8093512
2009-12-22 00:00:00+05:30,78.86275482177734,79.82567596435547,78.0603256225586,79.03929138183594,12646119
2009-12-23 00:00:00+05:30,79.28002166748047,81.8156967163086,78.47759246826172,81.3984375,16581347
2009-12-24 00:00:00+05:30,81.84779357910156,82.77861022949219,80.80463409423828,82.12062072753906,8946154
2009-12-29 00:00:00+05:30,81.63916778564453,82.6341781616211,81.62311553955078,82.23296356201172,6754915
2009-12-30 00:00:00+05:30,82.10457611083984,82.31320190429688,80.24293518066406,80.46761322021484,7720595
2009-12-31 00:00:00+05:30,80.78858947753906,81.51077270507812,80.19479370117188,80.49971771240234,15924775
2010-01-04 00:00:00+05:30,81.20584869384766,81.84779357910156,80.35527801513672,81.41448211669922,5360425
2010-01-05 00:00:00+05:30,81.78359985351562,82.40949249267578,81.10955810546875,82.21691131591797,11181903
2010-01-06 00:00:00+05:30,83.03539276123047,83.03539276123047,81.3984375,82.40949249267578,7819981
2010-01-07 00:00:00+05:30,82.48973846435547,82.97119903564453,81.43053436279297,82.15271759033203,5179515
2010-01-08 00:00:00+05:30,81.96013641357422,82.97119903564453,81.96013641357422,82.32925415039062,5069346
2010-01-11 00:00:00+05:30,82.65022277832031,83.29216766357422,82.16876983642578,82.3613510131836,7478605
2010-01-12 00:00:00+05:30,82.40949249267578,82.40949249267578,79.95406341552734,80.25898742675781,16111595
2010-01-13 00:00:00+05:30,79.92196655273438,80.80463409423828,79.28002166748047,79.90591430664062,12956554
2010-01-14 00:00:00+05:30,80.4034194946289,80.53181457519531,79.28002166748047,79.64913940429688,12799132
2010-01-15 00:00:00+05:30,80.25898742675781,81.2700424194336,79.31211853027344,81.1256103515625,8141766
2010-01-18 00:00:00+05:30,81.14165496826172,81.62311553955078,80.24293518066406,80.41947174072266,5859587
2010-01-19 00:00:00+05:30,80.69229888916016,80.69229888916016,79.6972885131836,80.2108383178711,6538089
2010-01-20 00:00:00+05:30,80.24293518066406,80.72439575195312,79.03929138183594,79.31211853027344,10834451
2010-01-21 00:00:00+05:30,79.44050598144531,80.29108428955078,77.83564758300781,78.47759246826172,12186636
2010-01-22 00:00:00+05:30,77.99613189697266,81.43053436279297,77.43443298339844,79.95406341552734,48040439
2010-01-25 00:00:00+05:30,80.24293518066406,82.26506042480469,79.45655822753906,81.87989044189453,16412584
2010-01-27 00:00:00+05:30,81.36634063720703,83.1477279663086,81.20584869384766,82.13667297363281,36918972
2010-01-28 00:00:00+05:30,82.39344787597656,82.48973846435547,79.77752685546875,81.60706329345703,20358153
2010-01-29 00:00:00+05:30,81.36634063720703,82.40949249267578,79.95406341552734,80.29108428955078,16373877
2010-02-01 00:00:00+05:30,80.24293518066406,81.06141662597656,78.86275482177734,79.11953735351562,13103879
2010-02-02 00:00:00+05:30,80.25898742675781,80.25898742675781,78.0121841430664,78.44549560546875,11239764
2010-02-03 00:00:00+05:30,78.63807678222656,81.79965209960938,78.1566162109375,81.07746124267578,14423054
2010-02-04 00:00:00+05:30,80.88488006591797,81.7675552368164,80.11454772949219,81.31819152832031,12582297
2010-02-05 00:00:00+05:30,80.88488006591797,81.30213928222656,79.28002166748047,79.71333312988281,19333492
2010-02-08 00:00:00+05:30,79.60099029541016,79.6651840209961,77.25789642333984,78.75041961669922,24311965
2010-02-09 00:00:00+05:30,78.76646423339844,79.21582794189453,77.9158935546875,78.2850112915039,12546702
2010-02-10 00:00:00+05:30,78.54178619384766,78.95905303955078,77.70726013183594,78.2850112915039,8888707
2010-02-11 00:00:00+05:30,78.65412902832031,79.56889343261719,78.57388305664062,79.32817077636719,7220395
2010-02-15 00:00:00+05:30,79.76148223876953,80.24293518066406,78.67017364501953,80.0343017578125,6737602
2010-02-16 00:00:00+05:30,80.4836654663086,80.72439575195312,79.63308715820312,80.29108428955078,6358740
2010-02-17 00:00:00+05:30,80.4034194946289,81.10955810546875,80.06639862060547,80.80463409423828,8192982
2010-02-18 00:00:00+05:30,80.9490737915039,81.1256103515625,79.11953735351562,79.68123626708984,4161740
2010-02-19 00:00:00+05:30,80.01825714111328,80.37132263183594,78.89485168457031,79.76148223876953,6234950
2010-02-22 00:00:00+05:30,80.1626968383789,80.4836654663086,78.99114990234375,79.47260284423828,6770860
2010-02-23 00:00:00+05:30,79.47260284423828,80.22689056396484,78.89485168457031,80.00220489501953,7482652
2010-02-24 00:00:00+05:30,79.71333312988281,80.38737487792969,79.21582794189453,79.48865509033203,8872656
2010-02-25 00:00:00+05:30,79.8898696899414,80.08245086669922,78.86275482177734,79.47260284423828,14862815
2010-02-26 00:00:00+05:30,79.76148223876953,81.01326751708984,73.43833923339844,74.54568481445312,72760964
2010-03-02 00:00:00+05:30,75.46045684814453,78.38130187988281,75.42835998535156,77.65911102294922,30199146
2010-03-03 00:00:00+05:30,77.83564758300781,79.03929138183594,76.50361633300781,78.22081756591797,13554364
2010-03-04 00:00:00+05:30,79.2479248046875,79.28002166748047,77.99613189697266,78.97509765625,13366880
2010-03-05 00:00:00+05:30,79.28002166748047,79.28002166748047,77.99613189697266,78.5578384399414,8612219
2010-03-08 00:00:00+05:30,78.8788070678711,80.86883544921875,78.7985610961914,80.64414978027344,23349746
2010-03-09 00:00:00+05:30,80.80463409423828,81.44657897949219,80.11454772949219,80.5799560546875,9912442
2010-03-10 00:00:00+05:30,81.1256103515625,81.92803955078125,80.35527801513672,81.60706329345703,12422601
2010-03-11 00:00:00+05:30,81.52682495117188,82.77861022949219,80.7564926147461,82.05642700195312,9085827
2010-03-12 00:00:00+05:30,82.48973846435547,83.58103942871094,81.92803955078125,82.95514678955078,17396599
2010-03-15 00:00:00+05:30,82.92304992675781,83.99830627441406,82.92304992675781,83.2440185546875,15948453
2010-03-16 00:00:00+05:30,83.516845703125,83.75757598876953,81.60706329345703,83.38845825195312,7768322
2010-03-17 00:00:00+05:30,83.38845825195312,84.86492919921875,83.01934051513672,84.36742401123047,12604800
2010-03-18 00:00:00+05:30,84.41556549072266,84.96121978759766,83.03539276123047,83.85386657714844,6741717
2010-03-19 00:00:00+05:30,83.6131362915039,84.49581146240234,83.17982482910156,83.86991882324219,8024506
2010-03-22 00:00:00+05:30,83.2440185546875,84.0625,82.60208129882812,83.9662094116211,9252153
2010-03-23 00:00:00+05:30,83.6131362915039,84.31927490234375,82.23296356201172,83.75757598876953,10376629
2010-03-25 00:00:00+05:30,83.7896728515625,85.52291870117188,83.38845825195312,84.9772720336914,17901173
2010-03-26 00:00:00+05:30,84.9772720336914,85.37848663330078,84.12669372558594,84.86492919921875,9222867
2010-03-29 00:00:00+05:30,84.86492919921875,86.98334503173828,84.17484283447266,86.40559387207031,13140910
2010-03-30 00:00:00+05:30,86.43769073486328,87.59319305419922,85.92413330078125,86.29325103759766,8301674
2010-03-31 00:00:00+05:30,86.59817504882812,86.59817504882812,83.9662094116211,84.4316177368164,15634139
2010-04-01 00:00:00+05:30,84.73654174804688,85.65131378173828,84.44766998291016,84.73654174804688,5878233
2010-04-05 00:00:00+05:30,85.92413330078125,86.24510955810547,84.76863861083984,84.99331665039062,7617929
2010-04-06 00:00:00+05:30,84.99331665039062,85.89203643798828,84.44766998291016,85.45872497558594,10047519
2010-04-07 00:00:00+05:30,85.16985321044922,86.66236877441406,84.57605743408203,86.48583984375,9066779
2010-04-08 00:00:00+05:30,86.02043151855469,86.32534790039062,85.4908218383789,85.940185546875,6499145
2010-04-09 00:00:00+05:30,85.95623779296875,86.82286071777344,85.28219604492188,86.42164611816406,8726163
2010-04-12 00:00:00+05:30,86.66236877441406,87.52899169921875,85.81179809570312,87.11173248291016,8168167
2010-04-13 00:00:00+05:30,87.81787109375,87.84996795654297,86.05252838134766,86.2130126953125,5013780
2010-04-15 00:00:00+05:30,86.67842102050781,86.88705444335938,83.85386657714844,84.3353271484375,12346236
2010-04-16 00:00:00+05:30,83.48474884033203,86.61422729492188,83.48474884033203,86.37349700927734,9207720
2010-04-19 00:00:00+05:30,86.02043151855469,87.88206481933594,84.20693969726562,85.00936889648438,8162964
2010-04-20 00:00:00+05:30,85.53897094726562,85.60316467285156,83.77362823486328,84.47976684570312,8651674
2010-04-21 00:00:00+05:30,84.73654174804688,85.04146575927734,83.8859634399414,84.2390365600586,5690644
2010-04-22 00:00:00+05:30,83.93411254882812,85.81179809570312,83.6131362915039,84.81678771972656,13680858
2010-04-23 00:00:00+05:30,84.96121978759766,86.00437927246094,84.12669372558594,85.68341064453125,5186490
2010-04-26 00:00:00+05:30,85.37848663330078,86.95124816894531,85.08960723876953,85.82784271240234,5578976
2010-04-27 00:00:00+05:30,86.02043151855469,86.93519592285156,85.23404693603516,86.51793670654297,6099642
2010-04-28 00:00:00+05:30,85.73155212402344,87.43270111083984,85.33033752441406,86.64632415771484,10957360
2010-04-29 00:00:00+05:30,87.11173248291016,87.11173248291016,85.21800231933594,85.74760437011719,10579532
2010-04-30 00:00:00+05:30,86.02043151855469,86.24510955810547,85.05751037597656,85.33033752441406,7124764
2010-05-03 00:00:00+05:30,83.85386657714844,85.5710678100586,83.85386657714844,85.04146575927734,7284451
2010-05-04 00:00:00+05:30,84.1587905883789,85.37848663330078,83.77362823486328,84.19088745117188,4913472
2010-05-05 00:00:00+05:30,80.24293518066406,84.608154296875,80.24293518066406,84.14274597167969,7189205
2010-05-06 00:00:00+05:30,78.63807678222656,84.25508117675781,78.63807678222656,83.1477279663086,6037948
2010-05-07 00:00:00+05:30,81.52682495117188,83.75757598876953,81.3984375,83.17982482910156,9025535
2010-05-10 00:00:00+05:30,81.8156967163086,84.39952087402344,81.8156967163086,84.03040313720703,15464164
2010-05-11 00:00:00+05:30,82.66627502441406,84.5118637084961,82.66627502441406,83.30821990966797,10322967
2010-05-12 00:00:00+05:30,81.04536437988281,85.34638977050781,81.04536437988281,85.07356262207031,5542428
2010-05-13 00:00:00+05:30,85.69945526123047,86.02043151855469,84.65629577636719,85.53897094726562,6303701
2010-05-14 00:00:00+05:30,84.41556549072266,87.62528991699219,84.41556549072266,86.06857299804688,9249088
2010-05-17 00:00:00+05:30,85.37848663330078,86.3093032836914,85.05751037597656,85.42662811279297,7442215
2010-05-18 00:00:00+05:30,85.07356262207031,86.50188446044922,83.8859634399414,86.22905731201172,4961399
2010-05-19 00:00:00+05:30,86.16486358642578,86.16486358642578,82.81071472167969,83.19587707519531,9277754
2010-05-20 00:00:00+05:30,82.92304992675781,85.16985321044922,82.48973846435547,84.22298431396484,13120774
2010-05-21 00:00:00+05:30,83.45265197753906,88.04254913330078,82.60208129882812,87.07963562011719,37555292
2010-05-24 00:00:00+05:30,88.26722717285156,88.42771911621094,85.23404693603516,86.0364761352539,15539467
2010-05-25 00:00:00+05:30,85.85993957519531,86.7265625,83.03539276123047,83.6131362915039,21936653
2010-05-26 00:00:00+05:30,84.11064910888672,86.64632415771484,83.80572509765625,86.37349700927734,11519453
2010-05-27 00:00:00+05:30,86.50188446044922,89.4227294921875,85.79574584960938,88.55610656738281,30304072
2010-05-28 00:00:00+05:30,89.23014831542969,91.15597534179688,88.55610656738281,90.89920043945312,17505356
2010-05-31 00:00:00+05:30,92.34357452392578,92.34357452392578,89.61531066894531,90.89920043945312,11920469
2010-06-01 00:00:00+05:30,91.60533905029297,91.78186798095703,90.35354614257812,90.83500671386719,9944093
2010-06-02 00:00:00+05:30,91.15597534179688,91.41275024414062,89.63136291503906,90.28935241699219,8426900
2010-06-03 00:00:00+05:30,90.83500671386719,92.07074737548828,90.67451477050781,91.63743591308594,7756919
2010-06-04 00:00:00+05:30,92.71269226074219,93.65955352783203,88.90917205810547,93.35462951660156,9934871
2010-06-07 00:00:00+05:30,91.4769515991211,92.79293060302734,91.4769515991211,92.34357452392578,6850559
2010-06-08 00:00:00+05:30,93.30648803710938,93.91633605957031,91.97445678710938,92.98551177978516,9531197
2010-06-09 00:00:00+05:30,92.24727630615234,92.24727630615234,88.62030029296875,89.10175323486328,12350086
2010-06-10 00:00:00+05:30,89.55111694335938,90.43379211425781,88.33142852783203,89.88813781738281,10974993
2010-06-11 00:00:00+05:30,92.76083374023438,92.76083374023438,90.08071899414062,90.36959838867188,8788829
2010-06-14 00:00:00+05:30,90.73871612548828,92.05469512939453,90.3856430053711,91.83001708984375,8743510
2010-06-15 00:00:00+05:30,91.79792022705078,93.94843292236328,91.50904846191406,93.62745666503906,9739202
2010-06-16 00:00:00+05:30,94.59037780761719,94.59037780761719,92.48800659179688,93.37068176269531,12278071
2010-06-17 00:00:00+05:30,93.40277862548828,95.2965087890625,92.8089828491211,94.3335952758789,13840507
2010-06-18 00:00:00+05:30,94.6866683959961,96.06684112548828,93.94843292236328,94.65457153320312,16190664
2010-06-21 00:00:00+05:30,95.23231506347656,96.2915267944336,93.72374725341797,96.00264739990234,14429164
2010-06-22 00:00:00+05:30,95.64958190917969,97.49517059326172,95.40885162353516,96.86927032470703,9744639
2010-06-23 00:00:00+05:30,96.2915267944336,97.63960266113281,96.05079650878906,97.20629119873047,9639863
2010-06-24 00:00:00+05:30,97.25444030761719,98.82720184326172,96.32362365722656,98.13711547851562,21511927
2010-06-25 00:00:00+05:30,98.10501098632812,98.82720184326172,96.35572052001953,96.7569351196289,8203282
2010-06-28 00:00:00+05:30,96.61249542236328,97.41492462158203,95.32860565185547,95.53723907470703,6701184
2010-06-29 00:00:00+05:30,95.8421630859375,95.97055053710938,94.38174438476562,95.11997985839844,5232444
2010-06-30 00:00:00+05:30,94.04472351074219,98.28154754638672,94.04472351074219,98.04081726074219,14385477
2010-07-01 00:00:00+05:30,97.83219146728516,97.83219146728516,96.37176513671875,97.25444030761719,5311841
2010-07-02 00:00:00+05:30,97.8963851928711,98.20130920410156,96.86927032470703,97.11000061035156,4348862
2010-07-05 00:00:00+05:30,97.06185913085938,97.73589324951172,96.2915267944336,96.98161315917969,4464938
2010-07-06 00:00:00+05:30,96.99766540527344,97.3507308959961,96.64459228515625,97.22234344482422,4711925
2010-07-07 00:00:00+05:30,97.28653717041016,97.39888000488281,96.2915267944336,96.9334716796875,6273097
2010-07-08 00:00:00+05:30,97.57540893554688,98.00872039794922,96.9013671875,97.30258178710938,5808950
2010-07-09 00:00:00+05:30,97.30258178710938,97.83219146728516,96.05079650878906,96.40386199951172,6199019
2010-07-12 00:00:00+05:30,96.9334716796875,96.9334716796875,96.06684112548828,96.27547454833984,7245478
2010-07-13 00:00:00+05:30,96.27547454833984,96.74088287353516,94.782958984375,96.00264739990234,14573332
2010-07-14 00:00:00+05:30,96.33966827392578,96.98161315917969,95.53723907470703,95.81006622314453,14446408
2010-07-15 00:00:00+05:30,95.81006622314453,96.61249542236328,95.72982025146484,96.32362365722656,9523906
2010-07-16 00:00:00+05:30,96.45201110839844,96.46805572509766,95.2002182006836,95.76192474365234,12011490
2010-07-19 00:00:00+05:30,95.45700073242188,96.27547454833984,93.0818099975586,93.51512145996094,10165844
2010-07-20 00:00:00+05:30,93.72374725341797,94.17311096191406,93.11390686035156,93.5472183227539,4467424
2010-07-21 00:00:00+05:30,93.99657440185547,95.00763702392578,93.35462951660156,93.83609008789062,12009764
2010-07-22 00:00:00+05:30,85.50687408447266,95.82611846923828,85.50687408447266,95.55329132080078,22631829
2010-07-23 00:00:00+05:30,96.2915267944336,97.15814971923828,95.72982025146484,96.82112884521484,20404001
2010-07-26 00:00:00+05:30,96.9334716796875,97.31863403320312,96.27547454833984,97.15814971923828,7052804
2010-07-27 00:00:00+05:30,98.53832244873047,98.53832244873047,97.25444030761719,97.65565490722656,5570714
2010-07-28 00:00:00+05:30,98.05686950683594,98.93954467773438,97.31863403320312,98.65066528320312,10538777
2010-07-29 00:00:00+05:30,98.53832244873047,100.11109161376953,98.23340606689453,99.53334045410156,12090285
2010-07-30 00:00:00+05:30,99.4209976196289,100.09503936767578,98.21735382080078,99.10002899169922,11517409
2010-08-02 00:00:00+05:30,99.21236419677734,100.60859680175781,99.18026733398438,100.39996337890625,17304669
2010-08-03 00:00:00+05:30,101.87643432617188,101.87643432617188,98.69881439208984,99.11607360839844,8794249
2010-08-04 00:00:00+05:30,98.85929870605469,100.78512573242188,97.28653717041016,99.6938247680664,8426914
2010-08-05 00:00:00+05:30,99.95059967041016,100.91352081298828,99.08397674560547,100.0147933959961,6197970
2010-08-06 00:00:00+05:30,100.1431884765625,102.7109603881836,100.0147933959961,101.90853118896484,6210199
2010-08-09 00:00:00+05:30,102.06901550292969,102.83934783935547,101.36287689208984,102.03691864013672,4150951
2010-08-10 00:00:00+05:30,102.3578872680664,102.3578872680664,100.04689025878906,100.94561767578125,7385229
2010-08-11 00:00:00+05:30,100.1431884765625,100.78512573242188,99.08397674560547,99.46914672851562,5082620
2010-08-12 00:00:00+05:30,97.8963851928711,100.04689025878906,97.60750579833984,98.18525695800781,7567189
2010-08-13 00:00:00+05:30,98.21735382080078,100.78512573242188,98.18525695800781,100.30367279052734,7498317
2010-08-16 00:00:00+05:30,101.17029571533203,102.06901550292969,100.1431884765625,101.58755493164062,4531110
2010-08-17 00:00:00+05:30,102.06901550292969,102.9035415649414,100.62464141845703,102.42208099365234,8607424
2010-08-18 00:00:00+05:30,103.67387390136719,104.63678741455078,102.10111236572266,104.3158187866211,12790946
2010-08-19 00:00:00+05:30,104.3158187866211,106.75520324707031,104.3158187866211,106.1132583618164,12944720
2010-08-20 00:00:00+05:30,105.98487091064453,106.24164581298828,104.02693939208984,104.44420623779297,9250673
2010-08-23 00:00:00+05:30,103.99484252929688,104.44420623779297,102.13320922851562,102.38998413085938,5929288
2010-08-24 00:00:00+05:30,102.42208099365234,103.54548645019531,101.81224060058594,102.61466979980469,5394611
2010-08-25 00:00:00+05:30,102.64676666259766,103.51338958740234,102.61466979980469,103.03192901611328,6859060
2010-08-26 00:00:00+05:30,103.3529052734375,106.0169677734375,103.3529052734375,105.21453857421875,16908073
2010-08-27 00:00:00+05:30,105.34292602539062,106.14535522460938,102.93563842773438,103.48129272460938,5688905
2010-08-30 00:00:00+05:30,104.63678741455078,104.8614730834961,101.81224060058594,102.2615966796875,4753271
2010-08-31 00:00:00+05:30,102.9035415649414,105.27873229980469,101.748046875,104.73307800292969,13701046
2010-09-01 00:00:00+05:30,105.43921661376953,105.4713134765625,103.866455078125,104.73307800292969,7518077
2010-09-02 00:00:00+05:30,105.15034484863281,106.4663314819336,104.73307800292969,106.20954895019531,7645933
2010-09-03 00:00:00+05:30,106.37003326416016,106.37003326416016,104.21952819824219,105.27873229980469,6326290
2010-09-06 00:00:00+05:30,105.82438659667969,107.39714813232422,105.15034484863281,106.43423461914062,11012640
2010-09-07 00:00:00+05:30,106.5626220703125,107.36505126953125,105.79228973388672,106.69100952148438,8874126
2010-09-08 00:00:00+05:30,106.0169677734375,106.49842834472656,104.79727172851562,105.4713134765625,6253234
2010-09-09 00:00:00+05:30,106.30583953857422,106.30583953857422,103.60968017578125,104.21952819824219,7688316
2010-09-13 00:00:00+05:30,104.8614730834961,105.79228973388672,104.05903625488281,104.76517486572266,6791247
2010-09-14 00:00:00+05:30,104.57259368896484,106.69100952148438,103.866455078125,106.04906463623047,11711636
2010-09-15 00:00:00+05:30,105.50341033935547,107.84650421142578,104.957763671875,107.621826171875,10771458
2010-09-16 00:00:00+05:30,107.20455932617188,108.74523162841797,106.91568756103516,107.46134185791016,7148932
2010-09-17 00:00:00+05:30,107.75021362304688,108.64893341064453,106.78730010986328,108.0711898803711,11818681
2010-09-20 00:00:00+05:30,108.48844909667969,114.26594543457031,107.84650421142578,113.3993148803711,21583472
2010-09-21 00:00:00+05:30,114.16964721679688,115.10047149658203,110.02911376953125,110.83154296875,25146889
2010-09-22 00:00:00+05:30,109.99701690673828,112.85366821289062,109.99701690673828,112.14752960205078,11370544
2010-09-23 00:00:00+05:30,112.30801391601562,114.23384857177734,110.99202728271484,113.30302429199219,9903323
2010-09-24 00:00:00+05:30,114.10545349121094,116.0954818725586,113.43141174316406,115.06837463378906,13830980
2010-09-27 00:00:00+05:30,115.80660247802734,115.93499755859375,113.81658172607422,114.52272033691406,12300652
2010-09-28 00:00:00+05:30,114.84368896484375,115.5498275756836,113.17463684082031,114.52272033691406,11320675
2010-09-29 00:00:00+05:30,114.5869140625,115.7424087524414,111.05622100830078,111.44139099121094,10432234
2010-09-30 00:00:00+05:30,111.56977844238281,115.5498275756836,110.35009002685547,114.45852661132812,25405644
2010-10-01 00:00:00+05:30,114.84368896484375,115.5498275756836,113.17463684082031,114.6832046508789,15970985
2010-10-04 00:00:00+05:30,115.5498275756836,116.70532989501953,112.27591705322266,112.50059509277344,13464843
2010-10-05 00:00:00+05:30,112.9820556640625,113.55980682373047,111.377197265625,111.56977844238281,12964792
2010-10-06 00:00:00+05:30,113.0783462524414,113.59190368652344,109.64395141601562,110.99202728271484,11205629
2010-10-07 00:00:00+05:30,111.56977844238281,111.95494842529297,109.90072631835938,110.35009002685547,12242678
2010-10-08 00:00:00+05:30,110.4142837524414,111.2809066772461,108.87361907958984,110.70315551757812,11726122
2010-10-11 00:00:00+05:30,111.60187530517578,111.98704528808594,109.99701690673828,111.02412414550781,7760158
2010-10-12 00:00:00+05:30,110.35009002685547,110.9278335571289,108.5847396850586,109.74024200439453,7979219
2010-10-13 00:00:00+05:30,111.05622100830078,112.8857650756836,109.45136260986328,112.40430450439453,16678852
2010-10-14 00:00:00+05:30,113.43141174316406,113.5277099609375,111.60187530517578,112.37220764160156,7337514
2010-10-15 00:00:00+05:30,112.9820556640625,112.9820556640625,109.99701690673828,110.38218688964844,6966419
2010-10-18 00:00:00+05:30,110.4142837524414,110.95993041992188,107.26876068115234,110.12540435791016,13264840
2010-10-19 00:00:00+05:30,110.22169494628906,111.21671295166016,108.55264282226562,109.45136260986328,9207062
2010-10-20 00:00:00+05:30,108.64893341064453,109.96492004394531,107.5255355834961,107.84650421142578,9009852
2010-10-21 00:00:00+05:30,109.03410339355469,112.3401107788086,107.39714813232422,111.9228515625,6912044
2010-10-22 00:00:00+05:30,111.76235961914062,112.0191421508789,109.25878143310547,109.90072631835938,5239099
2010-10-25 00:00:00+05:30,111.21671295166016,111.31300354003906,108.23167419433594,108.5847396850586,10673333
2010-10-26 00:00:00+05:30,109.35507202148438,111.2809066772461,108.55264282226562,110.25379180908203,9529788
2010-10-27 00:00:00+05:30,110.25379180908203,110.35009002685547,107.33295440673828,107.75021362304688,7747689
2010-10-28 00:00:00+05:30,108.5847396850586,110.22169494628906,105.9206771850586,107.23666381835938,35990175
2010-10-29 00:00:00+05:30,108.55264282226562,110.35009002685547,106.37003326416016,109.90072631835938,28656595
2010-11-01 00:00:00+05:30,110.7352523803711,111.377197265625,109.6760482788086,110.31798553466797,13294570
2010-11-02 00:00:00+05:30,110.54267120361328,111.69816589355469,109.7723388671875,111.31300354003906,7211732
2010-11-03 00:00:00+05:30,111.69816589355469,113.68819427490234,111.69816589355469,112.69317626953125,14971915
2010-11-04 00:00:00+05:30,113.84867858886719,113.9449691772461,112.37220764160156,113.6240005493164,9156757
2010-11-08 00:00:00+05:30,115.16466522216797,115.16466522216797,112.08333587646484,112.75737762451172,7222216
2010-11-09 00:00:00+05:30,112.9820556640625,114.55481719970703,111.76235961914062,114.1375503540039,7098802
2010-11-10 00:00:00+05:30,113.9449691772461,114.52272033691406,113.23883056640625,113.6240005493164,5664375
2010-11-11 00:00:00+05:30,113.9449691772461,114.26594543457031,112.11543273925781,112.56478881835938,3898274
2010-11-12 00:00:00+05:30,112.91786193847656,113.6240005493164,110.67105865478516,111.60187530517578,6458143
2010-11-15 00:00:00+05:30,111.31300354003906,112.66107940673828,109.93282318115234,112.4364013671875,4130122
2010-11-16 00:00:00+05:30,112.94995880126953,113.27092742919922,108.19957733154297,109.09829711914062,8935926
2010-11-18 00:00:00+05:30,112.82157135009766,112.82157135009766,108.16748046875,110.38218688964844,12819779
2010-11-19 00:00:00+05:30,110.57476806640625,111.05622100830078,108.87361907958984,109.74024200439453,9174143
2010-11-22 00:00:00+05:30,109.93282318115234,113.23883056640625,109.38716888427734,112.91786193847656,12720290
2010-11-23 00:00:00+05:30,112.50059509277344,112.9820556640625,108.84152221679688,110.7352523803711,13278210
2010-11-24 00:00:00+05:30,111.66606903076172,111.85865020751953,110.22169494628906,111.50558471679688,9553150
2010-11-25 00:00:00+05:30,110.79944610595703,111.34510040283203,107.91069793701172,108.93781280517578,13986371
2010-11-26 00:00:00+05:30,109.29087829589844,109.64395141601562,106.59471893310547,107.621826171875,15326943
2010-11-29 00:00:00+05:30,107.84650421142578,108.96990966796875,105.27873229980469,108.23167419433594,19840663
2010-11-30 00:00:00+05:30,107.55763244628906,111.05622100830078,106.5626220703125,110.35009002685547,20598087
2010-12-01 00:00:00+05:30,110.7352523803711,110.7352523803711,109.03410339355469,110.02911376953125,7362621
2010-12-02 00:00:00+05:30,110.51057434082031,110.99202728271484,108.96990966796875,109.70814514160156,13215247
2010-12-03 00:00:00+05:30,107.5255355834961,110.4142837524414,105.9206771850586,109.96492004394531,14733863
2010-12-06 00:00:00+05:30,109.7723388671875,109.7723388671875,108.16748046875,108.52054595947266,6227657
2010-12-07 00:00:00+05:30,108.23167419433594,108.93781280517578,106.75520324707031,107.97489929199219,10365083
2010-12-08 00:00:00+05:30,107.84650421142578,109.1303939819336,106.72310638427734,107.04407501220703,10133899
2010-12-09 00:00:00+05:30,107.49343872070312,108.16748046875,106.43423461914062,107.39714813232422,11515310
2010-12-10 00:00:00+05:30,107.78231048583984,109.70814514160156,107.20455932617188,109.3229751586914,6514207
2010-12-13 00:00:00+05:30,109.61185455322266,109.7723388671875,106.24164581298828,107.30085754394531,9341526
2010-12-14 00:00:00+05:30,107.84650421142578,108.87361907958984,107.26876068115234,108.10328674316406,7451001
2010-12-15 00:00:00+05:30,107.01197814941406,108.36006164550781,106.88359069824219,107.20455932617188,8262111
2010-12-16 00:00:00+05:30,108.13538360595703,108.13538360595703,105.3750228881836,107.87860107421875,7415348
2010-12-20 00:00:00+05:30,108.00699615478516,108.00699615478516,106.30583953857422,107.1724624633789,6081586
2010-12-21 00:00:00+05:30,107.20455932617188,107.5255355834961,106.43423461914062,107.30085754394531,5341311
2010-12-22 00:00:00+05:30,108.29586791992188,108.29586791992188,106.69100952148438,107.46134185791016,5351664
2010-12-23 00:00:00+05:30,108.10328674316406,108.10328674316406,106.6589126586914,107.14036560058594,4546671
2010-12-24 00:00:00+05:30,106.37003326416016,109.38716888427734,106.37003326416016,109.06620025634766,7730476
2010-12-27 00:00:00+05:30,108.96990966796875,109.93282318115234,108.52054595947266,108.96990966796875,7191894
2010-12-28 00:00:00+05:30,108.96990966796875,110.285888671875,108.96990966796875,109.90072631835938,4480908
2010-12-29 00:00:00+05:30,109.90072631835938,112.08333587646484,109.8686294555664,111.82655334472656,10604328
2010-12-30 00:00:00+05:30,111.24880981445312,113.20673370361328,110.83154296875,112.05123901367188,30631781
2010-12-31 00:00:00+05:30,111.60187530517578,112.94995880126953,111.4734878540039,112.11543273925781,10811646
2011-01-03 00:00:00+05:30,112.94995880126953,112.94995880126953,111.63397216796875,112.21172332763672,3626643
2011-01-04 00:00:00+05:30,112.3401107788086,114.33013916015625,112.3401107788086,113.9449691772461,15515290
2011-01-05 00:00:00+05:30,113.88077545166016,115.67821502685547,112.85366821289062,115.42144012451172,13282927
2011-01-06 00:00:00+05:30,115.77450561523438,116.1917724609375,112.8857650756836,114.84368896484375,9249773
2011-01-07 00:00:00+05:30,114.29804229736328,115.5498275756836,109.51555633544922,110.7352523803711,11220398
2011-01-10 00:00:00+05:30,110.54267120361328,110.67105865478516,108.19957733154297,109.51555633544922,12882258
2011-01-11 00:00:00+05:30,109.25878143310547,111.69816589355469,107.87860107421875,109.19458770751953,12352577
2011-01-12 00:00:00+05:30,110.51057434082031,111.95494842529297,108.23167419433594,111.53768157958984,7969911
2011-01-13 00:00:00+05:30,111.08832550048828,112.14752960205078,110.02911376953125,111.15251922607422,11749615
2011-01-14 00:00:00+05:30,110.79944610595703,113.72029113769531,108.55264282226562,109.48345947265625,9335385
2011-01-17 00:00:00+05:30,109.19458770751953,112.27591705322266,107.621826171875,110.38218688964844,14720842
2011-01-18 00:00:00+05:30,110.67105865478516,113.46351623535156,110.47847747802734,113.0783462524414,9981557
2011-01-19 00:00:00+05:30,113.30302429199219,114.45852661132812,111.44139099121094,112.62898254394531,14638420
2011-01-20 00:00:00+05:30,111.9228515625,112.91786193847656,109.54765319824219,110.1895980834961,11439355
2011-01-21 00:00:00+05:30,109.90072631835938,110.76734924316406,108.10328674316406,108.42425537109375,14043935
2011-01-24 00:00:00+05:30,109.09829711914062,109.41926574707031,107.84650421142578,108.55264282226562,7981984
2011-01-25 00:00:00+05:30,108.61683654785156,109.35507202148438,107.5255355834961,107.84650421142578,8127103
2011-01-27 00:00:00+05:30,108.39215850830078,108.96990966796875,107.20455932617188,107.7181167602539,12167669
2011-01-28 00:00:00+05:30,108.39215850830078,109.29087829589844,106.30583953857422,107.94279479980469,16626927
2011-01-31 00:00:00+05:30,107.26876068115234,107.78231048583984,103.32080841064453,104.38001251220703,17666018
2011-02-01 00:00:00+05:30,105.0540542602539,105.15034484863281,100.27157592773438,102.45418548583984,22064293
2011-02-02 00:00:00+05:30,103.19241333007812,103.80226135253906,101.42707061767578,102.06901550292969,10007510
2011-02-03 00:00:00+05:30,101.68384552001953,103.48129272460938,101.17029571533203,102.3578872680664,7359518
2011-02-04 00:00:00+05:30,102.45418548583984,103.19241333007812,97.38282775878906,98.21735382080078,15192150
2011-02-07 00:00:00+05:30,100.0147933959961,101.90853118896484,98.4099349975586,100.84931945800781,15231572
2011-02-08 00:00:00+05:30,101.1061019897461,101.58755493164062,100.1431884765625,100.20738220214844,9708907
2011-02-09 00:00:00+05:30,100.1431884765625,100.46415710449219,98.05686950683594,98.79510498046875,13163699
2011-02-10 00:00:00+05:30,98.98768615722656,102.03691864013672,98.98768615722656,100.2394790649414,11136363
2011-02-11 00:00:00+05:30,100.68883514404297,100.84931945800781,98.85929870605469,99.56543731689453,8987671
2011-02-14 00:00:00+05:30,99.30865478515625,102.58257293701172,99.30865478515625,101.1061019897461,10395846
2011-02-15 00:00:00+05:30,101.8443374633789,101.87643432617188,99.24446105957031,100.84931945800781,6781995
2011-02-16 00:00:00+05:30,100.27157592773438,101.97272491455078,100.27157592773438,100.72093200683594,5694368
2011-02-17 00:00:00+05:30,101.1061019897461,102.00482177734375,99.40495300292969,101.71595001220703,10746984
2011-02-18 00:00:00+05:30,101.65174865722656,102.8072509765625,99.5012435913086,99.98269653320312,7417039
2011-02-21 00:00:00+05:30,99.98269653320312,101.97272491455078,99.24446105957031,101.55545806884766,4054155
2011-02-22 00:00:00+05:30,101.36287689208984,101.36287689208984,99.82221221923828,100.59254455566406,7103640
2011-02-23 00:00:00+05:30,100.78512573242188,101.1061019897461,99.56543731689453,99.88640594482422,5445702
2011-02-24 00:00:00+05:30,99.08397674560547,100.27157592773438,95.64958190917969,96.70878601074219,27750070
2011-02-25 00:00:00+05:30,98.02477264404297,100.72093200683594,97.25444030761719,100.33576965332031,14203052
2011-02-28 00:00:00+05:30,100.17528533935547,109.1303939819336,99.11607360839844,108.48844909667969,47244453
2011-03-01 00:00:00+05:30,109.64395141601562,111.69816589355469,109.51555633544922,111.44139099121094,22800519
2011-03-03 00:00:00+05:30,110.4142837524414,112.9820556640625,109.90072631835938,111.40929412841797,20746777
2011-03-04 00:00:00+05:30,112.05123901367188,112.21172332763672,110.4142837524414,110.67105865478516,12900736
2011-03-07 00:00:00+05:30,109.93282318115234,111.56977844238281,107.87860107421875,110.83154296875,10485888
2011-03-08 00:00:00+05:30,111.50558471679688,111.63397216796875,109.8686294555664,110.38218688964844,8899845
2011-03-09 00:00:00+05:30,110.67105865478516,111.15251922607422,109.51555633544922,110.25379180908203,6567682
2011-03-10 00:00:00+05:30,110.06121063232422,110.38218688964844,108.6810302734375,109.96492004394531,6895974
2011-03-11 00:00:00+05:30,109.61185455322266,111.05622100830078,108.84152221679688,109.99701690673828,6205367
2011-03-14 00:00:00+05:30,110.25379180908203,111.63397216796875,109.45136260986328,111.34510040283203,7009296
2011-03-15 00:00:00+05:30,109.80443572998047,110.9278335571289,107.65392303466797,109.19458770751953,10808353
2011-03-16 00:00:00+05:30,109.54765319824219,110.63896179199219,109.54765319824219,109.90072631835938,5133652
2011-03-17 00:00:00+05:30,108.8094253540039,109.70814514160156,107.39714813232422,107.87860107421875,12164681
2011-03-18 00:00:00+05:30,108.87361907958984,109.03410339355469,106.30583953857422,107.81440734863281,10091022
2011-03-21 00:00:00+05:30,108.2637710571289,109.06620025634766,107.5255355834961,107.78231048583984,6383842
2011-03-22 00:00:00+05:30,108.23167419433594,109.70814514160156,107.5255355834961,109.16249084472656,6384781
2011-03-23 00:00:00+05:30,109.1303939819336,110.70315551757812,108.5847396850586,110.38218688964844,8869319
2011-03-24 00:00:00+05:30,111.05622100830078,111.44139099121094,110.35009002685547,111.05622100830078,8446062
2011-03-25 00:00:00+05:30,112.3401107788086,114.26594543457031,111.377197265625,113.91287231445312,18236737
2011-03-28 00:00:00+05:30,113.30302429199219,115.29305267333984,113.20673370361328,114.71530151367188,13644034
2011-03-29 00:00:00+05:30,115.2288589477539,115.5498275756836,114.36223602294922,115.06837463378906,13052943
2011-03-30 00:00:00+05:30,115.48563385009766,116.41645050048828,113.46351623535156,114.00916290283203,16576860
2011-03-31 00:00:00+05:30,114.42642974853516,118.11759948730469,114.42642974853516,116.89791107177734,34287153
2011-04-01 00:00:00+05:30,116.86581420898438,118.72744750976562,116.44854736328125,117.1546859741211,17237453
2011-04-04 00:00:00+05:30,117.76453399658203,118.7595443725586,117.34727478027344,118.66325378417969,10046278
2011-04-05 00:00:00+05:30,118.59906005859375,119.20890808105469,117.63614654541016,118.2459945678711,8494992
2011-04-06 00:00:00+05:30,117.7003402709961,118.53486633300781,116.06338500976562,117.44356536865234,5652254
2011-04-07 00:00:00+05:30,117.47566223144531,117.796630859375,116.41645050048828,117.18678283691406,5833985
2011-04-08 00:00:00+05:30,117.41146850585938,119.08052062988281,116.7374267578125,117.95711517333984,10750678
2011-04-11 00:00:00+05:30,118.18179321289062,120.68537902832031,117.8929214477539,118.7595443725586,12839034
2011-04-13 00:00:00+05:30,118.7595443725586,122.80378723144531,117.95711517333984,122.03345489501953,16323196
2011-04-15 00:00:00+05:30,122.03345489501953,123.67041778564453,121.1026382446289,122.93218231201172,17295850
2011-04-18 00:00:00+05:30,123.02847290039062,125.01849365234375,120.3644027709961,122.09765625,13636567
2011-04-19 00:00:00+05:30,121.32731628417969,122.6112060546875,119.97924041748047,120.3644027709961,12441323
2011-04-20 00:00:00+05:30,121.16683197021484,122.80378723144531,120.3644027709961,122.35443115234375,8847032
2011-04-21 00:00:00+05:30,123.86299896240234,123.86299896240234,121.6482925415039,122.0655517578125,14779121
2011-04-25 00:00:00+05:30,121.9692611694336,123.7025146484375,121.80877685546875,122.12975311279297,4450159
2011-04-26 00:00:00+05:30,122.32233428955078,123.50992584228516,118.82373809814453,123.02847290039062,12153818
2011-04-27 00:00:00+05:30,123.2531509399414,124.53704071044922,122.77169036865234,124.3123550415039,8601046
2011-04-28 00:00:00+05:30,124.72962188720703,125.05059051513672,122.64330291748047,123.1568603515625,12532263
2011-04-29 00:00:00+05:30,122.1939468383789,125.05059051513672,122.1939468383789,123.47782897949219,16105093
2011-05-02 00:00:00+05:30,123.89509582519531,124.53704071044922,122.29023742675781,122.7074966430664,8065669
2011-05-03 00:00:00+05:30,122.29023742675781,122.6112060546875,119.17681121826172,119.9471435546875,8023821
2011-05-04 00:00:00+05:30,120.55699157714844,120.87796020507812,117.796630859375,119.91504669189453,8538615
2011-05-05 00:00:00+05:30,120.0434341430664,120.30020904541016,116.60903930664062,117.1546859741211,9432060
2011-05-06 00:00:00+05:30,117.47566223144531,118.11759948730469,113.97706604003906,117.86082458496094,10931782
2011-05-09 00:00:00+05:30,118.08550262451172,119.91504669189453,116.89791107177734,118.40647888183594,8725758
2011-05-10 00:00:00+05:30,118.7595443725586,121.00634765625,118.34228515625,119.14471435546875,6380810
2011-05-11 00:00:00+05:30,119.14471435546875,119.88294982910156,118.37438201904297,119.62616729736328,3290766
2011-05-12 00:00:00+05:30,118.9842300415039,120.52489471435547,117.73243713378906,117.98921203613281,4345064
2011-05-13 00:00:00+05:30,117.95711517333984,123.18895721435547,117.12258911132812,121.32731628417969,11010640
2011-05-16 00:00:00+05:30,121.9692611694336,122.41862487792969,119.11261749267578,119.46568298339844,11990485
2011-05-17 00:00:00+05:30,119.72246551513672,121.9692611694336,119.20890808105469,120.5890884399414,9070965
2011-05-18 00:00:00+05:30,120.55699157714844,122.35443115234375,120.55699157714844,121.29521942138672,7038158
2011-05-19 00:00:00+05:30,122.03345489501953,123.12476348876953,120.78166961669922,121.35942077636719,12285576
2011-05-20 00:00:00+05:30,122.25814056396484,122.93218231201172,117.95711517333984,119.75456237792969,40828503
2011-05-23 00:00:00+05:30,120.01133728027344,122.41862487792969,119.52987670898438,122.09765625,14242843
2011-05-24 00:00:00+05:30,122.38652801513672,122.54701232910156,119.52987670898438,120.01133728027344,9276000
2011-05-25 00:00:00+05:30,119.81875610351562,121.80877685546875,118.9842300415039,121.39151763916016,10032708
2011-05-26 00:00:00+05:30,121.32731628417969,121.32731628417969,119.4014892578125,120.0434341430664,15404710
2011-05-27 00:00:00+05:30,120.3644027709961,121.84087371826172,120.26811218261719,121.29521942138672,9491569
2011-05-30 00:00:00+05:30,121.29521942138672,121.71248626708984,119.62616729736328,120.42859649658203,9268448
2011-05-31 00:00:00+05:30,120.68537902832031,124.44074249267578,120.68537902832031,124.1197738647461,14193909
2011-06-01 00:00:00+05:30,125.1789779663086,125.1789779663086,123.5741195678711,124.44074249267578,8695801
2011-06-02 00:00:00+05:30,123.73461151123047,127.04061889648438,123.50992584228516,125.37156677246094,11005387
2011-06-03 00:00:00+05:30,125.37156677246094,126.43077087402344,123.89509582519531,124.18396759033203,5997657
2011-06-06 00:00:00+05:30,124.216064453125,124.8580093383789,122.77169036865234,123.76670837402344,4561940
2011-06-07 00:00:00+05:30,123.2531509399414,124.79381561279297,122.93218231201172,124.24816131591797,3297481
2011-06-08 00:00:00+05:30,124.216064453125,126.04560852050781,123.89509582519531,125.14688110351562,9425114
2011-06-09 00:00:00+05:30,124.8580093383789,125.66043853759766,124.05558013916016,125.1789779663086,6105928
2011-06-10 00:00:00+05:30,122.93218231201172,124.08767700195312,122.29023742675781,123.02847290039062,13786112
2011-06-13 00:00:00+05:30,122.80378723144531,123.47782897949219,121.93716430664062,122.54701232910156,6341070
2011-06-14 00:00:00+05:30,122.54701232910156,124.79381561279297,122.54701232910156,124.44074249267578,6412383
2011-06-15 00:00:00+05:30,124.50494384765625,125.27527618408203,123.92719268798828,124.63333129882812,8429484
2011-06-16 00:00:00+05:30,124.8580093383789,125.37156677246094,123.89509582519531,124.53704071044922,6944555
2011-06-17 00:00:00+05:30,124.60123443603516,125.69253540039062,122.80378723144531,123.09266662597656,7661272
2011-06-20 00:00:00+05:30,123.83090209960938,123.83090209960938,118.31018829345703,119.69036102294922,12697471
2011-06-21 00:00:00+05:30,120.3644027709961,121.26312255859375,118.27809143066406,118.66325378417969,7068838
2011-06-22 00:00:00+05:30,119.01632690429688,119.88294982910156,116.8337173461914,118.88793182373047,9254244
2011-06-23 00:00:00+05:30,119.14471435546875,123.09266662597656,118.34228515625,122.90008544921875,12017439
2011-06-24 00:00:00+05:30,123.09266662597656,126.14189910888672,123.09266662597656,125.24317932128906,17325256
2011-06-27 00:00:00+05:30,123.95928955078125,125.69253540039062,123.5741195678711,124.28025817871094,9758285
2011-06-28 00:00:00+05:30,124.6654281616211,124.82591247558594,122.29023742675781,124.44074249267578,6935666
2011-06-29 00:00:00+05:30,124.69752502441406,128.35659790039062,124.69752502441406,128.09982299804688,11955119
2011-06-30 00:00:00+05:30,128.1640167236328,130.9564666748047,128.09982299804688,130.2824249267578,18125769
2011-07-01 00:00:00+05:30,132.5613250732422,132.5613250732422,128.45289611816406,129.3837127685547,11260319
2011-07-04 00:00:00+05:30,130.37872314453125,131.02066040039062,127.26529693603516,127.58626556396484,9233826
2011-07-05 00:00:00+05:30,128.2924041748047,128.2924041748047,125.33946990966797,125.59624481201172,12981545
2011-07-06 00:00:00+05:30,125.49995422363281,126.88013458251953,124.72962188720703,126.2702865600586,9384751
2011-07-07 00:00:00+05:30,126.52706146240234,130.92437744140625,126.52706146240234,130.57130432128906,12462347
2011-07-08 00:00:00+05:30,130.79598999023438,131.66261291503906,128.1640167236328,128.7417755126953,10108518
2011-07-11 00:00:00+05:30,128.93435668945312,130.8280792236328,128.7096710205078,130.05775451660156,7224177
2011-07-12 00:00:00+05:30,129.3516082763672,131.59841918945312,128.54917907714844,129.44790649414062,8504997
2011-07-13 00:00:00+05:30,129.6083984375,131.59841918945312,129.6083984375,130.9564666748047,10188672
2011-07-14 00:00:00+05:30,130.92437744140625,131.59841918945312,128.61337280273438,130.3145294189453,13221520
2011-07-15 00:00:00+05:30,130.02565002441406,130.69969177246094,129.062744140625,129.51210021972656,4386172
2011-07-18 00:00:00+05:30,129.99356079101562,130.25033569335938,128.80596923828125,129.44790649414062,3051929
2011-07-19 00:00:00+05:30,129.99356079101562,131.56631469726562,129.41580200195312,131.02066040039062,6368122
2011-07-20 00:00:00+05:30,130.9564666748047,133.1069793701172,130.635498046875,132.0798797607422,13100660
2011-07-21 00:00:00+05:30,131.27745056152344,133.39585876464844,131.27745056152344,132.94650268554688,7684046
2011-07-22 00:00:00+05:30,133.84521484375,134.29458618164062,132.62551879882812,133.1390838623047,14268626
2011-07-25 00:00:00+05:30,132.88230895996094,133.07489013671875,130.41082763671875,131.85519409179688,14506214
2011-07-26 00:00:00+05:30,131.59841918945312,132.65762329101562,128.1640167236328,128.96644592285156,9847975
2011-07-27 00:00:00+05:30,129.83306884765625,129.96145629882812,127.45787811279297,128.96644592285156,8028153
2011-07-28 00:00:00+05:30,127.3294906616211,132.88230895996094,127.3294906616211,132.40084838867188,25345835
2011-07-29 00:00:00+05:30,131.9193878173828,135.61056518554688,131.75889587402344,133.74893188476562,20700499
2011-08-01 00:00:00+05:30,134.80813598632812,135.61056518554688,133.58843994140625,134.10198974609375,11066540
2011-08-02 00:00:00+05:30,133.3316650390625,133.74893188476562,130.21823120117188,131.43792724609375,11909875
2011-08-03 00:00:00+05:30,130.53921508789062,133.6526336669922,130.08984375,132.7860107421875,10371529
2011-08-04 00:00:00+05:30,131.5342254638672,132.72181701660156,127.8751449584961,128.35659790039062,16359693
2011-08-05 00:00:00+05:30,125.1789779663086,127.10481262207031,122.29023742675781,126.07770538330078,20912644
2011-08-08 00:00:00+05:30,124.47284698486328,126.97642517089844,121.74458312988281,125.1789779663086,14023833
2011-08-09 00:00:00+05:30,122.12975311279297,129.73678588867188,122.03345489501953,128.22821044921875,29913291
2011-08-10 00:00:00+05:30,129.67259216308594,130.21823120117188,125.8209228515625,126.52706146240234,14448305
2011-08-11 00:00:00+05:30,125.8209228515625,128.38870239257812,125.53205108642578,127.58626556396484,9914506
2011-08-12 00:00:00+05:30,128.1961212158203,128.99855041503906,125.49995422363281,127.10481262207031,12794023
2011-08-16 00:00:00+05:30,129.19113159179688,129.64048767089844,127.10481262207031,128.7096710205078,10122778
2011-08-17 00:00:00+05:30,128.38870239257812,131.59841918945312,128.06773376464844,131.11695861816406,15102609
2011-08-18 00:00:00+05:30,131.27745056152344,132.2403564453125,130.15403747558594,130.8601837158203,11169168
2011-08-19 00:00:00+05:30,129.67259216308594,131.43792724609375,127.20110321044922,127.8751449584961,20216358
2011-08-22 00:00:00+05:30,127.29739379882812,130.18614196777344,126.17399597167969,129.67259216308594,9506504
2011-08-23 00:00:00+05:30,129.67259216308594,131.08486938476562,127.74675750732422,130.4429168701172,18510403
2011-08-24 00:00:00+05:30,130.21823120117188,131.14906311035156,127.93933868408203,129.64048767089844,7755679
2011-08-25 00:00:00+05:30,129.7688751220703,130.8280792236328,129.0306396484375,129.8972625732422,13408664
2011-08-26 00:00:00+05:30,130.25033569335938,130.4429168701172,125.01849365234375,126.3665771484375,9677334
2011-08-29 00:00:00+05:30,127.10481262207031,130.3145294189453,125.1789779663086,129.64048767089844,12326631
2011-08-30 00:00:00+05:30,130.9564666748047,130.9564666748047,127.74675750732422,128.38870239257812,10894354
2011-09-02 00:00:00+05:30,132.2403564453125,132.5613250732422,126.23818969726562,130.4750213623047,20054366
2011-09-05 00:00:00+05:30,130.3145294189453,130.8601837158203,128.51708984375,130.15403747558594,12671767
2011-09-06 00:00:00+05:30,129.67259216308594,130.53921508789062,128.58128356933594,130.18614196777344,12626665
2011-09-07 00:00:00+05:30,130.3145294189453,130.6676025390625,128.06773376464844,128.42079162597656,11195457
2011-09-08 00:00:00+05:30,128.61337280273438,129.3837127685547,127.16900634765625,127.84304809570312,7317151
2011-09-09 00:00:00+05:30,128.1961212158203,128.8701629638672,126.14189910888672,126.88013458251953,12545711
2011-09-12 00:00:00+05:30,125.94931030273438,127.26529693603516,124.98639678955078,125.94931030273438,7922225
2011-09-13 00:00:00+05:30,126.23818969726562,128.03562927246094,125.62834167480469,126.49496459960938,8143358
2011-09-14 00:00:00+05:30,126.71964263916016,128.38870239257812,124.60123443603516,128.03562927246094,8209582
2011-09-15 00:00:00+05:30,129.5762939453125,129.5762939453125,125.85301971435547,128.0035400390625,8104431
2011-09-16 00:00:00+05:30,128.38870239257812,128.93435668945312,126.68754577636719,127.07271575927734,13984567
2011-09-19 00:00:00+05:30,127.10481262207031,127.23320007324219,125.08268737792969,125.4036636352539,7715626
2011-09-20 00:00:00+05:30,125.69253540039062,127.8751449584961,125.307373046875,127.42578125,8514880
2011-09-21 00:00:00+05:30,127.71466064453125,128.1640167236328,126.17399597167969,126.84803771972656,4557837
2011-09-22 00:00:00+05:30,126.04560852050781,126.33448028564453,122.00135803222656,122.57910919189453,11789131
2011-09-23 00:00:00+05:30,122.03345489501953,124.79381561279297,121.35942077636719,123.02847290039062,13003107
2011-09-26 00:00:00+05:30,123.83090209960938,123.83090209960938,118.7595443725586,121.00634765625,10086856
2011-09-27 00:00:00+05:30,121.9692611694336,124.50494384765625,121.80877685546875,124.18396759033203,9814309
2011-09-28 00:00:00+05:30,124.47284698486328,126.7838363647461,123.73461151123047,126.52706146240234,20330991
2011-09-29 00:00:00+05:30,125.66043853759766,130.2824249267578,125.66043853759766,129.83306884765625,18887480
2011-09-30 00:00:00+05:30,129.67259216308594,129.67259216308594,126.55915832519531,127.10481262207031,10704639
2011-10-03 00:00:00+05:30,125.37156677246094,126.52706146240234,124.1197738647461,124.76171875,7986512
2011-10-04 00:00:00+05:30,124.37654876708984,125.307373046875,121.07054138183594,123.02847290039062,19083044
2011-10-05 00:00:00+05:30,123.31734466552734,126.71964263916016,123.31734466552734,124.60123443603516,19750146
2011-10-07 00:00:00+05:30,126.94432830810547,128.54917907714844,124.53704071044922,127.84304809570312,35547374
2011-10-10 00:00:00+05:30,127.10481262207031,129.28741455078125,126.81593322753906,128.45289611816406,10839659
2011-10-11 00:00:00+05:30,129.3516082763672,129.9293670654297,127.84304809570312,128.09982299804688,7848904
2011-10-12 00:00:00+05:30,128.38870239257812,131.27745056152344,128.13192749023438,130.9564666748047,10057651
2011-10-13 00:00:00+05:30,129.99356079101562,131.85519409179688,129.062744140625,129.6083984375,6342480
2011-10-14 00:00:00+05:30,129.2553253173828,132.17616271972656,129.2553253173828,131.726806640625,8920612
2011-10-17 00:00:00+05:30,131.3737335205078,132.36874389648438,130.635498046875,132.0798797607422,7122238
2011-10-18 00:00:00+05:30,131.18115234375,132.11196899414062,130.37872314453125,131.11695861816406,4420881
2011-10-19 00:00:00+05:30,131.726806640625,133.36375427246094,130.8280792236328,132.94650268554688,7160187
2011-10-20 00:00:00+05:30,132.0798797607422,132.5613250732422,131.05276489257812,131.63050842285156,8068646
2011-10-21 00:00:00+05:30,132.0798797607422,132.65762329101562,130.53921508789062,130.9564666748047,8940536
2011-10-24 00:00:00+05:30,130.9564666748047,133.5242462158203,130.9564666748047,132.85020446777344,14417592
2011-10-25 00:00:00+05:30,133.46005249023438,136.7339630126953,132.2403564453125,135.482177734375,17898061
2011-10-28 00:00:00+05:30,137.8252716064453,138.78817749023438,136.66976928710938,138.3388214111328,18961818
2011-10-31 00:00:00+05:30,138.24253845214844,138.3388214111328,135.96363830566406,136.83026123046875,10325355
2011-11-01 00:00:00+05:30,135.7710418701172,136.41299438476562,133.3316650390625,133.71682739257812,16563467
2011-11-02 00:00:00+05:30,133.5242462158203,135.38587951660156,133.20327758789062,134.390869140625,7889149
2011-11-03 00:00:00+05:30,133.74893188476562,135.32168579101562,133.5242462158203,134.9365234375,6675310
2011-11-04 00:00:00+05:30,135.61056518554688,135.93153381347656,134.67974853515625,135.03280639648438,7408060
2011-11-08 00:00:00+05:30,134.87232971191406,136.15621948242188,133.84521484375,135.32168579101562,7435437
2011-11-09 00:00:00+05:30,135.22540283203125,137.69688415527344,134.80813598632812,136.09202575683594,11523598
2011-11-11 00:00:00+05:30,135.83523559570312,138.01785278320312,135.03280639648438,136.50927734375,11080244
2011-11-14 00:00:00+05:30,136.95864868164062,138.21043395996094,135.22540283203125,135.7710418701172,7759145
2011-11-15 00:00:00+05:30,135.32168579101562,137.15122985839844,134.64764404296875,135.22540283203125,8066116
2011-11-16 00:00:00+05:30,134.80813598632812,137.31170654296875,133.6847381591797,136.47718811035156,8850271
2011-11-17 00:00:00+05:30,136.25250244140625,136.25250244140625,132.30455017089844,133.36375427246094,8558100
2011-11-18 00:00:00+05:30,132.40084838867188,133.1390838623047,128.45289611816406,129.544189453125,12520334
2011-11-21 00:00:00+05:30,128.80596923828125,129.8009796142578,127.16900634765625,128.03562927246094,15016284
2011-11-22 00:00:00+05:30,129.8972625732422,130.08984375,125.307373046875,125.94931030273438,14341939
2011-11-23 00:00:00+05:30,125.94931030273438,125.94931030273438,121.51990509033203,124.08767700195312,13943844
2011-11-24 00:00:00+05:30,124.18396759033203,125.75672912597656,121.74458312988281,123.44573211669922,17014215
2011-11-25 00:00:00+05:30,123.12476348876953,124.15187072753906,122.86798858642578,123.41363525390625,8272329
2011-11-28 00:00:00+05:30,125.14688110351562,127.58626556396484,123.99138641357422,126.10980224609375,7141351
2011-11-29 00:00:00+05:30,126.7838363647461,127.36158752441406,125.49995422363281,127.04061889648438,9906681
2011-11-30 00:00:00+05:30,126.49496459960938,129.3516082763672,126.04560852050781,128.8380584716797,15932969
2011-12-01 00:00:00+05:30,130.9564666748047,132.17616271972656,130.4429168701172,130.73179626464844,10232151
2011-12-02 00:00:00+05:30,130.6676025390625,132.88230895996094,129.99356079101562,132.5613250732422,7626789
2011-12-05 00:00:00+05:30,132.2403564453125,133.26747131347656,130.08984375,131.05276489257812,6049127
2011-12-07 00:00:00+05:30,131.59841918945312,133.5242462158203,130.6676025390625,131.56631469726562,11763758
2011-12-08 00:00:00+05:30,131.56631469726562,132.36874389648438,126.7838363647461,127.74675750732422,10542268
2011-12-09 00:00:00+05:30,126.52706146240234,127.48997497558594,124.98639678955078,126.55915832519531,8697629
2011-12-12 00:00:00+05:30,127.65046691894531,127.971435546875,125.05059051513672,125.8209228515625,10548486
2011-12-13 00:00:00+05:30,125.49995422363281,127.10481262207031,125.2110824584961,126.68754577636719,7672013
2011-12-14 00:00:00+05:30,126.68754577636719,129.3516082763672,126.4628677368164,128.2924041748047,16802615
2011-12-15 00:00:00+05:30,127.74675750732422,129.3516082763672,126.75173950195312,128.13192749023438,15116838
2011-12-16 00:00:00+05:30,127.77885437011719,130.53921508789062,124.53704071044922,125.69253540039062,10439599
2011-12-19 00:00:00+05:30,124.98639678955078,127.10481262207031,123.44573211669922,126.7838363647461,11336698
2011-12-20 00:00:00+05:30,127.74675750732422,128.8701629638672,127.20110321044922,128.0035400390625,13478726
2011-12-21 00:00:00+05:30,129.2232208251953,130.2824249267578,128.09982299804688,129.83306884765625,10863748
2011-12-22 00:00:00+05:30,128.96644592285156,130.9564666748047,128.7096710205078,130.79598999023438,9805398
2011-12-23 00:00:00+05:30,131.2132568359375,131.59841918945312,129.83306884765625,130.9564666748047,8595373
2011-12-26 00:00:00+05:30,130.57130432128906,132.14407348632812,130.18614196777344,131.56631469726562,5993539
2011-12-27 00:00:00+05:30,131.5342254638672,132.2403564453125,129.86517333984375,131.63050842285156,7257962
2011-12-28 00:00:00+05:30,131.98358154296875,132.0477752685547,129.3516082763672,129.70468139648438,4880588
2011-12-29 00:00:00+05:30,129.19113159179688,130.57130432128906,128.38870239257812,128.8380584716797,10069671
2011-12-30 00:00:00+05:30,128.80596923828125,130.3145294189453,128.54917907714844,129.2232208251953,3600950
2012-01-02 00:00:00+05:30,129.5762939453125,129.5762939453125,127.04061889648438,127.5220718383789,2971018
2012-01-03 00:00:00+05:30,128.2924041748047,129.3837127685547,127.93933868408203,128.61337280273438,6299194
2012-01-04 00:00:00+05:30,129.3516082763672,129.47999572753906,127.42578125,128.09982299804688,12332428
2012-01-05 00:00:00+05:30,127.77885437011719,128.38870239257812,126.84803771972656,128.26031494140625,11802169
2012-01-06 00:00:00+05:30,127.77885437011719,130.37872314453125,127.3294906616211,129.73678588867188,9126672
2012-01-09 00:00:00+05:30,129.44790649414062,129.86517333984375,128.1961212158203,129.67259216308594,7693555
2012-01-10 00:00:00+05:30,129.8009796142578,132.0798797607422,129.8009796142578,131.6947021484375,5620843
2012-01-11 00:00:00+05:30,131.6947021484375,131.98358154296875,129.99356079101562,130.50711059570312,8426514
2012-01-12 00:00:00+05:30,130.3145294189453,131.85519409179688,130.15403747558594,131.56631469726562,7677382
2012-01-13 00:00:00+05:30,131.5342254638672,133.3316650390625,131.14906311035156,132.91439819335938,11932025
2012-01-16 00:00:00+05:30,132.7860107421875,134.6155548095703,132.5613250732422,134.2303924560547,9761270
2012-01-17 00:00:00+05:30,134.1661834716797,134.9365234375,132.75392150878906,133.78102111816406,10623854
2012-01-18 00:00:00+05:30,133.1069793701172,135.2574920654297,132.88230895996094,134.67974853515625,10380605
2012-01-19 00:00:00+05:30,135.03280639648438,135.4500732421875,133.6847381591797,134.29458618164062,9678245
2012-01-20 00:00:00+05:30,134.77603149414062,135.6426544189453,128.26031494140625,129.2232208251953,26816137
2012-01-23 00:00:00+05:30,129.44790649414062,131.59841918945312,127.36158752441406,131.34164428710938,13773620
2012-01-24 00:00:00+05:30,131.66261291503906,133.04278564453125,131.08486938476562,132.20826721191406,9699269
2012-01-25 00:00:00+05:30,132.5613250732422,132.88230895996094,131.43792724609375,132.2724609375,10815356
2012-01-27 00:00:00+05:30,133.20327758789062,133.20327758789062,128.1961212158203,129.544189453125,15923846
2012-01-30 00:00:00+05:30,129.67259216308594,130.73179626464844,128.1640167236328,128.93435668945312,12890528
2012-01-31 00:00:00+05:30,130.25033569335938,131.47003173828125,129.2232208251953,130.92437744140625,12057997
2012-02-01 00:00:00+05:30,130.53921508789062,130.57130432128906,128.58128356933594,129.41580200195312,9047265
2012-02-02 00:00:00+05:30,129.70468139648438,129.83306884765625,127.36158752441406,127.77885437011719,11426032
2012-02-03 00:00:00+05:30,127.74675750732422,129.19113159179688,126.4628677368164,128.80596923828125,13425304
2012-02-06 00:00:00+05:30,129.67259216308594,130.25033569335938,128.54917907714844,129.9293670654297,11001466
2012-02-07 00:00:00+05:30,131.2132568359375,132.17616271972656,129.73678588867188,131.9514923095703,12497285
2012-02-08 00:00:00+05:30,132.20826721191406,133.17117309570312,129.67259216308594,131.24534606933594,11790665
2012-02-09 00:00:00+05:30,130.6676025390625,131.5342254638672,129.67259216308594,130.89227294921875,7897821
2012-02-10 00:00:00+05:30,130.8601837158203,131.47003173828125,129.67259216308594,130.8280792236328,10659550
2012-02-13 00:00:00+05:30,130.8280792236328,131.43792724609375,129.7688751220703,130.18614196777344,7361450
2012-02-14 00:00:00+05:30,130.05775451660156,130.76388549804688,129.67259216308594,130.02565002441406,6626743
2012-02-15 00:00:00+05:30,130.37872314453125,130.9564666748047,129.73678588867188,130.41082763671875,16140308
2012-02-16 00:00:00+05:30,130.635498046875,131.34164428710938,129.73678588867188,130.92437744140625,14315043
2012-02-17 00:00:00+05:30,131.05276489257812,132.17616271972656,130.37872314453125,131.88729858398438,17137807
2012-02-21 00:00:00+05:30,131.88729858398438,133.97360229492188,131.88729858398438,133.1390838623047,16004145
2012-02-22 00:00:00+05:30,132.88230895996094,134.4229736328125,132.30455017089844,133.8773193359375,13414034
2012-02-23 00:00:00+05:30,134.0699005126953,134.87232971191406,132.01568603515625,133.90940856933594,16977796
2012-02-24 00:00:00+05:30,133.90940856933594,135.41798400878906,133.71682739257812,134.4229736328125,9437266
2012-02-27 00:00:00+05:30,134.80813598632812,136.66976928710938,133.84521484375,136.28460693359375,18082222
2012-02-28 00:00:00+05:30,136.1883087158203,137.054931640625,134.84022521972656,135.2574920654297,13655111
2012-02-29 00:00:00+05:30,135.4500732421875,136.7339630126953,132.65762329101562,133.299560546875,13799550
2012-03-01 00:00:00+05:30,133.26747131347656,134.7439422607422,131.47003173828125,132.7860107421875,7899192
2012-03-02 00:00:00+05:30,132.94650268554688,133.23536682128906,130.57130432128906,131.75889587402344,8889483
2012-03-05 00:00:00+05:30,131.66261291503906,133.49215698242188,130.76388549804688,132.88230895996094,12521849
2012-03-06 00:00:00+05:30,132.65762329101562,135.89944458007812,131.726806640625,135.06491088867188,15653513
2012-03-07 00:00:00+05:30,134.80813598632812,135.4500732421875,133.58843994140625,134.77603149414062,8176378
2012-03-09 00:00:00+05:30,135.54637145996094,136.57347106933594,133.23536682128906,133.6847381591797,15399405
2012-03-12 00:00:00+05:30,135.06491088867188,135.06491088867188,132.30455017089844,132.75392150878906,5960965
2012-03-13 00:00:00+05:30,132.88230895996094,134.48716735839844,132.88230895996094,134.1982879638672,9071489
2012-03-14 00:00:00+05:30,134.80813598632812,136.95864868164062,134.80813598632812,136.41299438476562,10193957
2012-03-15 00:00:00+05:30,136.09202575683594,136.79815673828125,133.39585876464844,134.10198974609375,16182908
2012-03-16 00:00:00+05:30,133.6847381591797,144.43728637695312,133.6847381591797,138.75608825683594,68393522
2012-03-19 00:00:00+05:30,139.30174255371094,143.60275268554688,138.30673217773438,141.5485382080078,36871352
2012-03-20 00:00:00+05:30,141.51644897460938,144.11631774902344,140.6498260498047,143.53855895996094,16706208
2012-03-21 00:00:00+05:30,143.53855895996094,144.3730926513672,141.77322387695312,143.6990509033203,16729914
2012-03-22 00:00:00+05:30,143.60275268554688,145.52859497070312,140.03997802734375,141.0349884033203,17163776
2012-03-23 00:00:00+05:30,142.1262969970703,144.27679443359375,141.06707763671875,142.80032348632812,12234883
2012-03-26 00:00:00+05:30,143.1533966064453,143.98793029785156,141.8695068359375,142.9608154296875,10731514
2012-03-27 00:00:00+05:30,143.6990509033203,145.88165283203125,142.51145935058594,145.111328125,11798599
2012-03-28 00:00:00+05:30,145.0792236328125,146.29891967773438,144.18051147460938,145.59278869628906,9180072
2012-03-29 00:00:00+05:30,143.79534912109375,145.9458465576172,142.35096740722656,144.14840698242188,17370530
2012-03-30 00:00:00+05:30,144.18051147460938,146.26683044433594,144.08421325683594,145.656982421875,14241499
2012-04-02 00:00:00+05:30,145.9779510498047,146.58779907226562,144.85455322265625,145.68907165527344,15158558
2012-04-03 00:00:00+05:30,146.45941162109375,146.58779907226562,145.4322967529297,145.78536987304688,9157908
2012-04-04 00:00:00+05:30,145.40020751953125,146.9408721923828,144.82244873046875,145.9779510498047,7427949
2012-04-09 00:00:00+05:30,144.82244873046875,145.75326538085938,143.3138885498047,143.8274383544922,5389468
2012-04-10 00:00:00+05:30,143.92373657226562,147.64700317382812,143.3138885498047,147.229736328125,8546331
2012-04-11 00:00:00+05:30,146.9408721923828,147.71119689941406,145.3360137939453,147.48651123046875,9836719
2012-04-12 00:00:00+05:30,146.78038024902344,150.85671997070312,146.78038024902344,150.69622802734375,20305963
2012-04-13 00:00:00+05:30,150.69622802734375,154.61209106445312,149.44444274902344,151.65914916992188,15111471
2012-04-16 00:00:00+05:30,151.3381805419922,155.35032653808594,150.6320343017578,154.740478515625,6179322
2012-04-17 00:00:00+05:30,157.66131591796875,158.88101196289062,153.77755737304688,158.04649353027344,8472158
2012-04-18 00:00:00+05:30,158.11068725585938,159.2340850830078,154.5157928466797,155.18983459472656,13522592
2012-04-19 00:00:00+05:30,155.7996826171875,157.14776611328125,153.26400756835938,156.6663055419922,9917961
2012-04-20 00:00:00+05:30,156.37744140625,158.8168182373047,155.76759338378906,157.404541015625,6577127
2012-04-23 00:00:00+05:30,157.5971221923828,159.0093994140625,156.6663055419922,157.1156768798828,10268157
2012-04-24 00:00:00+05:30,157.37245178222656,157.7576141357422,152.68626403808594,157.30825805664062,9751004
2012-04-25 00:00:00+05:30,157.53292846679688,158.43165588378906,155.70339965820312,157.88600158691406,6534970
2012-04-26 00:00:00+05:30,158.1748809814453,160.4216766357422,156.95518493652344,159.8760223388672,10960980
2012-04-27 00:00:00+05:30,159.65135192871094,162.31541442871094,157.2440643310547,157.7897186279297,9639782
2012-04-30 00:00:00+05:30,159.2019805908203,160.03651428222656,157.34034729003906,157.5971221923828,4963863
2012-05-02 00:00:00+05:30,157.6292266845703,159.10569763183594,156.31324768066406,157.01937866210938,7452130
2012-05-03 00:00:00+05:30,157.53292846679688,157.88600158691406,154.70838928222656,155.15774536132812,5869811
2012-05-04 00:00:00+05:30,154.9651641845703,157.2440643310547,152.36529541015625,152.87884521484375,9959642
2012-05-07 00:00:00+05:30,150.85671997070312,153.42449951171875,149.79751586914062,151.7233428955078,7872153
2012-05-08 00:00:00+05:30,152.14060974121094,155.2861328125,143.6990509033203,145.656982421875,17683414
2012-05-09 00:00:00+05:30,147.64700317382812,154.70838928222656,145.78536987304688,154.0022430419922,20744163
2012-05-10 00:00:00+05:30,154.9651641845703,156.24905395507812,151.7233428955078,153.58497619628906,10151209
2012-05-11 00:00:00+05:30,152.5899658203125,152.9109344482422,148.5136260986328,150.37525939941406,8122806
2012-05-14 00:00:00+05:30,150.21478271484375,151.49867248535156,148.93089294433594,150.53575134277344,5167041
2012-05-15 00:00:00+05:30,149.25186157226562,151.24188232421875,147.71119689941406,148.19265747070312,7908658
2012-05-16 00:00:00+05:30,147.00506591796875,148.2889404296875,145.3360137939453,145.91375732421875,7945009
2012-05-17 00:00:00+05:30,147.00506591796875,151.91592407226562,147.00506591796875,150.69622802734375,15783926
2012-05-18 00:00:00+05:30,149.09136962890625,154.70838928222656,147.64700317382812,153.77755737304688,13048512
2012-05-21 00:00:00+05:30,153.84176635742188,154.67628479003906,150.21478271484375,150.76043701171875,6460492
2012-05-22 00:00:00+05:30,152.33319091796875,153.55288696289062,147.71119689941406,149.412353515625,10645458
2012-05-23 00:00:00+05:30,148.321044921875,149.5728302001953,147.64700317382812,148.73831176757812,6794965
2012-05-24 00:00:00+05:30,148.73831176757812,150.6641387939453,148.2889404296875,149.79751586914062,9014464
2012-05-25 00:00:00+05:30,149.5728302001953,151.49867248535156,148.16055297851562,148.8345947265625,14231517
2012-05-28 00:00:00+05:30,149.5728302001953,151.49867248535156,148.99508666992188,150.88882446289062,5509054
2012-05-29 00:00:00+05:30,151.3381805419922,151.46656799316406,147.64700317382812,148.22474670410156,8218101
2012-05-30 00:00:00+05:30,148.22474670410156,150.439453125,147.9679718017578,148.86669921875,8467690
2012-05-31 00:00:00+05:30,147.13345336914062,149.25186157226562,146.04214477539062,147.229736328125,32058738
2012-06-01 00:00:00+05:30,146.9408721923828,150.6641387939453,146.9408721923828,150.1184844970703,10521812
2012-06-04 00:00:00+05:30,149.1876678466797,150.37525939941406,147.229736328125,147.71119689941406,6266881
2012-06-05 00:00:00+05:30,148.1284637451172,149.3802490234375,144.43728637695312,145.01502990722656,7901016
2012-06-06 00:00:00+05:30,145.01502990722656,152.14060974121094,145.01502990722656,150.56784057617188,15992276
2012-06-07 00:00:00+05:30,151.24188232421875,153.61708068847656,149.31605529785156,151.7233428955078,10277635
2012-06-08 00:00:00+05:30,151.98011779785156,154.90097045898438,150.69622802734375,153.55288696289062,7353581
2012-06-11 00:00:00+05:30,152.65415954589844,154.70838928222656,151.81964111328125,153.9059600830078,5156519
2012-06-12 00:00:00+05:30,152.2368927001953,156.79469299316406,151.2097930908203,156.0243682861328,6763601
2012-06-13 00:00:00+05:30,155.57501220703125,157.2119598388672,155.4466094970703,156.6663055419922,5809235
2012-06-14 00:00:00+05:30,156.0243682861328,159.61924743652344,156.0243682861328,157.0835723876953,9141667
2012-06-15 00:00:00+05:30,157.2440643310547,159.71554565429688,156.63421630859375,159.2019805908203,10846275
2012-06-18 00:00:00+05:30,158.88101196289062,160.48587036132812,155.67129516601562,156.1206512451172,5311000
2012-06-19 00:00:00+05:30,155.7996826171875,160.48587036132812,155.7996826171875,160.1007080078125,9692655
2012-06-20 00:00:00+05:30,160.1007080078125,160.26119995117188,157.17987060546875,157.9501953125,6517723
2012-06-21 00:00:00+05:30,157.66131591796875,161.76976013183594,157.5971221923828,161.3845977783203,7232955
2012-06-22 00:00:00+05:30,160.48587036132812,162.4116973876953,158.39955139160156,160.8068389892578,4101593
2012-06-25 00:00:00+05:30,160.48587036132812,162.9894561767578,159.9081268310547,160.51797485351562,5439315
2012-06-26 00:00:00+05:30,160.068603515625,160.38958740234375,158.11068725585938,158.59213256835938,6366119
2012-06-27 00:00:00+05:30,159.3945770263672,160.22909545898438,158.7205352783203,159.07359313964844,5245829
2012-06-28 00:00:00+05:30,159.2019805908203,162.2191162109375,158.65634155273438,161.32040405273438,13150548
2012-06-29 00:00:00+05:30,161.54507446289062,166.90530395507812,161.54507446289062,166.1991729736328,14201966
2012-07-02 00:00:00+05:30,166.35964965820312,167.16207885742188,158.8489227294922,160.51797485351562,15310783
2012-07-03 00:00:00+05:30,160.48587036132812,160.6463623046875,157.56503295898438,158.23907470703125,15656893
2012-07-04 00:00:00+05:30,159.71554565429688,159.7797393798828,156.95518493652344,158.01438903808594,8883562
2012-07-05 00:00:00+05:30,158.56004333496094,161.12782287597656,158.11068725585938,160.87103271484375,5835480
2012-07-06 00:00:00+05:30,161.12782287597656,162.73268127441406,159.65135192871094,162.251220703125,7176659
2012-07-09 00:00:00+05:30,160.90313720703125,163.6313934326172,160.8068389892578,161.54507446289062,6940342
2012-07-10 00:00:00+05:30,161.60926818847656,166.39175415039062,159.9081268310547,165.87820434570312,9404573
2012-07-11 00:00:00+05:30,164.88319396972656,165.49302673339844,162.2191162109375,162.6042938232422,7642281
2012-07-12 00:00:00+05:30,162.73268127441406,164.85108947753906,161.22410583496094,161.57717895507812,4942903
2012-07-13 00:00:00+05:30,161.3524932861328,163.342529296875,160.71055603027344,162.7647705078125,3633928
2012-07-16 00:00:00+05:30,162.2191162109375,163.43881225585938,161.09571838378906,161.80186462402344,2648877
2012-07-17 00:00:00+05:30,162.70057678222656,164.33753967285156,162.2191162109375,164.0165557861328,4883020
2012-07-18 00:00:00+05:30,164.5943145751953,164.78689575195312,162.89315795898438,163.6634979248047,5139344
2012-07-19 00:00:00+05:30,163.43881225585938,164.36962890625,162.2191162109375,163.1178436279297,4599239
2012-07-20 00:00:00+05:30,162.34750366210938,163.6634979248047,161.96234130859375,162.31541442871094,2956292
2012-07-23 00:00:00+05:30,161.3845977783203,161.5129852294922,159.5550537109375,160.19700622558594,3995026
2012-07-24 00:00:00+05:30,160.9673309326172,162.0265350341797,159.587158203125,160.67845153808594,5488947
2012-07-25 00:00:00+05:30,160.8068389892578,163.88816833496094,159.52296447753906,163.5351104736328,8248065
2012-07-26 00:00:00+05:30,164.2091522216797,164.97947692871094,159.26617431640625,160.1328125,21892124
2012-07-27 00:00:00+05:30,163.47091674804688,164.08074951171875,161.64137268066406,163.6634979248047,10008857
2012-07-30 00:00:00+05:30,164.24124145507812,166.13497924804688,163.37461853027344,165.74981689453125,8450229
2012-07-31 00:00:00+05:30,165.94239807128906,167.4188690185547,164.11285400390625,165.71771240234375,9117691
2012-08-01 00:00:00+05:30,165.58932495117188,166.58433532714844,164.53012084960938,166.2954559326172,2982052
2012-08-02 00:00:00+05:30,166.90530395507812,168.18919372558594,166.26336669921875,167.83612060546875,5457011
2012-08-03 00:00:00+05:30,166.80902099609375,167.48306274414062,165.39674377441406,166.48805236816406,3869795
2012-08-06 00:00:00+05:30,167.2904815673828,168.1571044921875,165.30044555664062,165.87820434570312,2990101
2012-08-07 00:00:00+05:30,165.9744873046875,168.09291076660156,165.04367065429688,167.73983764648438,5288244
2012-08-08 00:00:00+05:30,167.54725646972656,169.1842041015625,166.5201416015625,167.9003143310547,7198237
2012-08-09 00:00:00+05:30,167.8040313720703,171.30262756347656,167.8040313720703,170.5001983642578,7853814
2012-08-10 00:00:00+05:30,169.79405212402344,172.68280029296875,169.66566467285156,171.88037109375,8598375
2012-08-13 00:00:00+05:30,171.62359619140625,172.65069580078125,169.60147094726562,171.334716796875,7488550
2012-08-14 00:00:00+05:30,171.334716796875,172.9395751953125,169.9224395751953,171.9124755859375,5524933
2012-08-16 00:00:00+05:30,171.62359619140625,172.36183166503906,165.30044555664062,165.84609985351562,15209637
2012-08-17 00:00:00+05:30,165.6856231689453,169.08792114257812,165.6856231689453,168.25338745117188,8106841
2012-08-21 00:00:00+05:30,168.25338745117188,168.3175811767578,166.48805236816406,167.3867645263672,9939659
2012-08-22 00:00:00+05:30,167.00160217285156,168.8953399658203,166.48805236816406,167.96450805664062,4614480
2012-08-23 00:00:00+05:30,168.3175811767578,170.0829315185547,167.86822509765625,169.63357543945312,7858110
2012-08-24 00:00:00+05:30,169.28050231933594,170.94955444335938,168.25338745117188,170.21131896972656,11153512
2012-08-27 00:00:00+05:30,170.14712524414062,170.91744995117188,169.47308349609375,170.33970642089844,2666951
2012-08-28 00:00:00+05:30,170.33970642089844,172.36183166503906,170.33970642089844,172.13714599609375,6036077
2012-08-29 00:00:00+05:30,172.6186065673828,173.19635009765625,171.23843383789062,172.90748596191406,6062102
2012-08-30 00:00:00+05:30,172.6186065673828,175.4110565185547,170.8211669921875,173.7099151611328,24881699
2012-08-31 00:00:00+05:30,173.32473754882812,173.64572143554688,170.94955444335938,171.81617736816406,8145858
2012-09-03 00:00:00+05:30,172.68280029296875,173.22845458984375,170.9816436767578,171.78407287597656,6207435
2012-09-04 00:00:00+05:30,171.46310424804688,172.5865020751953,170.53228759765625,171.07794189453125,4050429
2012-09-05 00:00:00+05:30,170.75697326660156,172.87538146972656,170.75697326660156,171.88037109375,6639310
2012-09-06 00:00:00+05:30,171.43101501464844,171.6877899169922,166.96949768066406,167.19418334960938,7167836
2012-09-07 00:00:00+05:30,168.83114624023438,169.28050231933594,167.16207885742188,168.670654296875,10688325
2012-09-10 00:00:00+05:30,169.4088897705078,170.43600463867188,168.3496856689453,169.89035034179688,6622112
2012-09-11 00:00:00+05:30,169.85824584960938,171.94456481933594,168.8953399658203,171.59149169921875,3886091
2012-09-12 00:00:00+05:30,171.88037109375,173.32473754882812,171.27052307128906,172.87538146972656,5756128
2012-09-13 00:00:00+05:30,172.7790985107422,173.517333984375,172.00875854492188,173.10006713867188,5623795
2012-09-14 00:00:00+05:30,174.3518524169922,175.1221923828125,171.30262756347656,172.2013397216797,17152709
2012-09-17 00:00:00+05:30,172.3939208984375,172.5865020751953,161.1920166015625,162.73268127441406,29568650
2012-09-18 00:00:00+05:30,163.02154541015625,165.7819061279297,161.64137268066406,163.18203735351562,13665518
2012-09-20 00:00:00+05:30,163.5030059814453,165.17205810546875,162.796875,164.62640380859375,11276169
2012-09-21 00:00:00+05:30,165.62142944335938,169.82615661621094,164.88319396972656,167.9324188232422,18714031
2012-09-24 00:00:00+05:30,167.86822509765625,167.9324188232422,163.0857391357422,164.24124145507812,11751520
2012-09-25 00:00:00+05:30,164.27334594726562,168.06080627441406,163.69558715820312,167.4188690185547,11113459
2012-09-26 00:00:00+05:30,168.6385498046875,169.85824584960938,167.19418334960938,169.34469604492188,15978962
2012-09-27 00:00:00+05:30,169.5372772216797,172.04086303710938,168.25338745117188,171.3668212890625,19205494
2012-09-28 00:00:00+05:30,171.07794189453125,175.15428161621094,170.8211669921875,174.8654022216797,14714650
2012-10-01 00:00:00+05:30,174.28765869140625,176.53445434570312,173.7099151611328,175.4110565185547,7859325
2012-10-03 00:00:00+05:30,175.57154846191406,175.73202514648438,171.78407287597656,173.4852294921875,13329816
2012-10-04 00:00:00+05:30,173.517333984375,177.4652862548828,173.517333984375,176.72705078125,10281333
2012-10-05 00:00:00+05:30,177.49737548828125,179.7441864013672,141.3880615234375,176.95172119140625,12710975
2012-10-08 00:00:00+05:30,176.98382568359375,179.3590087890625,175.92462158203125,178.2998046875,8934222
2012-10-09 00:00:00+05:30,178.78126525878906,180.54661560058594,178.3319091796875,179.77627563476562,6003945
2012-10-10 00:00:00+05:30,179.42320251464844,180.89967346191406,178.46029663085938,180.38612365722656,6227474
2012-10-11 00:00:00+05:30,179.13433837890625,182.72921752929688,177.40109252929688,181.99098205566406,9131999
2012-10-12 00:00:00+05:30,182.7934112548828,183.08229064941406,180.7712860107422,181.99098205566406,5071211
2012-10-15 00:00:00+05:30,181.7342071533203,184.59085083007812,179.80838012695312,184.07730102539062,5350707
2012-10-16 00:00:00+05:30,182.9539031982422,185.13650512695312,182.3761444091797,183.8847198486328,7096362
2012-10-17 00:00:00+05:30,183.75633239746094,185.74635314941406,183.01809692382812,185.0402069091797,4546689
2012-10-18 00:00:00+05:30,185.20069885253906,187.44749450683594,183.69212341308594,187.1907196044922,13199646
2012-10-19 00:00:00+05:30,187.0623321533203,191.94110107421875,186.29200744628906,190.9781951904297,21003616
2012-10-22 00:00:00+05:30,191.29916381835938,191.4917449951172,186.90185546875,188.73138427734375,11413513
2012-10-23 00:00:00+05:30,189.27703857421875,189.27703857421875,185.20069885253906,186.1636199951172,5504503
2012-10-25 00:00:00+05:30,186.99813842773438,188.73138427734375,185.2969970703125,187.47959899902344,12373775
2012-10-29 00:00:00+05:30,183.59584045410156,186.1636199951172,183.4353485107422,185.0402069091797,4612491
2012-10-30 00:00:00+05:30,184.33407592773438,185.13650512695312,182.05517578125,182.3761444091797,5376753
2012-10-31 00:00:00+05:30,182.9217987060547,183.3069610595703,180.61080932617188,181.38113403320312,5920711
2012-11-01 00:00:00+05:30,181.06016540527344,181.5416259765625,177.9467315673828,179.29481506347656,6825659
2012-11-02 00:00:00+05:30,180.70709228515625,184.10939025878906,180.6428985595703,181.79840087890625,11088683
2012-11-05 00:00:00+05:30,182.34405517578125,185.52166748046875,181.57371520996094,185.2969970703125,6061704
2012-11-06 00:00:00+05:30,185.4574737548828,186.93394470214844,183.56373596191406,185.6179656982422,6039762
2012-11-07 00:00:00+05:30,186.06732177734375,186.6450653076172,184.26988220214844,186.1315155029297,6562533
2012-11-08 00:00:00+05:30,184.87973022460938,187.0944366455078,184.5266571044922,185.52166748046875,3890518
2012-11-09 00:00:00+05:30,184.9118194580078,186.42039489746094,183.9810028076172,184.97601318359375,3955519
2012-11-12 00:00:00+05:30,184.81553649902344,186.1636199951172,181.79840087890625,182.18356323242188,5537113
2012-11-15 00:00:00+05:30,181.57371520996094,181.57371520996094,176.8875274658203,177.4652862548828,12677572
2012-11-16 00:00:00+05:30,178.13931274414062,180.418212890625,175.34686279296875,176.30978393554688,8524566
2012-11-19 00:00:00+05:30,175.92462158203125,181.47743225097656,175.25057983398438,180.83547973632812,8544540
2012-11-20 00:00:00+05:30,181.99098205566406,182.7934112548828,179.23062133789062,180.0972442626953,6977187
2012-11-21 00:00:00+05:30,180.0972442626953,184.3982696533203,178.845458984375,183.6600341796875,8596423
2012-11-22 00:00:00+05:30,184.5266571044922,185.68215942382812,182.69711303710938,185.52166748046875,6368703
2012-11-23 00:00:00+05:30,185.4895782470703,185.4895782470703,181.60581970214844,183.9810028076172,3948098
2012-11-26 00:00:00+05:30,184.71923828125,184.87973022460938,182.9539031982422,184.30197143554688,2225560
2012-11-27 00:00:00+05:30,184.30197143554688,189.3733367919922,184.23777770996094,188.89187622070312,9705650
2012-11-29 00:00:00+05:30,188.76348876953125,192.5509490966797,188.5067138671875,191.29916381835938,16121088
2012-11-30 00:00:00+05:30,190.111572265625,191.94110107421875,188.60299682617188,191.62013244628906,8896588
2012-12-03 00:00:00+05:30,190.9781951904297,191.4917449951172,188.8276824951172,190.111572265625,5699933
2012-12-04 00:00:00+05:30,189.2128448486328,190.14366149902344,188.08944702148438,189.46961975097656,4804648
2012-12-05 00:00:00+05:30,189.11654663085938,191.9090118408203,189.11654663085938,191.23497009277344,9258232
2012-12-06 00:00:00+05:30,191.58804321289062,193.99533081054688,189.3733367919922,193.44967651367188,9199364
2012-12-07 00:00:00+05:30,193.0644989013672,194.50888061523438,191.84481811523438,193.54595947265625,5323399
2012-12-10 00:00:00+05:30,192.9682159423828,194.28419494628906,191.29916381835938,193.8348388671875,4218488
2012-12-11 00:00:00+05:30,193.8348388671875,196.24212646484375,193.25709533691406,194.7014617919922,8880373
2012-12-12 00:00:00+05:30,194.76565551757812,196.75567626953125,194.7335662841797,196.40261840820312,7246709
2012-12-13 00:00:00+05:30,195.85696411132812,196.04954528808594,187.6400909423828,189.5338134765625,19125952
2012-12-14 00:00:00+05:30,187.86476135253906,190.593017578125,186.3240966796875,189.98316955566406,6971314
2012-12-17 00:00:00+05:30,188.44252014160156,189.3733367919922,187.28701782226562,188.1215362548828,5896804
2012-12-18 00:00:00+05:30,188.474609375,190.01527404785156,186.22781372070312,188.1536407470703,6602118
2012-12-19 00:00:00+05:30,187.67218017578125,189.63011169433594,185.36119079589844,186.22781372070312,15781261
2012-12-20 00:00:00+05:30,186.1315155029297,186.22781372070312,183.6279296875,184.30197143554688,11909531
2012-12-21 00:00:00+05:30,183.37115478515625,185.810546875,180.70709228515625,184.26988220214844,36910642
2012-12-24 00:00:00+05:30,185.7784423828125,186.6450653076172,183.8526153564453,184.26988220214844,7609381
2012-12-26 00:00:00+05:30,184.5587615966797,186.80555725097656,183.37115478515625,186.48458862304688,6727355
2012-12-27 00:00:00+05:30,187.7684783935547,187.928955078125,184.5587615966797,185.13650512695312,11063458
2012-12-28 00:00:00+05:30,184.3661651611328,186.1636199951172,184.3661651611328,185.7784423828125,5271735
2012-12-31 00:00:00+05:30,184.9439239501953,185.810546875,183.59584045410156,184.10939025878906,3555805
2013-01-01 00:00:00+05:30,184.46246337890625,185.65005493164062,184.0131072998047,184.3982696533203,4135426
2013-01-02 00:00:00+05:30,184.87973022460938,185.87474060058594,182.63291931152344,183.21067810058594,10172580
2013-01-03 00:00:00+05:30,183.6600341796875,183.91680908203125,181.5416259765625,182.0230712890625,6775685
2013-01-04 00:00:00+05:30,182.82550048828125,182.82550048828125,179.80838012695312,181.2848358154297,9390712
2013-01-07 00:00:00+05:30,182.50453186035156,182.9539031982422,178.78126525878906,179.13433837890625,12635903
2013-01-08 00:00:00+05:30,179.1985321044922,183.72422790527344,179.1985321044922,183.40325927734375,13951970
2013-01-09 00:00:00+05:30,182.7934112548828,183.40325927734375,178.90965270996094,179.42320251464844,11080003
2013-01-10 00:00:00+05:30,179.77627563476562,181.02806091308594,178.78126525878906,180.38612365722656,13002083
2013-01-11 00:00:00+05:30,179.5836944580078,180.19354248046875,174.67282104492188,175.50735473632812,14446914
2013-01-14 00:00:00+05:30,175.6036376953125,178.78126525878906,175.6036376953125,178.39610290527344,10672635
2013-01-15 00:00:00+05:30,178.6207733154297,183.08229064941406,176.3739776611328,182.3761444091797,18493615
2013-01-16 00:00:00+05:30,182.9217987060547,183.49954223632812,181.3169403076172,182.31195068359375,9275325
2013-01-17 00:00:00+05:30,181.7342071533203,184.14149475097656,180.70709228515625,183.146484375,12679955
2013-01-18 00:00:00+05:30,184.04519653320312,186.06732177734375,182.72921752929688,184.5266571044922,25503518
2013-01-21 00:00:00+05:30,185.52166748046875,187.44749450683594,183.78842163085938,187.15863037109375,20932912
2013-01-22 00:00:00+05:30,187.1907196044922,187.28701782226562,184.87973022460938,185.6179656982422,13126951
2013-01-23 00:00:00+05:30,185.84263610839844,188.37832641601562,185.36119079589844,187.928955078125,12173272
2013-01-24 00:00:00+05:30,188.08944702148438,191.684326171875,187.99314880371094,190.9460906982422,20890877
2013-01-25 00:00:00+05:30,191.94110107421875,192.90402221679688,190.75350952148438,192.4225616455078,21446627
2013-01-28 00:00:00+05:30,192.5830535888672,193.35337829589844,191.55593872070312,193.0644989013672,8666800
2013-01-29 00:00:00+05:30,192.0052947998047,196.91616821289062,192.0052947998047,195.88905334472656,14882640
2013-01-30 00:00:00+05:30,195.6643829345703,197.0445556640625,192.5830535888672,195.27920532226562,11567670
2013-01-31 00:00:00+05:30,196.21002197265625,198.6173095703125,194.5730743408203,197.49391174316406,14321914
2013-02-01 00:00:00+05:30,197.55810546875,198.9703826904297,195.50389099121094,198.6173095703125,10288134
2013-02-04 00:00:00+05:30,198.6173095703125,199.58023071289062,196.59519958496094,197.2371368408203,12057509
2013-02-05 00:00:00+05:30,195.7927703857422,196.88406372070312,193.866943359375,194.1558074951172,8287651
2013-02-06 00:00:00+05:30,194.7335662841797,196.37051391601562,193.2891845703125,195.69647216796875,12805908
2013-02-07 00:00:00+05:30,194.5409698486328,196.04954528808594,193.866943359375,195.18292236328125,6726127
2013-02-08 00:00:00+05:30,193.866943359375,196.65939331054688,192.06948852539062,193.70645141601562,11725383
2013-02-11 00:00:00+05:30,194.50888061523438,194.82984924316406,190.36834716796875,192.0373992919922,8361801
2013-02-12 00:00:00+05:30,191.62013244628906,193.19290161132812,191.29916381835938,192.61514282226562,6881967
2013-02-13 00:00:00+05:30,193.22499084472656,195.47178649902344,192.06948852539062,192.80772399902344,11002502
2013-02-14 00:00:00+05:30,192.80772399902344,193.8348388671875,192.0052947998047,193.0644989013672,12006132
2013-02-15 00:00:00+05:30,192.26206970214844,193.8348388671875,192.16578674316406,192.9682159423828,7278310
2013-02-18 00:00:00+05:30,192.87191772460938,193.16079711914062,191.78062438964844,192.775634765625,11633478
2013-02-19 00:00:00+05:30,192.5830535888672,194.22000122070312,191.62013244628906,193.6422576904297,5803756
2013-02-20 00:00:00+05:30,194.47677612304688,196.24212646484375,192.16578674316406,192.5830535888672,11504295
2013-02-21 00:00:00+05:30,192.26206970214844,192.90402221679688,189.2128448486328,190.4004364013672,16074899
2013-02-22 00:00:00+05:30,190.01527404785156,191.4596405029297,186.5487823486328,187.44749450683594,10156398
2013-02-25 00:00:00+05:30,188.02525329589844,189.27703857421875,185.5858612060547,187.86476135253906,8569888
2013-02-26 00:00:00+05:30,188.08944702148438,191.5238494873047,185.39328002929688,186.70925903320312,11031449
2013-02-27 00:00:00+05:30,187.44749450683594,190.91400146484375,186.96604919433594,189.2449493408203,16567232
2013-02-28 00:00:00+05:30,189.91897583007812,195.0866241455078,186.93394470214844,189.2449493408203,50205465
2013-03-01 00:00:00+05:30,189.3733367919922,191.10658264160156,185.52166748046875,186.96604919433594,17510246
2013-03-04 00:00:00+05:30,186.96604919433594,188.76348876953125,182.69711303710938,187.7684783935547,14256708
2013-03-05 00:00:00+05:30,188.53880310058594,191.10658264160156,186.1636199951172,187.83267211914062,15811390
2013-03-06 00:00:00+05:30,189.91897583007812,189.91897583007812,183.82052612304688,184.26988220214844,14958148
2013-03-07 00:00:00+05:30,183.69212341308594,189.2449493408203,183.1143798828125,187.67218017578125,16443754
2013-03-08 00:00:00+05:30,189.020263671875,191.94110107421875,187.7363739013672,191.10658264160156,9372390
2013-03-11 00:00:00+05:30,191.29916381835938,192.26206970214844,190.33624267578125,191.01028442382812,6885601
2013-03-12 00:00:00+05:30,190.593017578125,192.87191772460938,189.50172424316406,191.84481811523438,6268604
2013-03-13 00:00:00+05:30,191.29916381835938,194.348388671875,191.29916381835938,193.6422576904297,11639177
2013-03-14 00:00:00+05:30,193.6422576904297,195.0866241455078,192.5830535888672,193.802734375,8599115
2013-03-15 00:00:00+05:30,193.89903259277344,194.50888061523438,193.3212890625,193.802734375,9800403
2013-03-18 00:00:00+05:30,193.0966033935547,196.04954528808594,192.9361114501953,195.31130981445312,6293690
2013-03-19 00:00:00+05:30,197.07666015625,197.3976287841797,194.9261474609375,196.62728881835938,13253356
2013-03-20 00:00:00+05:30,195.7927703857422,197.71859741210938,195.2471160888672,197.20504760742188,15814368
2013-03-21 00:00:00+05:30,197.2371368408203,197.65440368652344,195.27920532226562,195.7927703857422,14602797
2013-03-22 00:00:00+05:30,196.6914825439453,197.07666015625,194.60516357421875,196.1779327392578,7996002
2013-03-25 00:00:00+05:30,196.531005859375,197.71859741210938,193.38548278808594,194.12371826171875,9553762
2013-03-26 00:00:00+05:30,194.50888061523438,197.71859741210938,193.866943359375,196.65939331054688,9322445
2013-03-28 00:00:00+05:30,197.52601623535156,199.0024871826172,195.53599548339844,198.6494140625,12958612
2013-04-01 00:00:00+05:30,198.36053466796875,198.93829345703125,196.24212646484375,197.20504760742188,4215721
2013-04-02 00:00:00+05:30,196.8198699951172,198.103759765625,195.4075927734375,197.17294311523438,6366149
2013-04-03 00:00:00+05:30,197.0445556640625,198.6173095703125,195.37550354003906,197.46182250976562,7516772
2013-04-04 00:00:00+05:30,197.01246643066406,197.30133056640625,191.684326171875,192.29417419433594,6915582
2013-04-05 00:00:00+05:30,192.22998046875,192.22998046875,186.1636199951172,186.99813842773438,10967923
2013-04-08 00:00:00+05:30,187.7363739013672,188.60299682617188,183.3390655517578,187.99314880371094,7847505
2013-04-09 00:00:00+05:30,188.2499237060547,189.66220092773438,183.56373596191406,184.3661651611328,9673947
2013-04-10 00:00:00+05:30,186.80555725097656,186.80555725097656,180.48240661621094,182.85760498046875,13937871
2013-04-11 00:00:00+05:30,184.62295532226562,185.42538452148438,181.89468383789062,183.146484375,15866524
2013-04-12 00:00:00+05:30,184.78343200683594,189.79058837890625,183.59584045410156,188.02525329589844,13440094
2013-04-15 00:00:00+05:30,187.44749450683594,193.16079711914062,185.65005493164062,192.5509490966797,11683138
2013-04-16 00:00:00+05:30,192.48675537109375,198.2963409423828,191.10658264160156,197.68649291992188,10469351
2013-04-17 00:00:00+05:30,197.71859741210938,201.57025146484375,197.14085388183594,200.9925079345703,11708165
2013-04-18 00:00:00+05:30,199.7086181640625,203.17510986328125,199.195068359375,202.40478515625,9165780
2013-04-22 00:00:00+05:30,201.3455810546875,204.13803100585938,200.9604034423828,203.49609375,7086991
2013-04-23 00:00:00+05:30,203.8170623779297,204.13803100585938,201.60235595703125,203.88125610351562,4539153
2013-04-25 00:00:00+05:30,202.43687438964844,207.50823974609375,202.34059143066406,205.32562255859375,19275779
2013-04-26 00:00:00+05:30,203.8170623779297,205.32562255859375,203.3035125732422,204.7157745361328,6704259
2013-04-29 00:00:00+05:30,204.2022247314453,208.6316375732422,203.2714080810547,208.40695190429688,6443266
2013-04-30 00:00:00+05:30,209.27357482910156,215.4362335205078,209.27357482910156,211.10311889648438,13308971
2013-05-02 00:00:00+05:30,210.26858520507812,215.0189666748047,208.76002502441406,214.12025451660156,9543366
2013-05-03 00:00:00+05:30,213.8634796142578,214.02395629882812,211.13522338867188,212.29071044921875,9014815
2013-05-06 00:00:00+05:30,211.8413543701172,213.4462127685547,208.88841247558594,209.40196228027344,4110204
2013-05-07 00:00:00+05:30,209.3377685546875,215.69300842285156,209.3377685546875,215.24365234375,7964905
2013-05-08 00:00:00+05:30,216.17446899414062,221.3421173095703,214.63380432128906,220.0582275390625,7407715
2013-05-09 00:00:00+05:30,221.117431640625,222.08035278320312,219.3199920654297,221.1495361328125,6235467
2013-05-10 00:00:00+05:30,220.57179260253906,227.3442840576172,219.544677734375,226.7023468017578,10282713
2013-05-13 00:00:00+05:30,227.2480010986328,227.2480010986328,214.63380432128906,215.5646209716797,17051566
2013-05-14 00:00:00+05:30,217.55465698242188,218.16448974609375,213.79928588867188,215.5967254638672,10596122
2013-05-15 00:00:00+05:30,217.00900268554688,220.7964630126953,215.69300842285156,219.83355712890625,12882200
2013-05-16 00:00:00+05:30,218.9990234375,220.50758361816406,213.54251098632812,216.3349609375,11503781
2013-05-17 00:00:00+05:30,217.3941650390625,219.1916046142578,213.8313751220703,214.98687744140625,25342119
2013-05-20 00:00:00+05:30,215.0510711669922,219.60887145996094,214.4091339111328,214.82638549804688,11509947
2013-05-21 00:00:00+05:30,214.4091339111328,215.30784606933594,211.10311889648438,212.48329162597656,8003621
2013-05-22 00:00:00+05:30,211.2957000732422,216.3349609375,211.2957000732422,215.40414428710938,10133253
2013-05-23 00:00:00+05:30,214.02395629882812,215.66091918945312,212.0660400390625,213.4462127685547,8023579
2013-05-24 00:00:00+05:30,214.4091339111328,214.5054168701172,211.00682067871094,211.77716064453125,11023742
2013-05-27 00:00:00+05:30,211.8413543701172,214.79429626464844,211.5203857421875,214.34494018554688,8316915
2013-05-28 00:00:00+05:30,213.54251098632812,219.44837951660156,213.51040649414062,218.2607879638672,8513216
2013-05-29 00:00:00+05:30,218.90272521972656,220.2829132080078,216.6238250732422,219.96194458007812,7100118
2013-05-30 00:00:00+05:30,219.80145263671875,228.4676971435547,219.48048400878906,227.44058227539062,17541039
2013-05-31 00:00:00+05:30,225.6431427001953,225.6431427001953,217.362060546875,218.19659423828125,11554816
2013-06-03 00:00:00+05:30,218.6780548095703,219.48048400878906,213.89556884765625,215.72511291503906,7558341
2013-06-04 00:00:00+05:30,215.5967254638672,217.42626953125,215.11526489257812,216.5275421142578,9610688
2013-06-05 00:00:00+05:30,215.37203979492188,216.3028564453125,212.0660400390625,214.4091339111328,8687291
2013-06-06 00:00:00+05:30,214.4091339111328,216.17446899414062,211.90554809570312,214.98687744140625,6641257
2013-06-07 00:00:00+05:30,213.76718139648438,217.29786682128906,212.57958984375,214.31283569335938,6774172
2013-06-10 00:00:00+05:30,214.44122314453125,216.97689819335938,214.31283569335938,216.3349609375,4959399
2013-06-11 00:00:00+05:30,214.9226837158203,216.4954376220703,213.76718139648438,214.63380432128906,10251272
2013-06-12 00:00:00+05:30,213.6387939453125,214.3770294189453,210.58956909179688,212.48329162597656,10494305
2013-06-13 00:00:00+05:30,211.2957000732422,212.0660400390625,207.66871643066406,209.91552734375,12828233
2013-06-14 00:00:00+05:30,211.45619201660156,213.76718139648438,209.43406677246094,212.96475219726562,8419326
2013-06-17 00:00:00+05:30,213.6387939453125,213.6387939453125,209.3377685546875,213.02894592285156,5305728
2013-06-18 00:00:00+05:30,212.19442749023438,213.18943786621094,210.7500457763672,211.93765258789062,8416458
2013-06-19 00:00:00+05:30,211.8092498779297,212.29071044921875,210.04391479492188,211.77716064453125,7072114
2013-06-20 00:00:00+05:30,210.461181640625,210.49327087402344,204.77996826171875,207.15516662597656,16222500
2013-06-21 00:00:00+05:30,206.705810546875,208.5032501220703,203.8170623779297,206.93048095703125,10469359
2013-06-24 00:00:00+05:30,205.6466064453125,209.0167999267578,199.86911010742188,201.82704162597656,13174419
2013-06-25 00:00:00+05:30,203.17510986328125,206.38482666015625,199.64442443847656,205.22933959960938,12938648
2013-06-26 00:00:00+05:30,206.54531860351562,209.85133361816406,204.58738708496094,207.31565856933594,13696270
2013-06-27 00:00:00+05:30,209.20938110351562,209.85133361816406,203.52818298339844,206.5132293701172,16042871
2013-06-28 00:00:00+05:30,207.09097290039062,211.8413543701172,206.22434997558594,208.21437072753906,14351872
2013-07-01 00:00:00+05:30,208.6316375732422,209.78713989257812,207.0267791748047,209.24148559570312,13805909
2013-07-02 00:00:00+05:30,208.6316375732422,209.62664794921875,207.0267791748047,208.53533935546875,9378833
2013-07-03 00:00:00+05:30,207.86129760742188,210.2364959716797,205.51820373535156,209.49826049804688,10526108
2013-07-04 00:00:00+05:30,209.59454345703125,218.1324005126953,209.49826049804688,217.52255249023438,10017235
2013-07-05 00:00:00+05:30,219.544677734375,221.4705047607422,218.6459503173828,219.92984008789062,7077513
2013-07-08 00:00:00+05:30,219.0311279296875,223.78150939941406,217.45835876464844,222.5618133544922,8258683
2013-07-09 00:00:00+05:30,221.75938415527344,224.5839385986328,221.75938415527344,223.04327392578125,7207959
2013-07-10 00:00:00+05:30,223.97409057617188,223.97409057617188,220.2508087158203,221.82357788085938,6978260
2013-07-11 00:00:00+05:30,225.86781311035156,227.50477600097656,221.9840545654297,226.86282348632812,7181688
2013-07-12 00:00:00+05:30,226.76654052734375,226.76654052734375,223.13955688476562,225.0653839111328,6640357
2013-07-15 00:00:00+05:30,226.1887969970703,226.8307342529297,223.2679443359375,226.34927368164062,6913287
2013-07-16 00:00:00+05:30,223.39633178710938,232.383544921875,223.39633178710938,231.1317596435547,10138682
2013-07-17 00:00:00+05:30,231.74160766601562,237.77586364746094,231.58111572265625,236.4598846435547,18657124
2013-07-18 00:00:00+05:30,236.39569091796875,238.73878479003906,234.1809844970703,236.6524658203125,11876973
2013-07-19 00:00:00+05:30,236.55618286132812,238.73878479003906,234.43775939941406,236.90924072265625,8416022
2013-07-22 00:00:00+05:30,235.75375366210938,237.84005737304688,235.2401885986328,236.74876403808594,6178646
2013-07-23 00:00:00+05:30,237.7437744140625,241.43495178222656,237.16603088378906,241.21026611328125,7698275
2013-07-24 00:00:00+05:30,241.04978942871094,243.9385223388672,236.81295776367188,241.24237060546875,11098230
2013-07-25 00:00:00+05:30,240.02267456054688,240.0868682861328,228.37139892578125,230.39352416992188,22053243
2013-07-26 00:00:00+05:30,231.5169219970703,239.28443908691406,224.45553588867188,236.3314971923828,18237723
2013-07-29 00:00:00+05:30,234.3093719482422,236.04261779785156,228.2751007080078,229.78367614746094,8271173
2013-07-30 00:00:00+05:30,228.2751007080078,230.20094299316406,224.0382843017578,225.0653839111328,5800384
2013-07-31 00:00:00+05:30,224.6802215576172,227.82574462890625,215.72511291503906,219.3520965576172,20733349
2013-08-01 00:00:00+05:30,220.50758361816406,224.07037353515625,216.36705017089844,217.87562561035156,9914519
2013-08-02 00:00:00+05:30,218.2607879638672,220.8285675048828,211.61666870117188,213.73509216308594,9392407
2013-08-05 00:00:00+05:30,213.92767333984375,218.87063598632812,213.22152709960938,215.30784606933594,8968417
2013-08-06 00:00:00+05:30,215.2757568359375,215.5646209716797,211.1994171142578,212.00184631347656,11537641
2013-08-07 00:00:00+05:30,212.48329162597656,213.60670471191406,204.45899963378906,206.77000427246094,12292430
2013-08-08 00:00:00+05:30,206.77000427246094,210.04391479492188,205.67869567871094,208.8563232421875,9466948
2013-08-12 00:00:00+05:30,211.77716064453125,216.6559295654297,208.6316375732422,215.4683380126953,19052782
2013-08-13 00:00:00+05:30,216.59173583984375,217.7472381591797,213.51040649414062,214.5375213623047,15484074
2013-08-14 00:00:00+05:30,213.8634796142578,216.3349609375,211.26361083984375,214.95477294921875,10010708
2013-08-16 00:00:00+05:30,214.4091339111328,216.97689819335938,203.8170623779297,205.67869567871094,18695389
2013-08-19 00:00:00+05:30,205.67869567871094,206.60951232910156,199.0024871826172,201.5060577392578,12856446
2013-08-20 00:00:00+05:30,200.41476440429688,207.15516662597656,194.50888061523438,202.40478515625,19429002
2013-08-21 00:00:00+05:30,205.4219207763672,205.99966430664062,190.111572265625,193.1287078857422,15496832
2013-08-22 00:00:00+05:30,193.22499084472656,199.45184326171875,186.1636199951172,197.68649291992188,20889755
2013-08-23 00:00:00+05:30,198.16795349121094,198.90618896484375,193.25709533691406,198.03956604003906,15306783
2013-08-26 00:00:00+05:30,199.1629638671875,200.70362854003906,196.46681213378906,197.3976287841797,9031368
2013-08-27 00:00:00+05:30,196.59519958496094,196.91616821289062,186.58087158203125,191.23497009277344,17972729
2013-08-28 00:00:00+05:30,190.01527404785156,195.6643829345703,183.08229064941406,191.42755126953125,21508924
2013-08-29 00:00:00+05:30,192.39047241210938,198.36053466796875,189.3733367919922,196.1458282470703,18027050
2013-08-30 00:00:00+05:30,196.43470764160156,200.286376953125,192.5830535888672,198.16795349121094,17712666
2013-09-02 00:00:00+05:30,199.0024871826172,207.86129760742188,198.23214721679688,205.67869567871094,14240134
2013-09-03 00:00:00+05:30,206.3206329345703,207.7650146484375,189.7584991455078,193.03240966796875,20983697
2013-09-04 00:00:00+05:30,195.7927703857422,195.7927703857422,188.474609375,192.48675537109375,21763209
2013-09-05 00:00:00+05:30,197.55810546875,203.1109161376953,197.3976287841797,200.38265991210938,14149234
2013-09-06 00:00:00+05:30,200.92831420898438,204.65158081054688,199.195068359375,203.1109161376953,11458530
2013-09-10 00:00:00+05:30,205.4219207763672,217.23367309570312,204.77996826171875,215.62881469726562,18861194
2013-09-11 00:00:00+05:30,215.69300842285156,216.3349609375,209.94761657714844,211.8092498779297,11738218
2013-09-12 00:00:00+05:30,212.96475219726562,217.55465698242188,211.35989379882812,216.0139923095703,16830618
2013-09-13 00:00:00+05:30,216.880615234375,217.55465698242188,211.8092498779297,212.70797729492188,11429753
2013-09-16 00:00:00+05:30,215.08316040039062,217.6188507080078,212.0660400390625,214.3770294189453,11057970
2013-09-17 00:00:00+05:30,213.18943786621094,218.1324005126953,212.83636474609375,217.42626953125,6832496
2013-09-18 00:00:00+05:30,218.90272521972656,221.4705047607422,217.7472381591797,220.53968811035156,10523047
2013-09-19 00:00:00+05:30,223.65310668945312,228.8528594970703,223.55682373046875,228.17881774902344,15353164
2013-09-20 00:00:00+05:30,227.82574462890625,229.81576538085938,222.30503845214844,228.08251953125,13341518
2013-09-23 00:00:00+05:30,225.38636779785156,229.173828125,222.5297088623047,224.5839385986328,8171977
2013-09-24 00:00:00+05:30,222.9469757080078,227.0233154296875,221.59889221191406,224.0061798095703,13086701
2013-09-25 00:00:00+05:30,224.3592529296875,224.6802215576172,216.23866271972656,221.3100128173828,11272774
2013-09-26 00:00:00+05:30,220.3791961669922,224.6802215576172,218.90272521972656,224.23086547851562,12304592
2013-09-27 00:00:00+05:30,225.2579803466797,225.2579803466797,221.5026092529297,223.33213806152344,8599981
2013-09-30 00:00:00+05:30,221.6951904296875,222.4334259033203,217.2015838623047,218.51756286621094,8652819
2013-10-01 00:00:00+05:30,218.4854736328125,220.50758361816406,216.97689819335938,220.18661499023438,6647152
2013-10-03 00:00:00+05:30,222.11244201660156,222.11244201660156,216.3349609375,217.45835876464844,12020302
2013-10-04 00:00:00+05:30,217.45835876464844,219.38418579101562,215.2757568359375,218.16448974609375,6919912
2013-10-07 00:00:00+05:30,217.55465698242188,218.87063598632812,213.125244140625,218.2928924560547,8143249
2013-10-08 00:00:00+05:30,219.7051544189453,223.8135986328125,218.00401306152344,223.17166137695312,8714072
2013-10-09 00:00:00+05:30,223.0753631591797,225.00119018554688,220.53968811035156,223.74940490722656,8084153
2013-10-10 00:00:00+05:30,222.5618133544922,225.1937713623047,221.27792358398438,222.85067749023438,5327196
2013-10-11 00:00:00+05:30,223.78150939941406,224.64813232421875,218.71014404296875,219.67306518554688,5551234
2013-10-14 00:00:00+05:30,220.50758361816406,220.50758361816406,217.3941650390625,218.1324005126953,4174761
2013-10-15 00:00:00+05:30,217.6188507080078,220.0582275390625,213.9918670654297,218.2607879638672,7804813
2013-10-17 00:00:00+05:30,218.2607879638672,222.4334259033203,217.7472381591797,221.79147338867188,7001561
2013-10-18 00:00:00+05:30,223.20375061035156,228.59608459472656,221.56680297851562,227.60105895996094,12205708
2013-10-21 00:00:00+05:30,227.8899383544922,228.53189086914062,220.18661499023438,221.27792358398438,10146755
2013-10-22 00:00:00+05:30,219.80145263671875,221.3421173095703,218.58175659179688,219.25579833984375,6778420
2013-10-23 00:00:00+05:30,219.64096069335938,221.1495361328125,217.29786682128906,219.28790283203125,7369486
2013-10-24 00:00:00+05:30,219.80145263671875,223.6210174560547,218.38917541503906,220.02613830566406,10032443
2013-10-25 00:00:00+05:30,221.40631103515625,222.75439453125,215.69300842285156,218.2928924560547,9141374
2013-10-28 00:00:00+05:30,216.97689819335938,216.97689819335938,209.46615600585938,210.52537536621094,20979323
2013-10-29 00:00:00+05:30,210.1081085205078,213.15733337402344,207.34774780273438,210.49327087402344,17718103
2013-10-30 00:00:00+05:30,211.5203857421875,214.08815002441406,208.98471069335938,213.8313751220703,16308034
2013-10-31 00:00:00+05:30,212.70797729492188,216.0139923095703,212.0660400390625,215.0510711669922,17085463
2013-11-01 00:00:00+05:30,213.8634796142578,214.4091339111328,209.91552734375,210.58956909179688,10738775
2013-11-05 00:00:00+05:30,211.26361083984375,211.77716064453125,204.2022247314453,204.77996826171875,20264398
2013-11-06 00:00:00+05:30,205.4219207763672,207.05886840820312,203.62448120117188,204.58738708496094,9455959
2013-11-07 00:00:00+05:30,204.81207275390625,207.86129760742188,202.2122039794922,205.71080017089844,11236270
2013-11-08 00:00:00+05:30,205.9675750732422,207.79710388183594,203.62448120117188,205.13304138183594,6918568
2013-11-11 00:00:00+05:30,204.07383728027344,206.64161682128906,200.9925079345703,203.2714080810547,9778374
2013-11-12 00:00:00+05:30,204.13803100585938,205.99966430664062,203.36770629882812,205.35772705078125,6633652
2013-11-13 00:00:00+05:30,205.4219207763672,205.4219207763672,201.24928283691406,201.6665496826172,7681690
2013-11-14 00:00:00+05:30,200.286376953125,204.13803100585938,200.286376953125,201.859130859375,6680746
2013-11-18 00:00:00+05:30,202.85414123535156,209.91552734375,202.85414123535156,209.3377685546875,13010277
2013-11-19 00:00:00+05:30,209.85133361816406,210.33277893066406,207.0267791748047,207.66871643066406,7460717
2013-11-20 00:00:00+05:30,207.5724334716797,209.1772918701172,205.4219207763672,205.90338134765625,11691152
2013-11-21 00:00:00+05:30,204.97256469726562,205.4219207763672,199.7086181640625,200.89620971679688,10374316
2013-11-22 00:00:00+05:30,202.1800994873047,202.78994750976562,197.55810546875,198.16795349121094,9296542
2013-11-25 00:00:00+05:30,199.86911010742188,203.43190002441406,199.64442443847656,202.98252868652344,6767726
2013-11-26 00:00:00+05:30,202.3726806640625,202.98252868652344,198.39263916015625,199.48394775390625,10613086
2013-11-27 00:00:00+05:30,198.39263916015625,202.34059143066406,198.39263916015625,201.6665496826172,7647866
2013-11-28 00:00:00+05:30,202.85414123535156,203.36770629882812,200.286376953125,201.24928283691406,10565222
2013-11-29 00:00:00+05:30,200.9604034423828,206.06385803222656,200.9604034423828,205.67869567871094,7762627
2013-12-02 00:00:00+05:30,206.03176879882812,207.79710388183594,204.5552978515625,206.38482666015625,5281591
2013-12-03 00:00:00+05:30,206.6737060546875,206.6737060546875,203.7849578857422,204.9083709716797,5785728
2013-12-04 00:00:00+05:30,204.77996826171875,205.03675842285156,200.19007873535156,200.83201599121094,6843370
2013-12-05 00:00:00+05:30,202.85414123535156,204.42691040039062,197.42971801757812,198.20005798339844,16005883
2013-12-06 00:00:00+05:30,198.8419952392578,200.51104736328125,198.00747680664062,199.67652893066406,13210184
2013-12-09 00:00:00+05:30,202.85414123535156,203.88125610351562,199.4197540283203,200.9604034423828,9736518
2013-12-10 00:00:00+05:30,201.08880615234375,204.45899963378906,200.92831420898438,204.07383728027344,16726976
2013-12-11 00:00:00+05:30,203.49609375,206.54531860351562,203.49609375,205.9675750732422,10911954
2013-12-12 00:00:00+05:30,205.9675750732422,206.705810546875,202.66156005859375,203.36770629882812,6493545
2013-12-13 00:00:00+05:30,202.5973663330078,203.8170623779297,200.51104736328125,202.40478515625,7430787
2013-12-16 00:00:00+05:30,201.79493713378906,202.2122039794922,199.45184326171875,200.7999267578125,6639191
2013-12-17 00:00:00+05:30,202.11590576171875,202.7578582763672,200.35057067871094,202.40478515625,8485441
2013-12-18 00:00:00+05:30,202.40478515625,203.91334533691406,200.7999267578125,202.56527709960938,12437966
2013-12-19 00:00:00+05:30,203.49609375,203.8170623779297,199.7086181640625,201.3455810546875,11657325
2013-12-20 00:00:00+05:30,201.57025146484375,202.78994750976562,199.22715759277344,202.34059143066406,15604452
2013-12-23 00:00:00+05:30,202.34059143066406,205.35772705078125,202.11590576171875,204.9083709716797,9074237
2013-12-24 00:00:00+05:30,205.2614288330078,205.4219207763672,203.8170623779297,204.81207275390625,6855665
2013-12-26 00:00:00+05:30,204.8441619873047,206.3206329345703,203.94544982910156,205.5823974609375,16056626
2013-12-27 00:00:00+05:30,206.06385803222656,207.7650146484375,205.4219207763672,206.9946746826172,8496764
2013-12-30 00:00:00+05:30,206.705810546875,207.98968505859375,205.4219207763672,206.96258544921875,5980792
2013-12-31 00:00:00+05:30,207.34774780273438,207.98968505859375,205.614501953125,206.60951232910156,5407304
2014-01-01 00:00:00+05:30,206.8983917236328,207.60452270507812,206.1280517578125,206.96258544921875,1930884
2014-01-02 00:00:00+05:30,206.93048095703125,208.6316375732422,201.76284790039062,202.1800994873047,7046088
2014-01-03 00:00:00+05:30,202.2122039794922,202.85414123535156,199.22715759277344,202.0517120361328,12462028
2014-01-06 00:00:00+05:30,202.2122039794922,203.3035125732422,201.24928283691406,202.6294708251953,8469206
2014-01-07 00:00:00+05:30,203.17510986328125,203.75286865234375,200.767822265625,203.3035125732422,8078735
2014-01-08 00:00:00+05:30,203.8170623779297,204.13803100585938,201.40977478027344,203.39979553222656,7763390
2014-01-09 00:00:00+05:30,203.3035125732422,203.3035125732422,200.70362854003906,202.5973663330078,7959027
2014-01-10 00:00:00+05:30,203.94544982910156,208.3106689453125,201.57025146484375,207.09097290039062,9541138
2014-01-13 00:00:00+05:30,207.73291015625,209.46615600585938,207.09097290039062,208.92051696777344,6603277
2014-01-14 00:00:00+05:30,209.27357482910156,211.8413543701172,207.89340209960938,208.278564453125,7859778
2014-01-15 00:00:00+05:30,208.69583129882812,211.5203857421875,206.28854370117188,211.10311889648438,9189578
2014-01-16 00:00:00+05:30,211.1994171142578,212.41909790039062,207.7650146484375,208.95260620117188,4928354
2014-01-17 00:00:00+05:30,209.27357482910156,210.55746459960938,207.0267791748047,208.53533935546875,11712237
2014-01-20 00:00:00+05:30,208.3106689453125,212.16232299804688,207.4119415283203,211.96974182128906,8938669
2014-01-21 00:00:00+05:30,212.00184631347656,213.34991455078125,210.87843322753906,211.23150634765625,7243659
2014-01-22 00:00:00+05:30,210.87843322753906,211.03892517089844,207.2193603515625,210.14019775390625,11806241
2014-01-23 00:00:00+05:30,209.49826049804688,211.8413543701172,208.82421875,211.1673126220703,6535486
2014-01-24 00:00:00+05:30,210.49327087402344,212.09812927246094,207.60452270507812,208.15017700195312,5324998
2014-01-27 00:00:00+05:30,205.74288940429688,208.95260620117188,204.5552978515625,208.1180877685547,9599991
2014-01-28 00:00:00+05:30,208.0859832763672,210.52537536621094,204.7157745361328,209.6908416748047,13619641
2014-01-29 00:00:00+05:30,210.1081085205078,210.87843322753906,208.1180877685547,208.6316375732422,9476826
2014-01-30 00:00:00+05:30,206.41693115234375,209.08099365234375,204.13803100585938,208.37486267089844,15933336
2014-01-31 00:00:00+05:30,208.56744384765625,209.08099365234375,206.77000427246094,208.69583129882812,9742894
2014-02-03 00:00:00+05:30,207.12306213378906,208.4711456298828,205.22933959960938,205.614501953125,6870129
2014-02-04 00:00:00+05:30,204.45899963378906,209.11309814453125,202.78994750976562,208.56744384765625,13377546
2014-02-05 00:00:00+05:30,207.0267791748047,208.4711456298828,203.8170623779297,204.7478790283203,9475363
2014-02-06 00:00:00+05:30,205.4219207763672,208.82421875,203.17510986328125,208.34275817871094,12047787
2014-02-07 00:00:00+05:30,209.91552734375,209.91552734375,205.55030822753906,207.63662719726562,12389542
2014-02-10 00:00:00+05:30,207.05886840820312,208.8563232421875,206.06385803222656,208.6316375732422,7082805
2014-02-11 00:00:00+05:30,208.05389404296875,209.43406677246094,207.05886840820312,208.69583129882812,7869507
2014-02-12 00:00:00+05:30,208.95260620117188,209.91552734375,204.77996826171875,205.77499389648438,9472266
2014-02-13 00:00:00+05:30,205.87127685546875,207.34774780273438,202.3726806640625,203.43190002441406,4303860
2014-02-14 00:00:00+05:30,204.2022247314453,205.614501953125,202.01962280273438,205.2935333251953,6031797
2014-02-17 00:00:00+05:30,206.06385803222656,206.8662872314453,203.84915161132812,205.48611450195312,5141648
2014-02-18 00:00:00+05:30,205.4219207763672,206.41693115234375,202.950439453125,203.43190002441406,6074237
2014-02-19 00:00:00+05:30,204.0096435546875,204.68368530273438,202.9183349609375,203.2714080810547,3359398
2014-02-20 00:00:00+05:30,202.85414123535156,203.4639892578125,199.9011993408203,200.19007873535156,7077222
2014-02-21 00:00:00+05:30,201.24928283691406,204.04173278808594,200.67153930664062,203.88125610351562,7146272
2014-02-24 00:00:00+05:30,202.85414123535156,205.74288940429688,202.85414123535156,205.45401000976562,4309197
2014-02-25 00:00:00+05:30,204.8441619873047,206.96258544921875,204.8441619873047,206.6737060546875,5560257
2014-02-26 00:00:00+05:30,207.2193603515625,211.74505615234375,207.0267791748047,211.03892517089844,12391503
2014-02-28 00:00:00+05:30,208.5995330810547,213.125244140625,208.5995330810547,210.33277893066406,12367281
2014-03-03 00:00:00+05:30,210.4290771484375,212.45120239257812,209.30567932128906,211.3278045654297,9759053
2014-03-04 00:00:00+05:30,212.09812927246094,214.4091339111328,210.68585205078125,212.9005584716797,9650893
2014-03-05 00:00:00+05:30,212.96475219726562,214.3770294189453,211.48828125,213.9597625732422,6304100
2014-03-06 00:00:00+05:30,213.57460021972656,215.14736938476562,212.0660400390625,214.76219177246094,5899637
2014-03-07 00:00:00+05:30,213.18943786621094,217.87562561035156,212.48329162597656,217.0731964111328,20820893
2014-03-10 00:00:00+05:30,215.69300842285156,216.97689819335938,214.56961059570312,215.4362335205078,9347006
2014-03-11 00:00:00+05:30,215.30784606933594,215.88558959960938,211.07101440429688,214.4091339111328,9354714
2014-03-12 00:00:00+05:30,214.60171508789062,220.18661499023438,214.56961059570312,218.90272521972656,10726780
2014-03-13 00:00:00+05:30,219.12741088867188,222.62600708007812,219.09532165527344,220.44338989257812,6257265
2014-03-14 00:00:00+05:30,219.60887145996094,223.4926300048828,218.2607879638672,222.88278198242188,6897445
2014-03-18 00:00:00+05:30,224.6802215576172,229.173828125,223.17166137695312,228.4676971435547,13749124
2014-03-19 00:00:00+05:30,228.53189086914062,231.0996551513672,228.24301147460938,230.90707397460938,8840284
2014-03-20 00:00:00+05:30,230.16883850097656,230.16883850097656,226.1566925048828,228.40350341796875,11469950
2014-03-21 00:00:00+05:30,228.8528594970703,230.26513671875,226.3171844482422,229.62318420410156,11193774
2014-03-24 00:00:00+05:30,228.56398010253906,233.21807861328125,228.1146240234375,231.5169219970703,10948547
2014-03-25 00:00:00+05:30,230.4577178955078,234.3093719482422,230.26513671875,232.8970947265625,9008127
2014-03-26 00:00:00+05:30,233.02548217773438,233.37855529785156,227.08750915527344,230.48980712890625,15149289
2014-03-27 00:00:00+05:30,230.4577178955078,232.83290100097656,228.56398010253906,231.03546142578125,26459965
2014-03-28 00:00:00+05:30,232.0625762939453,232.0625762939453,227.2480010986328,230.10464477539062,9733769
2014-03-31 00:00:00+05:30,230.5540008544922,231.74160766601562,224.45553588867188,226.509765625,12461507
2014-04-01 00:00:00+05:30,226.92703247070312,226.99122619628906,222.0161590576172,225.9320068359375,10255405
2014-04-02 00:00:00+05:30,226.34927368164062,226.60604858398438,218.4854736328125,221.05323791503906,26083709
2014-04-03 00:00:00+05:30,221.21372985839844,223.17166137695312,218.74224853515625,222.04824829101562,10760165
2014-04-04 00:00:00+05:30,222.69020080566406,223.90989685058594,219.7372589111328,221.3100128173828,10707643
2014-04-07 00:00:00+05:30,221.3100128173828,222.62600708007812,218.6780548095703,221.75938415527344,11748896
2014-04-09 00:00:00+05:30,221.8556671142578,224.3592529296875,220.18661499023438,223.36424255371094,9400948
2014-04-10 00:00:00+05:30,223.52471923828125,224.48764038085938,220.18661499023438,220.73226928710938,11032927
2014-04-11 00:00:00+05:30,220.0582275390625,221.3421173095703,218.4854736328125,220.50758361816406,12132005
2014-04-15 00:00:00+05:30,219.99403381347656,220.7964630126953,216.1423797607422,218.87063598632812,7200749
2014-04-16 00:00:00+05:30,218.87063598632812,223.17166137695312,218.87063598632812,222.14454650878906,6787207
2014-04-17 00:00:00+05:30,222.88278198242188,227.08750915527344,220.8285675048828,226.76654052734375,8527505
2014-04-21 00:00:00+05:30,226.22088623046875,228.33929443359375,224.10247802734375,226.86282348632812,6880755
2014-04-22 00:00:00+05:30,226.54185485839844,227.28009033203125,224.07037353515625,225.16168212890625,5147127
2014-04-23 00:00:00+05:30,225.964111328125,227.8899383544922,223.74940490722656,226.73443603515625,11759510
2014-04-24 00:00:00+05:30,226.73443603515625,226.73443603515625,226.73443603515625,226.73443603515625,0
2014-04-25 00:00:00+05:30,227.055419921875,228.53189086914062,219.8656463623047,220.47549438476562,7124547
2014-04-28 00:00:00+05:30,221.75938415527344,221.75938415527344,218.2607879638672,219.544677734375,7566809
2014-04-29 00:00:00+05:30,218.90272521972656,220.12242126464844,217.29786682128906,218.453369140625,6681067
2014-04-30 00:00:00+05:30,218.453369140625,221.43841552734375,217.362060546875,218.74224853515625,6704337
2014-05-02 00:00:00+05:30,218.9669189453125,219.8656463623047,218.2607879638672,218.42127990722656,4510618
2014-05-05 00:00:00+05:30,218.58175659179688,221.79147338867188,218.58175659179688,221.27792358398438,6812515
2014-05-06 00:00:00+05:30,222.11244201660156,225.32217407226562,221.6630859375,223.36424255371094,7776414
2014-05-07 00:00:00+05:30,223.39633178710938,224.93699645996094,221.79147338867188,222.5297088623047,7307541
2014-05-08 00:00:00+05:30,222.75439453125,223.300048828125,218.6459503173828,219.64096069335938,8634471
2014-05-09 00:00:00+05:30,220.0582275390625,224.1666717529297,219.06321716308594,221.82357788085938,8210979
2014-05-12 00:00:00+05:30,221.6951904296875,231.0996551513672,221.4705047607422,230.5540008544922,11539433
2014-05-13 00:00:00+05:30,231.0996551513672,234.2130889892578,229.81576538085938,231.6453094482422,11467467
2014-05-14 00:00:00+05:30,231.93418884277344,236.8771514892578,231.93418884277344,234.7266387939453,10709542
2014-05-15 00:00:00+05:30,234.7266387939453,237.32650756835938,233.7637176513672,236.3314971923828,9930518
2014-05-16 00:00:00+05:30,237.3907012939453,248.7530975341797,226.2850799560547,229.1417236328125,40343155
2014-05-19 00:00:00+05:30,231.0996551513672,231.74160766601562,216.0139923095703,217.0410919189453,25167174
2014-05-20 00:00:00+05:30,219.544677734375,227.8899383544922,214.76219177246094,218.8064422607422,9597444
2014-05-21 00:00:00+05:30,217.97190856933594,220.12242126464844,217.42626953125,219.3199920654297,11070806
2014-05-22 00:00:00+05:30,220.18661499023438,223.0753631591797,218.4854736328125,221.9840545654297,10932427
2014-05-23 00:00:00+05:30,224.0382843017578,224.1666717529297,218.71014404296875,220.2508087158203,10369650
2014-05-26 00:00:00+05:30,221.9840545654297,223.2679443359375,218.35708618164062,221.24581909179688,12807080
2014-05-27 00:00:00+05:30,221.4705047607422,223.13955688476562,219.67306518554688,220.70018005371094,7111658
2014-05-28 00:00:00+05:30,220.8285675048828,220.9569549560547,218.6459503173828,220.09033203125,6491105
2014-05-29 00:00:00+05:30,221.4705047607422,223.39633178710938,218.51756286621094,219.8656463623047,15904432
2014-05-30 00:00:00+05:30,221.3421173095703,221.3421173095703,215.789306640625,219.38418579101562,11472325
2014-06-02 00:00:00+05:30,219.544677734375,220.2508087158203,215.30784606933594,216.1102752685547,11280670
2014-06-03 00:00:00+05:30,213.9597625732422,215.37203979492188,212.48329162597656,214.02395629882812,11193101
2014-06-04 00:00:00+05:30,213.4462127685547,214.28074645996094,211.03892517089844,212.45120239257812,15654413
2014-06-05 00:00:00+05:30,212.51539611816406,215.62881469726562,209.27357482910156,214.24864196777344,22003710
2014-06-06 00:00:00+05:30,215.0510711669922,217.52255249023438,213.79928588867188,216.1423797607422,16024262
2014-06-09 00:00:00+05:30,217.362060546875,218.8064422607422,215.24365234375,216.94480895996094,12511733
2014-06-10 00:00:00+05:30,217.6188507080078,218.2286834716797,214.76219177246094,216.55963134765625,8811973
2014-06-11 00:00:00+05:30,217.6188507080078,218.06820678710938,212.16232299804688,213.9597625732422,17591289
2014-06-12 00:00:00+05:30,214.4091339111328,215.82139587402344,212.57958984375,214.47332763671875,10194744
2014-06-13 00:00:00+05:30,216.23866271972656,216.23866271972656,213.02894592285156,213.51040649414062,8416552
2014-06-16 00:00:00+05:30,214.56961059570312,216.59173583984375,213.6387939453125,215.82139587402344,10149136
2014-06-17 00:00:00+05:30,215.66091918945312,217.0731964111328,214.63380432128906,215.72511291503906,6098558
2014-06-18 00:00:00+05:30,215.9818878173828,216.20657348632812,213.2857208251953,213.73509216308594,6865546
2014-06-19 00:00:00+05:30,214.95477294921875,216.27076721191406,213.89556884765625,215.85350036621094,8788560
2014-06-20 00:00:00+05:30,216.0139923095703,217.13739013671875,214.02395629882812,215.50042724609375,6990450
2014-06-23 00:00:00+05:30,215.0510711669922,215.0510711669922,200.6073455810547,202.1800994873047,33376555
2014-06-24 00:00:00+05:30,202.2122039794922,207.15516662597656,202.2122039794922,205.74288940429688,18077894
2014-06-25 00:00:00+05:30,204.8441619873047,205.22933959960938,202.53317260742188,202.88624572753906,13574151
2014-06-26 00:00:00+05:30,202.2122039794922,204.04173278808594,201.24928283691406,203.01463317871094,13659957
2014-06-27 00:00:00+05:30,203.49609375,206.03176879882812,202.9183349609375,205.2614288330078,11439941
2014-06-30 00:00:00+05:30,205.8070831298828,210.17230224609375,205.77499389648438,208.66372680664062,22314069
2014-07-01 00:00:00+05:30,210.30068969726562,210.30068969726562,207.98968505859375,208.76002502441406,14962757
2014-07-02 00:00:00+05:30,209.369873046875,211.96974182128906,208.95260620117188,211.42408752441406,9306027
2014-07-03 00:00:00+05:30,211.5203857421875,213.54251098632812,211.07101440429688,212.70797729492188,10115952
2014-07-04 00:00:00+05:30,213.25363159179688,215.11526489257812,211.8092498779297,214.02395629882812,10708319
2014-07-07 00:00:00+05:30,214.02395629882812,215.69300842285156,211.64877319335938,214.9226837158203,17027402
2014-07-08 00:00:00+05:30,214.4091339111328,216.6238250732422,212.8042755126953,215.5646209716797,15803786
2014-07-09 00:00:00+05:30,216.0139923095703,220.18661499023438,215.50042724609375,219.2237091064453,26261085
2014-07-10 00:00:00+05:30,218.61386108398438,224.0382843017578,216.3349609375,219.64096069335938,42430312
2014-07-11 00:00:00+05:30,221.4705047607422,225.00119018554688,220.18661499023438,222.04824829101562,14437515
2014-07-14 00:00:00+05:30,222.91488647460938,224.23086547851562,219.09532165527344,221.43841552734375,6912659
2014-07-15 00:00:00+05:30,221.79147338867188,223.36424255371094,219.15951538085938,219.7693634033203,5904027
2014-07-16 00:00:00+05:30,219.3520965576172,221.59889221191406,218.2607879638672,220.9569549560547,8598157
2014-07-17 00:00:00+05:30,220.2508087158203,222.11244201660156,219.92984008789062,220.98904418945312,5706924
2014-07-18 00:00:00+05:30,220.18661499023438,222.75439453125,219.3520965576172,220.89276123046875,6100526
2014-07-21 00:00:00+05:30,221.4705047607422,224.6802215576172,220.89276123046875,224.5839385986328,8177341
2014-07-22 00:00:00+05:30,225.32217407226562,227.15170288085938,224.48764038085938,226.54185485839844,8148776
2014-07-23 00:00:00+05:30,226.92703247070312,227.8899383544922,224.1345672607422,227.0233154296875,8044919
2014-07-24 00:00:00+05:30,227.2480010986328,229.23802185058594,226.2850799560547,228.8207550048828,6278041
2014-07-25 00:00:00+05:30,229.173828125,230.5861053466797,226.22088623046875,229.3664093017578,8495970
2014-07-28 00:00:00+05:30,228.05043029785156,229.97625732421875,227.63316345214844,229.30221557617188,4496205
2014-07-30 00:00:00+05:30,231.35643005371094,233.9884033203125,229.75157165527344,230.61819458007812,11848905
2014-07-31 00:00:00+05:30,229.81576538085938,231.0996551513672,227.2480010986328,228.56398010253906,10259935
2014-08-01 00:00:00+05:30,228.53189086914062,229.78367614746094,223.4926300048828,224.39134216308594,9545592
2014-08-04 00:00:00+05:30,227.2480010986328,227.8899383544922,224.23086547851562,227.5689697265625,6475186
2014-08-05 00:00:00+05:30,228.53189086914062,229.30221557617188,223.74940490722656,228.53189086914062,4971636
2014-08-06 00:00:00+05:30,227.50477600097656,228.1146240234375,220.89276123046875,222.14454650878906,7650927
2014-08-07 00:00:00+05:30,222.33712768554688,225.0974884033203,220.47549438476562,222.27293395996094,4920727
2014-08-08 00:00:00+05:30,221.63099670410156,224.3592529296875,220.31500244140625,223.74940490722656,4388250
2014-08-11 00:00:00+05:30,225.00119018554688,225.86781311035156,222.14454650878906,223.20375061035156,5595000
2014-08-12 00:00:00+05:30,224.48764038085938,224.48764038085938,220.50758361816406,222.78648376464844,4348476
2014-08-13 00:00:00+05:30,224.3592529296875,229.81576538085938,223.0753631591797,229.3664093017578,10789938
2014-08-14 00:00:00+05:30,229.07752990722656,232.28724670410156,227.8899383544922,229.07752990722656,6878404
2014-08-18 00:00:00+05:30,227.63316345214844,227.8899383544922,222.46551513671875,225.0974884033203,7225243
2014-08-19 00:00:00+05:30,225.32217407226562,226.1887969970703,222.9790802001953,223.78150939941406,8052736
2014-08-20 00:00:00+05:30,225.32217407226562,225.32217407226562,220.76437377929688,221.43841552734375,7099498
2014-08-21 00:00:00+05:30,221.43841552734375,223.39633178710938,220.98904418945312,222.208740234375,6235710
2014-08-22 00:00:00+05:30,222.27293395996094,223.300048828125,219.25579833984375,220.6038818359375,7123904
2014-08-25 00:00:00+05:30,222.5618133544922,224.6802215576172,220.57179260253906,224.23086547851562,4210814
2014-08-26 00:00:00+05:30,224.64813232421875,227.11961364746094,224.39134216308594,226.25299072265625,6166860
2014-08-27 00:00:00+05:30,227.0233154296875,227.82574462890625,225.54684448242188,226.1887969970703,7417246
2014-08-28 00:00:00+05:30,225.964111328125,229.173828125,225.86781311035156,228.08251953125,13099525
2014-09-01 00:00:00+05:30,229.81576538085938,229.81576538085938,224.45553588867188,225.03329467773438,7340711
2014-09-02 00:00:00+05:30,225.00119018554688,228.6602783203125,224.0382843017578,227.69735717773438,7618002
2014-09-03 00:00:00+05:30,228.08251953125,228.33929443359375,223.5889129638672,223.97409057617188,10204218
2014-09-04 00:00:00+05:30,224.42344665527344,226.509765625,224.10247802734375,224.93699645996094,9127941
2014-09-05 00:00:00+05:30,225.0653839111328,225.964111328125,223.6210174560547,225.1937713623047,7591967
2014-09-08 00:00:00+05:30,226.60604858398438,227.8899383544922,224.84071350097656,227.2158966064453,6563491
2014-09-09 00:00:00+05:30,225.32217407226562,230.84288024902344,225.32217407226562,229.94415283203125,6017390
2014-09-10 00:00:00+05:30,229.173828125,229.173828125,225.16168212890625,225.35426330566406,10499079
2014-09-11 00:00:00+05:30,225.35426330566406,226.57395935058594,224.3592529296875,225.4505615234375,9151782
2014-09-12 00:00:00+05:30,225.4505615234375,229.78367614746094,225.41845703125,228.3072052001953,8462450
2014-09-15 00:00:00+05:30,227.536865234375,227.8899383544922,224.6802215576172,225.7715301513672,6591435
2014-09-16 00:00:00+05:30,225.70733642578125,228.08251953125,224.6802215576172,226.7023468017578,8095323
2014-09-17 00:00:00+05:30,226.92703247070312,230.13674926757812,225.83572387695312,227.72946166992188,9693797
2014-09-18 00:00:00+05:30,227.95413208007812,230.4577178955078,226.73443603515625,230.26513671875,6594580
2014-09-19 00:00:00+05:30,229.81576538085938,231.61322021484375,227.3763885498047,230.71449279785156,8646616
2014-09-22 00:00:00+05:30,230.4577178955078,238.802978515625,229.43060302734375,238.00054931640625,13115537
2014-09-23 00:00:00+05:30,237.5190887451172,240.66461181640625,236.1068115234375,238.03265380859375,14202136
2014-09-24 00:00:00+05:30,237.90426635742188,243.2965850830078,237.77586364746094,242.14108276367188,10508318
2014-09-25 00:00:00+05:30,242.3336639404297,243.87432861328125,238.9955596923828,241.78802490234375,13621698
2014-09-26 00:00:00+05:30,240.43994140625,241.6596221923828,236.62037658691406,238.6103973388672,10573858
2014-09-29 00:00:00+05:30,237.9684600830078,239.38072204589844,233.9884033203125,235.01551818847656,3128759
2014-09-30 00:00:00+05:30,233.92420959472656,239.05975341796875,233.02548217773438,237.64747619628906,10195275
2014-10-01 00:00:00+05:30,237.5190887451172,237.5190887451172,233.2501678466797,233.73162841796875,4091374
2014-10-07 00:00:00+05:30,232.83290100097656,235.20809936523438,229.8799591064453,232.86500549316406,10091137
2014-10-08 00:00:00+05:30,233.02548217773438,236.20310974121094,232.54403686523438,234.7587432861328,8661042
2014-10-09 00:00:00+05:30,234.98341369628906,236.42779541015625,233.57113647460938,234.63034057617188,6208759
2014-10-10 00:00:00+05:30,234.05259704589844,234.501953125,226.1887969970703,226.6702423095703,5365779
2014-10-13 00:00:00+05:30,226.54185485839844,226.54185485839844,222.88278198242188,225.03329467773438,5717478
2014-10-14 00:00:00+05:30,225.03329467773438,225.964111328125,220.50758361816406,222.75439453125,8105627
2014-10-15 00:00:00+05:30,222.75439453125,222.75439453125,222.75439453125,222.75439453125,0
2014-10-16 00:00:00+05:30,221.4705047607422,226.92703247070312,220.47549438476562,226.25299072265625,13245841
2014-10-17 00:00:00+05:30,225.89991760253906,231.03546142578125,225.54684448242188,227.2158966064453,11709385
2014-10-20 00:00:00+05:30,227.8899383544922,229.719482421875,225.1937713623047,225.964111328125,8346354
2014-10-21 00:00:00+05:30,226.02830505371094,226.54185485839844,223.39633178710938,225.54684448242188,6726352
2014-10-22 00:00:00+05:30,226.25299072265625,226.60604858398438,223.71730041503906,224.0382843017578,8451846
2014-10-27 00:00:00+05:30,225.48265075683594,225.57894897460938,223.39633178710938,224.39134216308594,5825822
2014-10-28 00:00:00+05:30,225.48265075683594,225.83572387695312,223.94198608398438,224.77651977539062,5101908
2014-10-29 00:00:00+05:30,226.54185485839844,227.8899383544922,224.872802734375,227.536865234375,7158670
2014-10-30 00:00:00+05:30,226.6702423095703,229.65528869628906,225.6431427001953,227.82574462890625,15426750
2014-10-31 00:00:00+05:30,229.07752990722656,231.0996551513672,226.12460327148438,228.01832580566406,15343260
2014-11-03 00:00:00+05:30,229.10963439941406,229.59109497070312,226.73443603515625,228.17881774902344,7727962
2014-11-05 00:00:00+05:30,228.33929443359375,230.9712677001953,228.21090698242188,230.5540008544922,7884245
2014-11-07 00:00:00+05:30,230.0404510498047,231.42062377929688,226.60604858398438,228.3072052001953,9694742
2014-11-10 00:00:00+05:30,228.53189086914062,239.1239471435547,228.33929443359375,238.6103973388672,24492668
2014-11-11 00:00:00+05:30,237.711669921875,238.93136596679688,232.7366180419922,233.73162841796875,7493377
2014-11-12 00:00:00+05:30,233.82791137695312,237.5190887451172,233.7637176513672,237.1981201171875,6902166
2014-11-13 00:00:00+05:30,238.0647430419922,238.0647430419922,235.17599487304688,236.4598846435547,5038832
2014-11-14 00:00:00+05:30,236.29940795898438,237.9363555908203,235.8179473876953,237.0055389404297,7768029
2014-11-17 00:00:00+05:30,236.8771514892578,238.4499053955078,234.05259704589844,237.64747619628906,6218698
2014-11-18 00:00:00+05:30,237.0376434326172,238.6103973388672,235.9142303466797,237.67958068847656,9904004
2014-11-19 00:00:00+05:30,237.67958068847656,242.17318725585938,235.33648681640625,236.138916015625,13208757
2014-11-20 00:00:00+05:30,236.8771514892578,238.41781616210938,236.29940795898438,237.5511932373047,5258120
2014-11-21 00:00:00+05:30,237.61538696289062,241.8201141357422,237.230224609375,241.467041015625,6902462
2014-11-24 00:00:00+05:30,238.802978515625,241.33865356445312,238.802978515625,240.69671630859375,8904624
2014-11-25 00:00:00+05:30,240.2152557373047,243.16819763183594,223.8135986328125,228.14671325683594,26184187
2014-11-26 00:00:00+05:30,230.13674926757812,235.14390563964844,229.8799591064453,233.2822723388672,22267406
2014-11-27 00:00:00+05:30,232.47984313964844,233.31436157226562,228.05043029785156,231.4848175048828,16590815
2014-11-28 00:00:00+05:30,231.4848175048828,234.95132446289062,231.0996551513672,233.1217803955078,10866476
2014-12-01 00:00:00+05:30,232.47984313964844,235.56117248535156,232.47984313964844,234.05259704589844,8533342
2014-12-02 00:00:00+05:30,233.92420959472656,235.52906799316406,233.41065979003906,234.82293701171875,8924397
2014-12-03 00:00:00+05:30,234.95132446289062,234.95132446289062,229.23802185058594,233.18597412109375,8164612
2014-12-04 00:00:00+05:30,239.47702026367188,246.5063018798828,239.47702026367188,245.9606475830078,27702699
2014-12-05 00:00:00+05:30,245.86436462402344,251.641845703125,245.63967895507812,251.22459411621094,16908709
2014-12-08 00:00:00+05:30,252.4121856689453,256.5848083496094,251.8344268798828,255.36512756347656,15662453
2014-12-09 00:00:00+05:30,255.81448364257812,256.77740478515625,251.51345825195312,253.15042114257812,14415357
2014-12-10 00:00:00+05:30,254.04913330078125,254.5305938720703,248.01486206054688,253.56768798828125,9649673
2014-12-11 00:00:00+05:30,253.56768798828125,256.1033630371094,250.67893981933594,254.59478759765625,11225006
2014-12-12 00:00:00+05:30,254.20962524414062,256.969970703125,252.28379821777344,254.0170440673828,9041914
2014-12-15 00:00:00+05:30,253.56768798828125,256.5848083496094,251.28878784179688,251.9949188232422,8901903
2014-12-16 00:00:00+05:30,249.7160186767578,250.3579559326172,242.5904541015625,244.32369995117188,14072416
2014-12-17 00:00:00+05:30,242.3657684326172,246.95565795898438,235.33648681640625,238.67459106445312,16246094
2014-12-18 00:00:00+05:30,242.97561645507812,242.97561645507812,234.3093719482422,240.6325225830078,6500408
2014-12-19 00:00:00+05:30,241.33865356445312,241.33865356445312,235.9142303466797,236.74876403808594,9788570
2014-12-22 00:00:00+05:30,237.26231384277344,242.7830352783203,236.8771514892578,240.15106201171875,17438456
2014-12-23 00:00:00+05:30,240.0547637939453,242.3336639404297,239.3165283203125,240.50413513183594,5262474
2014-12-24 00:00:00+05:30,240.4078369140625,242.94351196289062,235.75375366210938,238.41781616210938,21419026
2014-12-26 00:00:00+05:30,239.38072204589844,239.38072204589844,235.20809936523438,236.20310974121094,3026088
2014-12-29 00:00:00+05:30,235.65745544433594,238.4499053955078,235.59326171875,237.4228057861328,3433537
2014-12-30 00:00:00+05:30,237.67958068847656,238.4499053955078,235.7858428955078,236.42779541015625,3283195
2014-12-31 00:00:00+05:30,236.8450469970703,237.90426635742188,235.9142303466797,236.6845703125,3824375
2015-01-01 00:00:00+05:30,235.97842407226562,236.81295776367188,234.95132446289062,235.68955993652344,2636761
2015-01-02 00:00:00+05:30,235.75375366210938,237.61538696289062,235.75375366210938,236.42779541015625,6853849
2015-01-05 00:00:00+05:30,236.6845703125,238.67459106445312,235.9463348388672,237.35861206054688,8556295
2015-01-06 00:00:00+05:30,236.6524658203125,237.13392639160156,230.4577178955078,231.26014709472656,13597291
2015-01-07 00:00:00+05:30,229.173828125,233.6674346923828,226.60604858398438,226.95912170410156,12421217
2015-01-08 00:00:00+05:30,228.17881774902344,233.2501678466797,228.17881774902344,232.64031982421875,8774566
2015-01-09 00:00:00+05:30,233.0896759033203,234.8550262451172,226.6702423095703,229.10963439941406,11224780
2015-01-12 00:00:00+05:30,229.46270751953125,231.96627807617188,228.59608459472656,229.719482421875,10249032
2015-01-13 00:00:00+05:30,230.0725555419922,232.1909637451172,229.3664093017578,231.16384887695312,12071158
2015-01-14 00:00:00+05:30,230.90707397460938,230.90707397460938,222.17665100097656,223.2679443359375,16849719
2015-01-15 00:00:00+05:30,226.6702423095703,231.03546142578125,225.2579803466797,229.75157165527344,16665762
2015-01-16 00:00:00+05:30,230.10464477539062,232.3514404296875,227.47267150878906,231.16384887695312,11230052
2015-01-19 00:00:00+05:30,231.0996551513672,232.22305297851562,228.53189086914062,230.32933044433594,7117173
2015-01-20 00:00:00+05:30,230.52191162109375,238.70669555664062,229.8799591064453,238.22523498535156,12477394
2015-01-21 00:00:00+05:30,239.41282653808594,239.41282653808594,224.1666717529297,226.41346740722656,33697892
2015-01-22 00:00:00+05:30,226.60604858398438,230.9712677001953,223.94198608398438,225.0974884033203,30768622
2015-01-23 00:00:00+05:30,226.89492797851562,228.49978637695312,223.90989685058594,224.3271484375,17392494
2015-01-27 00:00:00+05:30,224.6802215576172,231.74160766601562,224.26295471191406,231.19595336914062,26228540
2015-01-28 00:00:00+05:30,231.0996551513672,233.31436157226562,229.5269012451172,232.5761260986328,12792194
2015-01-29 00:00:00+05:30,233.02548217773438,238.802978515625,231.0996551513672,237.64747619628906,21906152
2015-01-30 00:00:00+05:30,237.5190887451172,238.802978515625,233.4427490234375,236.58827209472656,14453148
2015-02-02 00:00:00+05:30,235.59326171875,237.0055389404297,230.71449279785156,231.5169219970703,8820985
2015-02-03 00:00:00+05:30,232.0304718017578,235.59326171875,232.0304718017578,234.98341369628906,6541497
2015-02-04 00:00:00+05:30,235.9142303466797,237.84005737304688,234.5340576171875,235.97842407226562,6030862
2015-02-05 00:00:00+05:30,234.8871307373047,238.86717224121094,233.474853515625,236.81295776367188,9843219
2015-02-06 00:00:00+05:30,235.01551818847656,240.34364318847656,235.01551818847656,239.76589965820312,7606977
2015-02-09 00:00:00+05:30,238.25732421875,239.99057006835938,235.4006805419922,236.17100524902344,7464839
2015-02-10 00:00:00+05:30,236.29940795898438,238.802978515625,235.52906799316406,237.45489501953125,8320305
2015-02-11 00:00:00+05:30,238.19313049316406,239.38072204589844,236.138916015625,238.25732421875,4720532
2015-02-12 00:00:00+05:30,238.802978515625,238.802978515625,234.08470153808594,237.77586364746094,5498120
2015-02-13 00:00:00+05:30,238.2894287109375,243.4570770263672,237.5511932373047,242.68673706054688,9373648
2015-02-16 00:00:00+05:30,242.9114227294922,250.99990844726562,242.65464782714844,250.10118103027344,12053473
2015-02-18 00:00:00+05:30,247.1482391357422,258.061279296875,247.1482391357422,252.44427490234375,14195768
2015-02-19 00:00:00+05:30,252.25169372558594,252.733154296875,246.24952697753906,249.8765106201172,7249013
2015-02-20 00:00:00+05:30,248.7530975341797,255.4293212890625,246.73098754882812,254.24171447753906,9275383
2015-02-23 00:00:00+05:30,253.56768798828125,256.007080078125,249.8765106201172,250.51844787597656,6077614
2015-02-24 00:00:00+05:30,251.641845703125,255.49351501464844,249.4913330078125,254.0170440673828,8556081
2015-02-25 00:00:00+05:30,255.2367401123047,256.77740478515625,252.57266235351562,256.5848083496094,16358450
2015-02-26 00:00:00+05:30,255.4293212890625,257.6761169433594,251.60975646972656,253.9849395751953,12153247
2015-02-27 00:00:00+05:30,253.4392852783203,254.62689208984375,246.5384063720703,252.733154296875,35742645
2015-03-02 00:00:00+05:30,229.81576538085938,229.81576538085938,219.544677734375,220.34710693359375,52676159
2015-03-03 00:00:00+05:30,220.50758361816406,221.79147338867188,217.6188507080078,219.25579833984375,46726874
2015-03-04 00:00:00+05:30,221.4705047607422,225.1937713623047,220.12242126464844,220.98904418945312,33411001
2015-03-05 00:00:00+05:30,222.75439453125,224.10247802734375,219.3520965576172,222.27293395996094,21288890
2015-03-09 00:00:00+05:30,220.635986328125,221.40631103515625,216.4954376220703,217.2015838623047,16929751
2015-03-10 00:00:00+05:30,218.2607879638672,219.99403381347656,215.11526489257812,217.32997131347656,13538973
2015-03-11 00:00:00+05:30,218.4854736328125,218.71014404296875,216.6880340576172,217.10528564453125,13191922
2015-03-12 00:00:00+05:30,217.65093994140625,223.55682373046875,217.49046325683594,222.5297088623047,28375424
2015-03-13 00:00:00+05:30,223.5889129638672,224.6802215576172,216.1423797607422,217.87562561035156,16254309
2015-03-16 00:00:00+05:30,218.90272521972656,219.28790283203125,215.0510711669922,215.30784606933594,8926276
2015-03-17 00:00:00+05:30,217.9398193359375,218.6780548095703,215.85350036621094,218.2607879638672,11361862
2015-03-18 00:00:00+05:30,219.06321716308594,219.06321716308594,215.69300842285156,216.1102752685547,9094350
2015-03-19 00:00:00+05:30,217.29786682128906,218.8064422607422,212.8042755126953,213.9918670654297,10865286
2015-03-20 00:00:00+05:30,214.21653747558594,214.21653747558594,209.5303497314453,210.2043914794922,10980106
2015-03-23 00:00:00+05:30,209.49826049804688,211.7129669189453,208.6316375732422,210.17230224609375,11832346
2015-03-24 00:00:00+05:30,209.97972106933594,211.7129669189453,209.27357482910156,209.62664794921875,11128170
2015-03-25 00:00:00+05:30,210.9747314453125,210.9747314453125,209.27357482910156,209.75503540039062,7528966
2015-03-26 00:00:00+05:30,209.27357482910156,211.1673126220703,205.8070831298828,206.96258544921875,25124845
2015-03-27 00:00:00+05:30,207.98968505859375,208.79212951660156,202.27639770507812,203.8170623779297,22227555
2015-03-30 00:00:00+05:30,205.19723510742188,211.5203857421875,205.19723510742188,210.26858520507812,17152877
2015-03-31 00:00:00+05:30,211.07101440429688,211.07101440429688,207.98968505859375,209.1772918701172,12752488
2015-04-01 00:00:00+05:30,209.1772918701172,213.76718139648438,208.0859832763672,213.4141082763672,11257250
2015-04-06 00:00:00+05:30,211.42408752441406,219.3199920654297,211.26361083984375,218.90272521972656,20059841
2015-04-07 00:00:00+05:30,218.9669189453125,220.18661499023438,216.3349609375,218.6459503173828,10955870
2015-04-08 00:00:00+05:30,219.544677734375,222.7222900390625,219.2237091064453,222.27293395996094,12858493
2015-04-09 00:00:00+05:30,222.69020080566406,224.0061798095703,220.8285675048828,222.85067749023438,7962836
2015-04-10 00:00:00+05:30,222.75439453125,223.13955688476562,219.7051544189453,222.5297088623047,5808788
2015-04-13 00:00:00+05:30,222.75439453125,226.22088623046875,221.37420654296875,225.6431427001953,11311123
2015-04-15 00:00:00+05:30,227.2480010986328,230.20094299316406,225.57894897460938,227.85784912109375,18165922
2015-04-16 00:00:00+05:30,226.509765625,228.78866577148438,222.5297088623047,224.74441528320312,8168670
2015-04-17 00:00:00+05:30,225.00119018554688,226.76654052734375,223.20375061035156,225.86781311035156,9146535
2015-04-20 00:00:00+05:30,226.02830505371094,226.02830505371094,218.6459503173828,219.48048400878906,11709786
2015-04-21 00:00:00+05:30,219.44837951660156,223.845703125,218.90272521972656,219.5125732421875,11309747
2015-04-22 00:00:00+05:30,218.2607879638672,221.4705047607422,217.32997131347656,220.44338989257812,11183242
2015-04-23 00:00:00+05:30,220.44338989257812,222.4334259033203,217.1694793701172,219.60887145996094,9268343
2015-04-24 00:00:00+05:30,219.544677734375,224.64813232421875,218.9990234375,223.36424255371094,17985818
2015-04-27 00:00:00+05:30,223.97409057617188,225.83572387695312,220.9569549560547,221.37420654296875,9732828
2015-04-28 00:00:00+05:30,221.40631103515625,221.4705047607422,214.15234375,216.6880340576172,11098180
2015-04-29 00:00:00+05:30,215.08316040039062,215.69300842285156,210.1081085205078,210.6537628173828,10479677
2015-04-30 00:00:00+05:30,210.4290771484375,210.81423950195312,206.19224548339844,206.93048095703125,20809376
2015-05-04 00:00:00+05:30,207.60452270507812,212.41909790039062,205.48611450195312,211.96974182128906,7487026
2015-05-05 00:00:00+05:30,210.942626953125,211.1994171142578,207.73291015625,209.43406677246094,13976353
2015-05-06 00:00:00+05:30,209.27357482910156,210.461181640625,202.98252868652344,204.3627166748047,20990280
2015-05-07 00:00:00+05:30,204.45899963378906,207.79710388183594,202.5973663330078,207.05886840820312,11010190
2015-05-08 00:00:00+05:30,208.98471069335938,211.39199829101562,207.12306213378906,210.55746459960938,12625098
2015-05-11 00:00:00+05:30,211.8413543701172,212.32281494140625,208.24647521972656,209.5624542236328,9134733
2015-05-12 00:00:00+05:30,210.2364959716797,210.55746459960938,207.4119415283203,208.15017700195312,14846868
2015-05-13 00:00:00+05:30,209.81922912597656,211.7129669189453,206.06385803222656,210.461181640625,11037270
2015-05-14 00:00:00+05:30,209.91552734375,209.91552734375,206.96258544921875,208.43905639648438,8347876
2015-05-15 00:00:00+05:30,208.69583129882812,210.49327087402344,208.53533935546875,209.5303497314453,5659055
2015-05-18 00:00:00+05:30,210.1081085205078,214.34494018554688,209.43406677246094,213.76718139648438,7175678
2015-05-19 00:00:00+05:30,212.96475219726562,215.62881469726562,212.32281494140625,213.47830200195312,8901031
2015-05-20 00:00:00+05:30,213.4462127685547,214.5375213623047,212.16232299804688,213.0931396484375,5360856
2015-05-21 00:00:00+05:30,213.76718139648438,214.02395629882812,209.27357482910156,210.17230224609375,7458421
2015-05-22 00:00:00+05:30,211.1994171142578,213.92767333984375,208.92051696777344,211.2957000732422,12962351
2015-05-25 00:00:00+05:30,206.3527374267578,208.3106689453125,203.1109161376953,203.36770629882812,24332194
2015-05-26 00:00:00+05:30,203.8170623779297,203.8170623779297,200.767822265625,201.57025146484375,11448185
2015-05-27 00:00:00+05:30,202.2122039794922,204.61949157714844,201.57025146484375,203.94544982910156,9485450
2015-05-28 00:00:00+05:30,204.2022247314453,206.9946746826172,203.17510986328125,206.3527374267578,20765291
2015-05-29 00:00:00+05:30,206.705810546875,211.8092498779297,204.5552978515625,209.97972106933594,20563442
2015-06-01 00:00:00+05:30,208.95260620117188,214.24864196777344,208.95260620117188,213.15733337402344,10448028
2015-06-02 00:00:00+05:30,211.13522338867188,211.39199829101562,203.88125610351562,204.5552978515625,11266482
2015-06-03 00:00:00+05:30,201.44186401367188,201.47396850585938,192.9682159423828,195.4075927734375,21470134
2015-06-04 00:00:00+05:30,195.7927703857422,196.8519744873047,191.42755126953125,193.6101531982422,11429057
2015-06-05 00:00:00+05:30,193.5138702392578,197.65440368652344,189.3733367919922,195.34339904785156,17605227
2015-06-08 00:00:00+05:30,197.07666015625,197.87908935546875,194.0274200439453,195.37550354003906,10689359
2015-06-09 00:00:00+05:30,193.802734375,194.50888061523438,192.39047241210938,192.9682159423828,10292547
2015-06-10 00:00:00+05:30,192.9682159423828,194.76565551757812,191.684326171875,193.2891845703125,9861385
2015-06-11 00:00:00+05:30,193.866943359375,193.866943359375,189.50172424316406,190.68931579589844,11520780
2015-06-12 00:00:00+05:30,190.52882385253906,192.67933654785156,189.3733367919922,191.01028442382812,8653038
2015-06-15 00:00:00+05:30,190.65721130371094,194.348388671875,188.73138427734375,191.62013244628906,8680427
2015-06-16 00:00:00+05:30,191.29916381835938,192.67933654785156,189.5338134765625,191.9090118408203,8231138
2015-06-17 00:00:00+05:30,191.62013244628906,194.5730743408203,190.8177032470703,193.2891845703125,10881861
2015-06-18 00:00:00+05:30,193.35337829589844,195.4075927734375,192.71144104003906,193.802734375,11296145
2015-06-19 00:00:00+05:30,194.3804931640625,196.08163452148438,194.12371826171875,195.7927703857422,8757082
2015-06-22 00:00:00+05:30,196.56309509277344,200.38265991210938,195.60018920898438,199.25926208496094,7197508
2015-06-23 00:00:00+05:30,199.25926208496094,202.2122039794922,197.46182250976562,201.92332458496094,7586161
2015-06-24 00:00:00+05:30,202.34059143066406,204.2022247314453,199.67652893066406,201.3455810546875,7368751
2015-06-25 00:00:00+05:30,199.3876495361328,202.50108337402344,198.8419952392578,200.51104736328125,10885448
2015-06-26 00:00:00+05:30,200.51104736328125,200.51104736328125,197.10874938964844,197.68649291992188,5507615
2015-06-29 00:00:00+05:30,195.92115783691406,199.61233520507812,194.99034118652344,198.9703826904297,9719271
2015-06-30 00:00:00+05:30,199.13087463378906,203.39979553222656,197.7506866455078,202.30848693847656,11639874
2015-07-01 00:00:00+05:30,202.3726806640625,203.1109161376953,200.6073455810547,201.3134765625,8850821
2015-07-02 00:00:00+05:30,201.6344451904297,203.6886749267578,201.24928283691406,202.24429321289062,6562181
2015-07-03 00:00:00+05:30,201.76284790039062,203.43190002441406,200.51104736328125,202.5973663330078,5122200
2015-07-06 00:00:00+05:30,200.86412048339844,204.5552978515625,200.286376953125,204.39480590820312,4419337
2015-07-07 00:00:00+05:30,204.5552978515625,204.97256469726562,202.9183349609375,203.72076416015625,7595780
2015-07-08 00:00:00+05:30,202.30848693847656,202.85414123535156,198.6173095703125,200.89620971679688,11611813
2015-07-09 00:00:00+05:30,200.7999267578125,202.14801025390625,198.90618896484375,199.3876495361328,6711914
2015-07-10 00:00:00+05:30,198.36053466796875,200.09378051757812,196.78778076171875,198.93829345703125,7493999
2015-07-13 00:00:00+05:30,200.92831420898438,203.1109161376953,198.3284454345703,201.95542907714844,6623752
2015-07-14 00:00:00+05:30,201.5381622314453,203.17510986328125,199.4197540283203,200.4789581298828,5465329
2015-07-15 00:00:00+05:30,199.86911010742188,202.34059143066406,199.86911010742188,201.57025146484375,5687830
2015-07-16 00:00:00+05:30,202.0838165283203,205.35772705078125,200.4789581298828,204.10592651367188,5838516
2015-07-17 00:00:00+05:30,204.49110412597656,207.9254913330078,203.91334533691406,206.8983917236328,6133622
2015-07-20 00:00:00+05:30,206.57742309570312,207.63662719726562,204.9083709716797,205.74288940429688,4946419
2015-07-21 00:00:00+05:30,205.74288940429688,206.9946746826172,200.6073455810547,201.18508911132812,7069753
2015-07-22 00:00:00+05:30,200.35057067871094,204.10592651367188,199.45184326171875,201.8912353515625,8060271
2015-07-23 00:00:00+05:30,202.27639770507812,203.7849578857422,200.286376953125,202.27639770507812,5631003
2015-07-24 00:00:00+05:30,202.2122039794922,202.5973663330078,200.6073455810547,201.92332458496094,4199466
2015-07-27 00:00:00+05:30,199.96539306640625,201.1529998779297,198.8740997314453,200.0616912841797,5315522
2015-07-28 00:00:00+05:30,200.2542724609375,201.5060577392578,198.71360778808594,199.77281188964844,6795594
2015-07-29 00:00:00+05:30,199.64442443847656,200.286376953125,192.9682159423828,195.15081787109375,9718356
2015-07-30 00:00:00+05:30,195.15081787109375,204.04173278808594,192.5830535888672,202.82205200195312,20744023
2015-07-31 00:00:00+05:30,204.10592651367188,210.17230224609375,202.40478515625,209.27357482910156,16948958
2015-08-03 00:00:00+05:30,209.27357482910156,214.08815002441406,208.69583129882812,212.83636474609375,14905871
2015-08-04 00:00:00+05:30,212.7721710205078,212.83636474609375,208.34275817871094,211.77716064453125,10317915
2015-08-05 00:00:00+05:30,211.77716064453125,213.79928588867188,209.65875244140625,212.99685668945312,5929897
2015-08-06 00:00:00+05:30,212.19442749023438,212.48329162597656,207.98968505859375,209.43406677246094,8786024
2015-08-07 00:00:00+05:30,207.98968505859375,209.0167999267578,206.705810546875,208.278564453125,4644064
2015-08-10 00:00:00+05:30,208.3106689453125,210.0760040283203,205.00465393066406,206.03176879882812,5799938
2015-08-11 00:00:00+05:30,205.48611450195312,206.64161682128906,203.07882690429688,205.48611450195312,5520369
2015-08-12 00:00:00+05:30,205.4219207763672,205.4219207763672,202.85414123535156,203.33560180664062,12386018
2015-08-13 00:00:00+05:30,203.75286865234375,205.22933959960938,194.50888061523438,203.07882690429688,6900635
2015-08-14 00:00:00+05:30,203.8170623779297,205.5823974609375,201.95542907714844,204.2343292236328,7890438
2015-08-17 00:00:00+05:30,204.97256469726562,205.2935333251953,202.53317260742188,203.43190002441406,4495638
2015-08-18 00:00:00+05:30,203.17510986328125,204.523193359375,200.67153930664062,202.11590576171875,9429541
2015-08-19 00:00:00+05:30,201.57025146484375,204.13803100585938,198.36053466796875,203.43190002441406,7657887
2015-08-20 00:00:00+05:30,204.2022247314453,212.0660400390625,203.07882690429688,211.42408752441406,18701959
2015-08-21 00:00:00+05:30,211.1673126220703,212.67587280273438,207.187255859375,212.32281494140625,18452566
2015-08-24 00:00:00+05:30,206.09596252441406,211.5203857421875,202.5973663330078,205.55030822753906,17120031
2015-08-25 00:00:00+05:30,206.73789978027344,209.369873046875,200.6073455810547,205.35772705078125,22094589
2015-08-26 00:00:00+05:30,203.88125610351562,205.9675750732422,201.3134765625,203.91334533691406,16777892
2015-08-27 00:00:00+05:30,207.66871643066406,210.26858520507812,203.07882690429688,209.08099365234375,20810590
2015-08-28 00:00:00+05:30,211.42408752441406,211.42408752441406,208.43905639648438,209.91552734375,10099873
2015-08-31 00:00:00+05:30,208.4711456298828,210.87843322753906,206.4490203857422,208.72792053222656,10005743
2015-09-01 00:00:00+05:30,207.0267791748047,207.9254913330078,201.76284790039062,202.50108337402344,9835616
2015-09-02 00:00:00+05:30,204.7157745361328,207.37985229492188,202.30848693847656,205.48611450195312,13515913
2015-09-03 00:00:00+05:30,205.00465393066406,208.43905639648438,204.8441619873047,205.4219207763672,10476984
2015-09-04 00:00:00+05:30,205.4219207763672,206.38482666015625,202.0517120361328,203.56028747558594,16321889
2015-09-07 00:00:00+05:30,203.04672241210938,205.1009521484375,199.74072265625,201.21719360351562,7386243
2015-09-08 00:00:00+05:30,200.9925079345703,202.5973663330078,199.195068359375,200.86412048339844,10634960
2015-09-09 00:00:00+05:30,202.3726806640625,203.1109161376953,200.83201599121094,201.82704162597656,6359030
2015-09-10 00:00:00+05:30,199.64442443847656,202.7257537841797,199.22715759277344,201.1529998779297,9313670
2015-09-11 00:00:00+05:30,202.01962280273438,202.950439453125,200.38265991210938,201.40977478027344,6970833
2015-09-14 00:00:00+05:30,201.40977478027344,202.34059143066406,200.0295867919922,201.3455810546875,7762278
2015-09-15 00:00:00+05:30,200.92831420898438,204.07383728027344,200.6073455810547,203.52818298339844,5374153
2015-09-16 00:00:00+05:30,204.5552978515625,207.25144958496094,203.62448120117188,206.80209350585938,5804856
2015-09-18 00:00:00+05:30,208.6316375732422,210.55746459960938,202.0517120361328,204.13803100585938,13322309
2015-09-21 00:00:00+05:30,203.1109161376953,203.6886749267578,201.18508911132812,201.73074340820312,7060328
2015-09-22 00:00:00+05:30,202.78994750976562,204.29852294921875,199.0024871826172,200.38265991210938,15513834
2015-09-23 00:00:00+05:30,197.07666015625,204.81207275390625,197.07666015625,202.9183349609375,12103872
2015-09-24 00:00:00+05:30,202.0838165283203,207.5724334716797,201.8912353515625,207.05886840820312,14665105
2015-09-28 00:00:00+05:30,207.4440460205078,208.6316375732422,204.39480590820312,204.94046020507812,6603226
2015-09-29 00:00:00+05:30,204.7478790283203,208.6316375732422,203.49609375,205.67869567871094,8618175
2015-09-30 00:00:00+05:30,206.705810546875,211.74505615234375,205.4219207763672,211.07101440429688,13981834
2015-10-01 00:00:00+05:30,209.94761657714844,214.31283569335938,209.94761657714844,211.03892517089844,6445786
2015-10-05 00:00:00+05:30,211.8413543701172,212.8042755126953,209.78713989257812,211.5203857421875,9680157
2015-10-06 00:00:00+05:30,213.125244140625,220.6038818359375,211.07101440429688,220.09033203125,11133386
2015-10-07 00:00:00+05:30,220.7964630126953,224.6802215576172,219.7372589111328,222.91488647460938,11119883
2015-10-08 00:00:00+05:30,222.59390258789062,222.59390258789062,215.30784606933594,217.68304443359375,9729114
2015-10-09 00:00:00+05:30,218.83853149414062,221.3421173095703,218.38917541503906,220.47549438476562,5747871
2015-10-12 00:00:00+05:30,220.21871948242188,223.65310668945312,217.52255249023438,218.74224853515625,6302130
2015-10-13 00:00:00+05:30,218.2607879638672,222.04824829101562,218.03610229492188,220.86065673828125,7275026
2015-10-14 00:00:00+05:30,220.9569549560547,221.8877716064453,219.8656463623047,220.89276123046875,9432417
2015-10-15 00:00:00+05:30,220.8285675048828,226.22088623046875,220.6038818359375,224.29505920410156,9861249
2015-10-16 00:00:00+05:30,223.42843627929688,224.6802215576172,220.50758361816406,223.94198608398438,10008030
2015-10-19 00:00:00+05:30,223.39633178710938,225.964111328125,221.59889221191406,225.32217407226562,11618584
2015-10-20 00:00:00+05:30,225.00119018554688,225.48265075683594,223.2679443359375,223.8135986328125,7671159
2015-10-21 00:00:00+05:30,224.10247802734375,224.6802215576172,223.17166137695312,223.74940490722656,5676290
2015-10-23 00:00:00+05:30,224.74441528320312,230.4256134033203,224.74441528320312,230.0404510498047,9060774
2015-10-26 00:00:00+05:30,230.36141967773438,230.9712677001953,227.8899383544922,228.8528594970703,8200648
2015-10-27 00:00:00+05:30,227.69735717773438,229.1417236328125,226.76654052734375,228.53189086914062,15515511
2015-10-28 00:00:00+05:30,227.47267150878906,230.4256134033203,227.2480010986328,228.01832580566406,10086513
2015-10-29 00:00:00+05:30,227.95413208007812,228.53189086914062,222.81858825683594,224.6802215576172,7932853
2015-10-30 00:00:00+05:30,225.6110382080078,225.6110382080078,212.41909790039062,214.82638549804688,28847862
2015-11-02 00:00:00+05:30,213.76718139648438,218.06820678710938,211.8092498779297,216.46334838867188,10723717
2015-11-03 00:00:00+05:30,216.20657348632812,217.55465698242188,213.6387939453125,214.95477294921875,4061707
2015-11-04 00:00:00+05:30,216.23866271972656,217.10528564453125,214.4091339111328,215.50042724609375,5171885
2015-11-05 00:00:00+05:30,214.4091339111328,217.7472381591797,213.92767333984375,216.43124389648438,5595613
2015-11-06 00:00:00+05:30,215.4683380126953,217.90771484375,215.0510711669922,216.78431701660156,4635192
2015-11-09 00:00:00+05:30,212.8042755126953,220.8285675048828,212.0660400390625,220.21871948242188,12462025
2015-11-10 00:00:00+05:30,218.7743377685547,221.5026092529297,215.14736938476562,216.17446899414062,7507146
2015-11-13 00:00:00+05:30,212.09812927246094,214.28074645996094,209.97972106933594,211.7129669189453,19348452
2015-11-16 00:00:00+05:30,211.8413543701172,217.6188507080078,211.58457946777344,217.1694793701172,9111652
2015-11-17 00:00:00+05:30,219.67306518554688,224.84071350097656,217.68304443359375,224.10247802734375,12018593
2015-11-18 00:00:00+05:30,225.32217407226562,225.41845703125,220.89276123046875,223.300048828125,10350049
2015-11-19 00:00:00+05:30,224.6802215576172,226.60604858398438,223.90989685058594,225.99620056152344,17590094
2015-11-20 00:00:00+05:30,226.12460327148438,226.12460327148438,220.2508087158203,221.117431640625,10237807
2015-11-23 00:00:00+05:30,220.4113006591797,221.37420654296875,215.85350036621094,216.4954376220703,9335921
2015-11-24 00:00:00+05:30,217.7151336669922,218.00401306152344,213.3178253173828,215.62881469726562,13590345
2015-11-26 00:00:00+05:30,215.789306640625,221.4705047607422,214.95477294921875,220.0582275390625,9778092
2015-11-27 00:00:00+05:30,221.08534240722656,221.4705047607422,217.52255249023438,221.05323791503906,5895769
2015-11-30 00:00:00+05:30,220.31500244140625,222.62600708007812,218.61386108398438,222.208740234375,17919712
2015-12-01 00:00:00+05:30,221.59889221191406,222.75439453125,218.90272521972656,222.27293395996094,10516942
2015-12-02 00:00:00+05:30,222.11244201660156,224.5197296142578,219.80145263671875,224.29505920410156,4813524
2015-12-03 00:00:00+05:30,222.17665100097656,223.33213806152344,219.7372589111328,220.4113006591797,5809665
2015-12-04 00:00:00+05:30,219.09532165527344,219.38418579101562,215.0510711669922,215.66091918945312,14148517
2015-12-07 00:00:00+05:30,215.0510711669922,215.62881469726562,199.3555450439453,201.28138732910156,52829599
2015-12-08 00:00:00+05:30,199.64442443847656,204.26641845703125,199.3876495361328,202.0517120361328,19736148
2015-12-09 00:00:00+05:30,205.1009521484375,205.1009521484375,202.3726806640625,203.75286865234375,15655011
2015-12-10 00:00:00+05:30,203.8170623779297,206.54531860351562,203.49609375,206.22434997558594,8649047
2015-12-11 00:00:00+05:30,206.06385803222656,206.9946746826172,202.46897888183594,206.06385803222656,9358275
2015-12-14 00:00:00+05:30,205.4219207763672,206.96258544921875,203.59237670898438,205.48611450195312,7573029
2015-12-15 00:00:00+05:30,205.4219207763672,207.9254913330078,204.13803100585938,207.31565856933594,10478148
2015-12-16 00:00:00+05:30,207.34774780273438,208.40695190429688,204.2022247314453,204.94046020507812,8099047
2015-12-17 00:00:00+05:30,205.22933959960938,206.54531860351562,203.04672241210938,205.74288940429688,9018268
2015-12-18 00:00:00+05:30,205.99966430664062,207.34774780273438,203.1109161376953,203.56028747558594,14774200
2015-12-21 00:00:00+05:30,205.4219207763672,210.2043914794922,203.52818298339844,209.62664794921875,8352379
2015-12-22 00:00:00+05:30,208.66372680664062,208.95260620117188,205.1009521484375,205.5823974609375,6326849
2015-12-23 00:00:00+05:30,206.705810546875,207.98968505859375,205.4219207763672,206.38482666015625,5475581
2015-12-24 00:00:00+05:30,207.34774780273438,208.4711456298828,205.8070831298828,207.79710388183594,3799114
2015-12-28 00:00:00+05:30,207.15516662597656,209.94761657714844,206.9946746826172,209.40196228027344,9432149
2015-12-29 00:00:00+05:30,209.5624542236328,210.55746459960938,207.5724334716797,208.53533935546875,4606143
2015-12-30 00:00:00+05:30,209.59454345703125,210.2364959716797,208.15017700195312,209.62664794921875,4984557
2015-12-31 00:00:00+05:30,208.95260620117188,211.8413543701172,207.5724334716797,210.4290771484375,8342404
2016-01-01 00:00:00+05:30,210.30068969726562,211.1994171142578,209.0489044189453,210.2364959716797,1536435
2016-01-04 00:00:00+05:30,208.95260620117188,209.3377685546875,206.41693115234375,208.69583129882812,6133919
2016-01-05 00:00:00+05:30,208.69583129882812,209.5303497314453,208.02178955078125,208.53533935546875,6040492
2016-01-06 00:00:00+05:30,209.91552734375,209.91552734375,201.92332458496094,202.27639770507812,15821205
2016-01-07 00:00:00+05:30,201.44186401367188,201.44186401367188,198.1358642578125,198.74571228027344,12264018
2016-01-08 00:00:00+05:30,199.77281188964844,203.49609375,198.8419952392578,201.3455810546875,10219316
2016-01-11 00:00:00+05:30,199.0024871826172,203.36770629882812,198.8419952392578,202.88624572753906,7141566
2016-01-12 00:00:00+05:30,202.3726806640625,203.43190002441406,200.6073455810547,202.30848693847656,7222615
2016-01-13 00:00:00+05:30,203.72076416015625,205.67869567871094,201.98751831054688,202.69366455078125,7126884
2016-01-14 00:00:00+05:30,201.3455810546875,204.61949157714844,200.4468536376953,203.6565704345703,11933785
2016-01-15 00:00:00+05:30,202.27639770507812,203.75286865234375,200.4789581298828,201.5060577392578,8287068
2016-01-18 00:00:00+05:30,201.5060577392578,204.5552978515625,201.08880615234375,202.46897888183594,12285620
2016-01-19 00:00:00+05:30,202.3726806640625,203.8170623779297,200.2542724609375,201.60235595703125,7099389
2016-01-20 00:00:00+05:30,199.25926208496094,205.4219207763672,195.7927703857422,198.3284454345703,10015115
2016-01-21 00:00:00+05:30,200.0616912841797,200.0616912841797,194.9261474609375,196.6914825439453,13042954
2016-01-22 00:00:00+05:30,198.36053466796875,200.767822265625,194.25210571289062,198.20005798339844,15828472
2016-01-25 00:00:00+05:30,196.01744079589844,200.19007873535156,195.18292236328125,198.6173095703125,9688748
2016-01-27 00:00:00+05:30,198.6494140625,201.69863891601562,197.0445556640625,200.89620971679688,8839231
2016-01-28 00:00:00+05:30,200.73573303222656,206.60951232910156,200.0616912841797,204.49110412597656,14425495
2016-01-29 00:00:00+05:30,207.25144958496094,209.27357482910156,203.39979553222656,205.55030822753906,12977498
2016-02-01 00:00:00+05:30,204.5552978515625,208.6316375732422,202.11590576171875,208.4711456298828,7634682
2016-02-02 00:00:00+05:30,207.9254913330078,209.20938110351562,206.3527374267578,208.15017700195312,7338991
2016-02-03 00:00:00+05:30,206.54531860351562,208.15017700195312,205.16514587402344,206.6737060546875,5111345
2016-02-04 00:00:00+05:30,206.96258544921875,208.37486267089844,206.06385803222656,206.57742309570312,3309501
2016-02-05 00:00:00+05:30,207.34774780273438,209.24148559570312,206.705810546875,207.9575958251953,6754583
2016-02-08 00:00:00+05:30,208.5032501220703,208.56744384765625,201.73074340820312,202.3726806640625,6509280
2016-02-09 00:00:00+05:30,201.08880615234375,201.40977478027344,198.8419952392578,200.54315185546875,11915170
2016-02-10 00:00:00+05:30,200.35057067871094,200.89620971679688,197.07666015625,198.36053466796875,8168586
2016-02-11 00:00:00+05:30,199.45184326171875,199.45184326171875,190.9460906982422,191.65223693847656,14580660
2016-02-12 00:00:00+05:30,192.06948852539062,195.88905334472656,191.84481811523438,192.64724731445312,13703734
2016-02-15 00:00:00+05:30,194.50888061523438,196.43470764160156,191.55593872070312,194.95823669433594,12478912
2016-02-16 00:00:00+05:30,195.47178649902344,196.43470764160156,188.5067138671875,189.69430541992188,10988951
2016-02-17 00:00:00+05:30,190.33624267578125,193.73854064941406,185.55377197265625,192.48675537109375,13598699
2016-02-18 00:00:00+05:30,193.54595947265625,196.88406372070312,193.1287078857422,196.08163452148438,9751124
2016-02-19 00:00:00+05:30,195.7927703857422,196.4989013671875,193.22499084472656,195.50389099121094,7194078
2016-02-22 00:00:00+05:30,194.28419494628906,194.28419494628906,188.34622192382812,192.48675537109375,15270590
2016-02-23 00:00:00+05:30,191.26705932617188,191.26705932617188,187.86476135253906,188.60299682617188,9198036
2016-02-24 00:00:00+05:30,188.08944702148438,189.63011169433594,183.59584045410156,184.62295532226562,14353186
2016-02-25 00:00:00+05:30,182.69711303710938,186.356201171875,182.31195068359375,183.72422790527344,15129076
2016-02-26 00:00:00+05:30,185.52166748046875,187.44749450683594,183.05018615722656,186.77345275878906,12468580
2016-02-29 00:00:00+05:30,186.1636199951172,193.6422576904297,172.04086303710938,189.79058837890625,79431944
2016-03-01 00:00:00+05:30,195.7927703857422,209.91552734375,195.7927703857422,208.8563232421875,67402048
2016-03-02 00:00:00+05:30,210.55746459960938,214.34494018554688,204.42691040039062,205.13304138183594,24680589
2016-03-03 00:00:00+05:30,207.34774780273438,208.6316375732422,203.33560180664062,204.2343292236328,10227569
2016-03-04 00:00:00+05:30,205.4219207763672,206.54531860351562,202.0517120361328,202.34059143066406,11818471
2016-03-08 00:00:00+05:30,202.85414123535156,207.98968505859375,202.85414123535156,205.5823974609375,13109801
2016-03-09 00:00:00+05:30,203.49609375,205.87127685546875,200.73573303222656,205.35772705078125,20903665
2016-03-10 00:00:00+05:30,205.2614288330078,206.57742309570312,200.83201599121094,202.9183349609375,13915900
2016-03-11 00:00:00+05:30,202.9183349609375,206.705810546875,202.2122039794922,206.25643920898438,12149994
2016-03-14 00:00:00+05:30,207.0267791748047,209.27357482910156,206.705810546875,208.66372680664062,7708725
2016-03-15 00:00:00+05:30,209.27357482910156,209.27357482910156,202.2122039794922,203.17510986328125,16209915
2016-03-16 00:00:00+05:30,203.20721435546875,207.60452270507812,202.85414123535156,206.73789978027344,9728463
2016-03-17 00:00:00+05:30,207.50823974609375,208.6316375732422,206.38482666015625,207.7650146484375,13035516
2016-03-18 00:00:00+05:30,208.88841247558594,209.78713989257812,206.705810546875,208.4711456298828,14383934
2016-03-21 00:00:00+05:30,209.75503540039062,215.82139587402344,209.43406677246094,212.7721710205078,16781906
2016-03-22 00:00:00+05:30,210.87843322753906,212.3549041748047,206.8662872314453,207.4440460205078,19781991
2016-03-23 00:00:00+05:30,208.6316375732422,208.69583129882812,205.6466064453125,208.15017700195312,16015333
2016-03-28 00:00:00+05:30,209.91552734375,211.7129669189453,205.614501953125,206.9946746826172,17073110
2016-03-29 00:00:00+05:30,206.16015625,209.94761657714844,204.77996826171875,205.4219207763672,18701607
2016-03-30 00:00:00+05:30,205.8070831298828,211.35989379882812,205.8070831298828,210.14019775390625,14435320
2016-03-31 00:00:00+05:30,209.1451873779297,213.4462127685547,208.56744384765625,210.71795654296875,28529105
2016-04-01 00:00:00+05:30,209.3377685546875,216.20657348632812,208.95260620117188,215.72511291503906,14850746
2016-04-04 00:00:00+05:30,209.91552734375,213.76718139648438,209.30567932128906,212.29071044921875,14209372
2016-04-05 00:00:00+05:30,210.6216583251953,212.0660400390625,208.1180877685547,209.5624542236328,8964083
2016-04-06 00:00:00+05:30,209.81922912597656,211.13522338867188,208.6316375732422,209.20938110351562,6892514
2016-04-07 00:00:00+05:30,209.91552734375,209.91552734375,204.77996826171875,205.06884765625,10412846
2016-04-08 00:00:00+05:30,205.1009521484375,206.9946746826172,204.77996826171875,206.19224548339844,4985755
2016-04-11 00:00:00+05:30,206.705810546875,210.7500457763672,203.49609375,210.0760040283203,14365804
2016-04-12 00:00:00+05:30,208.6316375732422,209.0489044189453,206.06385803222656,206.96258544921875,6187731
2016-04-13 00:00:00+05:30,208.6316375732422,213.57460021972656,208.3106689453125,212.64378356933594,12397612
2016-04-18 00:00:00+05:30,215.0510711669922,217.2015838623047,212.51539611816406,215.30784606933594,14746380
2016-04-20 00:00:00+05:30,215.2757568359375,217.1694793701172,213.51040649414062,215.37203979492188,9345601
2016-04-21 00:00:00+05:30,215.4362335205078,216.0139923095703,210.30068969726562,211.8092498779297,7212220
2016-04-22 00:00:00+05:30,209.24148559570312,212.57958984375,208.278564453125,209.1451873779297,6515084
2016-04-25 00:00:00+05:30,206.25643920898438,208.95260620117188,205.67869567871094,206.03176879882812,6324530
2016-04-26 00:00:00+05:30,201.05670166015625,210.7821502685547,200.6073455810547,210.17230224609375,15023308
2016-04-27 00:00:00+05:30,209.30567932128906,214.7301025390625,209.30567932128906,214.12025451660156,9677599
2016-04-28 00:00:00+05:30,211.8413543701172,213.125244140625,206.41693115234375,207.28355407714844,20225037
2016-04-29 00:00:00+05:30,207.4440460205078,209.3377685546875,205.48611450195312,208.5995330810547,10729330
2016-05-02 00:00:00+05:30,207.50823974609375,207.98968505859375,205.03675842285156,206.16015625,3388196
2016-05-03 00:00:00+05:30,206.4490203857422,207.63662719726562,201.57025146484375,202.88624572753906,11124246
2016-05-04 00:00:00+05:30,202.2122039794922,205.1009521484375,199.09877014160156,200.70362854003906,6402669
2016-05-05 00:00:00+05:30,200.286376953125,205.614501953125,200.0295867919922,203.91334533691406,6576427
2016-05-06 00:00:00+05:30,200.89620971679688,205.03675842285156,196.43470764160156,203.94544982910156,16183901
2016-05-09 00:00:00+05:30,205.4219207763672,209.20938110351562,205.1009521484375,208.5032501220703,8857475
2016-05-10 00:00:00+05:30,208.6316375732422,209.27357482910156,206.5132293701172,207.66871643066406,8564326
2016-05-11 00:00:00+05:30,205.4219207763672,206.54531860351562,202.9183349609375,204.13803100585938,11154663
2016-05-12 00:00:00+05:30,204.81207275390625,206.1280517578125,202.27639770507812,204.26641845703125,5782937
2016-05-13 00:00:00+05:30,204.13803100585938,206.5132293701172,202.30848693847656,205.00465393066406,9804509
2016-05-16 00:00:00+05:30,204.3306121826172,211.8413543701172,203.56028747558594,211.45619201660156,13469690
2016-05-17 00:00:00+05:30,211.8413543701172,214.05606079101562,211.00682067871094,212.16232299804688,12444300
2016-05-18 00:00:00+05:30,210.30068969726562,214.9226837158203,209.1451873779297,213.57460021972656,7908685
2016-05-19 00:00:00+05:30,214.4091339111328,214.4091339111328,207.0267791748047,208.53533935546875,8918517
2016-05-20 00:00:00+05:30,209.75503540039062,217.42626953125,208.5032501220703,212.0660400390625,21044560
2016-05-23 00:00:00+05:30,224.45553588867188,227.5689697265625,217.9398193359375,222.65809631347656,54852807
2016-05-24 00:00:00+05:30,223.39633178710938,225.83572387695312,222.5297088623047,223.42843627929688,16271995
2016-05-25 00:00:00+05:30,224.93699645996094,229.46270751953125,224.5839385986328,228.56398010253906,10338908
2016-05-26 00:00:00+05:30,228.53189086914062,233.6674346923828,226.99122619628906,232.67242431640625,13074273
2016-05-27 00:00:00+05:30,232.99339294433594,233.60324096679688,228.6602783203125,230.65029907226562,10925400
2016-05-30 00:00:00+05:30,226.86282348632812,230.13674926757812,226.4776611328125,228.8528594970703,7646107
2016-05-31 00:00:00+05:30,228.53189086914062,230.74658203125,224.19876098632812,225.35426330566406,15054842
2016-06-01 00:00:00+05:30,226.60604858398438,232.51193237304688,226.60604858398438,231.99838256835938,12409528
2016-06-02 00:00:00+05:30,231.0033721923828,231.42062377929688,226.73443603515625,229.81576538085938,13708259
2016-06-03 00:00:00+05:30,231.0033721923828,231.0033721923828,226.3171844482422,227.18380737304688,7381218
2016-06-06 00:00:00+05:30,227.055419921875,229.1417236328125,225.54684448242188,228.2751007080078,7694861
2016-06-07 00:00:00+05:30,229.173828125,233.50694274902344,229.173828125,232.86500549316406,11008034
2016-06-08 00:00:00+05:30,233.6674346923828,234.3093719482422,231.5490264892578,232.8970947265625,7611794
2016-06-09 00:00:00+05:30,232.76870727539062,232.99339294433594,226.34927368164062,227.31219482421875,12065100
2016-06-10 00:00:00+05:30,226.63815307617188,230.2330322265625,224.7123260498047,225.12957763671875,11163385
2016-06-13 00:00:00+05:30,223.78150939941406,226.95912170410156,221.8877716064453,224.61602783203125,12184759
2016-06-14 00:00:00+05:30,225.2579803466797,227.2480010986328,223.2679443359375,226.7986297607422,7849407
2016-06-15 00:00:00+05:30,227.2480010986328,231.0996551513672,227.08750915527344,230.810791015625,9890057
2016-06-16 00:00:00+05:30,230.71449279785156,230.71449279785156,225.38636779785156,227.82574462890625,9057747
2016-06-17 00:00:00+05:30,228.1146240234375,231.5490264892578,228.1146240234375,231.0033721923828,9326214
2016-06-20 00:00:00+05:30,231.42062377929688,231.74160766601562,227.95413208007812,229.84786987304688,9020745
2016-06-21 00:00:00+05:30,229.4947967529297,230.90707397460938,228.21090698242188,230.13674926757812,6913784
2016-06-22 00:00:00+05:30,228.49978637695312,230.5540008544922,226.3171844482422,227.69735717773438,9255264
2016-06-23 00:00:00+05:30,227.8899383544922,232.0625762939453,227.8899383544922,231.26014709472656,8991200
2016-06-24 00:00:00+05:30,226.3171844482422,231.16384887695312,224.80860900878906,227.31219482421875,12511364
2016-06-27 00:00:00+05:30,227.31219482421875,231.99838256835938,227.31219482421875,230.4256134033203,10639592
2016-06-28 00:00:00+05:30,231.0996551513672,236.9734344482422,230.4256134033203,236.55618286132812,16301081
2016-06-29 00:00:00+05:30,237.48699951171875,237.48699951171875,233.6674346923828,235.14390563964844,11999827
2016-06-30 00:00:00+05:30,236.23519897460938,238.6103973388672,235.047607421875,236.4919891357422,21706947
2016-07-01 00:00:00+05:30,234.27728271484375,250.1172332763672,233.60324096679688,242.99166870117188,29020448
2016-07-04 00:00:00+05:30,244.58047485351562,244.58047485351562,234.95132446289062,235.8179473876953,14535927
2016-07-05 00:00:00+05:30,236.7327117919922,237.84005737304688,233.21807861328125,234.51800537109375,9335877
2016-07-07 00:00:00+05:30,235.43276977539062,239.4288787841797,234.8550262451172,237.84005737304688,9305981
2016-07-08 00:00:00+05:30,238.22523498535156,238.22523498535156,233.50694274902344,236.7327117919922,7165465
2016-07-11 00:00:00+05:30,239.09185791015625,242.26947021484375,237.59933471679688,239.91033935546875,7547920
2016-07-12 00:00:00+05:30,241.64358520507812,242.6064910888672,237.84005737304688,239.18814086914062,4302932
2016-07-13 00:00:00+05:30,239.23629760742188,239.95848083496094,236.8771514892578,237.9363555908203,4510416
2016-07-14 00:00:00+05:30,237.84005737304688,241.6917266845703,236.01052856445312,239.47702026367188,6326605
2016-07-15 00:00:00+05:30,239.76589965820312,243.1842498779297,238.3696746826172,239.6214599609375,9705885
2016-07-18 00:00:00+05:30,239.8140411376953,240.6806640625,238.41781616210938,239.6696014404297,7088259
2016-07-19 00:00:00+05:30,239.76589965820312,240.7288055419922,236.4919891357422,239.8140411376953,6980063
2016-07-20 00:00:00+05:30,239.8140411376953,242.65464782714844,238.7548370361328,240.96954345703125,9671252
2016-07-21 00:00:00+05:30,243.6175537109375,244.09901428222656,237.35861206054688,241.3065643310547,12168179
2016-07-22 00:00:00+05:30,243.76199340820312,246.69888305664062,237.9844970703125,240.58438110351562,16388121
2016-07-25 00:00:00+05:30,240.2473602294922,242.65464782714844,239.76589965820312,242.41390991210938,9212323
2016-07-26 00:00:00+05:30,242.317626953125,244.14715576171875,241.21026611328125,242.41390991210938,7080363
2016-07-27 00:00:00+05:30,241.6917266845703,244.29159545898438,237.16603088378906,238.22523498535156,9241105
2016-07-28 00:00:00+05:30,240.15106201171875,245.92855834960938,239.04371643066406,244.8693389892578,11787316
2016-07-29 00:00:00+05:30,244.77305603027344,246.98776245117188,242.07688903808594,243.08795166015625,12596909
2016-08-01 00:00:00+05:30,242.65464782714844,245.73597717285156,240.29550170898438,241.3065643310547,9926094
2016-08-02 00:00:00+05:30,241.6917266845703,252.28379821777344,241.6917266845703,251.1282958984375,17425566
2016-08-03 00:00:00+05:30,250.3579559326172,250.3579559326172,241.9324493408203,243.3286895751953,11408861
2016-08-04 00:00:00+05:30,244.58047485351562,245.39895629882812,240.92138671875,242.7509307861328,8995366
2016-08-05 00:00:00+05:30,242.799072265625,246.98776245117188,241.78802490234375,243.1842498779297,4533189
2016-08-08 00:00:00+05:30,243.6175537109375,245.3026580810547,240.2473602294922,240.6806640625,8739307
2016-08-09 00:00:00+05:30,240.7288055419922,240.7288055419922,236.9734344482422,238.46595764160156,9718838
2016-08-10 00:00:00+05:30,238.802978515625,239.18814086914062,236.6845703125,237.35861206054688,5457692
2016-08-11 00:00:00+05:30,237.84005737304688,243.4249725341797,237.40675354003906,242.317626953125,11158153
2016-08-12 00:00:00+05:30,241.25840759277344,246.02484130859375,241.01768493652344,244.6767578125,8603626
2016-08-16 00:00:00+05:30,244.82119750976562,248.43212890625,244.05087280273438,245.63967895507812,10689714
2016-08-17 00:00:00+05:30,245.11007690429688,247.22848510742188,242.84722900390625,244.29159545898438,8649054
2016-08-18 00:00:00+05:30,244.96563720703125,245.92855834960938,242.17318725585938,242.799072265625,6939437
2016-08-19 00:00:00+05:30,242.65464782714844,243.03981018066406,240.4880828857422,241.64358520507812,5531361
2016-08-22 00:00:00+05:30,242.317626953125,245.3026580810547,242.17318725585938,244.6767578125,4345966
2016-08-23 00:00:00+05:30,244.96563720703125,245.5433807373047,241.01768493652344,242.07688903808594,6694732
2016-08-24 00:00:00+05:30,241.88430786132812,242.65464782714844,239.8621826171875,240.96954345703125,5590189
2016-08-25 00:00:00+05:30,242.7509307861328,245.5433807373047,240.96954345703125,244.05087280273438,9884849
2016-08-26 00:00:00+05:30,243.95457458496094,245.4470977783203,242.70278930664062,244.3878936767578,4936367
2016-08-29 00:00:00+05:30,243.6175537109375,244.53233337402344,241.7398681640625,243.4249725341797,4437169
2016-08-30 00:00:00+05:30,244.29159545898438,248.33584594726562,243.6656951904297,247.75808715820312,7989072
2016-08-31 00:00:00+05:30,248.72100830078125,251.80233764648438,246.89146423339844,250.40611267089844,13265582
2016-09-01 00:00:00+05:30,251.3208770751953,253.2467041015625,249.4913330078125,251.3208770751953,8695602
2016-09-02 00:00:00+05:30,252.28379821777344,253.92074584960938,250.59869384765625,253.15042114257812,9506919
2016-09-06 00:00:00+05:30,253.2467041015625,256.0391540527344,251.41717529296875,252.86154174804688,9519864
2016-09-07 00:00:00+05:30,254.20962524414062,255.1243896484375,252.28379821777344,253.0541229248047,6656556
2016-09-08 00:00:00+05:30,253.72816467285156,255.7021484375,252.9578399658203,255.0762481689453,8645619
2016-09-09 00:00:00+05:30,253.2467041015625,254.64292907714844,247.51736450195312,248.72100830078125,10131678
2016-09-12 00:00:00+05:30,246.45816040039062,247.1803436279297,242.41390991210938,242.89537048339844,7627126
2016-09-14 00:00:00+05:30,241.6917266845703,243.71385192871094,240.29550170898438,242.5102081298828,13020551
2016-09-15 00:00:00+05:30,243.13609313964844,248.33584594726562,243.13609313964844,246.41000366210938,8077776
2016-09-16 00:00:00+05:30,246.5063018798828,252.47637939453125,245.92855834960938,250.69497680664062,14578809
2016-09-19 00:00:00+05:30,251.80233764648438,252.86154174804688,248.67286682128906,249.2506103515625,6724348
2016-09-20 00:00:00+05:30,249.58763122558594,249.63577270507812,245.78411865234375,247.4210662841797,6944197
2016-09-21 00:00:00+05:30,247.1803436279297,249.2024688720703,243.6175537109375,244.2434539794922,9139238
2016-09-22 00:00:00+05:30,245.97669982910156,247.66180419921875,244.33973693847656,245.78411865234375,7988449
2016-09-23 00:00:00+05:30,245.5433807373047,247.46922302246094,242.46205139160156,244.05087280273438,5143011
2016-09-26 00:00:00+05:30,243.6175537109375,243.85829162597656,238.32151794433594,238.8511199951172,10060086
2016-09-27 00:00:00+05:30,239.4288787841797,240.00662231445312,235.9142303466797,236.7327117919922,6900812
2016-09-28 00:00:00+05:30,237.16603088378906,240.15106201171875,236.39569091796875,237.7919158935547,7646466
2016-09-29 00:00:00+05:30,238.89927673339844,240.0547637939453,232.0625762939453,236.58827209472656,18104875
2016-09-30 00:00:00+05:30,236.54013061523438,237.7919158935547,231.58111572265625,232.39959716796875,9912734
2016-10-03 00:00:00+05:30,235.14390563964844,235.14390563964844,232.59217834472656,233.31436157226562,6714964
2016-10-04 00:00:00+05:30,233.9884033203125,234.90316772460938,231.43667602539062,232.25515747070312,8002732
2016-10-05 00:00:00+05:30,232.83290100097656,234.2291259765625,230.32933044433594,231.292236328125,6470467
2016-10-06 00:00:00+05:30,233.02548217773438,233.02548217773438,226.91098022460938,228.59608459472656,8986109
2016-10-07 00:00:00+05:30,229.07752990722656,231.34039306640625,227.97018432617188,230.08859252929688,4164582
2016-10-10 00:00:00+05:30,233.02548217773438,233.60324096679688,230.66635131835938,231.19595336914062,5241260
2016-10-13 00:00:00+05:30,231.19595336914062,232.49588012695312,228.1627655029297,230.08859252929688,11089281
2016-10-14 00:00:00+05:30,230.13674926757812,231.58111572265625,229.2219696044922,231.0033721923828,9579094
2016-10-17 00:00:00+05:30,231.0033721923828,232.78475952148438,229.65528869628906,231.6774139404297,6379993
2016-10-18 00:00:00+05:30,232.0625762939453,237.40675354003906,231.38853454589844,236.82901000976562,12234489
2016-10-19 00:00:00+05:30,236.54013061523438,236.54013061523438,229.55899047851562,230.57005310058594,8734555
2016-10-20 00:00:00+05:30,232.0625762939453,232.39959716796875,229.27012634277344,230.47377014160156,4572220
2016-10-21 00:00:00+05:30,230.13674926757812,232.20701599121094,229.89601135253906,231.2440948486328,10999941
2016-10-24 00:00:00+05:30,232.0625762939453,233.02548217773438,230.810791015625,232.39959716796875,9944640
2016-10-25 00:00:00+05:30,233.89212036132812,233.89212036132812,229.31826782226562,229.89601135253906,6177333
2016-10-26 00:00:00+05:30,230.95521545410156,233.50694274902344,224.84071350097656,229.89601135253906,24852951
2016-10-27 00:00:00+05:30,232.25515747070312,235.72164916992188,230.76263427734375,234.08470153808594,15943817
2016-10-28 00:00:00+05:30,235.2401885986328,235.2401885986328,230.61819458007812,234.08470153808594,9674418
2016-11-01 00:00:00+05:30,233.7958221435547,233.7958221435547,230.2811737060547,231.051513671875,5730426
2016-11-02 00:00:00+05:30,228.21090698242188,230.08859252929688,226.38137817382812,228.49978637695312,4867894
2016-11-03 00:00:00+05:30,228.25906372070312,233.31436157226562,227.2480010986328,231.38853454589844,9210542
2016-11-04 00:00:00+05:30,242.17318725585938,246.89146423339844,237.88821411132812,239.8140411376953,36621117
2016-11-07 00:00:00+05:30,244.3878936767578,250.0209503173828,237.84005737304688,246.98776245117188,25202734
2016-11-08 00:00:00+05:30,246.98776245117188,247.85438537597656,242.84722900390625,246.1211395263672,10317962
2016-11-09 00:00:00+05:30,230.2811737060547,245.5433807373047,229.70343017578125,238.94741821289062,23914156
2016-11-10 00:00:00+05:30,243.47311401367188,243.6175537109375,236.44383239746094,241.7398681640625,12012673
2016-11-11 00:00:00+05:30,238.802978515625,239.71774291992188,232.0625762939453,233.9402618408203,13232720
2016-11-15 00:00:00+05:30,232.9773406982422,237.7437744140625,227.055419921875,228.69236755371094,22012736
2016-11-16 00:00:00+05:30,229.1256866455078,230.2330322265625,219.5928192138672,222.33712768554688,31846924
2016-11-17 00:00:00+05:30,219.9779815673828,225.32217407226562,219.92984008789062,222.91488647460938,9640577
2016-11-18 00:00:00+05:30,221.4705047607422,222.81858825683594,218.6780548095703,219.40023803710938,8575440
2016-11-21 00:00:00+05:30,219.7372589111328,220.12242126464844,215.30784606933594,215.88558959960938,7878052
2016-11-22 00:00:00+05:30,216.6559295654297,219.64096069335938,215.21156311035156,217.7151336669922,9570300
2016-11-23 00:00:00+05:30,218.82249450683594,219.3520965576172,215.21156311035156,216.31890869140625,10720504
2016-11-24 00:00:00+05:30,216.6559295654297,216.8966522216797,213.8634796142578,215.21156311035156,18697423
2016-11-25 00:00:00+05:30,216.17446899414062,221.90382385253906,214.7782440185547,220.31500244140625,7890103
2016-11-28 00:00:00+05:30,219.92984008789062,225.51475524902344,218.87063598632812,225.03329467773438,9472016
2016-11-29 00:00:00+05:30,224.4073944091797,226.91098022460938,221.7112274169922,222.4815673828125,8945347
2016-11-30 00:00:00+05:30,223.39633178710938,225.70733642578125,220.6520233154297,223.87779235839844,11507955
2016-12-01 00:00:00+05:30,224.1666717529297,226.2850799560547,222.4815673828125,224.84071350097656,5358757
2016-12-02 00:00:00+05:30,224.3592529296875,224.3592529296875,219.544677734375,220.02613830566406,8693600
2016-12-05 00:00:00+05:30,220.4113006591797,224.5518341064453,219.01507568359375,223.92593383789062,5320355
2016-12-06 00:00:00+05:30,224.3592529296875,224.3592529296875,220.6520233154297,221.6630859375,5100487
2016-12-07 00:00:00+05:30,222.91488647460938,222.91488647460938,218.1002960205078,218.7743377685547,8419775
2016-12-08 00:00:00+05:30,220.5557403564453,226.57395935058594,219.83355712890625,224.64813232421875,7648947
2016-12-09 00:00:00+05:30,225.3703155517578,230.71449279785156,223.92593383789062,227.39244079589844,8648965
2016-12-12 00:00:00+05:30,225.51475524902344,225.99620056152344,223.3481903076172,223.68521118164062,3155645
2016-12-13 00:00:00+05:30,226.09249877929688,228.1146240234375,223.5889129638672,226.91098022460938,7727181
2016-12-14 00:00:00+05:30,227.2480010986328,227.72946166992188,223.39633178710938,224.50369262695312,6556449
2016-12-15 00:00:00+05:30,223.39633178710938,225.70733642578125,220.02613830566406,221.18162536621094,5538310
2016-12-16 00:00:00+05:30,222.2408447265625,222.2408447265625,217.6188507080078,217.95587158203125,13422991
2016-12-19 00:00:00+05:30,216.99295043945312,220.50758361816406,216.99295043945312,218.58175659179688,5665425
2016-12-20 00:00:00+05:30,220.02613830566406,222.2408447265625,219.06321716308594,221.42236328125,6145411
2016-12-21 00:00:00+05:30,220.50758361816406,221.27792358398438,217.13739013671875,217.90771484375,13379223
2016-12-22 00:00:00+05:30,216.8966522216797,219.92984008789062,215.93374633789062,219.11135864257812,6668113
2016-12-23 00:00:00+05:30,219.06321716308594,219.06321716308594,215.50042724609375,216.36705017089844,11177602
2016-12-26 00:00:00+05:30,216.55963134765625,217.4744110107422,213.76718139648438,216.6559295654297,9071721
2016-12-27 00:00:00+05:30,217.6188507080078,226.1887969970703,216.030029296875,225.3703155517578,16206836
2016-12-28 00:00:00+05:30,224.07037353515625,227.63316345214844,224.07037353515625,226.71839904785156,14711711
2016-12-29 00:00:00+05:30,226.57395935058594,228.21090698242188,223.68521118164062,227.2480010986328,14593942
2016-12-30 00:00:00+05:30,228.64422607421875,233.41065979003906,227.536865234375,232.68846130371094,10821396
2017-01-02 00:00:00+05:30,233.02548217773438,233.26622009277344,229.75157165527344,232.01443481445312,5075736
2017-01-03 00:00:00+05:30,231.96627807617188,236.58827209472656,230.37747192382812,234.32542419433594,7798116
2017-01-04 00:00:00+05:30,233.84396362304688,237.84005737304688,231.19595336914062,236.34754943847656,9668664
2017-01-05 00:00:00+05:30,235.43276977539062,238.65853881835938,235.047607421875,237.59933471679688,9532162
2017-01-06 00:00:00+05:30,237.84005737304688,239.76589965820312,233.21807861328125,233.69952392578125,8404984
2017-01-09 00:00:00+05:30,233.84396362304688,237.45489501953125,233.1217803955078,236.7327117919922,5041639
2017-01-10 00:00:00+05:30,236.8771514892578,240.58438110351562,236.58827209472656,239.71774291992188,12438618
2017-01-11 00:00:00+05:30,240.53622436523438,241.21026611328125,237.45489501953125,238.3696746826172,7931415
2017-01-12 00:00:00+05:30,238.51409912109375,238.51409912109375,235.09576416015625,235.57720947265625,5816779
2017-01-13 00:00:00+05:30,236.8771514892578,241.6917266845703,233.50694274902344,240.39178466796875,4553691
2017-01-16 00:00:00+05:30,240.00662231445312,241.5472869873047,237.9363555908203,239.5733184814453,4813933
2017-01-17 00:00:00+05:30,239.5733184814453,242.94351196289062,239.5733184814453,242.6064910888672,4996927
2017-01-18 00:00:00+05:30,242.26947021484375,244.8693389892578,240.53622436523438,241.5472869873047,7534139
2017-01-19 00:00:00+05:30,240.4880828857422,245.3026580810547,240.29550170898438,244.72491455078125,9538148
2017-01-20 00:00:00+05:30,244.82119750976562,246.79518127441406,244.29159545898438,245.92855834960938,11261533
2017-01-23 00:00:00+05:30,245.63967895507812,250.5023956298828,245.59153747558594,250.0209503173828,11101905
2017-01-24 00:00:00+05:30,249.97279357910156,251.0801544189453,247.80624389648438,250.21353149414062,8341113
2017-01-25 00:00:00+05:30,250.309814453125,256.5206298828125,249.97279357910156,255.65399169921875,18123606
2017-01-27 00:00:00+05:30,253.72816467285156,257.05023193359375,246.60260009765625,247.85438537597656,25440485
2017-01-30 00:00:00+05:30,248.8173065185547,251.3208770751953,246.02484130859375,246.60260009765625,9253765
2017-01-31 00:00:00+05:30,246.69888305664062,250.309814453125,245.15821838378906,248.52842712402344,10380649
2017-02-01 00:00:00+05:30,250.3579559326172,260.0834045410156,248.91358947753906,259.6982421875,35144107
2017-02-02 00:00:00+05:30,260.9500427246094,269.5199890136719,259.5056457519531,264.1276550292969,30867395
2017-02-03 00:00:00+05:30,263.8387756347656,265.28314208984375,260.46856689453125,262.92401123046875,9356904
2017-02-06 00:00:00+05:30,264.7054138183594,268.6533508300781,263.93505859375,266.5349426269531,8538188
2017-02-07 00:00:00+05:30,268.2681884765625,281.315673828125,265.37945556640625,266.8238220214844,25251605
2017-02-08 00:00:00+05:30,265.28314208984375,268.6533508300781,261.9129333496094,264.6091003417969,11114871
2017-02-09 00:00:00+05:30,265.7646179199219,268.0755920410156,262.5388488769531,267.3534240722656,5070408
2017-02-10 00:00:00+05:30,268.3644714355469,268.7496337890625,261.4796447753906,263.212890625,7975779
2017-02-13 00:00:00+05:30,265.1868591308594,266.10162353515625,258.6390380859375,260.5648498535156,9312915
2017-02-14 00:00:00+05:30,259.98712158203125,263.3573303222656,259.16864013671875,260.7574462890625,6911954
2017-02-15 00:00:00+05:30,261.1426086425781,265.28314208984375,261.1426086425781,263.2610168457031,7827599
2017-02-16 00:00:00+05:30,260.0352478027344,261.4314880371094,255.84657287597656,256.7613525390625,10982700
2017-02-17 00:00:00+05:30,257.4353942871094,258.92791748046875,254.20962524414062,258.2057189941406,9700816
2017-02-20 00:00:00+05:30,256.1354675292969,257.53167724609375,255.7021484375,256.18359375,5934404
2017-02-21 00:00:00+05:30,256.1354675292969,256.3761901855469,251.1282958984375,253.39114379882812,10251239
2017-02-22 00:00:00+05:30,254.59478759765625,256.3761901855469,251.94677734375,253.68002319335938,8815003
2017-02-23 00:00:00+05:30,254.20962524414062,258.2538757324219,251.89862060546875,255.79843139648438,12837302
2017-02-27 00:00:00+05:30,255.7021484375,256.1354675292969,248.28768920898438,254.78736877441406,5270544
2017-02-28 00:00:00+05:30,253.2467041015625,254.78736877441406,251.22459411621094,252.47637939453125,8558167
2017-03-01 00:00:00+05:30,252.66896057128906,259.6982421875,252.66896057128906,258.5427551269531,15139871
2017-03-02 00:00:00+05:30,258.5427551269531,260.22784423828125,253.72816467285156,254.9318084716797,10453722
2017-03-03 00:00:00+05:30,252.28379821777344,253.6318817138672,248.57656860351562,251.85047912597656,10371862
2017-03-06 00:00:00+05:30,252.9578399658203,255.22068786621094,251.85047912597656,254.30592346191406,9927375
2017-03-07 00:00:00+05:30,254.49850463867188,255.17254638671875,251.46531677246094,254.45034790039062,7183529
2017-03-08 00:00:00+05:30,254.64292907714844,255.65399169921875,253.72816467285156,254.35406494140625,5993605
2017-03-09 00:00:00+05:30,256.23175048828125,256.42431640625,252.57266235351562,255.1243896484375,9847115
2017-03-10 00:00:00+05:30,255.1243896484375,255.22068786621094,252.90968322753906,253.68002319335938,5880374
2017-03-14 00:00:00+05:30,256.3280334472656,261.575927734375,255.36512756347656,257.1946716308594,18508020
2017-03-15 00:00:00+05:30,255.36512756347656,260.6611633300781,255.36512756347656,258.2538757324219,14475482
2017-03-16 00:00:00+05:30,260.22784423828125,261.1907653808594,257.579833984375,258.4945983886719,9020039
2017-03-17 00:00:00+05:30,266.5349426269531,278.18621826171875,266.5349426269531,270.8199157714844,54015422
2017-03-20 00:00:00+05:30,272.4087219238281,273.6605224609375,267.49786376953125,271.44580078125,16509511
2017-03-21 00:00:00+05:30,272.6976013183594,277.8973388671875,272.5050048828125,277.2232971191406,13734401
2017-03-22 00:00:00+05:30,274.43084716796875,277.1751403808594,268.2681884765625,269.4718322753906,12874461
2017-03-23 00:00:00+05:30,267.208984375,272.0235595703125,264.8979797363281,267.3052673339844,17547913
2017-03-24 00:00:00+05:30,268.5089111328125,272.5050048828125,268.4126281738281,270.5791931152344,7398317
2017-03-27 00:00:00+05:30,270.0495910644531,272.4087219238281,266.053466796875,271.15692138671875,12623097
2017-03-28 00:00:00+05:30,271.15692138671875,271.73468017578125,269.6644287109375,270.09771728515625,6532115
2017-03-29 00:00:00+05:30,269.808837890625,273.1790466308594,269.808837890625,272.6976013183594,8828112
2017-03-30 00:00:00+05:30,273.4679260253906,274.09381103515625,269.6644287109375,272.2642822265625,14948411
2017-03-31 00:00:00+05:30,270.5791931152344,272.5050048828125,268.4126281738281,269.9051513671875,9929324
2017-04-03 00:00:00+05:30,272.31243896484375,273.082763671875,268.31634521484375,271.1087951660156,7507187
2017-04-05 00:00:00+05:30,272.6976013183594,272.9864807128906,267.40155029296875,268.6051940917969,10685034
2017-04-06 00:00:00+05:30,267.8830261230469,268.79779052734375,263.0684509277344,263.93505859375,16243974
2017-04-07 00:00:00+05:30,262.8758544921875,263.98321533203125,260.8537292480469,262.5388488769531,9480161
2017-04-10 00:00:00+05:30,264.80169677734375,264.80169677734375,262.0092468261719,263.40545654296875,5687364
2017-04-11 00:00:00+05:30,262.97216796875,272.1198425292969,261.7203674316406,271.5902404785156,11355730
2017-04-12 00:00:00+05:30,271.25323486328125,274.2382507324219,269.1829528808594,271.44580078125,7507416
2017-04-13 00:00:00+05:30,271.44580078125,271.5421142578125,267.208984375,268.79779052734375,4085766
2017-04-17 00:00:00+05:30,266.2942199707031,272.0235595703125,265.331298828125,268.7496337890625,5017073
2017-04-18 00:00:00+05:30,269.808837890625,273.4679260253906,267.7867431640625,268.7015075683594,4497780
2017-04-19 00:00:00+05:30,270.7236328125,271.0606384277344,267.5459899902344,268.3644714355469,5143709
2017-04-20 00:00:00+05:30,269.327392578125,271.0606384277344,268.0274658203125,269.1347961425781,4400814
2017-04-21 00:00:00+05:30,271.5421142578125,271.5421142578125,262.58697509765625,264.1758117675781,9041742
2017-04-24 00:00:00+05:30,266.1497802734375,267.25714111328125,261.094482421875,266.4867858886719,7392939
2017-04-25 00:00:00+05:30,267.6904296875,271.5421142578125,263.74249267578125,270.8680725097656,13211107
2017-04-26 00:00:00+05:30,272.79388427734375,282.0378723144531,271.5421142578125,280.1120300292969,19671557
2017-04-27 00:00:00+05:30,280.593505859375,281.074951171875,273.94940185546875,275.201171875,14075606
2017-04-28 00:00:00+05:30,275.201171875,275.8752136230469,267.0645446777344,267.6904296875,12851433
2017-05-02 00:00:00+05:30,270.09771728515625,270.8680725097656,266.2460632324219,268.845947265625,7298698
2017-05-03 00:00:00+05:30,269.1347961425781,269.1347961425781,265.28314208984375,266.96826171875,6271881
2017-05-04 00:00:00+05:30,267.5941467285156,271.73468017578125,265.9090576171875,270.7717590332031,8070845
2017-05-05 00:00:00+05:30,270.5310363769531,270.5310363769531,266.1497802734375,266.8719482421875,4192254
2017-05-08 00:00:00+05:30,267.25714111328125,268.1719055175781,262.4425354003906,262.8277282714844,11038927
2017-05-09 00:00:00+05:30,263.3573303222656,266.3905029296875,260.9500427246094,261.4314880371094,7008749
2017-05-10 00:00:00+05:30,262.10552978515625,265.4757385253906,261.9129333496094,263.7906188964844,4754549
2017-05-11 00:00:00+05:30,265.28314208984375,268.79779052734375,263.8387756347656,266.3905029296875,9778012
2017-05-12 00:00:00+05:30,267.0163879394531,267.0163879394531,263.8869323730469,264.7535400390625,4672675
2017-05-15 00:00:00+05:30,265.6683044433594,268.55706787109375,265.28314208984375,267.6423034667969,5673245
2017-05-16 00:00:00+05:30,268.1719055175781,273.7568054199219,267.6904296875,272.9383239746094,11635819
2017-05-17 00:00:00+05:30,273.564208984375,273.85308837890625,268.8940734863281,271.205078125,8617269
2017-05-18 00:00:00+05:30,267.6904296875,270.6273193359375,266.7756652832031,267.5941467285156,8229448
2017-05-19 00:00:00+05:30,271.7828369140625,284.6858825683594,271.49395751953125,275.5863342285156,37099971
2017-05-22 00:00:00+05:30,281.60455322265625,293.4965515136719,280.4972229003906,292.341064453125,37323445
2017-05-23 00:00:00+05:30,290.7041015625,292.62994384765625,287.1894836425781,289.0190124511719,20546707
2017-05-24 00:00:00+05:30,288.87457275390625,290.75225830078125,286.8524475097656,288.7782897949219,9822098
2017-05-25 00:00:00+05:30,288.87457275390625,293.4002685546875,284.3970031738281,288.9227294921875,23646915
2017-05-26 00:00:00+05:30,290.8004150390625,302.1628112792969,288.4412536621094,297.6371154785156,22579834
2017-05-29 00:00:00+05:30,292.7262268066406,307.9884338378906,292.2447814941406,304.13677978515625,20422509
2017-05-30 00:00:00+05:30,301.2961730957031,303.5108947753906,298.5518798828125,299.89996337890625,8876322
2017-05-31 00:00:00+05:30,299.89996337890625,301.77764892578125,295.614990234375,300.2369689941406,12782086
2017-06-01 00:00:00+05:30,300.4295654296875,305.00341796875,299.2740478515625,302.5479736328125,8570891
2017-06-02 00:00:00+05:30,304.37750244140625,308.0365905761719,303.5108947753906,307.362548828125,11500232
2017-06-05 00:00:00+05:30,303.31829833984375,306.4477844238281,301.68133544921875,305.67742919921875,9847609
2017-06-06 00:00:00+05:30,305.7255859375,307.1699523925781,297.8296813964844,299.5148010253906,10220219
2017-06-07 00:00:00+05:30,299.7555236816406,303.07757568359375,298.84075927734375,300.6702880859375,11978598
2017-06-08 00:00:00+05:30,301.3924560546875,301.6332092285156,297.92596435546875,300.0444030761719,8081100
2017-06-09 00:00:00+05:30,299.2259216308594,301.0072937011719,293.4002685546875,294.6520690917969,10453119
2017-06-12 00:00:00+05:30,295.614990234375,296.096435546875,291.2818603515625,293.11138916015625,6507632
2017-06-13 00:00:00+05:30,293.7373046875,294.6520690917969,290.99298095703125,293.92987060546875,5303687
2017-06-14 00:00:00+05:30,293.6409912109375,294.6520690917969,288.05609130859375,288.7301330566406,15135338
2017-06-15 00:00:00+05:30,291.7151794433594,291.7151794433594,288.39312744140625,290.7041015625,7713717
2017-06-16 00:00:00+05:30,291.2818603515625,298.1185607910156,291.2818603515625,295.4223937988281,12798297
2017-06-19 00:00:00+05:30,297.5408020019531,300.2851257324219,296.6741943359375,299.370361328125,7251573
2017-06-20 00:00:00+05:30,300.4295654296875,300.62213134765625,296.6741943359375,297.2519226074219,8579082
2017-06-21 00:00:00+05:30,297.92596435546875,299.4666442871094,295.80755615234375,297.49267578125,8598645
2017-06-22 00:00:00+05:30,297.20379638671875,302.5479736328125,296.7704772949219,299.7555236816406,9289243
2017-06-23 00:00:00+05:30,298.50372314453125,301.2961730957031,297.1556396484375,299.4666442871094,7453263
2017-06-27 00:00:00+05:30,300.1888122558594,304.7626647949219,299.4666442871094,300.7665710449219,10061814
2017-06-28 00:00:00+05:30,300.0444030761719,300.0444030761719,295.7112731933594,296.9149169921875,8224059
2017-06-29 00:00:00+05:30,297.6371154785156,301.6332092285156,297.1556396484375,300.0444030761719,10311615
2017-06-30 00:00:00+05:30,298.74444580078125,312.6585693359375,298.74444580078125,311.64752197265625,24090343
2017-07-03 00:00:00+05:30,333.1686706542969,341.642333984375,327.6800537109375,329.7984619140625,48892799
2017-07-04 00:00:00+05:30,330.08734130859375,330.7132263183594,323.7802429199219,324.7431640625,11664585
2017-07-05 00:00:00+05:30,324.7431640625,325.3209228515625,318.00274658203125,318.7731018066406,12439637
2017-07-06 00:00:00+05:30,321.9025573730469,326.1875305175781,319.0138244628906,324.5987243652344,13946670
2017-07-07 00:00:00+05:30,325.4653625488281,325.6579284667969,320.69891357421875,321.9025573730469,10301830
2017-07-10 00:00:00+05:30,320.1211853027344,322.57659912109375,318.7249450683594,320.93963623046875,1316454
2017-07-11 00:00:00+05:30,322.57659912109375,322.624755859375,317.76202392578125,318.1471862792969,8657755
2017-07-12 00:00:00+05:30,316.22137451171875,321.228515625,315.2584533691406,316.6546630859375,10643992
2017-07-13 00:00:00+05:30,319.6878662109375,326.90972900390625,318.7249450683594,326.1875305175781,18165609
2017-07-14 00:00:00+05:30,327.3430480957031,327.3430480957031,322.384033203125,324.6468811035156,5801768
2017-07-17 00:00:00+05:30,322.57659912109375,322.57659912109375,308.8069152832031,313.0918884277344,21102802
2017-07-18 00:00:00+05:30,281.7971496582031,281.7971496582031,266.1497802734375,273.9975280761719,155236591
2017-07-19 00:00:00+05:30,277.12701416015625,282.0378723144531,275.5863342285156,280.64166259765625,40641441
2017-07-20 00:00:00+05:30,283.0970764160156,283.9637145996094,277.7047424316406,278.76397705078125,15896377
2017-07-21 00:00:00+05:30,280.6897888183594,280.9305114746094,275.9233703613281,278.18621826171875,13681787
2017-07-24 00:00:00+05:30,279.24542236328125,284.3970031738281,277.4158935546875,282.3749084472656,18479650
2017-07-25 00:00:00+05:30,284.05999755859375,284.2044372558594,280.06390380859375,280.593505859375,9927828
2017-07-26 00:00:00+05:30,281.1712646484375,283.3377990722656,280.6897888183594,282.76007080078125,9564282
2017-07-27 00:00:00+05:30,283.7711181640625,284.4451599121094,276.1159362792969,277.84918212890625,19620418
2017-07-28 00:00:00+05:30,283.3859558105469,283.81927490234375,276.5010986328125,280.7379455566406,19206912
2017-07-31 00:00:00+05:30,278.76397705078125,279.5343017578125,273.94940185546875,274.67156982421875,22065527
2017-08-01 00:00:00+05:30,274.7197265625,277.84918212890625,274.43084716796875,277.1751403808594,14063559
2017-08-02 00:00:00+05:30,279.0528259277344,279.1491394042969,273.7568054199219,274.8641662597656,10247374
2017-08-03 00:00:00+05:30,274.43084716796875,274.8160095214844,270.2421569824219,270.96435546875,10592033
2017-08-04 00:00:00+05:30,270.0014343261719,273.85308837890625,269.27923583984375,270.33843994140625,11717562
2017-08-07 00:00:00+05:30,271.15692138671875,272.5050048828125,269.086669921875,269.4718322753906,8776750
2017-08-08 00:00:00+05:30,269.7125549316406,270.96435546875,263.3573303222656,263.98321533203125,13231816
2017-08-09 00:00:00+05:30,263.8387756347656,265.1868591308594,260.3722839355469,262.7314147949219,10291858
2017-08-10 00:00:00+05:30,262.5388488769531,264.46466064453125,260.70928955078125,262.97216796875,10380837
2017-08-11 00:00:00+05:30,260.9500427246094,264.2720947265625,260.0834045410156,261.4314880371094,14964550
2017-08-14 00:00:00+05:30,264.22393798828125,264.22393798828125,260.46856689453125,261.1907653808594,10066349
2017-08-16 00:00:00+05:30,261.9129333496094,271.3013610839844,261.28704833984375,268.845947265625,19412233
2017-08-17 00:00:00+05:30,271.3976745605469,272.4087219238281,267.5941467285156,269.61627197265625,14231781
2017-08-18 00:00:00+05:30,268.8940734863281,273.4679260253906,266.5349426269531,271.3976745605469,15442589
2017-08-21 00:00:00+05:30,271.8791198730469,274.43084716796875,270.5310363769531,271.15692138671875,13592218
2017-08-22 00:00:00+05:30,271.5421142578125,274.43084716796875,269.9532775878906,272.4087219238281,12417415
2017-08-23 00:00:00+05:30,272.9864807128906,275.00860595703125,271.15692138671875,272.07171630859375,9084531
2017-08-24 00:00:00+05:30,271.5421142578125,272.9864807128906,270.67547607421875,271.0124816894531,11235986
2017-08-28 00:00:00+05:30,271.6383972167969,272.5050048828125,268.9422302246094,271.97540283203125,10358573
2017-08-29 00:00:00+05:30,271.8791198730469,272.4087219238281,269.03851318359375,269.85699462890625,6377756
2017-08-30 00:00:00+05:30,270.7236328125,272.4087219238281,270.19403076171875,271.5421142578125,6785885
2017-08-31 00:00:00+05:30,272.5050048828125,272.6494445800781,270.0014343261719,271.7828369140625,11654017
2017-09-01 00:00:00+05:30,271.73468017578125,273.8049621582031,270.2903137207031,273.082763671875,7526993
2017-09-04 00:00:00+05:30,272.9383239746094,273.323486328125,271.5421142578125,272.601318359375,8807199
2017-09-05 00:00:00+05:30,272.1679992675781,273.37164306640625,271.15692138671875,272.3605651855469,8121365
2017-09-06 00:00:00+05:30,270.09771728515625,270.5791931152344,265.04241943359375,265.4757385253906,14710804
2017-09-07 00:00:00+05:30,266.7275085449219,267.25714111328125,259.5538024902344,260.3722839355469,19958290
2017-09-08 00:00:00+05:30,261.094482421875,263.16473388671875,259.98712158203125,262.2499694824219,10090288
2017-09-11 00:00:00+05:30,262.2981262207031,264.22393798828125,261.4314880371094,263.45361328125,9672742
2017-09-12 00:00:00+05:30,265.28314208984375,267.93115234375,264.4165344238281,267.3534240722656,11906324
2017-09-13 00:00:00+05:30,267.1127014160156,267.208984375,260.9018859863281,261.4314880371094,12593161
2017-09-14 00:00:00+05:30,262.2018127441406,262.3944091796875,260.3722839355469,261.9129333496094,7312288
2017-09-15 00:00:00+05:30,261.9129333496094,262.6351318359375,258.2538757324219,259.3130798339844,13653947
2017-09-18 00:00:00+05:30,260.9500427246094,261.62408447265625,256.3761901855469,257.0983581542969,10543289
2017-09-19 00:00:00+05:30,258.061279296875,259.98712158203125,254.30592346191406,257.9168395996094,35187337
2017-09-20 00:00:00+05:30,259.40936279296875,261.9129333496094,257.820556640625,261.4796447753906,9974675
2017-09-21 00:00:00+05:30,261.9129333496094,262.2981262207031,257.1946716308594,259.5538024902344,8058682
2017-09-22 00:00:00+05:30,259.5056457519531,260.9018859863281,257.1465148925781,258.4945983886719,7142399
2017-09-25 00:00:00+05:30,258.5427551269531,259.65008544921875,251.22459411621094,252.52452087402344,18260404
2017-09-26 00:00:00+05:30,253.53558349609375,253.96890258789062,251.3690185546875,252.71710205078125,9950366
2017-09-27 00:00:00+05:30,255.26882934570312,255.65399169921875,247.27662658691406,248.91358947753906,18208892
2017-09-28 00:00:00+05:30,250.74313354492188,253.6318817138672,249.4913330078125,251.85047912597656,22436773
2017-09-29 00:00:00+05:30,253.0541229248047,253.15042114257812,247.90252685546875,248.72100830078125,12640792
2017-10-03 00:00:00+05:30,252.76524353027344,253.0059814453125,248.91358947753906,251.70603942871094,11940746
2017-10-04 00:00:00+05:30,254.30592346191406,258.5427551269531,253.39114379882812,257.4835510253906,11194466
2017-10-05 00:00:00+05:30,257.4835510253906,259.40936279296875,254.59478759765625,255.41326904296875,7204474
2017-10-06 00:00:00+05:30,255.94287109375,257.579833984375,254.8355255126953,256.2799072265625,8158755
2017-10-09 00:00:00+05:30,258.061279296875,259.16864013671875,256.5206298828125,258.061279296875,6323114
2017-10-10 00:00:00+05:30,257.1946716308594,257.9649963378906,255.3169708251953,256.3280334472656,5683301
2017-10-11 00:00:00+05:30,256.6169128417969,257.820556640625,254.64292907714844,255.55770874023438,7959877
2017-10-12 00:00:00+05:30,255.7021484375,259.216796875,254.20962524414062,257.0983581542969,9518815
2017-10-13 00:00:00+05:30,256.3761901855469,257.6761169433594,254.40220642089844,256.0873107910156,12504487
2017-10-16 00:00:00+05:30,256.1354675292969,259.93896484375,255.65399169921875,257.579833984375,9504724
2017-10-17 00:00:00+05:30,258.061279296875,258.7353210449219,256.0873107910156,257.339111328125,11038203
2017-10-18 00:00:00+05:30,258.061279296875,260.70928955078125,257.1946716308594,260.3241271972656,7508323
2017-10-19 00:00:00+05:30,260.9500427246094,261.2388916015625,259.0242004394531,259.65008544921875,1283342
2017-10-23 00:00:00+05:30,259.98712158203125,262.6351318359375,255.94287109375,257.1465148925781,10144269
2017-10-24 00:00:00+05:30,258.4945983886719,258.4945983886719,256.23175048828125,257.0983581542969,8723712
2017-10-25 00:00:00+05:30,258.4464416503906,261.4314880371094,258.2538757324219,259.2649230957031,6169387
2017-10-26 00:00:00+05:30,260.7574462890625,260.7574462890625,257.2427978515625,258.4464416503906,9616793
2017-10-27 00:00:00+05:30,260.5648498535156,265.7646179199219,257.53167724609375,259.3612060546875,23852749
2017-10-30 00:00:00+05:30,259.0242004394531,260.5648498535156,253.68002319335938,255.3169708251953,18266520
2017-10-31 00:00:00+05:30,256.18359375,257.05023193359375,254.1133270263672,255.84657287597656,8452918
2017-11-01 00:00:00+05:30,257.0983581542969,261.1426086425781,256.42431640625,259.8426818847656,7516426
2017-11-02 00:00:00+05:30,259.6982421875,259.93896484375,255.46141052246094,255.79843139648438,10056813
2017-11-03 00:00:00+05:30,257.0983581542969,257.9649963378906,255.0762481689453,255.55770874023438,6210456
2017-11-06 00:00:00+05:30,256.3761901855469,257.9649963378906,254.49850463867188,255.0762481689453,9368140
2017-11-07 00:00:00+05:30,255.84657287597656,257.77239990234375,253.8726043701172,255.46141052246094,9872847
2017-11-08 00:00:00+05:30,255.5095672607422,256.6169128417969,254.8836669921875,255.55770874023438,6186540
2017-11-09 00:00:00+05:30,256.5206298828125,256.6169128417969,249.68392944335938,250.40611267089844,21026098
2017-11-10 00:00:00+05:30,250.8875732421875,255.36512756347656,249.78021240234375,251.9949188232422,17438746
2017-11-13 00:00:00+05:30,253.2467041015625,253.53558349609375,248.43212890625,248.72100830078125,7681031
2017-11-14 00:00:00+05:30,248.91358947753906,251.1764373779297,246.5063018798828,247.03590393066406,8656529
2017-11-15 00:00:00+05:30,247.46922302246094,247.80624389648438,241.11398315429688,243.90643310546875,17666898
2017-11-16 00:00:00+05:30,245.2545166015625,246.1211395263672,243.03981018066406,245.63967895507812,10343428
2017-11-17 00:00:00+05:30,246.98776245117188,249.39505004882812,246.5063018798828,248.43212890625,10383570
2017-11-20 00:00:00+05:30,249.0098876953125,251.03199768066406,247.70994567871094,249.58763122558594,8221147
2017-11-21 00:00:00+05:30,249.8765106201172,249.8765106201172,245.73597717285156,246.313720703125,17266541
2017-11-22 00:00:00+05:30,246.5063018798828,249.0580291748047,246.1211395263672,248.57656860351562,8941555
2017-11-23 00:00:00+05:30,248.76914978027344,251.03199768066406,246.89146423339844,248.57656860351562,7814131
2017-11-24 00:00:00+05:30,248.91358947753906,251.7541961669922,248.48028564453125,251.0801544189453,7630740
2017-11-27 00:00:00+05:30,250.3579559326172,250.83941650390625,247.75808715820312,249.63577270507812,5022804
2017-11-28 00:00:00+05:30,249.4913330078125,249.58763122558594,246.5063018798828,247.46922302246094,18183221
2017-11-29 00:00:00+05:30,248.43212890625,249.10617065429688,247.46922302246094,248.48028564453125,9032800
2017-11-30 00:00:00+05:30,248.33584594726562,248.6247100830078,245.20635986328125,246.554443359375,22967997
2017-12-01 00:00:00+05:30,247.4210662841797,249.97279357910156,245.20635986328125,245.73597717285156,6847473
2017-12-04 00:00:00+05:30,246.5063018798828,246.79518127441406,244.14715576171875,245.63967895507812,6347174
2017-12-05 00:00:00+05:30,245.5433807373047,245.88040161132812,243.13609313964844,244.43603515625,9337698
2017-12-06 00:00:00+05:30,243.85829162597656,243.85829162597656,241.5472869873047,242.26947021484375,8562019
2017-12-07 00:00:00+05:30,240.7288055419922,244.6767578125,240.7288055419922,243.95457458496094,5635445
2017-12-08 00:00:00+05:30,244.33973693847656,253.4392852783203,244.00271606445312,252.47637939453125,13638732
2017-12-11 00:00:00+05:30,254.8355255126953,257.579833984375,253.53558349609375,256.3761901855469,17842707
2017-12-12 00:00:00+05:30,254.6910858154297,255.36512756347656,250.83941650390625,251.85047912597656,9599026
2017-12-13 00:00:00+05:30,249.97279357910156,252.66896057128906,248.04696655273438,249.39505004882812,8986735
2017-12-14 00:00:00+05:30,251.22459411621094,256.2799072265625,247.9988250732422,254.45034790039062,8353203
2017-12-15 00:00:00+05:30,256.1354675292969,257.1465148925781,253.68002319335938,254.78736877441406,12742052
2017-12-18 00:00:00+05:30,255.65399169921875,255.65399169921875,249.4431915283203,253.4392852783203,9650962
2017-12-19 00:00:00+05:30,253.6318817138672,255.55770874023438,253.34300231933594,254.45034790039062,6107682
2017-12-20 00:00:00+05:30,254.8836669921875,254.8836669921875,252.9578399658203,253.53558349609375,7728106
2017-12-21 00:00:00+05:30,256.0391540527344,256.0391540527344,251.89862060546875,253.29486083984375,7032195
2017-12-22 00:00:00+05:30,253.72816467285156,254.40220642089844,252.42823791503906,253.34300231933594,6652053
2017-12-26 00:00:00+05:30,253.48744201660156,255.17254638671875,252.90968322753906,254.35406494140625,9917650
2017-12-27 00:00:00+05:30,254.40220642089844,254.49850463867188,251.94677734375,252.42823791503906,6325599
2017-12-28 00:00:00+05:30,253.6318817138672,254.2577667236328,251.3690185546875,252.1393585205078,16501935
2017-12-29 00:00:00+05:30,252.76524353027344,254.20962524414062,252.52452087402344,253.48744201660156,6818477
2018-01-01 00:00:00+05:30,253.48744201660156,256.42431640625,251.5615997314453,252.57266235351562,10863895
2018-01-02 00:00:00+05:30,252.86154174804688,254.40220642089844,250.79127502441406,251.0801544189453,5907460
2018-01-03 00:00:00+05:30,251.60975646972656,252.90968322753906,250.9357147216797,251.46531677246094,11443370
2018-01-04 00:00:00+05:30,251.27273559570312,253.0059814453125,250.9357147216797,251.85047912597656,9729737
2018-01-05 00:00:00+05:30,252.1875,253.72816467285156,252.1875,253.15042114257812,9566733
2018-01-08 00:00:00+05:30,254.20962524414062,256.9057922363281,253.48744201660156,255.7502899169922,14989106
2018-01-09 00:00:00+05:30,255.65399169921875,261.9129333496094,254.9318084716797,260.5167236328125,26728897
2018-01-10 00:00:00+05:30,263.3091735839844,263.8387756347656,259.0723571777344,259.40936279296875,17074502
2018-01-11 00:00:00+05:30,259.5056457519531,260.9500427246094,258.1575622558594,259.7945251464844,11722150
2018-01-12 00:00:00+05:30,260.22784423828125,261.28704833984375,256.2799072265625,257.6279602050781,8494789
2018-01-15 00:00:00+05:30,258.061279296875,261.04632568359375,257.0983581542969,257.6761169433594,10944192
2018-01-16 00:00:00+05:30,258.2538757324219,258.7353210449219,251.1282958984375,251.9949188232422,13433905
2018-01-17 00:00:00+05:30,252.28379821777344,257.0983581542969,249.92465209960938,256.18359375,17006334
2018-01-18 00:00:00+05:30,258.061279296875,265.04241943359375,256.7613525390625,263.2610168457031,27461089
2018-01-19 00:00:00+05:30,265.7646179199219,267.208984375,261.04632568359375,264.3683776855469,26700710
2018-01-22 00:00:00+05:30,264.80169677734375,265.28314208984375,261.62408447265625,263.50177001953125,8660321
2018-01-23 00:00:00+05:30,263.8387756347656,266.96826171875,263.40545654296875,266.34234619140625,18947034
2018-01-24 00:00:00+05:30,266.3905029296875,271.5421142578125,265.812744140625,271.0124816894531,17971710
2018-01-25 00:00:00+05:30,270.5791931152344,272.6976013183594,268.2681884765625,270.8199157714844,13629982
2018-01-29 00:00:00+05:30,270.7236328125,272.79388427734375,264.80169677734375,265.4275817871094,9938281
2018-01-30 00:00:00+05:30,264.80169677734375,266.1979064941406,261.86480712890625,264.9942626953125,13560150
2018-01-31 00:00:00+05:30,263.74249267578125,265.7646179199219,259.8426818847656,261.335205078125,19675610
2018-02-01 00:00:00+05:30,261.9129333496094,279.5343017578125,257.4835510253906,265.090576171875,61648368
2018-02-02 00:00:00+05:30,264.22393798828125,275.0567321777344,260.7574462890625,265.1387023925781,36356576
2018-02-05 00:00:00+05:30,263.40545654296875,271.25323486328125,261.7685241699219,268.8940734863281,20465290
2018-02-06 00:00:00+05:30,259.93896484375,267.0163879394531,258.2057189941406,263.3573303222656,16432103
2018-02-07 00:00:00+05:30,267.6904296875,268.4126281738281,263.8387756347656,264.9461364746094,13455081
2018-02-08 00:00:00+05:30,265.4757385253906,266.6312255859375,262.5388488769531,263.93505859375,10156564
2018-02-09 00:00:00+05:30,260.9500427246094,262.3944091796875,257.86871337890625,261.28704833984375,14751166
2018-02-12 00:00:00+05:30,262.34625244140625,263.6943359375,259.3130798339844,259.8426818847656,6972242
2018-02-14 00:00:00+05:30,259.98712158203125,260.9500427246094,255.26882934570312,256.6169128417969,11738542
2018-02-15 00:00:00+05:30,256.6169128417969,259.8908386230469,254.97994995117188,258.1575622558594,12188244
2018-02-16 00:00:00+05:30,259.8426818847656,260.70928955078125,255.7502899169922,256.5687561035156,6401588
2018-02-19 00:00:00+05:30,256.1354675292969,257.86871337890625,252.76524353027344,254.30592346191406,6303342
2018-02-20 00:00:00+05:30,254.20962524414062,255.94287109375,252.42823791503906,253.48744201660156,9659227
2018-02-21 00:00:00+05:30,254.20962524414062,258.9760437011719,253.68002319335938,258.2538757324219,10961665
2018-02-22 00:00:00+05:30,257.29095458984375,259.0242004394531,255.60585021972656,257.1946716308594,19855003
2018-02-23 00:00:00+05:30,257.53167724609375,259.98712158203125,256.23175048828125,259.0723571777344,6780714
2018-02-26 00:00:00+05:30,258.59088134765625,259.5056457519531,256.1354675292969,256.6650695800781,8701511
2018-02-27 00:00:00+05:30,258.061279296875,258.2538757324219,255.65399169921875,256.5206298828125,7716072
2018-02-28 00:00:00+05:30,255.17254638671875,256.42431640625,253.29486083984375,255.22068786621094,13969189
2018-03-01 00:00:00+05:30,254.40220642089844,256.23175048828125,253.10226440429688,254.20962524414062,8081243
2018-03-05 00:00:00+05:30,253.53558349609375,253.53558349609375,250.3579559326172,250.59869384765625,6878708
2018-03-06 00:00:00+05:30,251.3690185546875,252.66896057128906,246.02484130859375,246.98776245117188,8495423
2018-03-07 00:00:00+05:30,246.98776245117188,250.83941650390625,244.14715576171875,250.2616729736328,15736814
2018-03-08 00:00:00+05:30,250.64683532714844,252.1875,248.19140625,249.2506103515625,6259151
2018-03-09 00:00:00+05:30,249.39505004882812,251.22459411621094,248.67286682128906,249.63577270507812,6345666
2018-03-12 00:00:00+05:30,254.20962524414062,260.80560302734375,253.1985626220703,260.0834045410156,20666810
2018-03-13 00:00:00+05:30,259.65008544921875,261.9129333496094,257.29095458984375,259.45751953125,8647577
2018-03-14 00:00:00+05:30,258.10943603515625,259.0723571777344,255.46141052246094,258.10943603515625,8211627
2018-03-15 00:00:00+05:30,257.0983581542969,259.8908386230469,255.36512756347656,255.7021484375,5771710
2018-03-16 00:00:00+05:30,256.5206298828125,256.5206298828125,249.2506103515625,250.83941650390625,21477001
2018-03-19 00:00:00+05:30,250.8875732421875,252.47637939453125,248.72100830078125,249.53948974609375,13423983
2018-03-20 00:00:00+05:30,248.57656860351562,250.309814453125,247.95066833496094,249.58763122558594,7769207
2018-03-21 00:00:00+05:30,250.40611267089844,251.94677734375,249.10617065429688,249.4431915283203,13418488
2018-03-22 00:00:00+05:30,250.3579559326172,251.7541961669922,248.28768920898438,248.72100830078125,8319663
2018-03-23 00:00:00+05:30,246.5063018798828,249.2024688720703,245.3026580810547,246.5063018798828,11616470
2018-03-26 00:00:00+05:30,243.52127075195312,250.3579559326172,243.13609313964844,248.52842712402344,12981125
2018-03-27 00:00:00+05:30,249.2024688720703,250.83941650390625,247.3729248046875,249.2987518310547,9107151
2018-03-28 00:00:00+05:30,248.43212890625,249.34690856933594,244.91749572753906,246.02484130859375,12743051
2018-04-02 00:00:00+05:30,247.46922302246094,249.34690856933594,245.97669982910156,248.67286682128906,7299774
2018-04-03 00:00:00+05:30,248.43212890625,250.3579559326172,247.95066833496094,248.91358947753906,5294559
2018-04-04 00:00:00+05:30,249.8765106201172,250.16537475585938,247.5655059814453,249.0098876953125,8716184
2018-04-05 00:00:00+05:30,246.02484130859375,250.3579559326172,246.02484130859375,250.0209503173828,9464602
2018-04-06 00:00:00+05:30,250.83941650390625,252.28379821777344,250.40611267089844,251.1764373779297,6333848
2018-04-09 00:00:00+05:30,251.46531677246094,256.71319580078125,251.22459411621094,255.94287109375,9572467
2018-04-10 00:00:00+05:30,256.47247314453125,258.7353210449219,255.26882934570312,256.80950927734375,15248015
2018-04-11 00:00:00+05:30,257.0020751953125,257.6279602050781,253.6318817138672,255.3169708251953,5433736
2018-04-12 00:00:00+05:30,255.26882934570312,255.3169708251953,251.70603942871094,252.2356414794922,6360898
2018-04-13 00:00:00+05:30,253.2467041015625,253.72816467285156,250.3579559326172,251.0801544189453,5183544
2018-04-16 00:00:00+05:30,250.83941650390625,255.0762481689453,250.3579559326172,254.64292907714844,5412918
2018-04-17 00:00:00+05:30,255.55770874023438,258.4464416503906,252.9578399658203,257.6761169433594,13716437
2018-04-18 00:00:00+05:30,258.7353210449219,268.55706787109375,258.061279296875,265.1387023925781,24733011
2018-04-19 00:00:00+05:30,266.96826171875,269.61627197265625,265.04241943359375,267.0645446777344,13317329
2018-04-20 00:00:00+05:30,265.7646179199219,268.8940734863281,263.3573303222656,265.9571838378906,11206130
2018-04-23 00:00:00+05:30,265.7646179199219,266.92010498046875,264.80169677734375,265.28314208984375,12198602
2018-04-24 00:00:00+05:30,265.7646179199219,268.5089111328125,264.46466064453125,265.7646179199219,8774762
2018-04-25 00:00:00+05:30,265.28314208984375,266.053466796875,262.58697509765625,263.93505859375,5118640
2018-04-26 00:00:00+05:30,264.3683776855469,268.7496337890625,262.8758544921875,267.93115234375,21064135
2018-04-27 00:00:00+05:30,269.2311096191406,270.5310363769531,268.0755920410156,269.03851318359375,10107682
2018-04-30 00:00:00+05:30,269.2311096191406,273.323486328125,269.2311096191406,271.0124816894531,6146923
2018-05-02 00:00:00+05:30,271.6383972167969,277.9936218261719,269.85699462890625,276.597412109375,16690653
2018-05-03 00:00:00+05:30,276.838134765625,278.95654296875,272.55316162109375,274.43084716796875,9727173
2018-05-04 00:00:00+05:30,276.356689453125,276.356689453125,265.62017822265625,266.8719482421875,11324148
2018-05-07 00:00:00+05:30,267.97930908203125,272.8901672363281,266.6312255859375,271.7828369140625,6725168
2018-05-08 00:00:00+05:30,272.6494445800781,275.3456115722656,271.5421142578125,272.21612548828125,6842664
2018-05-09 00:00:00+05:30,271.0606384277344,273.4679260253906,271.0606384277344,271.8309631347656,4376684
2018-05-10 00:00:00+05:30,272.4568786621094,273.4197692871094,267.0163879394531,269.7607116699219,5890656
2018-05-11 00:00:00+05:30,271.44580078125,273.4679260253906,269.37554931640625,273.13092041015625,4042002
2018-05-14 00:00:00+05:30,272.5050048828125,276.6455383300781,271.5421142578125,274.2382507324219,6728839
2018-05-15 00:00:00+05:30,274.2864074707031,275.3937683105469,270.2903137207031,271.3976745605469,8077078
2018-05-16 00:00:00+05:30,269.568115234375,278.0899353027344,269.1829528808594,275.24932861328125,18758524
2018-05-17 00:00:00+05:30,277.319580078125,277.9936218261719,268.1237487792969,268.6051940917969,11169294
2018-05-18 00:00:00+05:30,268.22003173828125,274.96044921875,265.7646179199219,271.8309631347656,16016090
2018-05-21 00:00:00+05:30,271.8309631347656,273.4679260253906,268.1719055175781,271.8791198730469,8909610
2018-05-22 00:00:00+05:30,271.5421142578125,272.601318359375,267.73858642578125,268.4126281738281,4913188
2018-05-23 00:00:00+05:30,268.6533508300781,269.03851318359375,262.8277282714844,263.3091735839844,8195839
2018-05-24 00:00:00+05:30,263.8387756347656,266.5349426269531,261.6722106933594,264.6572570800781,6524303
2018-05-25 00:00:00+05:30,262.2981262207031,264.80169677734375,258.7834777832031,262.2018127441406,9600297
2018-05-28 00:00:00+05:30,263.8387756347656,267.208984375,262.2981262207031,265.090576171875,7266559
2018-05-29 00:00:00+05:30,264.6091003417969,267.44970703125,262.34625244140625,263.8869323730469,9171106
2018-05-30 00:00:00+05:30,262.3944091796875,263.5498962402344,260.6130065917969,261.816650390625,8313920
2018-05-31 00:00:00+05:30,262.10552978515625,262.58697509765625,259.6019592285156,261.575927734375,13721531
2018-06-01 00:00:00+05:30,261.094482421875,261.62408447265625,259.1204833984375,259.93896484375,6862252
2018-06-04 00:00:00+05:30,260.22784423828125,261.86480712890625,257.579833984375,258.92791748046875,8291604
2018-06-05 00:00:00+05:30,259.0242004394531,259.8426818847656,256.95391845703125,257.579833984375,6011246
2018-06-06 00:00:00+05:30,258.061279296875,261.094482421875,257.86871337890625,260.3722839355469,7577818
2018-06-07 00:00:00+05:30,260.46856689453125,262.2018127441406,260.0834045410156,260.9981689453125,7059595
2018-06-08 00:00:00+05:30,261.04632568359375,261.4314880371094,257.0983581542969,257.9649963378906,7030323
2018-06-11 00:00:00+05:30,258.5427551269531,261.816650390625,258.2057189941406,259.2649230957031,8903144
2018-06-12 00:00:00+05:30,259.3130798339844,264.4165344238281,259.2649230957031,260.22784423828125,8774931
2018-06-13 00:00:00+05:30,261.4314880371094,261.7203674316406,257.29095458984375,257.9168395996094,8118945
2018-06-14 00:00:00+05:30,256.6169128417969,258.92791748046875,256.1354675292969,257.339111328125,9522749
2018-06-15 00:00:00+05:30,257.579833984375,257.820556640625,253.824462890625,254.6910858154297,11231098
2018-06-18 00:00:00+05:30,254.64292907714844,255.65399169921875,253.72816467285156,254.73922729492188,6522996
2018-06-19 00:00:00+05:30,255.0762481689453,257.2427978515625,252.90968322753906,256.18359375,7618626
2018-06-20 00:00:00+05:30,256.5687561035156,257.0983581542969,253.29486083984375,253.96890258789062,9907628
2018-06-21 00:00:00+05:30,254.59478759765625,254.97994995117188,250.74313354492188,251.1764373779297,7412366
2018-06-22 00:00:00+05:30,250.8875732421875,256.9057922363281,250.3579559326172,255.3169708251953,17468481
2018-06-25 00:00:00+05:30,255.3169708251953,255.55770874023438,250.1172332763672,252.86154174804688,14142177
2018-06-26 00:00:00+05:30,252.71710205078125,256.2799072265625,252.42823791503906,254.97994995117188,10475574
2018-06-27 00:00:00+05:30,255.0762481689453,255.17254638671875,251.80233764648438,253.0059814453125,10423520
2018-06-28 00:00:00+05:30,252.28379821777344,254.20962524414062,249.39505004882812,250.83941650390625,15200725
2018-06-29 00:00:00+05:30,252.09121704101562,257.6279602050781,250.64683532714844,256.3280334472656,11327082
2018-07-02 00:00:00+05:30,257.0983581542969,257.1946716308594,250.40611267089844,253.29486083984375,18794988
2018-07-03 00:00:00+05:30,253.72816467285156,256.8576354980469,251.46531677246094,255.60585021972656,10784961
2018-07-04 00:00:00+05:30,256.42431640625,256.42431640625,252.47637939453125,254.59478759765625,8184810
2018-07-05 00:00:00+05:30,254.78736877441406,263.64617919921875,253.72816467285156,262.3944091796875,16069118
2018-07-06 00:00:00+05:30,262.6351318359375,264.56097412109375,260.1315612792969,262.5388488769531,13434995
2018-07-09 00:00:00+05:30,264.80169677734375,265.7646179199219,262.10552978515625,264.22393798828125,10158808
2018-07-10 00:00:00+05:30,265.28314208984375,267.208984375,262.97216796875,266.7756652832031,11928591
2018-07-11 00:00:00+05:30,266.5830993652344,269.9051513671875,263.5980529785156,265.52386474609375,11800272
2018-07-12 00:00:00+05:30,265.52386474609375,267.8348693847656,263.16473388671875,266.92010498046875,10284221
2018-07-13 00:00:00+05:30,267.6904296875,267.97930908203125,259.216796875,260.3722839355469,19306087
2018-07-16 00:00:00+05:30,260.2760009765625,263.16473388671875,259.6982421875,261.52777099609375,10676970
2018-07-17 00:00:00+05:30,260.9981689453125,262.8758544921875,259.3130798339844,259.8426818847656,10419746
2018-07-18 00:00:00+05:30,261.04632568359375,261.2388916015625,257.6761169433594,258.59088134765625,7321779
2018-07-19 00:00:00+05:30,258.92791748046875,264.4165344238281,256.3761901855469,263.16473388671875,9301711
2018-07-20 00:00:00+05:30,263.1165771484375,264.6091003417969,260.6130065917969,263.8387756347656,6825663
2018-07-23 00:00:00+05:30,269.1347961425781,276.0196533203125,266.8719482421875,273.61236572265625,27059765
2018-07-24 00:00:00+05:30,273.94940185546875,276.356689453125,273.03460693359375,275.0567321777344,12577993
2018-07-25 00:00:00+05:30,273.7086486816406,276.30853271484375,272.6976013183594,275.5382080078125,13814116
2018-07-26 00:00:00+05:30,276.356689453125,280.352783203125,273.6605224609375,276.54925537109375,21495638
2018-07-27 00:00:00+05:30,288.87457275390625,295.7594299316406,284.05999755859375,291.33001708984375,78783846
2018-07-30 00:00:00+05:30,290.8004150390625,292.341064453125,288.87457275390625,289.8856201171875,17738557
2018-07-31 00:00:00+05:30,289.5967712402344,290.17449951171875,284.589599609375,286.6598815917969,15124149
2018-08-01 00:00:00+05:30,286.99688720703125,291.7151794433594,285.11920166015625,290.41522216796875,15187911
2018-08-02 00:00:00+05:30,289.35601806640625,292.2447814941406,286.2746887207031,288.104248046875,10226827
2018-08-03 00:00:00+05:30,288.87457275390625,294.0743103027344,287.0931701660156,292.6781005859375,12950643
2018-08-06 00:00:00+05:30,293.68914794921875,295.5186767578125,288.87457275390625,290.6078186035156,7979881
2018-08-07 00:00:00+05:30,291.7151794433594,292.9188232421875,288.63385009765625,289.93377685546875,7465742
2018-08-08 00:00:00+05:30,289.11529541015625,291.1855773925781,288.87457275390625,289.7893371582031,6690368
2018-08-09 00:00:00+05:30,290.5596618652344,293.3039855957031,288.9227294921875,291.2818603515625,9576528
2018-08-10 00:00:00+05:30,290.8004150390625,295.5186767578125,289.98193359375,293.4965515136719,15347074
2018-08-13 00:00:00+05:30,292.7262268066406,296.38531494140625,291.9077453613281,294.6039123535156,10341087
2018-08-14 00:00:00+05:30,295.614990234375,298.6963195800781,295.4705505371094,296.4815979003906,12790249
2018-08-16 00:00:00+05:30,296.4815979003906,297.0593566894531,293.7854309082031,296.04827880859375,19393491
2018-08-17 00:00:00+05:30,296.38531494140625,303.607177734375,296.38531494140625,302.1146545410156,26392504
2018-08-20 00:00:00+05:30,302.5479736328125,303.31829833984375,299.7555236816406,301.68133544921875,19958265
2018-08-21 00:00:00+05:30,302.83685302734375,305.244140625,300.4295654296875,301.2961730957031,14143291
2018-08-23 00:00:00+05:30,302.3553771972656,304.6663818359375,295.9519958496094,300.4295654296875,11745180
2018-08-24 00:00:00+05:30,299.4666442871094,300.4295654296875,295.614990234375,298.8888854980469,5655583
2018-08-27 00:00:00+05:30,299.6592102050781,303.1738586425781,298.98516845703125,301.77764892578125,5482067
2018-08-28 00:00:00+05:30,302.3553771972656,304.088623046875,299.4666442871094,300.092529296875,6864300
2018-08-29 00:00:00+05:30,300.14068603515625,303.7516174316406,298.50372314453125,301.19989013671875,10748094
2018-08-30 00:00:00+05:30,301.8739318847656,308.71063232421875,301.8739318847656,307.9884338378906,25934792
2018-08-31 00:00:00+05:30,310.0587158203125,310.6364440917969,305.43670654296875,307.9884338378906,18781195
2018-09-03 00:00:00+05:30,310.9734802246094,310.9734802246094,299.5148010253906,301.5850524902344,9463966
2018-09-04 00:00:00+05:30,300.4295654296875,300.62213134765625,295.614990234375,298.1185607910156,11615187
2018-09-05 00:00:00+05:30,298.8888854980469,302.7886962890625,297.7815246582031,298.74444580078125,10529696
2018-09-06 00:00:00+05:30,299.851806640625,300.1888122558594,296.62603759765625,299.2740478515625,7902786
2018-09-07 00:00:00+05:30,300.0444030761719,301.5850524902344,296.6741943359375,298.9370422363281,7465327
2018-09-10 00:00:00+05:30,298.6963195800781,299.2259216308594,294.21875,295.1816711425781,10006954
2018-09-11 00:00:00+05:30,295.2779541015625,295.3742370605469,284.589599609375,286.17840576171875,27008217
2018-09-12 00:00:00+05:30,286.7080078125,296.1927185058594,284.4451599121094,295.4223937988281,20171661
2018-09-14 00:00:00+05:30,295.614990234375,297.20379638671875,293.7373046875,295.7594299316406,13317349
2018-09-17 00:00:00+05:30,293.68914794921875,294.74835205078125,290.3189392089844,290.8004150390625,6049990
2018-09-18 00:00:00+05:30,290.99298095703125,293.5928649902344,288.2005310058594,292.0040588378906,8515415
2018-09-19 00:00:00+05:30,293.20770263671875,294.3150329589844,286.94873046875,288.5375671386719,6387203
2018-09-21 00:00:00+05:30,289.2597351074219,295.2298278808594,289.2597351074219,292.6781005859375,16966413
2018-09-24 00:00:00+05:30,293.68914794921875,294.98907470703125,281.6527099609375,286.9006042480469,15009283
2018-09-25 00:00:00+05:30,285.8895263671875,291.1374206542969,281.5082702636719,289.98193359375,13785151
2018-09-26 00:00:00+05:30,291.7633056640625,291.7633056640625,279.00469970703125,282.2785949707031,20657879
2018-09-27 00:00:00+05:30,282.6156311035156,284.1562805175781,278.76397705078125,282.42303466796875,12550275
2018-09-28 00:00:00+05:30,284.05999755859375,288.87457275390625,280.9786682128906,286.7080078125,25554548
2018-10-01 00:00:00+05:30,289.69305419921875,291.7151794433594,282.5193176269531,286.0821228027344,9373133
2018-10-03 00:00:00+05:30,285.98583984375,288.87457275390625,283.72296142578125,284.2525939941406,7861709
2018-10-04 00:00:00+05:30,282.95263671875,284.7340393066406,274.5752868652344,276.4529724121094,8417940
2018-10-05 00:00:00+05:30,274.91229248046875,275.3937683105469,264.8979797363281,266.2460632324219,18301682
2018-10-08 00:00:00+05:30,268.6533508300781,269.03851318359375,259.16864013671875,263.0684509277344,17063274
2018-10-09 00:00:00+05:30,265.28314208984375,265.28314208984375,257.820556640625,258.5427551269531,10946626
2018-10-10 00:00:00+05:30,259.8908386230469,261.094482421875,257.29095458984375,260.0834045410156,11921765
2018-10-11 00:00:00+05:30,255.17254638671875,259.3130798339844,253.8726043701172,255.36512756347656,11018554
2018-10-12 00:00:00+05:30,257.579833984375,267.3534240722656,257.3872375488281,264.9942626953125,13942941
2018-10-15 00:00:00+05:30,268.6051940917969,273.082763671875,265.7646179199219,272.0235595703125,18623988
2018-10-16 00:00:00+05:30,272.5050048828125,273.2272033691406,266.10162353515625,272.1679992675781,12325066
2018-10-17 00:00:00+05:30,273.37164306640625,280.834228515625,271.1087951660156,275.8270568847656,15896854
2018-10-19 00:00:00+05:30,274.43084716796875,280.7379455566406,274.19012451171875,278.7158203125,8341467
2018-10-22 00:00:00+05:30,281.1712646484375,282.23046875,276.6455383300781,277.8010559082031,12965700
2018-10-23 00:00:00+05:30,275.3937683105469,280.4009094238281,273.03460693359375,275.3937683105469,11261603
2018-10-24 00:00:00+05:30,277.9936218261719,278.90838623046875,275.73077392578125,277.078857421875,9024700
2018-10-25 00:00:00+05:30,275.3937683105469,278.76397705078125,273.94940185546875,276.88629150390625,9953333
2018-10-26 00:00:00+05:30,278.95654296875,279.0528259277344,265.7646179199219,270.4828796386719,22302628
2018-10-29 00:00:00+05:30,271.44580078125,274.67156982421875,268.6051940917969,272.9864807128906,11779416
2018-10-30 00:00:00+05:30,272.7457580566406,273.323486328125,267.6904296875,268.6051940917969,7110853
2018-10-31 00:00:00+05:30,269.1829528808594,270.5791931152344,262.7314147949219,269.7125549316406,14021856
2018-11-01 00:00:00+05:30,269.61627197265625,271.3495178222656,264.6091003417969,267.1127014160156,9816770
2018-11-02 00:00:00+05:30,267.97930908203125,275.3456115722656,267.97930908203125,272.7457580566406,12093152
2018-11-05 00:00:00+05:30,274.67156982421875,274.67156982421875,268.0755920410156,269.2311096191406,7665505
2018-11-06 00:00:00+05:30,270.67547607421875,271.3976745605469,265.86090087890625,267.0163879394531,10142476
2018-11-07 00:00:00+05:30,270.5791931152344,270.5791931152344,268.4607849121094,269.6644287109375,994001
2018-11-09 00:00:00+05:30,268.6533508300781,269.327392578125,265.6683044433594,266.96826171875,15613827
2018-11-12 00:00:00+05:30,267.49786376953125,267.8830261230469,263.1165771484375,263.6943359375,7318920
2018-11-13 00:00:00+05:30,263.7906188964844,267.5941467285156,263.0202941894531,266.5830993652344,6958821
2018-11-14 00:00:00+05:30,267.7867431640625,268.0755920410156,264.46466064453125,266.1979064941406,7182329
2018-11-15 00:00:00+05:30,266.5830993652344,268.8940734863281,263.3573303222656,264.3202209472656,12621945
2018-11-16 00:00:00+05:30,265.572021484375,267.97930908203125,265.04241943359375,266.2942199707031,13122152
2018-11-19 00:00:00+05:30,267.0645446777344,274.43084716796875,266.2460632324219,273.94940185546875,17364041
2018-11-20 00:00:00+05:30,274.43084716796875,276.0196533203125,271.3495178222656,273.323486328125,8096904
2018-11-21 00:00:00+05:30,273.94940185546875,274.2382507324219,269.61627197265625,271.3013610839844,5867663
2018-11-22 00:00:00+05:30,271.5421142578125,273.94940185546875,269.2311096191406,270.09771728515625,6937634
2018-11-26 00:00:00+05:30,270.8199157714844,275.73077392578125,270.2903137207031,275.0567321777344,9292657
2018-11-27 00:00:00+05:30,275.49005126953125,275.8270568847656,272.31243896484375,274.2864074707031,7146777
2018-11-28 00:00:00+05:30,274.8160095214844,277.2714538574219,270.3865966796875,271.73468017578125,9197861
2018-11-29 00:00:00+05:30,273.13092041015625,278.5713806152344,272.9383239746094,276.88629150390625,14183469
2018-11-30 00:00:00+05:30,278.76397705078125,279.24542236328125,274.2382507324219,275.201171875,8972623
2018-12-03 00:00:00+05:30,276.597412109375,278.76397705078125,272.07171630859375,272.4568786621094,8895477
2018-12-04 00:00:00+05:30,270.5791931152344,272.79388427734375,270.5310363769531,271.3976745605469,6548740
2018-12-05 00:00:00+05:30,270.5791931152344,271.3495178222656,264.0313720703125,265.1387023925781,11894383
2018-12-06 00:00:00+05:30,264.3202209472656,264.7054138183594,261.4314880371094,262.92401123046875,10055005
2018-12-07 00:00:00+05:30,264.7535400390625,265.9571838378906,263.16473388671875,263.8869323730469,8415885
2018-12-10 00:00:00+05:30,261.9129333496094,262.2018127441406,259.16864013671875,260.4204406738281,6940479
2018-12-11 00:00:00+05:30,258.4464416503906,265.812744140625,258.2538757324219,264.5128173828125,10633126
2018-12-12 00:00:00+05:30,265.4757385253906,267.40155029296875,262.4906921386719,265.812744140625,10473073
2018-12-13 00:00:00+05:30,268.6533508300781,269.03851318359375,263.3573303222656,265.090576171875,16430755
2018-12-14 00:00:00+05:30,264.1758117675781,266.96826171875,263.74249267578125,265.52386474609375,8925774
2018-12-17 00:00:00+05:30,266.7275085449219,270.96435546875,265.6683044433594,269.4718322753906,12703296
2018-12-18 00:00:00+05:30,268.7015075683594,270.19403076171875,266.7275085449219,267.8348693847656,9172963
2018-12-19 00:00:00+05:30,268.6533508300781,273.4679260253906,268.1719055175781,272.9383239746094,13639278
2018-12-20 00:00:00+05:30,270.5791931152344,273.85308837890625,270.5791931152344,272.1679992675781,5155693
2018-12-21 00:00:00+05:30,272.5050048828125,273.4679260253906,265.812744140625,266.4867858886719,7079146
2018-12-24 00:00:00+05:30,268.5089111328125,270.2903137207031,265.04241943359375,265.7646179199219,8869498
2018-12-26 00:00:00+05:30,266.10162353515625,268.4607849121094,264.6091003417969,266.3905029296875,8821251
2018-12-27 00:00:00+05:30,268.6533508300781,271.205078125,267.0163879394531,270.33843994140625,11881735
2018-12-28 00:00:00+05:30,268.79779052734375,273.4679260253906,268.79779052734375,271.7828369140625,13702437
2018-12-31 00:00:00+05:30,272.31243896484375,273.323486328125,270.67547607421875,271.205078125,5662393
2019-01-01 00:00:00+05:30,271.73468017578125,273.03460693359375,269.4236755371094,272.21612548828125,2586466
2019-01-02 00:00:00+05:30,271.7828369140625,272.7457580566406,267.25714111328125,270.19403076171875,10316782
2019-01-03 00:00:00+05:30,270.19403076171875,271.97540283203125,267.44970703125,268.5089111328125,6350450
2019-01-04 00:00:00+05:30,268.79779052734375,272.4568786621094,268.79779052734375,270.5310363769531,8105747
2019-01-07 00:00:00+05:30,273.7568054199219,274.67156982421875,270.5791931152344,271.205078125,10133320
2019-01-08 00:00:00+05:30,271.5421142578125,274.91229248046875,270.91619873046875,273.7086486816406,7768619
2019-01-09 00:00:00+05:30,275.00860595703125,280.88238525390625,274.0456848144531,279.6305847167969,12651287
2019-01-10 00:00:00+05:30,279.9676208496094,282.8081970214844,278.18621826171875,278.8602600097656,10684824
2019-01-11 00:00:00+05:30,281.074951171875,285.0229187011719,280.6897888183594,284.3970031738281,17419014
2019-01-14 00:00:00+05:30,283.57855224609375,283.8674011230469,279.24542236328125,283.3859558105469,6646635
2019-01-15 00:00:00+05:30,284.30072021484375,286.3710021972656,283.0970764160156,285.5525207519531,7490965
2019-01-16 00:00:00+05:30,285.0229187011719,285.5525207519531,280.88238525390625,283.1452331542969,8083821
2019-01-17 00:00:00+05:30,283.193359375,284.63775634765625,279.3898620605469,283.0489501953125,11009380
2019-01-18 00:00:00+05:30,282.3749084472656,284.1562805175781,279.8713073730469,280.64166259765625,11418250
2019-01-21 00:00:00+05:30,281.9897155761719,282.3267517089844,277.9936218261719,279.1491394042969,8519267
2019-01-22 00:00:00+05:30,279.1009826660156,280.2083435058594,274.5752868652344,279.00469970703125,10727385
2019-01-23 00:00:00+05:30,280.6897888183594,283.48223876953125,264.80169677734375,267.0163879394531,41735950
2019-01-24 00:00:00+05:30,268.9422302246094,272.842041015625,267.5459899902344,268.55706787109375,29105831
2019-01-25 00:00:00+05:30,269.61627197265625,272.21612548828125,268.1719055175781,268.845947265625,9240591
2019-01-28 00:00:00+05:30,268.55706787109375,269.086669921875,264.0313720703125,264.56097412109375,9338450
2019-01-29 00:00:00+05:30,265.090576171875,268.6533508300781,264.56097412109375,268.1237487792969,7267917
2019-01-30 00:00:00+05:30,269.7125549316406,269.808837890625,264.0313720703125,265.28314208984375,10852162
2019-01-31 00:00:00+05:30,266.2460632324219,269.2311096191406,263.45361328125,268.31634521484375,15937442
2019-02-01 00:00:00+05:30,270.2421569824219,274.6234130859375,268.7496337890625,270.43475341796875,19060690
2019-02-04 00:00:00+05:30,271.44580078125,271.44580078125,265.812744140625,266.8238220214844,6289877
2019-02-05 00:00:00+05:30,267.0645446777344,267.49786376953125,262.3944091796875,263.98321533203125,10205529
2019-02-06 00:00:00+05:30,264.80169677734375,268.0755920410156,264.3683776855469,267.40155029296875,8409442
2019-02-07 00:00:00+05:30,267.5941467285156,270.5791931152344,266.7275085449219,269.9051513671875,6177040
2019-02-08 00:00:00+05:30,269.1347961425781,270.7717590332031,264.4165344238281,265.28314208984375,4575570
2019-02-11 00:00:00+05:30,265.572021484375,267.8830261230469,258.4945983886719,266.8238220214844,10335615
2019-02-12 00:00:00+05:30,266.7756652832031,270.09771728515625,264.4165344238281,265.090576171875,7624089
2019-02-14 00:00:00+05:30,266.7275085449219,269.808837890625,266.7275085449219,267.5941467285156,10378675
2019-02-15 00:00:00+05:30,268.6533508300781,270.5310363769531,265.1868591308594,269.7125549316406,38998388
2019-02-18 00:00:00+05:30,268.4607849121094,271.97540283203125,263.74249267578125,264.5128173828125,42232590
2019-02-19 00:00:00+05:30,263.8387756347656,268.845947265625,263.8387756347656,265.6683044433594,35777932
2019-02-20 00:00:00+05:30,266.96826171875,267.208984375,264.0794982910156,265.62017822265625,6208106
2019-02-21 00:00:00+05:30,265.6683044433594,266.4867858886719,264.0313720703125,264.8498229980469,7264425
2019-02-22 00:00:00+05:30,265.37945556640625,265.7164611816406,262.97216796875,264.1276550292969,9100951
2019-02-25 00:00:00+05:30,264.3202209472656,266.8719482421875,262.8758544921875,266.43865966796875,31204722
2019-02-26 00:00:00+05:30,264.7535400390625,266.7275085449219,263.8869323730469,265.28314208984375,12233273
2019-02-27 00:00:00+05:30,265.7646179199219,268.55706787109375,263.74249267578125,264.8979797363281,13634026
2019-02-28 00:00:00+05:30,267.0163879394531,267.0163879394531,264.0794982910156,265.812744140625,44873000
2019-03-01 00:00:00+05:30,266.1979064941406,268.6533508300781,266.0053405761719,267.8830261230469,9170950
2019-03-05 00:00:00+05:30,269.61627197265625,273.4679260253906,265.812744140625,272.07171630859375,14103324
2019-03-06 00:00:00+05:30,274.43084716796875,278.47509765625,274.19012451171875,275.1530456542969,20817638
2019-03-07 00:00:00+05:30,276.06781005859375,280.2083435058594,275.24932861328125,279.3417053222656,14837761
2019-03-08 00:00:00+05:30,279.5343017578125,282.1341552734375,277.7047424316406,281.1712646484375,13169854
2019-03-11 00:00:00+05:30,282.1341552734375,283.9637145996094,280.30462646484375,282.0860290527344,15287916
2019-03-12 00:00:00+05:30,283.0970764160156,284.6858825683594,282.2785949707031,283.57855224609375,14686757
2019-03-13 00:00:00+05:30,284.05999755859375,285.98583984375,283.24151611328125,283.9637145996094,11496644
2019-03-14 00:00:00+05:30,284.4451599121094,285.0229187011719,279.6787414550781,284.54144287109375,10503481
2019-03-15 00:00:00+05:30,284.9747619628906,285.5525207519531,278.6195373535156,280.0157470703125,22219476
2019-03-18 00:00:00+05:30,281.1712646484375,283.2896728515625,280.4972229003906,282.66375732421875,9519926
2019-03-19 00:00:00+05:30,283.6748352050781,288.87457275390625,282.47119140625,288.344970703125,16363247
2019-03-20 00:00:00+05:30,288.87457275390625,290.75225830078125,285.60064697265625,287.81536865234375,16221492
2019-03-22 00:00:00+05:30,288.87457275390625,288.87457275390625,285.5525207519531,287.1413269042969,8378083
2019-03-25 00:00:00+05:30,285.98583984375,285.98583984375,282.3267517089844,284.108154296875,8324586
2019-03-26 00:00:00+05:30,284.05999755859375,285.35992431640625,280.2564697265625,282.5193176269531,11178168
2019-03-27 00:00:00+05:30,283.0970764160156,285.69696044921875,280.78607177734375,282.23046875,8757278
2019-03-28 00:00:00+05:30,283.193359375,290.8004150390625,282.1341552734375,288.87457275390625,18436077
2019-04-01 00:00:00+05:30,285.98583984375,288.104248046875,285.5525207519531,286.2265625,6442182
2019-04-02 00:00:00+05:30,286.3710021972656,288.87457275390625,283.72296142578125,286.8524475097656,10228747
2019-04-03 00:00:00+05:30,286.94873046875,287.9116516113281,284.2044372558594,285.1673583984375,9413878
2019-04-04 00:00:00+05:30,285.0229187011719,286.2746887207031,282.8563537597656,283.8674011230469,7233298
2019-04-05 00:00:00+05:30,284.108154296875,285.4080810546875,281.7971496582031,283.6266784667969,8107661
2019-04-08 00:00:00+05:30,283.72296142578125,284.05999755859375,280.88238525390625,281.8934326171875,5492542
2019-04-09 00:00:00+05:30,281.6527099609375,285.69696044921875,281.4119873046875,285.3117980957031,6413515
2019-04-10 00:00:00+05:30,285.071044921875,285.5525207519531,282.6156311035156,283.7711181640625,5540095
2019-04-11 00:00:00+05:30,283.6266784667969,286.41912841796875,282.1341552734375,285.4080810546875,11179559
2019-04-12 00:00:00+05:30,285.6488037109375,296.0001525878906,284.63775634765625,294.4113464355469,22658578
2019-04-15 00:00:00+05:30,296.4815979003906,298.50372314453125,293.0632629394531,294.17059326171875,13098155
2019-04-16 00:00:00+05:30,295.4223937988281,298.45556640625,294.7965087890625,295.80755615234375,10121522
2019-04-18 00:00:00+05:30,296.8186340332031,296.8186340332031,292.29290771484375,293.11138916015625,9178504
2019-04-22 00:00:00+05:30,292.581787109375,294.17059326171875,289.8856201171875,290.6078186035156,6929432
2019-04-23 00:00:00+05:30,290.9448547363281,293.4965515136719,290.3670959472656,292.14849853515625,7784732
2019-04-24 00:00:00+05:30,292.14849853515625,295.80755615234375,287.4302062988281,295.08538818359375,11888770
2019-04-25 00:00:00+05:30,295.855712890625,298.3111572265625,290.8004150390625,292.87066650390625,24135743
2019-04-26 00:00:00+05:30,293.3039855957031,295.0372314453125,291.33001708984375,293.2558288574219,4834044
2019-04-30 00:00:00+05:30,293.2558288574219,296.14459228515625,288.39312744140625,290.17449951171875,11593138
2019-05-02 00:00:00+05:30,289.93377685546875,295.1335144042969,289.45233154296875,293.68914794921875,7781859
2019-05-03 00:00:00+05:30,292.9669494628906,296.04827880859375,292.05218505859375,292.9669494628906,6112578
2019-05-06 00:00:00+05:30,292.7262268066406,296.096435546875,289.5967712402344,295.614990234375,6997113
2019-05-07 00:00:00+05:30,296.8186340332031,298.02227783203125,289.69305419921875,290.7041015625,8989234
2019-05-08 00:00:00+05:30,288.87457275390625,292.14849853515625,287.57464599609375,289.5004577636719,8179360
2019-05-09 00:00:00+05:30,288.29681396484375,290.1263732910156,285.35992431640625,288.7301330566406,10617358
2019-05-10 00:00:00+05:30,288.87457275390625,289.3078918457031,285.8895263671875,286.7080078125,7170576
2019-05-13 00:00:00+05:30,284.1562805175781,292.2447814941406,277.0307312011719,278.5713806152344,37262425
2019-05-14 00:00:00+05:30,280.2083435058594,287.1894836425781,278.1380615234375,283.4341125488281,21959611
2019-05-15 00:00:00+05:30,286.51544189453125,288.2005310058594,281.1712646484375,286.0339660644531,18583184
2019-05-16 00:00:00+05:30,285.98583984375,285.98583984375,282.3749084472656,283.81927490234375,7637614
2019-05-17 00:00:00+05:30,284.1562805175781,291.1374206542969,284.1562805175781,290.22265625,11626049
2019-05-20 00:00:00+05:30,295.4705505371094,296.14459228515625,290.8966979980469,295.614990234375,11437612
2019-05-21 00:00:00+05:30,295.614990234375,298.50372314453125,293.97802734375,294.5557861328125,10923996
2019-05-22 00:00:00+05:30,290.9448547363281,291.57073974609375,285.7932434082031,288.63385009765625,14266773
2019-05-23 00:00:00+05:30,293.68914794921875,294.26690673828125,276.356689453125,277.5121765136719,32589058
2019-05-24 00:00:00+05:30,280.6897888183594,280.834228515625,276.6455383300781,279.6787414550781,11298665
2019-05-27 00:00:00+05:30,280.4490661621094,282.66375732421875,278.3306579589844,280.06390380859375,9371741
2019-05-28 00:00:00+05:30,280.9786682128906,281.1712646484375,277.4158935546875,278.18621826171875,16199349
2019-05-29 00:00:00+05:30,278.0899353027344,280.88238525390625,276.9344177246094,277.4158935546875,7534947
2019-05-30 00:00:00+05:30,278.2825012207031,280.2564697265625,277.60845947265625,277.94549560546875,8989691
2019-05-31 00:00:00+05:30,278.6195373535156,280.6897888183594,267.16082763671875,268.22003173828125,27294002
2019-06-03 00:00:00+05:30,270.96435546875,271.0606384277344,265.090576171875,268.22003173828125,20323304
2019-06-04 00:00:00+05:30,268.8940734863281,271.6865234375,268.4607849121094,268.8940734863281,14384170
2019-06-06 00:00:00+05:30,270.0014343261719,270.0014343261719,265.090576171875,265.52386474609375,11071548
2019-06-07 00:00:00+05:30,266.5349426269531,266.5349426269531,264.0313720703125,265.04241943359375,7995725
2019-06-10 00:00:00+05:30,267.97930908203125,270.1458740234375,266.6312255859375,269.03851318359375,8947150
2019-06-11 00:00:00+05:30,270.4828796386719,270.96435546875,268.845947265625,269.4718322753906,8787243
2019-06-12 00:00:00+05:30,270.96435546875,270.96435546875,267.93115234375,269.568115234375,8565517
2019-06-13 00:00:00+05:30,268.55706787109375,270.91619873046875,268.22003173828125,270.19403076171875,7475823
2019-06-14 00:00:00+05:30,270.09771728515625,270.09771728515625,266.8719482421875,267.73858642578125,8212601
2019-06-17 00:00:00+05:30,268.5089111328125,268.5089111328125,264.2720947265625,264.80169677734375,10398919
2019-06-18 00:00:00+05:30,265.9090576171875,267.5459899902344,263.8387756347656,264.8979797363281,14378973
2019-06-19 00:00:00+05:30,265.4757385253906,268.55706787109375,265.37945556640625,266.92010498046875,9394923
2019-06-20 00:00:00+05:30,266.7275085449219,267.6423034667969,265.1387023925781,266.7275085449219,10973042
2019-06-21 00:00:00+05:30,266.3905029296875,266.3905029296875,263.1165771484375,264.0794982910156,19311989
2019-06-24 00:00:00+05:30,264.0794982910156,267.208984375,264.0794982910156,266.0053405761719,9279182
2019-06-25 00:00:00+05:30,264.8498229980469,269.61627197265625,264.0794982910156,268.1719055175781,12856683
2019-06-26 00:00:00+05:30,268.1237487792969,268.3644714355469,266.10162353515625,267.1127014160156,7707084
2019-06-27 00:00:00+05:30,267.6423034667969,267.8830261230469,262.68328857421875,263.3573303222656,24205884
2019-06-28 00:00:00+05:30,263.93505859375,265.2350158691406,262.3944091796875,263.6943359375,8775151
2019-07-01 00:00:00+05:30,264.22393798828125,266.0053405761719,263.98321533203125,264.7535400390625,5236646
2019-07-02 00:00:00+05:30,265.1387023925781,265.4275817871094,263.0684509277344,263.6943359375,10360661
2019-07-03 00:00:00+05:30,264.1276550292969,267.25714111328125,262.057373046875,266.43865966796875,18818695
2019-07-04 00:00:00+05:30,267.16082763671875,267.93115234375,264.9942626953125,267.3534240722656,10071080
2019-07-05 00:00:00+05:30,267.3534240722656,271.3976745605469,258.061279296875,269.086669921875,38474130
2019-07-08 00:00:00+05:30,269.7607116699219,272.4087219238281,265.572021484375,267.16082763671875,12637923
2019-07-09 00:00:00+05:30,266.67938232421875,267.25714111328125,262.057373046875,262.97216796875,8003290
2019-07-10 00:00:00+05:30,263.40545654296875,265.04241943359375,260.70928955078125,263.0202941894531,8477115
2019-07-11 00:00:00+05:30,263.8387756347656,266.6312255859375,263.45361328125,265.4275817871094,8727346
2019-07-12 00:00:00+05:30,265.1868591308594,266.1979064941406,262.97216796875,264.8498229980469,10872126
2019-07-15 00:00:00+05:30,264.80169677734375,265.37945556640625,260.5167236328125,260.9018859863281,8865479
2019-07-16 00:00:00+05:30,260.9500427246094,262.6351318359375,260.5648498535156,261.86480712890625,6602372
2019-07-17 00:00:00+05:30,262.34625244140625,263.0202941894531,260.6611633300781,262.7795715332031,6536611
2019-07-18 00:00:00+05:30,262.8277282714844,264.8979797363281,262.2018127441406,262.8758544921875,9447100
2019-07-19 00:00:00+05:30,263.93505859375,264.0794982910156,258.061279296875,258.35015869140625,8294444
2019-07-22 00:00:00+05:30,258.061279296875,258.2538757324219,254.20962524414062,254.59478759765625,14037538
2019-07-23 00:00:00+05:30,255.65399169921875,261.62408447265625,255.17254638671875,260.6130065917969,14951457
2019-07-24 00:00:00+05:30,260.2760009765625,263.212890625,257.9649963378906,260.80560302734375,12537555
2019-07-25 00:00:00+05:30,260.9500427246094,262.3944091796875,257.0020751953125,257.9168395996094,18350433
2019-07-26 00:00:00+05:30,258.7834777832031,260.9500427246094,257.0020751953125,260.3722839355469,4972441
2019-07-29 00:00:00+05:30,259.98712158203125,261.094482421875,256.6169128417969,257.820556640625,5738104
2019-07-30 00:00:00+05:30,258.061279296875,260.0834045410156,256.6650695800781,258.92791748046875,13743007
2019-07-31 00:00:00+05:30,258.6390380859375,261.04632568359375,256.1354675292969,260.1796875,14175457
2019-08-01 00:00:00+05:30,260.4204406738281,260.6611633300781,256.6169128417969,257.6279602050781,6153824
2019-08-02 00:00:00+05:30,257.29095458984375,257.29095458984375,253.34300231933594,254.6910858154297,9233326
2019-08-05 00:00:00+05:30,254.59478759765625,254.6910858154297,248.09510803222656,250.16537475585938,12001827
2019-08-06 00:00:00+05:30,249.15431213378906,251.80233764648438,248.57656860351562,249.2987518310547,9770895
2019-08-07 00:00:00+05:30,249.4431915283203,249.73207092285156,243.71385192871094,244.2434539794922,8816780
2019-08-08 00:00:00+05:30,245.5433807373047,249.10617065429688,243.6175537109375,248.19140625,6616227
2019-08-09 00:00:00+05:30,249.2506103515625,249.2506103515625,244.09901428222656,244.77305603027344,10309668
2019-08-13 00:00:00+05:30,244.3878936767578,244.58047485351562,234.95132446289062,237.16603088378906,21801393
2019-08-14 00:00:00+05:30,237.16603088378906,244.1953125,234.9994659423828,239.52516174316406,14340858
2019-08-16 00:00:00+05:30,239.52516174316406,244.00271606445312,238.22523498535156,243.6175537109375,10735480
2019-08-19 00:00:00+05:30,244.09901428222656,247.75808715820312,241.64358520507812,242.22132873535156,13006987
2019-08-20 00:00:00+05:30,242.26947021484375,242.6064910888672,236.34754943847656,237.35861206054688,15577976
2019-08-21 00:00:00+05:30,237.5511932373047,237.7437744140625,231.9181365966797,232.49588012695312,15303762
2019-08-22 00:00:00+05:30,233.21807861328125,236.8771514892578,230.13674926757812,231.14779663085938,10917955
2019-08-23 00:00:00+05:30,230.13674926757812,230.57005310058594,225.94805908203125,227.3442840576172,17073495
2019-08-26 00:00:00+05:30,231.77369689941406,234.42172241210938,226.2369384765625,233.50694274902344,13352257
2019-08-27 00:00:00+05:30,234.90316772460938,237.16603088378906,233.69952392578125,236.39569091796875,15089362
2019-08-28 00:00:00+05:30,237.02159118652344,238.46595764160156,234.08470153808594,236.82901000976562,9237042
2019-08-29 00:00:00+05:30,234.90316772460938,236.34754943847656,231.2440948486328,232.25515747070312,11532941
2019-08-30 00:00:00+05:30,233.7476806640625,238.03265380859375,230.1848907470703,236.54013061523438,12225631
2019-09-03 00:00:00+05:30,235.38462829589844,235.38462829589844,231.72555541992188,232.59217834472656,9913882
2019-09-04 00:00:00+05:30,232.64031982421875,235.48092651367188,232.3514404296875,234.2291259765625,7303230
2019-09-05 00:00:00+05:30,233.02548217773438,237.7437744140625,233.02548217773438,235.19204711914062,8777107
2019-09-06 00:00:00+05:30,235.2401885986328,236.7327117919922,234.2291259765625,234.8550262451172,9039911
2019-09-09 00:00:00+05:30,235.57720947265625,237.35861206054688,234.1809844970703,236.39569091796875,9435127
2019-09-11 00:00:00+05:30,235.52906799316406,236.34754943847656,233.9884033203125,234.71058654785156,9314093
2019-09-12 00:00:00+05:30,235.2401885986328,235.9142303466797,231.0996551513672,231.82183837890625,8395088
2019-09-13 00:00:00+05:30,232.0625762939453,233.45880126953125,229.75157165527344,231.0033721923828,14572355
2019-09-16 00:00:00+05:30,230.61819458007812,231.9181365966797,229.46270751953125,230.52191162109375,7357494
2019-09-17 00:00:00+05:30,230.90707397460938,231.19595336914062,228.01832580566406,228.40350341796875,11083300
2019-09-18 00:00:00+05:30,228.88494873046875,233.31436157226562,225.3703155517578,230.37747192382812,20724917
2019-09-19 00:00:00+05:30,231.051513671875,231.051513671875,227.3442840576172,227.9220428466797,8810026
2019-09-20 00:00:00+05:30,228.21090698242188,239.28443908691406,225.6110382080078,229.2219696044922,66016326
2019-09-23 00:00:00+05:30,240.7288055419922,250.83941650390625,240.6325225830078,245.39895629882812,54044544
2019-09-24 00:00:00+05:30,245.5433807373047,248.43212890625,244.3878936767578,246.5063018798828,17828419
2019-09-25 00:00:00+05:30,245.63967895507812,246.7470245361328,233.69952392578125,238.3696746826172,21390350
2019-09-26 00:00:00+05:30,238.12893676757812,242.07688903808594,237.1178741455078,241.11398315429688,18534981
2019-09-27 00:00:00+05:30,240.7288055419922,248.43212890625,240.7288055419922,243.5694122314453,18211017
2019-09-30 00:00:00+05:30,245.3026580810547,251.1282958984375,240.15106201171875,250.21353149414062,21381205
2019-10-01 00:00:00+05:30,249.4913330078125,252.71710205078125,245.5433807373047,246.41000366210938,16035574
2019-10-03 00:00:00+05:30,248.1432647705078,252.42823791503906,246.554443359375,251.94677734375,12832216
2019-10-04 00:00:00+05:30,253.2467041015625,254.1133270263672,245.73597717285156,247.70994567871094,18781574
2019-10-07 00:00:00+05:30,247.95066833496094,248.43212890625,241.40284729003906,242.558349609375,22082491
2019-10-09 00:00:00+05:30,241.98060607910156,242.84722900390625,237.16603088378906,237.9363555908203,22332047
2019-10-10 00:00:00+05:30,237.84005737304688,238.46595764160156,233.65138244628906,234.1809844970703,25230638
2019-10-11 00:00:00+05:30,234.1809844970703,237.06973266601562,232.1588592529297,234.90316772460938,26037798
2019-10-14 00:00:00+05:30,236.34754943847656,237.26231384277344,233.9884033203125,235.047607421875,15280471
2019-10-15 00:00:00+05:30,235.96238708496094,239.95848083496094,235.96238708496094,238.41781616210938,10373904
2019-10-16 00:00:00+05:30,238.22523498535156,238.41781616210938,233.169921875,234.6143035888672,16681940
2019-10-17 00:00:00+05:30,234.95132446289062,237.5511932373047,234.806884765625,236.7327117919922,14175284
2019-10-18 00:00:00+05:30,236.8771514892578,238.6103973388672,236.01052856445312,237.35861206054688,13327812
2019-10-22 00:00:00+05:30,235.9142303466797,241.78802490234375,235.8660888671875,239.6696014404297,18979485
2019-10-23 00:00:00+05:30,241.11398315429688,242.6064910888672,239.8140411376953,241.7398681640625,13325639
2019-10-24 00:00:00+05:30,243.23239135742188,244.58047485351562,238.7548370361328,239.8140411376953,17438024
2019-10-25 00:00:00+05:30,247.3729248046875,247.66180419921875,237.84005737304688,238.51409912109375,33846376
2019-10-27 00:00:00+05:30,240.6806640625,241.78802490234375,240.43994140625,241.11398315429688,3252338
2019-10-29 00:00:00+05:30,241.64358520507812,245.63967895507812,240.29550170898438,243.85829162597656,12397313
2019-10-30 00:00:00+05:30,246.5063018798828,254.20962524414062,244.8693389892578,249.78021240234375,35611812
2019-10-31 00:00:00+05:30,250.3579559326172,253.10226440429688,246.69888305664062,248.09510803222656,17296427
2019-11-01 00:00:00+05:30,249.73207092285156,253.2467041015625,249.15431213378906,251.60975646972656,13055757
2019-11-04 00:00:00+05:30,253.1985626220703,255.1243896484375,250.40611267089844,251.0801544189453,8199342
2019-11-05 00:00:00+05:30,251.3208770751953,254.20962524414062,249.0098876953125,253.15042114257812,10674212
2019-11-06 00:00:00+05:30,253.1985626220703,254.0170440673828,250.3579559326172,251.65789794921875,9198544
2019-11-07 00:00:00+05:30,253.15042114257812,256.42431640625,252.28379821777344,255.9910125732422,15351749
2019-11-08 00:00:00+05:30,255.02810668945312,255.60585021972656,250.3579559326172,250.83941650390625,12357632
2019-11-11 00:00:00+05:30,250.9357147216797,252.62081909179688,249.2024688720703,249.82835388183594,7524183
2019-11-13 00:00:00+05:30,249.2987518310547,249.63577270507812,243.76199340820312,244.43603515625,10664859
2019-11-14 00:00:00+05:30,244.6767578125,246.41000366210938,243.85829162597656,244.4841766357422,9222757
2019-11-15 00:00:00+05:30,244.82119750976562,246.2655792236328,240.7288055419922,241.35470581054688,17386229
2019-11-18 00:00:00+05:30,242.12503051757812,242.89537048339844,239.52516174316406,241.4510040283203,8167820
2019-11-19 00:00:00+05:30,242.41390991210938,242.46205139160156,239.5733184814453,240.0547637939453,12621028
2019-11-20 00:00:00+05:30,240.0547637939453,241.98060607910156,237.5511932373047,241.40284729003906,10362358
2019-11-21 00:00:00+05:30,242.07688903808594,242.07688903808594,235.96238708496094,236.58827209472656,10793493
2019-11-22 00:00:00+05:30,237.9844970703125,243.28053283691406,237.5030517578125,238.46595764160156,17000856
2019-11-25 00:00:00+05:30,238.562255859375,239.18814086914062,237.1178741455078,238.562255859375,10994413
2019-11-26 00:00:00+05:30,239.4288787841797,241.11398315429688,238.51409912109375,239.91033935546875,20539741
2019-11-27 00:00:00+05:30,240.4880828857422,240.77696228027344,237.45489501953125,237.7919158935547,9182137
2019-11-28 00:00:00+05:30,238.12893676757812,238.7548370361328,236.54013061523438,237.5511932373047,11416080
2019-11-29 00:00:00+05:30,237.59933471679688,238.22523498535156,235.9142303466797,237.26231384277344,10185713
2019-12-02 00:00:00+05:30,236.8771514892578,237.7437744140625,235.48092651367188,235.8660888671875,10356741
2019-12-03 00:00:00+05:30,235.8660888671875,236.6845703125,233.65138244628906,234.9994659423828,8442322
2019-12-04 00:00:00+05:30,234.46986389160156,234.9994659423828,233.02548217773438,234.13284301757812,12406762
2019-12-05 00:00:00+05:30,234.13284301757812,238.32151794433594,234.08470153808594,237.7919158935547,11699738
2019-12-06 00:00:00+05:30,237.84005737304688,237.9844970703125,233.50694274902344,234.32542419433594,10773814
2019-12-09 00:00:00+05:30,233.9884033203125,234.27728271484375,232.0625762939453,232.49588012695312,6981671
2019-12-10 00:00:00+05:30,232.64031982421875,232.7366180419922,226.2850799560547,226.86282348632812,15972570
2019-12-11 00:00:00+05:30,226.86282348632812,229.94415283203125,226.86282348632812,228.78866577148438,14331297
2019-12-12 00:00:00+05:30,229.2219696044922,231.292236328125,228.78866577148438,229.70343017578125,10704007
2019-12-13 00:00:00+05:30,231.0996551513672,233.50694274902344,230.32933044433594,232.64031982421875,8521473
2019-12-16 00:00:00+05:30,233.9884033203125,234.37356567382812,227.58502197265625,228.1146240234375,12476974
2019-12-17 00:00:00+05:30,228.69236755371094,232.7366180419922,228.69236755371094,232.1107177734375,16534369
2019-12-18 00:00:00+05:30,231.6774139404297,238.1770782470703,230.8589324951172,236.0586700439453,17794641
2019-12-19 00:00:00+05:30,236.92529296875,238.70669555664062,234.2291259765625,235.28834533691406,9699414
2019-12-20 00:00:00+05:30,235.28834533691406,236.01052856445312,231.2440948486328,232.20701599121094,14495913
2019-12-23 00:00:00+05:30,233.02548217773438,233.7958221435547,229.7997283935547,230.0404510498047,19817033
2019-12-24 00:00:00+05:30,230.13674926757812,231.292236328125,229.3664093017578,229.89601135253906,8200254
2019-12-26 00:00:00+05:30,230.0404510498047,230.52191162109375,227.58502197265625,228.01832580566406,15017235
2019-12-27 00:00:00+05:30,228.69236755371094,229.60714721679688,227.68130493164062,228.1146240234375,9048085
2019-12-30 00:00:00+05:30,229.173828125,231.96627807617188,228.69236755371094,229.3664093017578,13680470
2019-12-31 00:00:00+05:30,229.70343017578125,230.08859252929688,228.59608459472656,228.88494873046875,7417112
2020-01-01 00:00:00+05:30,229.75157165527344,229.75157165527344,228.3072052001953,229.27012634277344,4370931
2020-01-02 00:00:00+05:30,229.3664093017578,232.01443481445312,229.27012634277344,230.95521545410156,8726602
2020-01-03 00:00:00+05:30,232.0625762939453,232.0625762939453,229.173828125,229.65528869628906,9642051
2020-01-06 00:00:00+05:30,228.69236755371094,229.46270751953125,226.2850799560547,226.38137817382812,7930726
2020-01-07 00:00:00+05:30,227.296142578125,229.07752990722656,225.89991760253906,226.62210083007812,8740894
2020-01-08 00:00:00+05:30,225.32217407226562,227.055419921875,224.5999755859375,225.51475524902344,7314466
2020-01-09 00:00:00+05:30,226.86282348632812,227.82574462890625,226.33322143554688,227.055419921875,9816703
2020-01-10 00:00:00+05:30,228.78866577148438,229.89601135253906,228.01832580566406,229.173828125,10357864
2020-01-13 00:00:00+05:30,229.65528869628906,231.58111572265625,229.41455078125,230.37747192382812,12715178
2020-01-14 00:00:00+05:30,231.34039306640625,234.7587432861328,229.46270751953125,234.2291259765625,12299570
2020-01-15 00:00:00+05:30,233.5550994873047,233.9884033203125,232.1588592529297,233.41065979003906,5687654
2020-01-16 00:00:00+05:30,233.50694274902344,234.8550262451172,231.19595336914062,231.82183837890625,9730522
2020-01-17 00:00:00+05:30,231.82183837890625,233.1217803955078,230.52191162109375,231.051513671875,7677106
2020-01-20 00:00:00+05:30,231.14779663085938,234.2291259765625,231.14779663085938,232.92919921875,8329721
2020-01-21 00:00:00+05:30,232.49588012695312,232.49588012695312,229.173828125,229.60714721679688,9939680
2020-01-22 00:00:00+05:30,230.71449279785156,230.71449279785156,228.3072052001953,229.2219696044922,7949731
2020-01-23 00:00:00+05:30,229.27012634277344,229.89601135253906,228.1146240234375,229.07752990722656,6356150
2020-01-24 00:00:00+05:30,228.59608459472656,230.2330322265625,228.21090698242188,229.31826782226562,7063834
2020-01-27 00:00:00+05:30,228.21090698242188,228.59608459472656,225.6110382080078,225.89991760253906,7100949
2020-01-28 00:00:00+05:30,226.0443572998047,227.15170288085938,221.95196533203125,222.19268798828125,15144538
2020-01-29 00:00:00+05:30,222.91488647460938,228.83680725097656,222.57786560058594,227.87388610839844,21258057
2020-01-30 00:00:00+05:30,228.1627655029297,228.21090698242188,224.3592529296875,225.3703155517578,10794458
2020-01-31 00:00:00+05:30,227.00726318359375,229.55899047851562,225.3703155517578,226.4295196533203,19166671
2020-02-03 00:00:00+05:30,207.0267791748047,208.8563232421875,197.3976287841797,199.9011993408203,82836335
2020-02-04 00:00:00+05:30,202.98252868652344,209.5303497314453,201.3937225341797,207.65267944335938,37145337
2020-02-05 00:00:00+05:30,208.278564453125,209.43406677246094,203.6565704345703,208.42300415039062,22072147
2020-02-06 00:00:00+05:30,209.91552734375,211.74505615234375,203.94544982910156,205.63055419921875,28443398
2020-02-07 00:00:00+05:30,205.87127685546875,207.70082092285156,204.86021423339844,205.48611450195312,17793265
2020-02-10 00:00:00+05:30,206.06385803222656,206.1120147705078,202.26034545898438,202.74180603027344,9987781
2020-02-11 00:00:00+05:30,208.4711456298828,208.9044647216797,203.94544982910156,204.7157745361328,30951617
2020-02-12 00:00:00+05:30,205.48611450195312,206.83419799804688,203.94544982910156,205.1490936279297,10310789
2020-02-13 00:00:00+05:30,205.1490936279297,205.5342559814453,203.36770629882812,204.04173278808594,9505645
2020-02-14 00:00:00+05:30,204.37875366210938,205.00465393066406,199.13087463378906,199.99749755859375,14260540
2020-02-17 00:00:00+05:30,200.286376953125,200.91226196289062,196.43470764160156,197.20504760742188,16161290
2020-02-18 00:00:00+05:30,196.9643096923828,197.01246643066406,193.0644989013672,196.29026794433594,21741128
2020-02-19 00:00:00+05:30,197.6383514404297,199.4678955078125,196.29026794433594,199.03457641601562,9403278
2020-02-20 00:00:00+05:30,199.32345581054688,200.81597900390625,197.8309326171875,199.7567596435547,16193373
2020-02-24 00:00:00+05:30,199.32345581054688,199.7567596435547,194.31629943847656,195.47178649902344,17233132
2020-02-25 00:00:00+05:30,196.24212646484375,197.7827911376953,194.0274200439453,194.31629943847656,15903285
2020-02-26 00:00:00+05:30,193.2089385986328,194.4607391357422,189.020263671875,191.23497009277344,18557438
2020-02-27 00:00:00+05:30,191.04238891601562,191.7645721435547,188.63510131835938,190.22390747070312,17936226
2020-02-28 00:00:00+05:30,187.7684783935547,192.48675537109375,184.92787170410156,190.22390747070312,33885063
2020-03-02 00:00:00+05:30,192.10159301757812,195.9051055908203,186.46853637695312,188.05734252929688,19274852
2020-03-03 00:00:00+05:30,189.69430541992188,190.1276092529297,185.40933227539062,186.66111755371094,18638624
2020-03-04 00:00:00+05:30,187.72032165527344,188.29808044433594,179.6318359375,180.54661560058594,28729502
2020-03-05 00:00:00+05:30,180.59475708007812,184.10939025878906,179.6318359375,181.0762176513672,20797182
2020-03-06 00:00:00+05:30,177.99488830566406,177.99488830566406,173.08401489257812,175.0098419189453,27795285
2020-03-09 00:00:00+05:30,172.36183166503906,172.36183166503906,168.02871704101562,170.6285858154297,22633662
2020-03-11 00:00:00+05:30,167.54725646972656,170.1952667236328,165.95843505859375,169.1360626220703,29032759
2020-03-12 00:00:00+05:30,162.73268127441406,162.87710571289062,144.96688842773438,150.02220153808594,54043896
2020-03-13 00:00:00+05:30,144.43728637695312,157.91810607910156,129.6083984375,156.23300170898438,63962722
2020-03-16 00:00:00+05:30,152.14060974121094,152.2368927001953,139.86343383789062,141.78927612304688,34535653
2020-03-17 00:00:00+05:30,142.51145935058594,150.02220153808594,140.63377380371094,143.61880493164062,49492914
2020-03-18 00:00:00+05:30,146.45941162109375,148.9148406982422,141.88555908203125,145.111328125,52178352
2020-03-19 00:00:00+05:30,145.111328125,157.4847869873047,139.38198852539062,155.84783935546875,93204936
2020-03-20 00:00:00+05:30,158.97731018066406,169.9545440673828,158.97731018066406,168.9916229248047,64384067
2020-03-23 00:00:00+05:30,152.14060974121094,155.9922637939453,143.6669464111328,148.57781982421875,53330913
2020-03-24 00:00:00+05:30,156.90704345703125,157.6292266845703,141.93370056152344,144.14840698242188,54576761
2020-03-25 00:00:00+05:30,145.40020751953125,146.3631134033203,133.84521484375,141.88555908203125,64913270
2020-03-26 00:00:00+05:30,144.43728637695312,153.4886932373047,137.93760681152344,150.59994506835938,60694283
2020-03-27 00:00:00+05:30,155.9922637939453,159.84393310546875,149.25186157226562,157.14776611328125,33893412
2020-03-30 00:00:00+05:30,150.26292419433594,158.78472900390625,150.26292419433594,153.29611206054688,29203338
2020-03-31 00:00:00+05:30,157.91810607910156,167.40281677246094,155.5589599609375,165.33255004882812,44272500
2020-04-01 00:00:00+05:30,165.33255004882812,166.34361267089844,158.4477081298828,160.22909545898438,18840671
2020-04-03 00:00:00+05:30,161.6734619140625,175.97276306152344,160.8068389892578,171.30262756347656,65288649
2020-04-07 00:00:00+05:30,178.8133544921875,178.8133544921875,167.21023559570312,174.8172607421875,37509626
2020-04-08 00:00:00+05:30,174.14321899414062,177.17640686035156,170.09898376464844,172.02481079101562,39007671
2020-04-09 00:00:00+05:30,177.17640686035156,179.34295654296875,173.32473754882812,178.3800506591797,44268652
2020-04-13 00:00:00+05:30,177.65786743164062,179.72813415527344,174.33580017089844,174.8654022216797,18427550
2020-04-15 00:00:00+05:30,177.22454833984375,186.56483459472656,175.92462158203125,182.3280029296875,50983406
2020-04-16 00:00:00+05:30,182.61688232421875,184.10939025878906,178.5726318359375,179.4392547607422,28122965
2020-04-17 00:00:00+05:30,183.38720703125,184.30197143554688,180.01699829101562,181.12435913085938,27694463
2020-04-20 00:00:00+05:30,182.90574645996094,182.90574645996094,172.84329223632812,173.998779296875,37141676
2020-04-21 00:00:00+05:30,171.39891052246094,177.4652862548828,169.52122497558594,172.9395751953125,24232310
2020-04-22 00:00:00+05:30,172.36183166503906,176.7430877685547,169.47308349609375,175.49130249023438,26132520
2020-04-23 00:00:00+05:30,176.16534423828125,177.17640686035156,172.9877166748047,173.85433959960938,34237726
2020-04-24 00:00:00+05:30,174.28765869140625,176.02090454101562,172.65069580078125,173.37289428710938,18744844
2020-04-27 00:00:00+05:30,173.5654754638672,175.53944396972656,172.65069580078125,173.18031311035156,13589672
2020-04-28 00:00:00+05:30,173.32473754882812,174.09507751464844,171.44705200195312,172.79513549804688,18488267
2020-04-29 00:00:00+05:30,173.8061981201172,176.11720275878906,172.9877166748047,175.39500427246094,22287597
2020-04-30 00:00:00+05:30,178.04302978515625,178.04302978515625,173.758056640625,175.29872131347656,31326446
2020-05-04 00:00:00+05:30,175.0098419189453,175.0098419189453,164.3214874267578,167.59539794921875,31461042
2020-05-05 00:00:00+05:30,168.51016235351562,170.8693084716797,165.62142944335938,167.45095825195312,18389548
2020-05-06 00:00:00+05:30,165.04367065429688,165.04367065429688,154.5478973388672,157.82180786132812,68112675
2020-05-07 00:00:00+05:30,157.91810607910156,159.69949340820312,154.5478973388672,155.02935791015625,25183509
2020-05-08 00:00:00+05:30,157.8699493408203,158.06253051757812,151.27398681640625,152.38133239746094,26281664
2020-05-11 00:00:00+05:30,154.06643676757812,157.4366455078125,152.14060974121094,152.57391357421875,18792383
2020-05-12 00:00:00+05:30,152.57391357421875,159.7476348876953,151.65914916992188,158.9291534423828,22211224
2020-05-13 00:00:00+05:30,166.96949768066406,167.16207885742188,158.39955139160156,159.26617431640625,20785966
2020-05-14 00:00:00+05:30,158.39955139160156,162.01048278808594,155.94412231445312,157.7255096435547,15525762
2020-05-15 00:00:00+05:30,156.18484497070312,159.3624725341797,155.17379760742188,158.5439910888672,15526021
2020-05-18 00:00:00+05:30,159.84393310546875,161.09571838378906,157.09962463378906,158.64028930664062,21602419
2020-05-19 00:00:00+05:30,160.3253936767578,165.28440856933594,158.97731018066406,164.4177703857422,20917906
2020-05-20 00:00:00+05:30,165.57327270507812,170.43600463867188,164.65850830078125,169.23236083984375,26295911
2020-05-21 00:00:00+05:30,169.08792114257812,183.38720703125,166.247314453125,181.94284057617188,60630670
2020-05-22 00:00:00+05:30,181.02806091308594,184.78343200683594,177.754150390625,179.4392547607422,40516307
2020-05-26 00:00:00+05:30,182.9539031982422,187.72032165527344,180.83547973632812,184.59085083007812,55283582
2020-05-27 00:00:00+05:30,185.36119079589844,186.70925903320312,179.96885681152344,185.024169921875,25491463
2020-05-28 00:00:00+05:30,185.16859436035156,185.74635314941406,181.99098205566406,183.5797882080078,25524647
2020-05-29 00:00:00+05:30,183.38720703125,190.65721130371094,181.99098205566406,190.0313262939453,37214719
2020-06-01 00:00:00+05:30,193.54595947265625,197.6383514404297,191.62013244628906,193.11265563964844,29606349
2020-06-02 00:00:00+05:30,194.41258239746094,194.41258239746094,189.40542602539062,189.93502807617188,23502975
2020-06-03 00:00:00+05:30,192.5830535888672,193.44967651367188,188.34622192382812,189.40542602539062,19710133
2020-06-04 00:00:00+05:30,190.41648864746094,194.99034118652344,187.7684783935547,192.7274932861328,22843181
2020-06-05 00:00:00+05:30,194.31629943847656,194.50888061523438,191.28311157226562,192.5830535888672,15193091
2020-06-08 00:00:00+05:30,195.37550354003906,196.09768676757812,189.69430541992188,190.3201904296875,20304292
2020-06-09 00:00:00+05:30,190.89794921875,198.55311584472656,190.3201904296875,191.138671875,41451482
2020-06-10 00:00:00+05:30,192.05345153808594,195.61622619628906,190.9460906982422,191.66827392578125,28247205
2020-06-11 00:00:00+05:30,192.5830535888672,193.7866973876953,186.42039489746094,187.04627990722656,20611505
2020-06-12 00:00:00+05:30,181.94284057617188,187.9610595703125,180.8836212158203,186.70925903320312,23431727
2020-06-15 00:00:00+05:30,186.70925903320312,186.75741577148438,179.39111328125,180.2577362060547,25404661
2020-06-16 00:00:00+05:30,183.72422790527344,183.86866760253906,175.15428161621094,178.13931274414062,28700454
2020-06-17 00:00:00+05:30,177.17640686035156,178.13931274414062,173.998779296875,174.48023986816406,24952658
2020-06-18 00:00:00+05:30,174.48023986816406,180.54661560058594,173.998779296875,179.6799774169922,30000032
2020-06-19 00:00:00+05:30,180.16143798828125,180.97991943359375,176.79124450683594,177.22454833984375,31707306
2020-06-22 00:00:00+05:30,179.5836944580078,180.54661560058594,176.35792541503906,178.13931274414062,32605144
2020-06-23 00:00:00+05:30,178.5244903564453,180.54661560058594,177.89859008789062,178.95779418945312,27569189
2020-06-24 00:00:00+05:30,180.4503173828125,187.47959899902344,179.24667358398438,184.73529052734375,56757828
2020-06-25 00:00:00+05:30,185.12045288085938,195.9532470703125,184.54270935058594,194.60516357421875,78484846
2020-06-26 00:00:00+05:30,198.36053466796875,201.6344451904297,186.1315155029297,187.9610595703125,74727243
2020-06-29 00:00:00+05:30,194.99034118652344,195.47178649902344,188.92396545410156,189.93502807617188,95027403
2020-06-30 00:00:00+05:30,192.0052947998047,192.0052947998047,186.80555725097656,187.43145751953125,42797633
2020-07-01 00:00:00+05:30,187.43145751953125,196.29026794433594,187.43145751953125,195.37550354003906,46004000
2020-07-02 00:00:00+05:30,196.86802673339844,199.08273315429688,195.03848266601562,198.2161102294922,40835235
2020-07-03 00:00:00+05:30,200.286376953125,200.767822265625,198.36053466796875,199.85305786132812,39352660
2020-07-06 00:00:00+05:30,192.92007446289062,194.4607391357422,191.57199096679688,192.39047241210938,36046969
2020-07-07 00:00:00+05:30,192.5830535888672,193.0644989013672,186.80555725097656,187.04627990722656,32467210
2020-07-08 00:00:00+05:30,187.04627990722656,190.60906982421875,187.04627990722656,189.020263671875,22093693
2020-07-09 00:00:00+05:30,189.59800720214844,189.69430541992188,186.9499969482422,188.2017822265625,19492371
2020-07-10 00:00:00+05:30,187.91290283203125,189.2128448486328,186.80555725097656,187.142578125,16815128
2020-07-13 00:00:00+05:30,188.63510131835938,191.37940979003906,187.86476135253906,190.22390747070312,21079233
2020-07-14 00:00:00+05:30,190.0794677734375,192.10159301757812,185.60191345214844,188.63510131835938,19185879
2020-07-15 00:00:00+05:30,189.0684051513672,192.5830535888672,187.28701782226562,191.3312530517578,24692471
2020-07-16 00:00:00+05:30,191.3312530517578,191.47569274902344,184.87973022460938,186.66111755371094,22997164
2020-07-17 00:00:00+05:30,186.1315155029297,188.1536407470703,185.84263610839844,186.85369873046875,15455455
2020-07-20 00:00:00+05:30,187.7684783935547,188.10549926757812,185.2167510986328,185.55377197265625,19643434
2020-07-21 00:00:00+05:30,184.97601318359375,186.99813842773438,184.3982696533203,185.12045288085938,29089491
2020-07-22 00:00:00+05:30,185.84263610839844,190.56092834472656,185.36119079589844,189.260986328125,33826583
2020-07-23 00:00:00+05:30,190.3201904296875,194.0274200439453,189.50172424316406,193.25709533691406,32700809
2020-07-24 00:00:00+05:30,193.54595947265625,194.22000122070312,189.98316955566406,192.1978759765625,62500933
2020-07-27 00:00:00+05:30,193.0644989013672,193.0644989013672,187.91290283203125,189.11654663085938,23517850
2020-07-28 00:00:00+05:30,189.69430541992188,191.28311157226562,187.81661987304688,188.1536407470703,20029937
2020-07-29 00:00:00+05:30,186.2759552001953,190.8498077392578,186.22781372070312,189.40542602539062,15402845
2020-07-30 00:00:00+05:30,191.04238891601562,191.04238891601562,185.36119079589844,186.17965698242188,16943579
2020-07-31 00:00:00+05:30,186.3240966796875,189.6461639404297,186.3240966796875,186.9499969482422,17294202
2020-08-03 00:00:00+05:30,186.80555725097656,186.80555725097656,184.78343200683594,185.4574737548828,13776301
2020-08-04 00:00:00+05:30,185.4574737548828,188.53880310058594,185.4574737548828,186.46853637695312,17849565
2020-08-05 00:00:00+05:30,187.28701782226562,187.38330078125,184.59085083007812,185.65005493164062,50646546
2020-08-06 00:00:00+05:30,186.99813842773438,188.34622192382812,185.93893432617188,188.10549926757812,18574935
2020-08-07 00:00:00+05:30,188.2499237060547,189.69430541992188,186.9499969482422,188.77952575683594,21717194
2020-08-10 00:00:00+05:30,189.11654663085938,192.24603271484375,189.11654663085938,191.47569274902344,17108987
2020-08-11 00:00:00+05:30,192.5830535888672,199.99749755859375,192.5830535888672,195.5199432373047,57266693
2020-08-12 00:00:00+05:30,194.99034118652344,197.30133056640625,192.9682159423828,196.62728881835938,22106836
2020-08-13 00:00:00+05:30,195.9532470703125,196.62728881835938,189.79058837890625,193.97927856445312,23573090
2020-08-14 00:00:00+05:30,194.12371826171875,195.80880737304688,188.2499237060547,189.11654663085938,29858596
2020-08-17 00:00:00+05:30,190.7053680419922,192.10159301757812,189.54986572265625,191.37940979003906,12192938
2020-08-18 00:00:00+05:30,192.48675537109375,192.48675537109375,189.93502807617188,191.18682861328125,12969115
2020-08-19 00:00:00+05:30,191.23497009277344,194.22000122070312,190.75350952148438,191.0905303955078,16070316
2020-08-20 00:00:00+05:30,189.69430541992188,189.8868865966797,187.3351593017578,188.53880310058594,17561721
2020-08-21 00:00:00+05:30,190.65721130371094,191.81271362304688,189.020263671875,189.50172424316406,17897538
2020-08-24 00:00:00+05:30,189.93502807617188,191.62013244628906,189.0684051513672,189.40542602539062,15304895
2020-08-25 00:00:00+05:30,189.93502807617188,190.9460906982422,187.86476135253906,188.1536407470703,15784633
2020-08-26 00:00:00+05:30,189.2128448486328,189.260986328125,186.46853637695312,187.72032165527344,23502769
2020-08-27 00:00:00+05:30,191.138671875,191.5238494873047,186.70925903320312,187.04627990722656,49030500
2020-08-28 00:00:00+05:30,187.38330078125,189.020263671875,186.85369873046875,188.29808044433594,35979788
2020-08-31 00:00:00+05:30,191.62013244628906,191.62013244628906,182.9539031982422,184.0131072998047,100730476
2020-09-01 00:00:00+05:30,184.0131072998047,185.2167510986328,181.268798828125,183.146484375,41311165
2020-09-02 00:00:00+05:30,184.2056884765625,185.84263610839844,182.61688232421875,184.2538299560547,21378178
2020-09-03 00:00:00+05:30,184.30197143554688,186.0833740234375,182.9539031982422,184.4945526123047,16295787
2020-09-04 00:00:00+05:30,182.9539031982422,182.9539031982422,178.8133544921875,179.77627563476562,42983034
2020-09-07 00:00:00+05:30,180.30587768554688,183.4353485107422,174.09507751464844,182.08726501464844,33918419
2020-09-08 00:00:00+05:30,182.5687255859375,183.48350524902344,177.754150390625,181.17250061035156,26574542
2020-09-09 00:00:00+05:30,178.6207733154297,179.34295654296875,175.53944396972656,176.98382568359375,28901363
2020-09-10 00:00:00+05:30,177.27268981933594,178.8133544921875,176.40606689453125,178.04302978515625,18469229
2020-09-11 00:00:00+05:30,178.04302978515625,179.5836944580078,175.97276306152344,177.12826538085938,19997552
2020-09-14 00:00:00+05:30,178.90965270996094,178.95779418945312,176.21348571777344,176.55050659179688,32185628
2020-09-15 00:00:00+05:30,177.17640686035156,177.36898803710938,174.09507751464844,175.0579833984375,31956903
2020-09-16 00:00:00+05:30,175.10614013671875,176.6949462890625,173.37289428710938,173.9506378173828,52591750
2020-09-17 00:00:00+05:30,174.09507751464844,174.7691192626953,171.20632934570312,171.97666931152344,35240133
2020-09-18 00:00:00+05:30,172.8914337158203,173.18031311035156,170.43600463867188,172.45811462402344,30929813
2020-09-21 00:00:00+05:30,173.32473754882812,173.90249633789062,168.55831909179688,169.23236083984375,24811451
2020-09-22 00:00:00+05:30,169.23236083984375,170.1952667236328,167.3065185546875,167.73983764648438,19242719
2020-09-23 00:00:00+05:30,168.46202087402344,170.96560668945312,165.33255004882812,166.10287475585938,64164525
2020-09-24 00:00:00+05:30,165.33255004882812,165.3806915283203,159.98837280273438,160.37353515625,32698988
2020-09-25 00:00:00+05:30,162.63638305664062,164.85108947753906,160.8068389892578,164.4177703857422,27650738
2020-09-28 00:00:00+05:30,164.65850830078125,168.3175811767578,164.1770477294922,166.8732147216797,24087933
2020-09-29 00:00:00+05:30,168.26943969726562,168.26943969726562,162.73268127441406,163.1178436279297,26602326
2020-09-30 00:00:00+05:30,163.69558715820312,165.71771240234375,162.4438018798828,165.33255004882812,19193371
2020-10-01 00:00:00+05:30,168.02871704101562,168.125,163.79188537597656,164.51406860351562,20517295
2020-10-05 00:00:00+05:30,164.75479125976562,166.39175415039062,162.491943359375,162.97340393066406,25234767
2020-10-06 00:00:00+05:30,163.21412658691406,165.2362518310547,161.86605834960938,163.59930419921875,22728054
2020-10-07 00:00:00+05:30,163.69558715820312,164.5622100830078,162.73268127441406,163.21412658691406,16913783
2020-10-08 00:00:00+05:30,163.79188537597656,164.08074951171875,160.71055603027344,160.95127868652344,26484289
2020-10-09 00:00:00+05:30,161.28829956054688,162.63638305664062,160.1809539794922,161.6253204345703,23234939
2020-10-12 00:00:00+05:30,164.1770477294922,168.70274353027344,163.69558715820312,165.8140106201172,68801924
2020-10-13 00:00:00+05:30,166.4398956298828,168.36572265625,163.21412658691406,163.84002685546875,37058708
2020-10-14 00:00:00+05:30,164.22518920898438,164.65850830078125,160.85499572753906,161.57717895507812,39688050
2020-10-15 00:00:00+05:30,161.4808807373047,161.57717895507812,158.4477081298828,158.9291534423828,28161148
2020-10-16 00:00:00+05:30,159.3624725341797,160.6142578125,157.7255096435547,159.5550537109375,21006060
2020-10-19 00:00:00+05:30,160.6142578125,162.63638305664062,159.98837280273438,162.01048278808594,19748904
2020-10-20 00:00:00+05:30,161.76976013183594,162.0586395263672,160.51797485351562,161.2401580810547,16770677
2020-10-21 00:00:00+05:30,161.91419982910156,162.63638305664062,160.4216766357422,161.4327392578125,17113482
2020-10-22 00:00:00+05:30,161.33645629882812,162.82896423339844,160.8068389892578,162.2993621826172,22893091
2020-10-23 00:00:00+05:30,162.6845245361328,164.65850830078125,161.52903747558594,164.4177703857422,20921450
2020-10-26 00:00:00+05:30,165.1399688720703,165.2362518310547,162.01048278808594,162.2993621826172,16699886
2020-10-27 00:00:00+05:30,162.251220703125,163.02154541015625,160.5661163330078,160.9994354248047,47652264
2020-10-28 00:00:00+05:30,162.251220703125,162.251220703125,158.88101196289062,159.3624725341797,17468592
2020-10-29 00:00:00+05:30,158.88101196289062,159.79579162597656,157.38848876953125,157.77366638183594,21816186
2020-10-30 00:00:00+05:30,157.91810607910156,160.6142578125,157.29220581054688,159.1217498779297,16976909
2020-11-02 00:00:00+05:30,160.6142578125,160.9994354248047,158.35140991210938,160.5661163330078,14924105
2020-11-03 00:00:00+05:30,160.9994354248047,164.4177703857422,160.90313720703125,163.79188537597656,23473408
2020-11-04 00:00:00+05:30,163.74374389648438,165.4288330078125,161.96234130859375,163.5030059814453,19533203
2020-11-05 00:00:00+05:30,164.89923095703125,168.51016235351562,163.88816833496094,168.26943969726562,28037401
2020-11-06 00:00:00+05:30,169.9545440673828,170.6285858154297,166.96949768066406,167.4990997314453,35571152
2020-11-09 00:00:00+05:30,167.4990997314453,170.72486877441406,165.47698974609375,166.39175415039062,36645472
2020-11-10 00:00:00+05:30,168.51016235351562,172.8914337158203,165.47698974609375,171.73593139648438,59672371
2020-11-11 00:00:00+05:30,172.9395751953125,179.00595092773438,171.97666931152344,178.42819213867188,65757234
2020-11-12 00:00:00+05:30,178.3319091796875,181.75025939941406,177.03196716308594,181.02806091308594,48153554
2020-11-13 00:00:00+05:30,180.2577362060547,181.79840087890625,178.66893005371094,180.16143798828125,29284742
2020-11-14 00:00:00+05:30,182.03912353515625,182.9539031982422,181.0762176513672,181.60581970214844,8066280
2020-11-17 00:00:00+05:30,181.99098205566406,182.3761444091797,179.48739624023438,180.4021759033203,21757459
2020-11-18 00:00:00+05:30,179.87257385253906,181.4613800048828,175.97276306152344,177.22454833984375,27620283
2020-11-19 00:00:00+05:30,176.02090454101562,184.68714904785156,175.92462158203125,180.93177795410156,50871154
2020-11-20 00:00:00+05:30,181.79840087890625,184.87973022460938,179.15037536621094,184.59085083007812,47052232
2020-11-23 00:00:00+05:30,184.87973022460938,185.36119079589844,181.65396118164062,183.77236938476562,24073204
2020-11-24 00:00:00+05:30,183.53164672851562,189.16470336914062,183.53164672851562,188.29808044433594,47160760
2020-11-25 00:00:00+05:30,188.73138427734375,190.60906982421875,185.36119079589844,186.66111755371094,43263598
2020-11-26 00:00:00+05:30,187.86476135253906,188.58694458007812,185.40933227539062,187.5758819580078,25155854
2020-11-27 00:00:00+05:30,187.23887634277344,188.49066162109375,186.0352325439453,186.46853637695312,32594141
2020-12-01 00:00:00+05:30,187.7684783935547,189.0684051513672,185.264892578125,187.1907196044922,16505446
2020-12-02 00:00:00+05:30,187.7684783935547,191.37940979003906,186.3722381591797,188.68324279785156,29520716
2020-12-03 00:00:00+05:30,189.8868865966797,189.8868865966797,187.3351593017578,188.92396545410156,29087754
2020-12-04 00:00:00+05:30,189.54986572265625,191.9571533203125,189.2128448486328,190.8498077392578,23005484
2020-12-07 00:00:00+05:30,190.8498077392578,196.19398498535156,190.2720489501953,195.61622619628906,37068111
2020-12-08 00:00:00+05:30,196.3384246826172,197.10874938964844,192.1497344970703,194.9421844482422,32042241
2020-12-09 00:00:00+05:30,197.3976287841797,200.09378051757812,197.06060791015625,197.7827911376953,41212760
2020-12-10 00:00:00+05:30,198.98643493652344,205.72683715820312,195.61622619628906,204.81207275390625,67739601
2020-12-11 00:00:00+05:30,206.49717712402344,209.86737060546875,205.43797302246094,208.278564453125,62645643
2020-12-14 00:00:00+05:30,209.86737060546875,210.49327087402344,207.0267791748047,207.89340209960938,28029531
2020-12-15 00:00:00+05:30,207.2675018310547,208.37486267089844,203.75286865234375,205.63055419921875,24151252
2020-12-16 00:00:00+05:30,205.82313537597656,207.55638122558594,205.5823974609375,206.06385803222656,20304621
2020-12-17 00:00:00+05:30,206.25643920898438,207.12306213378906,203.4158477783203,205.1490936279297,23248344
2020-12-18 00:00:00+05:30,205.19723510742188,207.94154357910156,201.97146606445312,206.54531860351562,24690701
2020-12-21 00:00:00+05:30,206.54531860351562,206.73789978027344,191.7645721435547,195.42364501953125,43445980
2020-12-22 00:00:00+05:30,195.56808471679688,198.6012725830078,189.59800720214844,195.85696411132812,42564860
2020-12-23 00:00:00+05:30,195.47178649902344,200.527099609375,194.50888061523438,200.04563903808594,24608258
2020-12-24 00:00:00+05:30,202.2122039794922,202.8380889892578,197.97537231445312,200.86412048339844,23645158
2020-12-28 00:00:00+05:30,201.24928283691406,202.40478515625,200.14193725585938,201.73074340820312,16347233
2020-12-29 00:00:00+05:30,202.69366455078125,205.5823974609375,202.30848693847656,203.70472717285156,27568853
2020-12-30 00:00:00+05:30,204.81207275390625,205.5823974609375,201.7788848876953,203.31954956054688,19654130
2020-12-31 00:00:00+05:30,202.74180603027344,203.4639892578125,200.81597900390625,201.24928283691406,18947950
2021-01-01 00:00:00+05:30,202.11590576171875,206.25643920898438,201.5381622314453,205.91941833496094,20279389
2021-01-04 00:00:00+05:30,206.06385803222656,207.98968505859375,204.2343292236328,205.48611450195312,27927482
2021-01-05 00:00:00+05:30,204.57135009765625,205.3416748046875,202.78994750976562,203.60842895507812,18718244
2021-01-06 00:00:00+05:30,203.60842895507812,203.6565704345703,196.91616821289062,197.7827911376953,50957586
2021-01-07 00:00:00+05:30,198.4568328857422,199.9011993408203,194.60516357421875,195.27920532226562,36298522
2021-01-08 00:00:00+05:30,196.771728515625,198.36053466796875,192.8237762451172,194.0274200439453,58600546
2021-01-11 00:00:00+05:30,196.43470764160156,198.4568328857422,193.7866973876953,194.99034118652344,44625924
2021-01-12 00:00:00+05:30,195.47178649902344,199.22715759277344,194.12371826171875,198.79385375976562,36989137
2021-01-13 00:00:00+05:30,199.7567596435547,205.1009521484375,197.6383514404297,203.4158477783203,66387977
2021-01-14 00:00:00+05:30,204.13803100585938,208.4711456298828,203.75286865234375,206.2082977294922,50164605
2021-01-15 00:00:00+05:30,206.93048095703125,210.39698791503906,203.36770629882812,209.77108764648438,60567280
2021-01-18 00:00:00+05:30,210.30068969726562,213.76718139648438,206.64161682128906,211.6006317138672,70211602
2021-01-19 00:00:00+05:30,212.8042755126953,213.47830200195312,209.43406677246094,210.73399353027344,33009228
2021-01-20 00:00:00+05:30,210.39698791503906,210.87843322753906,207.70082092285156,209.57850646972656,46392916
2021-01-21 00:00:00+05:30,210.87843322753906,211.35989379882812,204.3306121826172,205.77499389648438,30116008
2021-01-22 00:00:00+05:30,206.06385803222656,206.78604125976562,201.3937225341797,202.88624572753906,25663922
2021-01-25 00:00:00+05:30,204.13803100585938,204.61949157714844,199.17901611328125,200.09378051757812,25929487
2021-01-27 00:00:00+05:30,200.286376953125,204.76393127441406,199.4197540283203,202.8380889892578,50338134
2021-01-28 00:00:00+05:30,201.49002075195312,203.17510986328125,198.11981201171875,198.93829345703125,22984352
2021-01-29 00:00:00+05:30,200.81597900390625,201.05670166015625,194.8459014892578,195.7125244140625,24679902
2021-02-01 00:00:00+05:30,196.43470764160156,209.86737060546875,194.31629943847656,207.94154357910156,59968324
2021-02-02 00:00:00+05:30,211.8413543701172,215.21156311035156,208.95260620117188,210.1081085205078,50324035
2021-02-03 00:00:00+05:30,213.2857208251953,213.76718139648438,207.70082092285156,208.71188354492188,55709225
2021-02-04 00:00:00+05:30,208.0859832763672,222.81858825683594,207.98968505859375,221.42236328125,109894300
2021-02-05 00:00:00+05:30,223.540771484375,229.9923095703125,218.82249450683594,225.6591796875,130323308
2021-02-08 00:00:00+05:30,228.69236755371094,229.2219696044922,222.91488647460938,224.45553588867188,43093963
2021-02-09 00:00:00+05:30,225.89991760253906,230.32933044433594,219.7372589111328,220.50758361816406,73377134
2021-02-10 00:00:00+05:30,220.50758361816406,222.5297088623047,214.82638549804688,219.11135864257812,49104142
2021-02-11 00:00:00+05:30,220.50758361816406,220.7964630126953,216.17446899414062,218.05215454101562,45311749
2021-02-12 00:00:00+05:30,217.37811279296875,217.37811279296875,207.79710388183594,209.38592529296875,114826417
2021-02-15 00:00:00+05:30,210.3488311767578,212.8042755126953,209.43406677246094,210.49327087402344,33000365
2021-02-16 00:00:00+05:30,210.9265899658203,213.57460021972656,209.19334411621094,210.15625,30271502
2021-02-17 00:00:00+05:30,209.5303497314453,210.30068969726562,208.51930236816406,209.67478942871094,20615018
2021-02-18 00:00:00+05:30,210.1081085205078,212.41909790039062,209.81922912597656,210.73399353027344,24997592
2021-02-19 00:00:00+05:30,210.73399353027344,210.7821502685547,206.06385803222656,207.94154357910156,29208388
2021-02-22 00:00:00+05:30,204.13803100585938,204.13803100585938,198.36053466796875,199.37159729003906,53531490
2021-02-23 00:00:00+05:30,200.286376953125,202.74180603027344,199.32345581054688,200.767822265625,27703323
2021-02-24 00:00:00+05:30,201.3455810546875,202.01962280273438,198.8419952392578,201.10484313964844,13667471
2021-02-25 00:00:00+05:30,201.73074340820312,203.36770629882812,201.05670166015625,201.3937225341797,26953713
2021-02-26 00:00:00+05:30,199.56417846679688,200.286376953125,195.47178649902344,196.29026794433594,45101885
2021-03-01 00:00:00+05:30,197.8309326171875,200.04563903808594,196.48284912109375,199.22715759277344,16850430
2021-03-02 00:00:00+05:30,199.32345581054688,202.98252868652344,198.8419952392578,202.11590576171875,26590262
2021-03-03 00:00:00+05:30,204.13803100585938,204.13803100585938,201.05670166015625,202.1640625,21648963
2021-03-04 00:00:00+05:30,201.05670166015625,203.4639892578125,199.9011993408203,201.92332458496094,25858155
2021-03-05 00:00:00+05:30,200.286376953125,202.2122039794922,199.5160369873047,200.81597900390625,17990773
2021-03-08 00:00:00+05:30,201.92332458496094,202.98252868652344,199.99749755859375,200.286376953125,23874105
2021-03-09 00:00:00+05:30,200.9604034423828,201.97146606445312,197.15689086914062,200.09378051757812,23463213
2021-03-10 00:00:00+05:30,201.3455810546875,201.44186401367188,198.16795349121094,198.8419952392578,20358192
2021-03-12 00:00:00+05:30,200.286376953125,200.286376953125,195.9532470703125,197.5902099609375,31973696
2021-03-15 00:00:00+05:30,198.2161102294922,198.36053466796875,194.12371826171875,197.8309326171875,42699297
2021-03-16 00:00:00+05:30,198.74571228027344,201.1529998779297,197.34947204589844,200.14193725585938,50641203
2021-03-17 00:00:00+05:30,204.3306121826172,205.9675750732422,200.81597900390625,202.78994750976562,81604999
2021-03-18 00:00:00+05:30,205.1009521484375,210.9747314453125,204.04173278808594,209.57850646972656,95536034
2021-03-19 00:00:00+05:30,210.87843322753906,217.76327514648438,207.55638122558594,214.68194580078125,139352860
2021-03-22 00:00:00+05:30,215.0189666748047,218.00401306152344,213.2857208251953,217.6188507080078,47823778
2021-03-23 00:00:00+05:30,216.6559295654297,219.64096069335938,213.0931396484375,213.9597625732422,43165463
2021-03-24 00:00:00+05:30,212.8042755126953,214.5375213623047,207.2675018310547,207.94154357910156,28672557
2021-03-25 00:00:00+05:30,207.1712188720703,207.94154357910156,201.2974395751953,203.75286865234375,42248040
2021-03-26 00:00:00+05:30,206.30459594726562,206.49717712402344,202.54922485351562,203.07882690429688,27083832
2021-03-30 00:00:00+05:30,205.3416748046875,207.0267791748047,202.5973663330078,206.5934600830078,28862387
2021-03-31 00:00:00+05:30,206.1120147705078,211.1673126220703,204.81207275390625,210.39698791503906,37890481
2021-04-01 00:00:00+05:30,211.8413543701172,212.41909790039062,209.24148559570312,211.88949584960938,30182056
2021-04-05 00:00:00+05:30,209.5303497314453,211.8413543701172,202.69366455078125,204.66763305664062,32586507
2021-04-06 00:00:00+05:30,205.87127685546875,206.9786376953125,202.3566436767578,204.76393127441406,26663018
2021-04-07 00:00:00+05:30,204.81207275390625,207.2193603515625,204.57135009765625,205.87127685546875,15790468
2021-04-08 00:00:00+05:30,206.88233947753906,208.0859832763672,204.95651245117188,205.3416748046875,14660557
2021-04-09 00:00:00+05:30,205.82313537597656,207.94154357910156,204.66763305664062,205.19723510742188,16994483
2021-04-12 00:00:00+05:30,202.2122039794922,203.17510986328125,197.3976287841797,197.68649291992188,35840817
2021-04-13 00:00:00+05:30,199.32345581054688,201.92332458496094,198.36053466796875,200.9604034423828,21027436
2021-04-15 00:00:00+05:30,201.24928283691406,202.6455078125,198.36053466796875,199.03457641601562,18205903
2021-04-16 00:00:00+05:30,200.286376953125,201.49002075195312,198.8419952392578,200.23822021484375,13824608
2021-04-19 00:00:00+05:30,197.3976287841797,198.4568328857422,196.19398498535156,197.97537231445312,16400507
2021-04-20 00:00:00+05:30,198.55311584472656,199.32345581054688,194.99034118652344,196.00140380859375,22187707
2021-04-22 00:00:00+05:30,194.50888061523438,198.6494140625,193.11265563964844,198.26425170898438,24030915
2021-04-23 00:00:00+05:30,196.67544555664062,199.32345581054688,196.67544555664062,197.73464965820312,20381213
2021-04-26 00:00:00+05:30,198.16795349121094,199.08273315429688,197.10874938964844,197.68649291992188,20652091
2021-04-27 00:00:00+05:30,197.68649291992188,199.2753143310547,197.44577026367188,197.7827911376953,11885588
2021-04-28 00:00:00+05:30,198.36053466796875,198.8419952392578,197.68649291992188,197.87908935546875,13197445
2021-04-29 00:00:00+05:30,199.4197540283203,199.85305786132812,196.48284912109375,196.7235870361328,13601150
2021-04-30 00:00:00+05:30,196.3384246826172,198.07167053222656,194.50888061523438,195.0866241455078,17130954
2021-05-03 00:00:00+05:30,193.73854064941406,194.36444091796875,192.5830535888672,193.49781799316406,21405441
2021-05-04 00:00:00+05:30,193.73854064941406,194.8459014892578,191.7164306640625,192.1978759765625,18962501
2021-05-05 00:00:00+05:30,193.97927856445312,194.50888061523438,192.10159301757812,193.93113708496094,14396547
2021-05-06 00:00:00+05:30,194.79776000976562,198.31239318847656,194.60516357421875,195.23106384277344,14872429
2021-05-07 00:00:00+05:30,195.42364501953125,198.79385375976562,195.42364501953125,197.73464965820312,20213092
2021-05-10 00:00:00+05:30,199.4678955078125,199.7567596435547,197.3976287841797,197.92723083496094,16922951
2021-05-11 00:00:00+05:30,196.3384246826172,198.8419952392578,196.19398498535156,196.43470764160156,14277000
2021-05-12 00:00:00+05:30,196.3384246826172,197.6383514404297,195.32736206054688,195.7125244140625,17174525
2021-05-14 00:00:00+05:30,197.3976287841797,205.2935333251953,196.43470764160156,204.37875366210938,64021335
2021-05-17 00:00:00+05:30,208.76002502441406,208.95260620117188,203.80101013183594,204.7157745361328,39465392
2021-05-18 00:00:00+05:30,206.16015625,206.64161682128906,201.87518310546875,202.26034545898438,31653409
2021-05-19 00:00:00+05:30,202.26034545898438,203.56028747558594,199.85305786132812,200.04563903808594,25345241
2021-05-20 00:00:00+05:30,200.7196807861328,201.5381622314453,199.13087463378906,199.32345581054688,21688686
2021-05-21 00:00:00+05:30,199.9011993408203,202.06776428222656,199.7086181640625,201.2974395751953,23509878
2021-05-24 00:00:00+05:30,201.73074340820312,204.18617248535156,200.04563903808594,203.6565704345703,29977506
2021-05-25 00:00:00+05:30,205.1009521484375,205.48611450195312,202.4529266357422,203.07882690429688,26310600
2021-05-26 00:00:00+05:30,203.94544982910156,204.57135009765625,202.50108337402344,202.78994750976562,18253046
2021-05-27 00:00:00+05:30,203.17510986328125,206.2082977294922,202.50108337402344,203.31954956054688,49385674
2021-05-28 00:00:00+05:30,204.61949157714844,205.5823974609375,203.70472717285156,205.00465393066406,26583388
2021-05-31 00:00:00+05:30,207.0267791748047,209.81922912597656,206.4490203857422,208.56744384765625,75852502
2021-06-01 00:00:00+05:30,209.91552734375,211.26361083984375,206.30459594726562,207.2675018310547,40247686
2021-06-02 00:00:00+05:30,202.69366455078125,204.57135009765625,200.86412048339844,201.24928283691406,100377464
2021-06-03 00:00:00+05:30,202.93438720703125,202.93438720703125,200.9604034423828,201.2974395751953,48454441
2021-06-04 00:00:00+05:30,201.73074340820312,201.92332458496094,200.286376953125,201.00856018066406,31286264
2021-06-07 00:00:00+05:30,202.5973663330078,204.523193359375,202.40478515625,203.60842895507812,32643869
2021-06-08 00:00:00+05:30,204.3306121826172,206.30459594726562,203.36770629882812,205.72683715820312,22080199
2021-06-09 00:00:00+05:30,206.06385803222656,206.78604125976562,203.6565704345703,204.61949157714844,25846432
2021-06-10 00:00:00+05:30,200.9604034423828,203.56028747558594,199.80491638183594,201.5381622314453,31902690
2021-06-11 00:00:00+05:30,202.50108337402344,202.6455078125,200.04563903808594,200.19007873535156,22249404
2021-06-14 00:00:00+05:30,200.23822021484375,200.7196807861328,197.5902099609375,199.61233520507812,18358717
2021-06-15 00:00:00+05:30,199.85305786132812,200.67153930664062,199.32345581054688,199.37159729003906,15426377
2021-06-16 00:00:00+05:30,199.37159729003906,201.5863037109375,199.37159729003906,200.14193725585938,20878518
2021-06-17 00:00:00+05:30,199.2753143310547,200.286376953125,197.3976287841797,198.0235137939453,22304032
2021-06-18 00:00:00+05:30,198.36053466796875,198.79385375976562,194.99034118652344,196.9643096923828,24475206
2021-06-21 00:00:00+05:30,195.56808471679688,198.36053466796875,194.89404296875,196.86802673339844,19809308
2021-06-22 00:00:00+05:30,198.4568328857422,198.6012725830078,196.771728515625,197.49391174316406,18737552
2021-06-23 00:00:00+05:30,198.0235137939453,198.2161102294922,196.04954528808594,196.38656616210938,13059519
2021-06-24 00:00:00+05:30,196.86802673339844,197.06060791015625,195.03848266601562,195.7125244140625,23299321
2021-06-25 00:00:00+05:30,196.43470764160156,197.97537231445312,196.19398498535156,197.44577026367188,14411660
2021-06-28 00:00:00+05:30,198.26425170898438,198.26425170898438,195.80880737304688,196.04954528808594,15190488
2021-06-29 00:00:00+05:30,196.04954528808594,197.68649291992188,195.61622619628906,195.7606658935547,13839294
2021-06-30 00:00:00+05:30,196.7235870361328,196.8198699951172,195.03848266601562,195.18292236328125,16556397
2021-07-01 00:00:00+05:30,195.37550354003906,196.24212646484375,194.6533203125,195.47178649902344,10583793
2021-07-02 00:00:00+05:30,195.7606658935547,196.1458282470703,194.74960327148438,194.89404296875,13187847
2021-07-05 00:00:00+05:30,195.47178649902344,196.531005859375,195.18292236328125,196.09768676757812,10642939
2021-07-06 00:00:00+05:30,195.7125244140625,196.24212646484375,194.74960327148438,194.99034118652344,11515716
2021-07-07 00:00:00+05:30,194.99034118652344,197.5902099609375,194.79776000976562,196.19398498535156,18568033
2021-07-08 00:00:00+05:30,195.9532470703125,196.91616821289062,194.31629943847656,194.50888061523438,21730892
2021-07-09 00:00:00+05:30,194.50888061523438,194.8459014892578,193.44967651367188,193.8829803466797,12289809
2021-07-12 00:00:00+05:30,194.50888061523438,195.03848266601562,193.49781799316406,193.6422576904297,13589278
2021-07-13 00:00:00+05:30,194.50888061523438,194.7014617919922,193.8829803466797,194.36444091796875,11247522
2021-07-14 00:00:00+05:30,194.36444091796875,197.5420684814453,194.22000122070312,196.531005859375,21269167
2021-07-15 00:00:00+05:30,196.8198699951172,200.767822265625,195.37550354003906,198.6012725830078,29963443
2021-07-16 00:00:00+05:30,199.99749755859375,201.87518310546875,199.5160369873047,200.19007873535156,30137464
2021-07-19 00:00:00+05:30,199.13087463378906,201.73074340820312,198.6975555419922,200.04563903808594,17099088
2021-07-20 00:00:00+05:30,200.4789581298828,201.5381622314453,198.74571228027344,199.13087463378906,24567907
2021-07-22 00:00:00+05:30,199.32345581054688,200.527099609375,198.2161102294922,199.32345581054688,19016769
2021-07-23 00:00:00+05:30,199.32345581054688,205.67869567871094,198.8419952392578,204.523193359375,46241640
2021-07-26 00:00:00+05:30,206.06385803222656,207.36380004882812,202.98252868652344,203.31954956054688,49084040
2021-07-27 00:00:00+05:30,204.13803100585938,205.1009521484375,200.23822021484375,200.91226196289062,25378089
2021-07-28 00:00:00+05:30,200.5752410888672,202.2122039794922,199.7567596435547,201.3455810546875,15304399
2021-07-29 00:00:00+05:30,201.3455810546875,202.40478515625,198.0235137939453,198.40869140625,16204679
2021-07-30 00:00:00+05:30,198.4568328857422,199.4197540283203,197.01246643066406,197.34947204589844,15515733
2021-08-02 00:00:00+05:30,198.79385375976562,199.80491638183594,197.8309326171875,199.61233520507812,10046707
2021-08-03 00:00:00+05:30,199.80491638183594,203.07882690429688,198.79385375976562,202.11590576171875,19179805
2021-08-04 00:00:00+05:30,203.07882690429688,203.2714080810547,200.38265991210938,200.86412048339844,11421835
2021-08-05 00:00:00+05:30,200.86412048339844,208.71188354492188,199.22715759277344,207.2675018310547,48995450
2021-08-06 00:00:00+05:30,207.4119415283203,207.98968505859375,204.7157745361328,206.30459594726562,24489836
2021-08-09 00:00:00+05:30,207.0267791748047,209.0970458984375,204.81207275390625,205.87127685546875,21142199
2021-08-10 00:00:00+05:30,206.06385803222656,206.49717712402344,200.81597900390625,202.06776428222656,18855165
2021-08-11 00:00:00+05:30,202.06776428222656,202.78994750976562,199.7567596435547,200.91226196289062,16012451
2021-08-12 00:00:00+05:30,202.4529266357422,206.25643920898438,200.62339782714844,201.1529998779297,28758718
2021-08-13 00:00:00+05:30,202.06776428222656,204.42691040039062,201.44186401367188,203.60842895507812,19576945
2021-08-16 00:00:00+05:30,203.56028747558594,205.3416748046875,202.69366455078125,203.07882690429688,11621038
2021-08-17 00:00:00+05:30,202.98252868652344,203.6565704345703,201.05670166015625,201.44186401367188,8161139
2021-08-18 00:00:00+05:30,201.82704162597656,203.6565704345703,200.62339782714844,201.20114135742188,11149120
2021-08-20 00:00:00+05:30,199.32345581054688,202.88624572753906,199.03457641601562,201.1529998779297,20168965
2021-08-23 00:00:00+05:30,201.73074340820312,202.40478515625,198.36053466796875,198.6494140625,10319044
2021-08-24 00:00:00+05:30,199.32345581054688,199.32345581054688,197.10874938964844,198.11981201171875,12971124
2021-08-25 00:00:00+05:30,198.74571228027344,200.19007873535156,198.36053466796875,198.74571228027344,10994627
2021-08-26 00:00:00+05:30,198.74571228027344,199.17901611328125,196.771728515625,197.01246643066406,15407558
2021-08-27 00:00:00+05:30,197.3976287841797,199.17901611328125,197.30133056640625,198.26425170898438,10879860
2021-08-30 00:00:00+05:30,198.36053466796875,200.4789581298828,198.36053466796875,200.286376953125,12550267
2021-08-31 00:00:00+05:30,200.3345184326172,203.75286865234375,199.56417846679688,203.4639892578125,26802390
2021-09-01 00:00:00+05:30,203.17510986328125,204.42691040039062,201.5381622314453,201.73074340820312,16867486
2021-09-02 00:00:00+05:30,201.24928283691406,203.6565704345703,201.24928283691406,201.97146606445312,14872714
2021-09-03 00:00:00+05:30,201.97146606445312,203.4158477783203,201.97146606445312,202.78994750976562,10622796
2021-09-06 00:00:00+05:30,203.17510986328125,203.36770629882812,201.2974395751953,201.5381622314453,11041632
2021-09-07 00:00:00+05:30,203.07882690429688,206.40087890625,202.3566436767578,203.89730834960938,38933378
2021-09-08 00:00:00+05:30,204.37875366210938,205.1009521484375,201.92332458496094,203.4158477783203,17897021
2021-09-09 00:00:00+05:30,203.2232666015625,205.9675750732422,202.74180603027344,204.76393127441406,19784972
2021-09-13 00:00:00+05:30,205.43797302246094,207.1712188720703,203.94544982910156,206.2082977294922,16661794
2021-09-14 00:00:00+05:30,206.93048095703125,209.19334411621094,206.25643920898438,208.0859832763672,20377545
2021-09-15 00:00:00+05:30,209.0489044189453,209.1451873779297,207.31565856933594,207.98968505859375,21028598
2021-09-16 00:00:00+05:30,208.9044647216797,224.9851531982422,208.278564453125,222.19268798828125,154986538
2021-09-17 00:00:00+05:30,224.3592529296875,228.49978637695312,220.6038818359375,222.57786560058594,82563658
2021-09-20 00:00:00+05:30,222.4334259033203,230.47377014160156,221.7112274169922,225.08143615722656,73101936
2021-09-21 00:00:00+05:30,226.2369384765625,233.45880126953125,223.1074676513672,232.54403686523438,58854434
2021-09-22 00:00:00+05:30,234.46986389160156,236.6845703125,231.77369689941406,234.46986389160156,54648494
2021-09-23 00:00:00+05:30,235.9142303466797,236.4919891357422,232.7366180419922,233.50694274902344,22630330
2021-09-24 00:00:00+05:30,234.95132446289062,234.95132446289062,228.88494873046875,229.60714721679688,25779310
2021-09-27 00:00:00+05:30,230.90707397460938,232.8810577392578,226.76654052734375,229.84786987304688,23772123
2021-09-28 00:00:00+05:30,230.95521545410156,232.64031982421875,227.536865234375,228.93310546875,16319138
2021-09-29 00:00:00+05:30,227.2480010986328,232.44773864746094,226.95912170410156,229.27012634277344,16045073
2021-09-30 00:00:00+05:30,231.0033721923828,231.4848175048828,226.52581787109375,227.39244079589844,16987893
2021-10-01 00:00:00+05:30,226.4776611328125,228.21090698242188,224.26295471191406,226.62210083007812,16570661
2021-10-04 00:00:00+05:30,227.2480010986328,229.51084899902344,226.6702423095703,227.82574462890625,11098123
2021-10-05 00:00:00+05:30,227.63316345214844,228.64422607421875,225.80361938476562,225.99620056152344,9578825
2021-10-06 00:00:00+05:30,226.09249877929688,227.63316345214844,222.04824829101562,222.6741485595703,18179336
2021-10-07 00:00:00+05:30,224.3592529296875,226.2369384765625,223.68521118164062,224.3111114501953,10770973
2021-10-08 00:00:00+05:30,226.0443572998047,226.09249877929688,222.62600708007812,223.1074676513672,10114327
2021-10-11 00:00:00+05:30,223.39633178710938,230.61819458007812,223.1074676513672,229.2219696044922,22000303
2021-10-12 00:00:00+05:30,229.75157165527344,233.9884033203125,229.173828125,232.3514404296875,30347455
2021-10-13 00:00:00+05:30,233.5550994873047,241.59542846679688,231.2440948486328,239.95848083496094,52091422
2021-10-14 00:00:00+05:30,243.85829162597656,252.1393585205078,241.06582641601562,247.03590393066406,88696178
2021-10-18 00:00:00+05:30,251.3208770751953,255.46141052246094,247.80624389648438,252.8134002685547,62614961
2021-10-19 00:00:00+05:30,251.70603942871094,252.8134002685547,235.96238708496094,236.82901000976562,61336411
2021-10-20 00:00:00+05:30,236.82901000976562,239.28443908691406,233.3625030517578,237.45489501953125,49663940
2021-10-21 00:00:00+05:30,238.802978515625,239.13999938964844,234.08470153808594,235.6253662109375,23385990
2021-10-22 00:00:00+05:30,235.6253662109375,236.6845703125,225.03329467773438,227.82574462890625,36905793
2021-10-25 00:00:00+05:30,225.41845703125,227.87388610839844,221.95196533203125,224.74441528320312,23194065
2021-10-26 00:00:00+05:30,225.41845703125,230.13674926757812,223.97409057617188,227.9220428466797,19663381
2021-10-27 00:00:00+05:30,231.34039306640625,232.3514404296875,227.44058227539062,229.60714721679688,26909428
2021-10-28 00:00:00+05:30,226.38137817382812,227.19985961914062,215.8374481201172,216.75222778320312,48064941
2021-10-29 00:00:00+05:30,216.6559295654297,219.785400390625,214.05606079101562,214.9226837158203,27668175
2021-11-01 00:00:00+05:30,215.8374481201172,219.11135864257812,214.24864196777344,218.43731689453125,24090945
2021-11-02 00:00:00+05:30,219.544677734375,220.74832153320312,216.17446899414062,217.23367309570312,14896284
2021-11-03 00:00:00+05:30,217.6188507080078,218.43731689453125,213.47830200195312,214.20050048828125,18530527
2021-11-04 00:00:00+05:30,216.51148986816406,218.87063598632812,215.69300842285156,218.14845275878906,7295341
2021-11-08 00:00:00+05:30,221.18162536621094,222.14454650878906,217.32997131347656,221.27792358398438,21051238
2021-11-09 00:00:00+05:30,221.32606506347656,222.33712768554688,219.40023803710938,220.26686096191406,11964518
2021-11-10 00:00:00+05:30,219.01507568359375,224.21481323242188,218.7743377685547,222.2889862060547,13948380
2021-11-11 00:00:00+05:30,221.8556671142578,222.91488647460938,220.07427978515625,221.4705047607422,8448263
2021-11-12 00:00:00+05:30,222.62600708007812,225.27401733398438,220.6520233154297,224.26295471191406,12312123
2021-11-15 00:00:00+05:30,225.27401733398438,230.13674926757812,224.45553588867188,229.27012634277344,40247848
2021-11-16 00:00:00+05:30,230.1848907470703,230.76263427734375,226.2850799560547,226.71839904785156,15241184
2021-11-17 00:00:00+05:30,227.2480010986328,236.15496826171875,226.91098022460938,230.61819458007812,48496295
2021-11-18 00:00:00+05:30,231.0996551513672,233.9884033203125,227.536865234375,228.69236755371094,21005037
2021-11-22 00:00:00+05:30,229.07752990722656,231.82183837890625,221.03720092773438,222.33712768554688,23443628
2021-11-23 00:00:00+05:30,220.6520233154297,224.07037353515625,220.6520233154297,223.01116943359375,13950744
2021-11-24 00:00:00+05:30,223.82965087890625,224.07037353515625,218.5336151123047,219.25579833984375,14684422
2021-11-25 00:00:00+05:30,218.58175659179688,223.5889129638672,217.37811279296875,222.7222900390625,24825493
2021-11-26 00:00:00+05:30,220.4113006591797,221.51864624023438,214.82638549804688,215.69300842285156,28067913
2021-11-29 00:00:00+05:30,213.76718139648438,215.35598754882812,212.033935546875,213.2857208251953,22985358
2021-11-30 00:00:00+05:30,213.76718139648438,216.8485107421875,211.8413543701172,212.94869995117188,24408641
2021-12-01 00:00:00+05:30,213.76718139648438,215.0189666748047,212.41909790039062,213.6708984375,13496307
2021-12-02 00:00:00+05:30,213.6708984375,217.76327514648438,213.0931396484375,217.08924865722656,16517389
2021-12-03 00:00:00+05:30,216.6559295654297,217.81143188476562,213.14129638671875,213.43016052246094,14325920
2021-12-06 00:00:00+05:30,213.43016052246094,213.9597625732422,209.43406677246094,209.81922912597656,13644352
2021-12-07 00:00:00+05:30,210.7821502685547,213.7190399169922,210.01181030273438,212.46725463867188,9246755
2021-12-08 00:00:00+05:30,212.8042755126953,217.28182983398438,212.8042755126953,216.6077880859375,10241656
2021-12-09 00:00:00+05:30,214.7301025390625,227.68130493164062,214.7301025390625,226.6702423095703,39714672
2021-12-10 00:00:00+05:30,227.44058227539062,230.08859252929688,225.08143615722656,227.3442840576172,36517117
2021-12-13 00:00:00+05:30,229.173828125,229.89601135253906,225.4665985107422,225.89991760253906,22903720
2021-12-14 00:00:00+05:30,226.2850799560547,228.3072052001953,219.11135864257812,220.12242126464844,38953007
2021-12-15 00:00:00+05:30,221.4705047607422,223.5889129638672,215.11526489257812,215.7411651611328,35987634
2021-12-16 00:00:00+05:30,217.6188507080078,217.76327514648438,212.61167907714844,214.63380432128906,25131188
2021-12-17 00:00:00+05:30,214.5375213623047,214.58566284179688,208.71188354492188,209.86737060546875,30827201
2021-12-20 00:00:00+05:30,208.2304229736328,208.2304229736328,202.01962280273438,204.523193359375,38778895
2021-12-21 00:00:00+05:30,206.06385803222656,207.4600830078125,203.2232666015625,204.61949157714844,20142586
2021-12-22 00:00:00+05:30,206.06385803222656,206.25643920898438,203.2714080810547,204.13803100585938,17903428
2021-12-23 00:00:00+05:30,205.9675750732422,210.3488311767578,205.2935333251953,209.24148559570312,23065082
2021-12-24 00:00:00+05:30,209.91552734375,212.274658203125,208.42300415039062,209.91552734375,17220191
2021-12-27 00:00:00+05:30,210.30068969726562,210.3488311767578,207.65267944335938,209.48220825195312,8467106
2021-12-28 00:00:00+05:30,209.91552734375,212.41909790039062,209.91552734375,211.88949584960938,12014352
2021-12-29 00:00:00+05:30,211.8413543701172,212.13023376464844,208.278564453125,208.71188354492188,11923119
2021-12-30 00:00:00+05:30,208.56744384765625,209.81922912597656,207.50823974609375,207.98968505859375,10116360
2021-12-31 00:00:00+05:30,208.8563232421875,210.68585205078125,208.13412475585938,209.9636688232422,7875890
2022-01-03 00:00:00+05:30,209.9636688232422,211.69691467285156,209.00074768066406,210.9747314453125,8064567
2022-01-04 00:00:00+05:30,211.35989379882812,213.47830200195312,210.9265899658203,212.0820770263672,9398805
2022-01-05 00:00:00+05:30,211.50433349609375,213.2857208251953,210.54141235351562,212.37095642089844,11663111
2022-01-06 00:00:00+05:30,210.87843322753906,212.2265167236328,210.1081085205078,210.58956909179688,9295303
2022-01-07 00:00:00+05:30,211.64877319335938,212.46725463867188,209.43406677246094,210.30068969726562,9196075
2022-01-10 00:00:00+05:30,211.74505615234375,216.36705017089844,210.7821502685547,215.0189666748047,16451394
2022-01-11 00:00:00+05:30,215.06712341308594,215.93374633789062,212.99685668945312,213.7190399169922,8329596
2022-01-12 00:00:00+05:30,214.24864196777344,215.35598754882812,213.38201904296875,214.48936462402344,13665682
2022-01-13 00:00:00+05:30,215.5967254638672,217.42626953125,214.48936462402344,215.64486694335938,11944029
2022-01-14 00:00:00+05:30,215.64486694335938,216.46334838867188,214.05606079101562,214.34494018554688,10976796
2022-01-17 00:00:00+05:30,214.34494018554688,217.23367309570312,213.14129638671875,216.27076721191406,12792728
2022-01-18 00:00:00+05:30,216.27076721191406,218.87063598632812,212.13023376464844,212.56353759765625,14948456
2022-01-19 00:00:00+05:30,212.56353759765625,214.15234375,210.58956909179688,212.17837524414062,11915686
2022-01-20 00:00:00+05:30,212.37095642089844,213.91162109375,209.91552734375,210.63771057128906,17997322
2022-01-21 00:00:00+05:30,210.39698791503906,212.32281494140625,207.98968505859375,209.00074768066406,17225050
2022-01-24 00:00:00+05:30,209.00074768066406,209.67478942871094,203.07882690429688,203.94544982910156,18023332
2022-01-25 00:00:00+05:30,204.13803100585938,206.73789978027344,201.7788848876953,206.3527374267578,19028606
2022-01-27 00:00:00+05:30,203.4158477783203,207.50823974609375,203.2714080810547,206.64161682128906,24041247
2022-01-28 00:00:00+05:30,207.12306213378906,211.11917114257812,207.12306213378906,209.5303497314453,15865353
2022-01-31 00:00:00+05:30,210.39698791503906,212.56353759765625,209.0489044189453,212.033935546875,15618203
2022-02-01 00:00:00+05:30,212.8042755126953,220.31500244140625,211.0228729248047,219.30393981933594,44871108
2022-02-02 00:00:00+05:30,221.4705047607422,224.64813232421875,220.50758361816406,223.540771484375,42714702
2022-02-03 00:00:00+05:30,223.540771484375,226.4776611328125,223.20375061035156,225.75547790527344,28918394
2022-02-04 00:00:00+05:30,228.45164489746094,229.65528869628906,222.96302795410156,225.6110382080078,58889867
2022-02-07 00:00:00+05:30,225.32217407226562,226.0443572998047,220.02613830566406,221.6630859375,25101983
2022-02-08 00:00:00+05:30,221.75938415527344,223.68521118164062,220.5557403564453,222.6741485595703,16825239
2022-02-09 00:00:00+05:30,223.68521118164062,224.3592529296875,220.26686096191406,221.6149444580078,12351873
2022-02-10 00:00:00+05:30,220.21871948242188,224.74441528320312,219.30393981933594,223.63706970214844,20317032
2022-02-11 00:00:00+05:30,223.39633178710938,224.64813232421875,221.27792358398438,223.82965087890625,18793513
2022-02-14 00:00:00+05:30,217.6188507080078,217.6188507080078,210.39698791503906,211.31175231933594,23621214
2022-02-15 00:00:00+05:30,212.8042755126953,215.21156311035156,210.44512939453125,214.7301025390625,13371177
2022-02-16 00:00:00+05:30,215.50042724609375,216.36705017089844,213.62274169921875,214.48936462402344,11664158
2022-02-17 00:00:00+05:30,214.7782440185547,216.030029296875,212.6598358154297,214.39308166503906,14564261
2022-02-18 00:00:00+05:30,214.39308166503906,215.1634063720703,213.2857208251953,213.6708984375,9004891
2022-02-21 00:00:00+05:30,212.13023376464844,213.0931396484375,209.0970458984375,209.91552734375,16750193
2022-02-22 00:00:00+05:30,207.0267791748047,208.8563232421875,205.1009521484375,206.88233947753906,26741024
2022-02-23 00:00:00+05:30,208.76002502441406,209.43406677246094,207.07492065429688,207.94154357910156,11438476
2022-02-24 00:00:00+05:30,202.2122039794922,205.3898162841797,199.32345581054688,200.767822265625,42933709
2022-02-25 00:00:00+05:30,203.6565704345703,208.4711456298828,202.74180603027344,206.01571655273438,24543858
2022-02-28 00:00:00+05:30,205.2935333251953,208.42300415039062,202.98252868652344,207.8452606201172,20806226
2022-03-02 00:00:00+05:30,206.4490203857422,208.56744384765625,204.57135009765625,207.31565856933594,20039140
2022-03-03 00:00:00+05:30,208.037841796875,212.033935546875,207.98968505859375,211.26361083984375,29631546
2022-03-04 00:00:00+05:30,209.62664794921875,218.9669189453125,208.95260620117188,217.13739013671875,69409780
2022-03-07 00:00:00+05:30,213.76718139648438,218.58175659179688,211.93765258789062,216.6077880859375,47001716
2022-03-08 00:00:00+05:30,215.5967254638672,219.9779815673828,215.45228576660156,218.4854736328125,37424203
2022-03-09 00:00:00+05:30,219.25579833984375,222.81858825683594,217.7151336669922,220.74832153320312,43923809
2022-03-10 00:00:00+05:30,222.4334259033203,223.87779235839844,219.40023803710938,223.39633178710938,37523806
2022-03-11 00:00:00+05:30,223.300048828125,228.3072052001953,221.6149444580078,227.58502197265625,43305144
2022-03-14 00:00:00+05:30,227.4887237548828,230.57005310058594,226.57395935058594,230.13674926757812,36465969
2022-03-15 00:00:00+05:30,230.13674926757812,232.44773864746094,227.15170288085938,229.02938842773438,34269168
2022-03-16 00:00:00+05:30,231.0996551513672,233.9884033203125,230.2330322265625,233.60324096679688,22462538
2022-03-17 00:00:00+05:30,236.15496826171875,236.29940795898438,233.69952392578125,235.8179473876953,35541798
2022-03-21 00:00:00+05:30,236.78085327148438,238.562255859375,234.7587432861328,235.43276977539062,29052540
2022-03-22 00:00:00+05:30,235.48092651367188,241.4510040283203,234.51800537109375,240.4880828857422,38368305
2022-03-23 00:00:00+05:30,242.12503051757812,244.29159545898438,239.28443908691406,242.65464782714844,42051087
2022-03-24 00:00:00+05:30,242.6064910888672,246.98776245117188,242.12503051757812,245.39895629882812,39712133
2022-03-25 00:00:00+05:30,245.83226013183594,246.2655792236328,240.00662231445312,243.95457458496094,30412482
2022-03-28 00:00:00+05:30,244.58047485351562,248.43212890625,243.1842498779297,247.51736450195312,25876007
2022-03-29 00:00:00+05:30,247.51736450195312,247.95066833496094,244.33973693847656,245.15821838378906,18820674
2022-03-30 00:00:00+05:30,245.63967895507812,246.89146423339844,239.4288787841797,239.95848083496094,18281803
2022-03-31 00:00:00+05:30,240.34364318847656,244.91749572753906,240.2473602294922,241.35470581054688,26644916
2022-04-01 00:00:00+05:30,240.7288055419922,245.88040161132812,239.5733184814453,243.90643310546875,14856664
2022-04-04 00:00:00+05:30,243.71385192871094,248.33584594726562,241.78802490234375,245.97669982910156,16520039
2022-04-05 00:00:00+05:30,246.554443359375,252.1393585205078,245.63967895507812,249.82835388183594,28230046
2022-04-06 00:00:00+05:30,247.95066833496094,253.58372497558594,247.75808715820312,249.97279357910156,20352716
2022-04-07 00:00:00+05:30,248.43212890625,252.47637939453125,246.313720703125,247.1322021484375,16679649
2022-04-08 00:00:00+05:30,248.43212890625,258.8797607421875,246.5063018798828,257.86871337890625,39283623
2022-04-11 00:00:00+05:30,258.7834777832031,263.0202941894531,256.1354675292969,257.579833984375,47924937
2022-04-12 00:00:00+05:30,257.0020751953125,258.68719482421875,253.34300231933594,254.97994995117188,24460888
2022-04-13 00:00:00+05:30,255.46141052246094,260.5648498535156,253.8726043701172,259.5538024902344,22239115
2022-04-18 00:00:00+05:30,258.061279296875,262.3944091796875,257.339111328125,260.0834045410156,25339139
2022-04-19 00:00:00+05:30,261.9129333496094,262.3944091796875,249.2024688720703,251.85047912597656,24280577
2022-04-20 00:00:00+05:30,253.15042114257812,255.60585021972656,247.9988250732422,249.92465209960938,25454589
2022-04-21 00:00:00+05:30,250.069091796875,254.64292907714844,249.97279357910156,250.74313354492188,24313956
2022-04-22 00:00:00+05:30,250.3579559326172,253.2467041015625,248.96173095703125,251.41717529296875,16274820
2022-04-25 00:00:00+05:30,249.2024688720703,249.39505004882812,243.13609313964844,245.78411865234375,25140992
2022-04-26 00:00:00+05:30,247.08404541015625,251.03199768066406,246.7470245361328,249.34690856933594,21327644
2022-04-27 00:00:00+05:30,246.69888305664062,248.91358947753906,246.2655792236328,247.95066833496094,17219401
2022-04-28 00:00:00+05:30,249.8765106201172,253.92074584960938,248.57656860351562,251.41717529296875,28999835
2022-04-29 00:00:00+05:30,253.2467041015625,253.2467041015625,248.91358947753906,249.92465209960938,21206335
2022-05-02 00:00:00+05:30,248.43212890625,254.6910858154297,247.51736450195312,253.39114379882812,19696250
2022-05-04 00:00:00+05:30,254.20962524414062,256.18359375,249.0098876953125,250.1172332763672,26951488
2022-05-05 00:00:00+05:30,252.28379821777344,255.36512756347656,250.74313354492188,252.33193969726562,18623544
2022-05-06 00:00:00+05:30,249.39505004882812,257.4353942871094,249.2987518310547,256.7613525390625,35818441
2022-05-09 00:00:00+05:30,256.2799072265625,256.2799072265625,250.8875732421875,253.1985626220703,22228031
2022-05-10 00:00:00+05:30,252.28379821777344,256.9057922363281,249.4913330078125,250.1172332763672,18727774
2022-05-11 00:00:00+05:30,249.39505004882812,252.47637939453125,242.41390991210938,246.16928100585938,18012072
2022-05-12 00:00:00+05:30,245.5433807373047,246.89146423339844,239.91033935546875,243.52127075195312,20816708
2022-05-13 00:00:00+05:30,245.4952392578125,251.1764373779297,245.0619354248047,249.0098876953125,12380764
2022-05-16 00:00:00+05:30,250.309814453125,250.309814453125,243.6175537109375,244.6767578125,8502159
2022-05-17 00:00:00+05:30,245.5433807373047,255.65399169921875,245.35079956054688,254.8836669921875,18483427
2022-05-18 00:00:00+05:30,256.1354675292969,257.86871337890625,253.39114379882812,256.9057922363281,20978307
2022-05-19 00:00:00+05:30,252.86154174804688,268.8940734863281,252.86154174804688,265.4275817871094,81302807
2022-05-20 00:00:00+05:30,266.7275085449219,271.8791198730469,266.7275085449219,269.61627197265625,33617466
2022-05-23 00:00:00+05:30,269.61627197265625,270.0495910644531,262.92401123046875,264.3202209472656,22535903
2022-05-24 00:00:00+05:30,264.80169677734375,264.80169677734375,259.98712158203125,260.80560302734375,16146766
2022-05-25 00:00:00+05:30,262.8277282714844,263.74249267578125,260.46856689453125,262.58697509765625,15877459
2022-05-26 00:00:00+05:30,258.302001953125,258.302001953125,254.065185546875,256.80950927734375,19129574
2022-05-27 00:00:00+05:30,259.0242004394531,260.6611633300781,255.22068786621094,259.216796875,13986762
2022-05-30 00:00:00+05:30,260.46856689453125,260.9500427246094,257.6761169433594,259.0723571777344,12274291
2022-05-31 00:00:00+05:30,259.0723571777344,264.3202209472656,256.5206298828125,260.6130065917969,24102167
2022-06-01 00:00:00+05:30,260.6130065917969,263.93505859375,260.1796875,261.7685241699219,15265925
2022-06-02 00:00:00+05:30,260.6611633300781,264.2720947265625,257.9168395996094,263.3573303222656,14789457
2022-06-03 00:00:00+05:30,264.80169677734375,265.4757385253906,261.52777099609375,262.58697509765625,12968807
2022-06-06 00:00:00+05:30,262.2981262207031,265.572021484375,259.6982421875,264.6091003417969,11345943
2022-06-07 00:00:00+05:30,263.0684509277344,264.80169677734375,262.1536865234375,263.74249267578125,11245578
2022-06-08 00:00:00+05:30,263.7906188964844,264.22393798828125,256.3280334472656,257.9649963378906,14915091
2022-06-09 00:00:00+05:30,257.86871337890625,261.62408447265625,255.8947296142578,260.80560302734375,10239939
2022-06-10 00:00:00+05:30,259.0723571777344,260.9500427246094,258.7834777832031,260.1315612792969,8693455
2022-06-13 00:00:00+05:30,256.5206298828125,259.1204833984375,253.2467041015625,254.8355255126953,11519902
2022-06-14 00:00:00+05:30,253.4392852783203,257.53167724609375,253.29486083984375,255.60585021972656,7708043
2022-06-15 00:00:00+05:30,256.1354675292969,257.3872375488281,253.29486083984375,253.6318817138672,5254329
2022-06-16 00:00:00+05:30,257.0983581542969,257.9649963378906,249.8765106201172,251.03199768066406,14843837
2022-06-17 00:00:00+05:30,249.39505004882812,254.35406494140625,248.96173095703125,253.53558349609375,17296080
2022-06-20 00:00:00+05:30,253.53558349609375,256.2799072265625,251.65789794921875,254.30592346191406,17738981
2022-06-21 00:00:00+05:30,255.17254638671875,260.80560302734375,254.30592346191406,259.8908386230469,14417711
2022-06-22 00:00:00+05:30,257.0983581542969,260.2760009765625,255.0762481689453,255.46141052246094,11756920
2022-06-23 00:00:00+05:30,255.65399169921875,257.339111328125,252.66896057128906,255.65399169921875,9416459
2022-06-24 00:00:00+05:30,256.23175048828125,258.3983154296875,255.36512756347656,255.9910125732422,7283228
2022-06-27 00:00:00+05:30,257.0983581542969,260.6130065917969,256.6169128417969,259.93896484375,8487729
2022-06-28 00:00:00+05:30,258.92791748046875,262.1536865234375,258.59088134765625,261.7685241699219,11673046
2022-06-29 00:00:00+05:30,259.2649230957031,264.80169677734375,259.16864013671875,263.8869323730469,16635367
2022-06-30 00:00:00+05:30,263.7906188964844,264.5128173828125,261.9129333496094,263.3573303222656,20003893
2022-07-01 00:00:00+05:30,263.3573303222656,274.43084716796875,261.1426086425781,273.8049621582031,36520000
2022-07-04 00:00:00+05:30,275.0567321777344,282.42303466796875,274.2382507324219,281.074951171875,41417701
2022-07-05 00:00:00+05:30,282.1341552734375,282.1341552734375,275.1530456542969,276.2603759765625,19283789
2022-07-06 00:00:00+05:30,275.49005126953125,279.24542236328125,274.7197265625,278.5713806152344,18997440
2022-07-07 00:00:00+05:30,280.2083435058594,282.2785949707031,277.8010559082031,281.12310791015625,14326277
2022-07-08 00:00:00+05:30,282.0378723144531,283.5303955078125,279.6305847167969,282.18231201171875,11538313
2022-07-11 00:00:00+05:30,282.1341552734375,285.93768310546875,281.2193908691406,284.05999755859375,12828405
2022-07-12 00:00:00+05:30,282.1341552734375,284.3970031738281,280.1120300292969,281.8453063964844,14616684
2022-07-13 00:00:00+05:30,282.1341552734375,283.8674011230469,281.8453063964844,283.1452331542969,9634877
2022-07-14 00:00:00+05:30,283.3859558105469,285.35992431640625,278.42694091796875,280.06390380859375,13930984
2022-07-15 00:00:00+05:30,281.1712646484375,283.0970764160156,278.76397705078125,282.66375732421875,11450042
2022-07-18 00:00:00+05:30,284.05999755859375,285.3117980957031,282.8563537597656,284.348876953125,11751684
2022-07-19 00:00:00+05:30,284.05999755859375,284.63775634765625,281.8453063964844,283.6748352050781,9542292
2022-07-20 00:00:00+05:30,283.9637145996094,288.39312744140625,282.7119140625,287.1413269042969,16397373
2022-07-21 00:00:00+05:30,287.9116516113281,290.99298095703125,286.94873046875,288.4412536621094,16660697
2022-07-22 00:00:00+05:30,288.87457275390625,291.2818603515625,287.0450439453125,289.4041748046875,10351425
2022-07-25 00:00:00+05:30,287.9116516113281,291.7151794433594,287.7190856933594,289.93377685546875,11050533
2022-07-26 00:00:00+05:30,289.8374938964844,292.4855041503906,289.3078918457031,291.23370361328125,10114261
2022-07-27 00:00:00+05:30,291.6188659667969,293.68914794921875,289.45233154296875,292.87066650390625,9706094
2022-07-28 00:00:00+05:30,293.5928649902344,293.8817443847656,291.1855773925781,292.1966247558594,11256515
2022-07-29 00:00:00+05:30,293.68914794921875,294.5557861328125,290.17449951171875,291.81146240234375,17584873
2022-08-01 00:00:00+05:30,292.7262268066406,297.3482360839844,291.859619140625,296.096435546875,16501510
2022-08-02 00:00:00+05:30,298.50372314453125,304.9071044921875,296.7704772949219,298.45556640625,40483892
2022-08-03 00:00:00+05:30,299.370361328125,299.370361328125,292.38922119140625,296.7223205566406,18376724
2022-08-04 00:00:00+05:30,296.577880859375,298.84075927734375,295.7594299316406,298.02227783203125,16514348
2022-08-05 00:00:00+05:30,298.02227783203125,300.2369689941406,297.6371154785156,299.32220458984375,10477269
2022-08-08 00:00:00+05:30,299.4184875488281,302.3072509765625,298.5518798828125,301.5368957519531,8627072
2022-08-10 00:00:00+05:30,301.5368957519531,302.4516906738281,299.2259216308594,299.6592102050781,9267241
2022-08-11 00:00:00+05:30,301.3924560546875,301.8257751464844,293.97802734375,294.8927917480469,11305242
2022-08-12 00:00:00+05:30,294.8927917480469,297.92596435546875,293.20770263671875,297.10748291015625,6669853
2022-08-16 00:00:00+05:30,297.10748291015625,299.9480895996094,297.10748291015625,299.0333251953125,8941455
2022-08-17 00:00:00+05:30,300.14068603515625,301.6332092285156,299.4666442871094,300.95916748046875,8283028
2022-08-18 00:00:00+05:30,301.3924560546875,304.2812194824219,301.0072937011719,303.9441833496094,10264507
2022-08-19 00:00:00+05:30,304.4256591796875,304.4256591796875,299.6592102050781,300.4295654296875,10823811
2022-08-22 00:00:00+05:30,299.6592102050781,305.244140625,299.4666442871094,302.74053955078125,11793184
2022-08-23 00:00:00+05:30,301.3443298339844,304.2812194824219,300.5258483886719,304.1849365234375,9698555
2022-08-24 00:00:00+05:30,304.0404968261719,307.603271484375,301.44061279296875,302.4516906738281,11783894
2022-08-25 00:00:00+05:30,303.7516174316406,304.6663818359375,300.0444030761719,300.7665710449219,8057930
2022-08-26 00:00:00+05:30,303.07757568359375,303.7034606933594,300.4295654296875,301.2961730957031,7224507
2022-08-29 00:00:00+05:30,298.50372314453125,303.2701416015625,297.3963623046875,301.9220886230469,11798961
2022-08-30 00:00:00+05:30,302.5960998535156,309.48095703125,302.5960998535156,308.6143493652344,18516092
2022-09-01 00:00:00+05:30,307.65142822265625,309.96240234375,304.2812194824219,305.8218688964844,13765474
2022-09-02 00:00:00+05:30,306.8810729980469,312.22528076171875,306.25518798828125,311.1660461425781,26750910
2022-09-05 00:00:00+05:30,312.94744873046875,317.3768615722656,311.7438049316406,316.6546630859375,18144801
2022-09-06 00:00:00+05:30,317.76202392578125,317.76202392578125,314.2955322265625,315.0177307128906,12431779
2022-09-07 00:00:00+05:30,313.9103698730469,316.12506103515625,313.18817138671875,314.00665283203125,8397233
2022-09-08 00:00:00+05:30,316.7991027832031,318.33978271484375,315.354736328125,317.6657409667969,11331350
2022-09-09 00:00:00+05:30,318.33978271484375,320.93963623046875,317.76202392578125,318.2434997558594,9770432
2022-09-12 00:00:00+05:30,319.6878662109375,320.0730285644531,317.76202392578125,318.628662109375,9048240
2022-09-13 00:00:00+05:30,319.39898681640625,322.57659912109375,318.33978271484375,321.9988708496094,10925371
2022-09-14 00:00:00+05:30,318.7249450683594,326.4282531738281,318.6767883300781,322.91363525390625,12739464
2022-09-15 00:00:00+05:30,323.9246826171875,324.55059814453125,320.5544738769531,321.7099914550781,8742900
2022-09-16 00:00:00+05:30,320.0248718261719,322.1914367675781,317.47314453125,319.0138244628906,12973988
2022-09-19 00:00:00+05:30,316.8954162597656,324.4061584472656,316.8954162597656,323.15435791015625,14918717
2022-09-20 00:00:00+05:30,326.1875305175781,327.0060119628906,322.57659912109375,323.5395202636719,9892945
2022-09-21 00:00:00+05:30,323.5395202636719,332.3983459472656,323.0580749511719,328.3059387207031,21800547
2022-09-22 00:00:00+05:30,328.3540954589844,335.8166809082031,328.2578125,332.25390625,25111230
2022-09-23 00:00:00+05:30,334.613037109375,336.5870361328125,330.5688171386719,333.5538330078125,23718397
2022-09-26 00:00:00+05:30,332.0613098144531,333.1205139160156,319.4471435546875,320.265625,16829922
2022-09-27 00:00:00+05:30,322.57659912109375,326.9578857421875,321.6136779785156,322.4321594238281,10375837
2022-09-28 00:00:00+05:30,319.63970947265625,320.93963623046875,312.2734069824219,312.8993225097656,16151900
2022-09-29 00:00:00+05:30,316.7991027832031,322.4803161621094,315.595458984375,320.69891357421875,18985406
2022-09-30 00:00:00+05:30,320.69891357421875,323.2987976074219,317.9064636230469,319.88043212890625,12906555
2022-10-03 00:00:00+05:30,320.5544738769531,320.6507873535156,311.2623596191406,312.36968994140625,9462192
2022-10-04 00:00:00+05:30,316.51025390625,321.6136779785156,315.8362121582031,320.50634765625,9142294
2022-10-06 00:00:00+05:30,322.57659912109375,326.7171325683594,320.21746826171875,324.1654052734375,23091432
2022-10-07 00:00:00+05:30,324.3098449707031,324.3580017089844,319.0138244628906,321.7099914550781,10910698
2022-10-10 00:00:00+05:30,317.76202392578125,319.15826416015625,313.9585266113281,315.6917724609375,9750594
2022-10-11 00:00:00+05:30,316.7991027832031,318.1953430175781,313.0437316894531,314.1992492675781,11018577
2022-10-12 00:00:00+05:30,315.7880554199219,319.15826416015625,312.70672607421875,317.8583068847656,10735673
2022-10-13 00:00:00+05:30,317.7138977050781,319.0138244628906,315.8362121582031,316.46209716796875,7546587
2022-10-14 00:00:00+05:30,319.97674560546875,321.51739501953125,318.58050537109375,319.7841491699219,6672357
2022-10-17 00:00:00+05:30,318.82122802734375,322.33587646484375,317.3768615722656,319.9285888671875,7195922
2022-10-18 00:00:00+05:30,321.5655517578125,328.3540954589844,321.1803894042969,327.6800537109375,21691854
2022-10-19 00:00:00+05:30,330.376220703125,334.5649108886719,327.1986083984375,333.5057067871094,16923690
2022-10-20 00:00:00+05:30,334.131591796875,337.93511962890625,332.01318359375,336.7314758300781,19186222
2022-10-21 00:00:00+05:30,340.1016540527344,340.1016540527344,331.72430419921875,332.78350830078125,28426343
2022-10-24 00:00:00+05:30,336.00927734375,336.7314758300781,334.131591796875,334.8056335449219,3292671
2022-10-25 00:00:00+05:30,336.49072265625,336.53887939453125,330.90582275390625,333.4575500488281,17906260
2022-10-27 00:00:00+05:30,333.7945556640625,335.4315185546875,331.0984191894531,332.9761047363281,19273344
2022-10-28 00:00:00+05:30,334.66119384765625,335.6722412109375,332.30206298828125,332.9761047363281,13572499
2022-10-31 00:00:00+05:30,335.0945129394531,337.5018005371094,331.96502685546875,335.7685546875,14358449
2022-11-01 00:00:00+05:30,336.29815673828125,337.5018005371094,334.3241882324219,336.53887939453125,20422565
2022-11-02 00:00:00+05:30,335.5759582519531,343.0385437011719,335.5759582519531,341.4978942871094,17427813
2022-11-03 00:00:00+05:30,340.87200927734375,345.2051086425781,339.9090881347656,340.5831298828125,11149636
2022-11-04 00:00:00+05:30,340.87200927734375,342.7978210449219,339.4276123046875,340.48681640625,8709851
2022-11-07 00:00:00+05:30,341.83489990234375,343.1348571777344,337.02032470703125,340.3905334472656,10437370
2022-11-09 00:00:00+05:30,340.3905334472656,348.04571533203125,340.1016540527344,347.3235168457031,21404869
2022-11-10 00:00:00+05:30,345.68658447265625,346.5531921386719,340.9682922363281,342.7978210449219,20071989
2022-11-11 00:00:00+05:30,346.64947509765625,347.56427001953125,341.4978942871094,343.1348571777344,11372654
2022-11-14 00:00:00+05:30,343.1348571777344,343.71258544921875,333.7464294433594,334.3241882324219,18319254
2022-11-15 00:00:00+05:30,336.00927734375,336.00927734375,326.57269287109375,332.4465026855469,16046491
2022-11-16 00:00:00+05:30,332.8797912597656,333.9871520996094,328.97998046875,331.3391418457031,7897812
2022-11-17 00:00:00+05:30,331.3391418457031,334.5649108886719,329.894775390625,330.9539794921875,10379179
2022-11-18 00:00:00+05:30,330.9539794921875,331.96502685546875,327.1986083984375,328.4022521972656,8140173
2022-11-21 00:00:00+05:30,326.5245666503906,327.39117431640625,321.9988708496094,324.69500732421875,9553090
2022-11-22 00:00:00+05:30,324.50244140625,328.3540954589844,323.2506408691406,327.63189697265625,6746019
2022-11-23 00:00:00+05:30,329.3170166015625,329.3170166015625,324.98388671875,327.1986083984375,8067471
2022-11-24 00:00:00+05:30,327.1986083984375,329.7984619140625,325.03204345703125,328.1133728027344,8454385
2022-11-25 00:00:00+05:30,328.3540954589844,329.2207336425781,325.27276611328125,327.6800537109375,7200274
2022-11-28 00:00:00+05:30,327.39117431640625,329.0762939453125,326.1875305175781,327.4393310546875,10284123
2022-11-29 00:00:00+05:30,327.39117431640625,332.20574951171875,327.39117431640625,329.60589599609375,10582296
2022-11-30 00:00:00+05:30,328.5948181152344,331.38726806640625,326.4282531738281,327.39117431640625,23425220
2022-12-01 00:00:00+05:30,329.02813720703125,329.02813720703125,324.3098449707031,326.9578857421875,17270904
2022-12-02 00:00:00+05:30,326.7652893066406,328.1615295410156,324.26171875,324.6468811035156,8711914
2022-12-05 00:00:00+05:30,325.1283264160156,326.2838439941406,321.75811767578125,324.26171875,10090597
2022-12-06 00:00:00+05:30,321.7099914550781,325.6579284667969,321.7099914550781,324.79132080078125,6571118
2022-12-07 00:00:00+05:30,325.9468078613281,328.8355407714844,324.1654052734375,327.48748779296875,10191144
2022-12-08 00:00:00+05:30,327.5837707519531,329.4614562988281,324.98388671875,325.85052490234375,6439244
2022-12-09 00:00:00+05:30,327.15045166015625,329.7984619140625,325.4653625488281,328.7392578125,8445424
2022-12-12 00:00:00+05:30,328.3540954589844,331.24285888671875,327.48748779296875,330.4725036621094,11646572
2022-12-13 00:00:00+05:30,331.72430419921875,333.1686706542969,329.7021789550781,332.78350830078125,11105261
2022-12-14 00:00:00+05:30,333.1686706542969,334.4685974121094,331.0021057128906,332.5909118652344,7664099
2022-12-15 00:00:00+05:30,331.96502685546875,333.26495361328125,325.4653625488281,326.2838439941406,8469001
2022-12-16 00:00:00+05:30,324.98388671875,326.33197021484375,319.0138244628906,322.67291259765625,12907968
2022-12-19 00:00:00+05:30,324.3098449707031,329.6540222167969,322.91363525390625,327.8726501464844,8113695
2022-12-20 00:00:00+05:30,327.4393310546875,328.3059387207031,324.26171875,327.5356140136719,5693354
2022-12-21 00:00:00+05:30,328.3540954589844,328.5948181152344,322.09515380859375,322.7210388183594,7316532
2022-12-22 00:00:00+05:30,323.2025146484375,324.8876037597656,317.6657409667969,320.1211853027344,6838031
2022-12-23 00:00:00+05:30,318.628662109375,319.5915832519531,313.28448486328125,314.58441162109375,10461859
2022-12-26 00:00:00+05:30,314.3918151855469,322.67291259765625,313.4289245605469,322.1914367675781,9934633
2022-12-27 00:00:00+05:30,323.15435791015625,323.9246826171875,317.9064636230469,320.79522705078125,6986433
2022-12-28 00:00:00+05:30,320.50634765625,322.57659912109375,319.2063903808594,321.9988708496094,8035558
2022-12-29 00:00:00+05:30,321.9507141113281,323.2987976074219,319.2545471191406,322.91363525390625,8417520
2022-12-30 00:00:00+05:30,322.9617614746094,324.26171875,318.2434997558594,319.2545471191406,7228324
2023-01-02 00:00:00+05:30,318.628662109375,321.6136779785156,317.4250183105469,320.50634765625,6181118
2023-01-03 00:00:00+05:30,319.2063903808594,320.98779296875,318.00274658203125,318.82122802734375,6228015
2023-01-04 00:00:00+05:30,319.5434265136719,320.1693115234375,313.9103698730469,314.873291015625,6947412
2023-01-05 00:00:00+05:30,316.46209716796875,321.51739501953125,316.0287780761719,321.0840759277344,8486143
2023-01-06 00:00:00+05:30,322.2877197265625,325.03204345703125,320.7470703125,322.624755859375,8603181
2023-01-09 00:00:00+05:30,324.45428466796875,328.6429748535156,323.6839599609375,325.51348876953125,11027747
2023-01-10 00:00:00+05:30,325.3690490722656,325.85052490234375,320.21746826171875,321.03594970703125,7217255
2023-01-11 00:00:00+05:30,322.67291259765625,322.67291259765625,319.0138244628906,319.4952697753906,4760847
2023-01-12 00:00:00+05:30,321.03594970703125,321.228515625,315.9324951171875,317.6175842285156,6894087
2023-01-13 00:00:00+05:30,317.6175842285156,319.9285888671875,314.2955322265625,316.5583801269531,14967746
2023-01-16 00:00:00+05:30,318.09906005859375,319.88043212890625,315.40289306640625,317.9546203613281,8571826
2023-01-17 00:00:00+05:30,317.9546203613281,321.1322326660156,316.8954162597656,319.9285888671875,14240647
2023-01-18 00:00:00+05:30,321.6136779785156,324.0691223144531,320.0730285644531,322.2395935058594,13039078
2023-01-19 00:00:00+05:30,321.6136779785156,323.2025146484375,319.350830078125,319.8323059082031,8667564
2023-01-20 00:00:00+05:30,319.6878662109375,322.7691955566406,317.03985595703125,322.1914367675781,13608325
2023-01-23 00:00:00+05:30,323.5395202636719,325.60980224609375,320.69891357421875,325.224609375,7399204
2023-01-24 00:00:00+05:30,325.27276611328125,328.1133728027344,325.0802001953125,326.380126953125,12776694
2023-01-25 00:00:00+05:30,326.33197021484375,328.3540954589844,322.81732177734375,326.66900634765625,12978859
2023-01-27 00:00:00+05:30,329.1244201660156,335.9129943847656,328.8355407714844,333.1686706542969,21850457
2023-01-30 00:00:00+05:30,334.0353088378906,338.7054443359375,329.1725769042969,332.01318359375,14634225
2023-01-31 00:00:00+05:30,333.1686706542969,341.83489990234375,328.4022521972656,339.2831726074219,17794183
2023-02-01 00:00:00+05:30,339.9090881347656,352.1380920410156,316.8954162597656,347.99755859375,67003785
2023-02-02 00:00:00+05:30,348.1901550292969,370.4335021972656,347.03466796875,364.5597229003906,57892084
2023-02-03 00:00:00+05:30,367.7373352050781,368.0743408203125,358.2044677734375,366.53369140625,23153980
2023-02-06 00:00:00+05:30,368.3150939941406,373.8037109375,365.5226135253906,369.18170166015625,26783409
2023-02-07 00:00:00+05:30,369.66314697265625,369.66314697265625,354.7861328125,359.4081115722656,21438758
2023-02-08 00:00:00+05:30,360.85247802734375,363.30792236328125,357.7711486816406,361.6228332519531,10821785
2023-02-09 00:00:00+05:30,360.13031005859375,365.9078063964844,358.3489074707031,360.37103271484375,12318006
2023-02-10 00:00:00+05:30,358.3970642089844,362.97088623046875,356.5675048828125,357.5785827636719,10674456
2023-02-13 00:00:00+05:30,359.1673889160156,361.2376403808594,356.27862548828125,360.3228759765625,10282470
2023-02-14 00:00:00+05:30,361.0932312011719,373.27410888671875,359.8895568847656,372.11859130859375,30246745
2023-02-15 00:00:00+05:30,367.5928955078125,368.652099609375,364.5115661621094,368.0262145996094,12679568
2023-02-16 00:00:00+05:30,367.8336181640625,370.9631042480469,366.8706970214844,368.36322021484375,10151755
2023-02-17 00:00:00+05:30,366.9188537597656,370.2890625,365.18560791015625,369.18170166015625,7967611
2023-02-20 00:00:00+05:30,370.4335021972656,373.1296691894531,367.1595764160156,369.8075866699219,8105569
2023-02-21 00:00:00+05:30,370.7223815917969,371.5889892578125,367.54473876953125,368.0743408203125,8577674
2023-02-22 00:00:00+05:30,367.8336181640625,370.6260681152344,365.9078063964844,369.6150207519531,9306194
2023-02-23 00:00:00+05:30,370.1927795410156,379.38861083984375,368.892822265625,373.2259521484375,19555814
2023-02-24 00:00:00+05:30,374.57403564453125,374.57403564453125,366.8706970214844,370.81866455078125,13407431
2023-02-27 00:00:00+05:30,370.81866455078125,372.45562744140625,364.0782470703125,368.0262145996094,8455904
2023-02-28 00:00:00+05:30,368.3150939941406,370.00018310546875,361.0932312011719,362.73016357421875,16997837
2023-03-01 00:00:00+05:30,360.37103271484375,366.29296875,359.7451477050781,364.656005859375,8065784
2023-03-02 00:00:00+05:30,365.42633056640625,365.66705322265625,360.8043518066406,361.6228332519531,5212922
2023-03-03 00:00:00+05:30,363.01904296875,371.1075439453125,362.1524353027344,370.6742248535156,8495772
2023-03-06 00:00:00+05:30,371.5889892578125,377.9442443847656,370.9631042480469,373.75555419921875,11126980
2023-03-08 00:00:00+05:30,373.6111145019531,378.57012939453125,370.81866455078125,377.8479309082031,9261146
2023-03-09 00:00:00+05:30,377.55908203125,379.0034484863281,371.3482666015625,373.1296691894531,10005328
2023-03-10 00:00:00+05:30,372.6000671386719,375.7295227050781,369.2779846191406,373.6111145019531,8684320
2023-03-13 00:00:00+05:30,374.7666015625,376.403564453125,368.3150939941406,369.42242431640625,9130473
2023-03-14 00:00:00+05:30,371.39642333984375,372.11859130859375,363.2116394042969,365.6189270019531,10623744
2023-03-15 00:00:00+05:30,366.8706970214844,370.04833984375,363.9819641113281,365.3300476074219,8748113
2023-03-16 00:00:00+05:30,366.48553466796875,368.170654296875,362.8746032714844,367.30401611328125,16315136
2023-03-17 00:00:00+05:30,370.7223815917969,370.7223815917969,355.9416198730469,361.6228332519531,50787703
2023-03-20 00:00:00+05:30,359.4562683105469,365.2818908691406,358.2044677734375,364.7522888183594,10512002
2023-03-21 00:00:00+05:30,364.7522888183594,364.7522888183594,360.1784362792969,362.97088623046875,12057999
2023-03-22 00:00:00+05:30,362.97088623046875,364.8004455566406,360.3228759765625,363.7412414550781,4958761
2023-03-23 00:00:00+05:30,363.01904296875,368.5558166503906,360.5154724121094,366.53369140625,10127917
2023-03-24 00:00:00+05:30,367.3521728515625,368.7965393066406,363.9819641113281,364.656005859375,10317108
2023-03-27 00:00:00+05:30,363.9338073730469,370.1446228027344,362.3931579589844,366.1003723144531,11232922
2023-03-28 00:00:00+05:30,366.1003723144531,368.170654296875,364.12640380859375,365.66705322265625,9523719
2023-03-29 00:00:00+05:30,366.1003723144531,369.75946044921875,363.1634826660156,368.5558166503906,10551626
2023-03-31 00:00:00+05:30,367.8336181640625,370.24090576171875,365.9078063964844,369.2779846191406,9877493
2023-04-03 00:00:00+05:30,369.75946044921875,369.75946044921875,364.4634094238281,364.84857177734375,7331070
2023-04-05 00:00:00+05:30,364.84857177734375,372.69635009765625,364.84857177734375,372.0704650878906,12055499
2023-04-06 00:00:00+05:30,372.3111877441406,375.8258056640625,369.9520263671875,372.9852294921875,13394394
2023-04-10 00:00:00+05:30,372.9852294921875,375.5369567871094,370.48162841796875,374.1407165527344,7044256
2023-04-11 00:00:00+05:30,374.1407165527344,383.3365478515625,373.6111145019531,381.3144226074219,18939829
2023-04-12 00:00:00+05:30,382.9995422363281,383.0476989746094,377.55908203125,378.9552917480469,10122932
2023-04-13 00:00:00+05:30,380.8329772949219,381.8921813964844,379.0997314453125,380.92926025390625,6292395
2023-04-17 00:00:00+05:30,378.32940673828125,387.0919189453125,378.32940673828125,385.310546875,11466474
2023-04-18 00:00:00+05:30,385.1661071777344,387.0919189453125,382.27734375,383.7217102050781,9860308
2023-04-19 00:00:00+05:30,381.3625793457031,386.4660339355469,381.3144226074219,383.96246337890625,10119480
2023-04-20 00:00:00+05:30,385.1661071777344,387.71783447265625,382.9513854980469,385.4549865722656,6924577
2023-04-21 00:00:00+05:30,385.4549865722656,393.83233642578125,384.2513427734375,393.1101379394531,14801099
2023-04-24 00:00:00+05:30,394.7952575683594,394.7952575683594,389.2103271484375,393.54345703125,6212135
2023-04-25 00:00:00+05:30,393.54345703125,398.2135925292969,392.2916564941406,396.28778076171875,9180650
2023-04-26 00:00:00+05:30,396.7210693359375,397.6839904785156,393.8804931640625,396.9618225097656,7914219
2023-04-27 00:00:00+05:30,396.9136657714844,401.92083740234375,395.7581787109375,400.57275390625,13100076
2023-04-28 00:00:00+05:30,402.4985656738281,412.3684387207031,398.3580322265625,409.7685852050781,13208557
2023-05-02 00:00:00+05:30,410.201904296875,411.164794921875,405.57989501953125,408.7093811035156,10648421
2023-05-03 00:00:00+05:30,408.27606201171875,412.60919189453125,406.39837646484375,411.3092346191406,7607609
2023-05-04 00:00:00+05:30,409.5278625488281,411.164794921875,408.27606201171875,408.85382080078125,8292456
2023-05-05 00:00:00+05:30,410.15374755859375,415.8830871582031,408.61309814453125,412.84991455078125,12890455
2023-05-08 00:00:00+05:30,415.0164794921875,417.3756103515625,413.42767333984375,415.44976806640625,7522610
2023-05-09 00:00:00+05:30,416.7497253417969,417.08673095703125,405.8687744140625,408.0834655761719,10377820
2023-05-10 00:00:00+05:30,408.2279052734375,410.5389099121094,406.5428161621094,409.57598876953125,10130159
2023-05-11 00:00:00+05:30,411.4055480957031,411.54998779296875,403.3652038574219,404.8095703125,16597954
2023-05-12 00:00:00+05:30,404.8095703125,407.0242614746094,400.6208801269531,404.85772705078125,11564770
2023-05-15 00:00:00+05:30,404.4244079589844,412.8017578125,403.5096435546875,411.9351501464844,9503538
2023-05-16 00:00:00+05:30,414.0535583496094,414.0535583496094,407.79461669921875,408.2279052734375,8302077
2023-05-17 00:00:00+05:30,408.4205017089844,413.04248046875,406.927978515625,411.7425537109375,9844782
2023-05-18 00:00:00+05:30,414.0535583496094,416.4126892089844,402.5948791503906,404.1355285644531,24919291
2023-05-19 00:00:00+05:30,405.33917236328125,407.4094543457031,396.0951843261719,404.27996826171875,26759905
2023-05-22 00:00:00+05:30,406.3020935058594,409.9611511230469,403.5577697753906,408.9982604980469,16015615
2023-05-23 00:00:00+05:30,410.201904296875,415.20904541015625,408.4686584472656,413.2350769042969,9068926
2023-05-24 00:00:00+05:30,412.4165954589844,418.6274108886719,411.164794921875,417.42376708984375,11921823
2023-05-25 00:00:00+05:30,420.7458190917969,426.0418395996094,418.675537109375,424.7900695800781,18905572
2023-05-26 00:00:00+05:30,426.95660400390625,428.2565612792969,423.2012634277344,427.1492004394531,13496209
2023-05-29 00:00:00+05:30,428.4972839355469,435.04510498046875,427.6306457519531,432.4452209472656,20589822
2023-05-30 00:00:00+05:30,424.6456298828125,434.7080993652344,424.6456298828125,433.215576171875,19627897
2023-05-31 00:00:00+05:30,432.6378173828125,435.2377014160156,426.0418395996094,428.9787292480469,14821960
2023-06-01 00:00:00+05:30,430.4231262207031,430.4231262207031,422.71978759765625,423.3938293457031,9142172
2023-06-02 00:00:00+05:30,423.6827087402344,428.4010009765625,423.4901123046875,426.95660400390625,9558309
2023-06-05 00:00:00+05:30,428.4972839355469,430.2786865234375,423.77899169921875,424.30859375,7427630
2023-06-06 00:00:00+05:30,424.4530334472656,427.1492004394531,424.06787109375,426.3788757324219,6703067
2023-06-07 00:00:00+05:30,427.53436279296875,429.1231689453125,426.3307189941406,427.4862365722656,7833952
2023-06-08 00:00:00+05:30,429.17132568359375,429.219482421875,425.5122375488281,426.47515869140625,7294955
2023-06-09 00:00:00+05:30,419.0125732421875,428.2084045410156,419.0125732421875,422.190185546875,7329661
2023-06-12 00:00:00+05:30,423.6827087402344,424.59747314453125,417.7607727050781,420.7458190917969,9054977
2023-06-13 00:00:00+05:30,424.6456298828125,429.8453674316406,422.0457458496094,428.8824462890625,16732376
2023-06-14 00:00:00+05:30,429.700927734375,431.1452941894531,427.29364013671875,428.0158386230469,9039402
2023-06-15 00:00:00+05:30,428.4972839355469,432.10821533203125,428.2565612792969,431.4823303222656,7787525
2023-06-16 00:00:00+05:30,432.34893798828125,438.7041931152344,431.28973388671875,436.2969055175781,12181426
2023-06-19 00:00:00+05:30,437.8857116699219,438.9930725097656,435.4784240722656,436.7783508300781,4350517
2023-06-20 00:00:00+05:30,437.933837890625,437.933837890625,433.456298828125,436.0561828613281,4644353
2023-06-21 00:00:00+05:30,435.2377014160156,437.3561096191406,428.5454406738281,430.47125244140625,6292873
2023-06-22 00:00:00+05:30,431.3860168457031,432.974853515625,429.3157653808594,431.04901123046875,6892713
2023-06-23 00:00:00+05:30,430.9045715332031,431.04901123046875,426.2825927734375,428.2565612792969,6325479
2023-06-26 00:00:00+05:30,430.3268127441406,434.6599426269531,427.53436279296875,429.17132568359375,5688287
2023-06-27 00:00:00+05:30,429.5564880371094,430.6156921386719,426.71588134765625,428.59356689453125,5052984
2023-06-28 00:00:00+05:30,428.4972839355469,433.8896179199219,428.0158386230469,432.68597412109375,12548096
2023-06-30 00:00:00+05:30,433.3118591308594,435.1895446777344,430.0379333496094,434.8525390625,9456776
2023-07-03 00:00:00+05:30,434.8525390625,448.67034912109375,433.3600158691406,446.07049560546875,11111199
2023-07-04 00:00:00+05:30,447.7555847167969,450.64434814453125,442.7484436035156,449.0555114746094,8022597
2023-07-05 00:00:00+05:30,449.0555114746094,462.8252258300781,447.08154296875,457.48101806640625,16878943
2023-07-06 00:00:00+05:30,459.6475830078125,459.69573974609375,453.0516357421875,456.3255310058594,9835812
2023-07-07 00:00:00+05:30,455.45892333984375,457.8662109375,450.2591552734375,451.0295104980469,7605499
2023-07-10 00:00:00+05:30,452.5701599121094,453.4367980957031,446.5037841796875,448.5740661621094,6772454
2023-07-11 00:00:00+05:30,448.718505859375,456.951416015625,448.718505859375,455.6033630371094,8783282
2023-07-12 00:00:00+05:30,460.0327453613281,460.0327453613281,453.00347900390625,454.7848815917969,12816220
2023-07-13 00:00:00+05:30,456.3255310058594,459.0698547363281,453.5330810546875,454.4960021972656,8214385
2023-07-14 00:00:00+05:30,455.45892333984375,457.3847351074219,453.8700866699219,455.36260986328125,5277090
2023-07-17 00:00:00+05:30,456.9032897949219,458.1550598144531,453.1479187011719,454.8330078125,6325310
2023-07-18 00:00:00+05:30,455.0256042480469,456.6144104003906,453.5330810546875,454.9774475097656,5558415
2023-07-19 00:00:00+05:30,455.2181701660156,462.63262939453125,450.7406311035156,461.09197998046875,14401395
2023-07-20 00:00:00+05:30,462.10302734375,475.3912658691406,458.63653564453125,473.89874267578125,21030102
2023-07-21 00:00:00+05:30,473.56170654296875,479.242919921875,468.9397277832031,472.26177978515625,14510084
2023-07-24 00:00:00+05:30,475.1505126953125,481.16876220703125,450.78875732421875,453.8700866699219,40477929
2023-07-25 00:00:00+05:30,450.54803466796875,451.12579345703125,438.5115966796875,445.1557312011719,45211370
2023-07-26 00:00:00+05:30,447.6593017578125,455.45892333984375,444.91497802734375,454.7367248535156,18842179
2023-07-27 00:00:00+05:30,456.8070068359375,457.5291748046875,444.0002136230469,447.8037414550781,14528232
2023-07-28 00:00:00+05:30,450.35546875,452.0405578613281,446.2149353027344,451.07763671875,10362522
2023-07-31 00:00:00+05:30,451.60723876953125,452.2812805175781,446.31121826171875,448.42962646484375,8510403
2023-08-01 00:00:00+05:30,448.718505859375,451.4627990722656,446.60009765625,447.5630187988281,6686176
2023-08-02 00:00:00+05:30,447.37042236328125,447.5630187988281,441.0151672363281,443.03729248046875,10715605
2023-08-03 00:00:00+05:30,443.03729248046875,446.55194091796875,437.452392578125,439.13751220703125,11026824
2023-08-04 00:00:00+05:30,439.37823486328125,444.2890930175781,437.40423583984375,438.0782775878906,7097614
2023-08-07 00:00:00+05:30,437.25982666015625,439.61895751953125,434.22662353515625,438.0301513671875,9513953
2023-08-08 00:00:00+05:30,440.0522766113281,440.0522766113281,434.3229064941406,435.57470703125,6638681
2023-08-09 00:00:00+05:30,435.57470703125,442.8447265625,430.3268127441406,441.6410827636719,10134166
2023-08-10 00:00:00+05:30,441.8818054199219,442.2669677734375,432.34893798828125,434.9969482421875,13702317
2023-08-11 00:00:00+05:30,437.0672302246094,437.0672302246094,428.2565612792969,432.10821533203125,12028396
2023-08-14 00:00:00+05:30,432.10821533203125,434.5155029296875,428.5454406738281,432.5415344238281,7854074
2023-08-16 00:00:00+05:30,434.2747802734375,440.43743896484375,431.57861328125,433.5525817871094,15494896
2023-08-17 00:00:00+05:30,433.3118591308594,433.3118591308594,423.6827087402344,424.6456298828125,16896158
2023-08-18 00:00:00+05:30,424.6456298828125,426.9084777832031,422.23834228515625,425.2715148925781,20068497
2023-08-21 00:00:00+05:30,425.6085510253906,431.86749267578125,424.9826354980469,431.1934509277344,9940689
2023-08-22 00:00:00+05:30,432.34893798828125,438.2708740234375,430.4231262207031,437.40423583984375,10234488
2023-08-23 00:00:00+05:30,438.7041931152344,438.7523193359375,431.9637756347656,433.74517822265625,8770272
2023-08-24 00:00:00+05:30,433.8896179199219,436.68206787109375,432.6378173828125,434.1784973144531,6322751
2023-08-25 00:00:00+05:30,434.1784973144531,434.2747802734375,425.65667724609375,426.9084777832031,9628041
2023-08-28 00:00:00+05:30,428.4972839355469,430.2786865234375,424.6456298828125,425.0307922363281,7176903
2023-08-29 00:00:00+05:30,426.5233154296875,427.53436279296875,422.9123840332031,423.77899169921875,9845106
2023-08-30 00:00:00+05:30,424.6456298828125,427.53436279296875,424.1641540527344,426.3788757324219,7648569
2023-08-31 00:00:00+05:30,426.5714416503906,428.4010009765625,419.9273376464844,423.3938293457031,20666732
2023-09-01 00:00:00+05:30,423.6827087402344,428.4972839355469,422.0457458496094,424.6937561035156,11879159
2023-09-04 00:00:00+05:30,426.9084777832031,426.9084777832031,420.4569396972656,421.2754211425781,14128562
2023-09-05 00:00:00+05:30,422.6235046386719,428.0158386230469,422.23834228515625,426.6677551269531,8701612
2023-09-06 00:00:00+05:30,427.4862365722656,431.86749267578125,425.6085510253906,430.8564147949219,13358433
2023-09-07 00:00:00+05:30,432.1563720703125,432.34893798828125,428.11212158203125,429.3639221191406,8401953
2023-09-08 00:00:00+05:30,431.28973388671875,431.28973388671875,425.464111328125,426.23443603515625,10322317
2023-09-11 00:00:00+05:30,429.460205078125,431.4823303222656,426.23443603515625,430.6156921386719,9679540
2023-09-12 00:00:00+05:30,432.2526550292969,437.452392578125,429.0750427246094,434.4192199707031,14961276
2023-09-13 00:00:00+05:30,435.4302673339844,440.0522766113281,434.3710632324219,436.68206787109375,12268130
2023-09-14 00:00:00+05:30,438.9930725097656,438.9930725097656,430.56756591796875,433.2637023925781,14986708
2023-09-15 00:00:00+05:30,431.4341735839844,435.333984375,430.4231262207031,431.7230529785156,15657801
2023-09-18 00:00:00+05:30,431.7230529785156,437.16351318359375,429.65277099609375,435.28582763671875,8513132
2023-09-20 00:00:00+05:30,434.9488220214844,438.22271728515625,432.8785400390625,436.1524658203125,10343224
2023-09-21 00:00:00+05:30,436.0080261230469,436.7301940917969,428.0158386230469,430.9045715332031,11132308
2023-09-22 00:00:00+05:30,430.9045715332031,431.7712097167969,425.8492736816406,426.6677551269531,7795399
2023-09-25 00:00:00+05:30,426.6677551269531,428.3046875,422.0939025878906,426.186279296875,6005673
2023-09-26 00:00:00+05:30,427.1492004394531,428.0158386230469,423.3938293457031,426.0418395996094,5533023
2023-09-27 00:00:00+05:30,426.0418395996094,433.1192626953125,422.5272216796875,432.4933776855469,10894817
2023-09-28 00:00:00+05:30,433.2637023925781,433.2637023925781,423.29754638671875,424.4049072265625,10610213
2023-09-29 00:00:00+05:30,425.6085510253906,429.0750427246094,422.9123840332031,427.9195251464844,8474326
2023-10-03 00:00:00+05:30,424.6456298828125,426.47515869140625,422.96051025390625,423.4419860839844,7770032
2023-10-04 00:00:00+05:30,423.4419860839844,425.3196716308594,417.2311706542969,419.9273376464844,13912656
2023-10-05 00:00:00+05:30,423.6827087402344,424.1641540527344,418.9162902832031,419.8791809082031,10416552
2023-10-06 00:00:00+05:30,421.6124267578125,427.1492004394531,420.4569396972656,425.7529602050781,8742804
2023-10-09 00:00:00+05:30,424.59747314453125,426.7640380859375,421.0346984863281,424.11602783203125,5827256
2023-10-10 00:00:00+05:30,424.11602783203125,428.35284423828125,424.11602783203125,427.9195251464844,5207891
2023-10-11 00:00:00+05:30,430.6156921386719,432.7822570800781,428.3046875,431.62677001953125,7946195
2023-10-12 00:00:00+05:30,432.974853515625,435.7191467285156,429.6046447753906,433.98590087890625,12227957
2023-10-13 00:00:00+05:30,433.16741943359375,435.04510498046875,430.4231262207031,431.7230529785156,7926432
2023-10-16 00:00:00+05:30,431.3860168457031,434.2747802734375,429.65277099609375,432.3008117675781,4377288
2023-10-17 00:00:00+05:30,433.1192626953125,437.6449890136719,432.34893798828125,436.6339111328125,7203352
2023-10-18 00:00:00+05:30,437.40423583984375,441.207763671875,434.2747802734375,434.9006652832031,7160492
2023-10-19 00:00:00+05:30,433.0711364746094,438.0301513671875,430.2786865234375,433.697021484375,9830006
2023-10-20 00:00:00+05:30,428.4972839355469,432.34893798828125,421.1309814453125,422.0457458496094,13521824
2023-10-23 00:00:00+05:30,421.7568664550781,423.6345520019531,417.0386047363281,419.7347412109375,7555671
2023-10-25 00:00:00+05:30,420.6976623535156,421.7568664550781,411.21295166015625,416.6534118652344,11308597
2023-10-26 00:00:00+05:30,413.6202392578125,420.4087829589844,413.6202392578125,418.24224853515625,19525305
2023-10-27 00:00:00+05:30,418.24224853515625,420.60137939453125,416.1719665527344,417.66448974609375,13638258
2023-10-30 00:00:00+05:30,418.434814453125,420.9383850097656,412.4647521972656,414.48687744140625,7911426
2023-10-31 00:00:00+05:30,414.0535583496094,417.2793273925781,412.03143310546875,412.51287841796875,8952141
2023-11-01 00:00:00+05:30,414.0535583496094,415.1127624511719,409.7204284667969,412.2240295410156,8297973
2023-11-02 00:00:00+05:30,414.1017150878906,416.6534118652344,412.7536315917969,415.1609191894531,8465990
2023-11-03 00:00:00+05:30,416.7497253417969,418.2903747558594,415.1127624511719,417.1830139160156,14334179
2023-11-06 00:00:00+05:30,417.42376708984375,420.60137939453125,416.5090026855469,419.20513916015625,7589690
2023-11-07 00:00:00+05:30,418.7718505859375,418.7718505859375,416.1238098144531,416.6534118652344,5321353
2023-11-08 00:00:00+05:30,417.08673095703125,421.2754211425781,416.26824951171875,420.7458190917969,7248663
2023-11-09 00:00:00+05:30,421.5643005371094,421.7568664550781,417.8089294433594,418.2903747558594,8085620
2023-11-10 00:00:00+05:30,418.2903747558594,421.7568664550781,416.4608459472656,420.36065673828125,4236307
2023-11-13 00:00:00+05:30,422.14202880859375,422.14202880859375,418.8681335449219,419.8310546875,3888975
2023-11-15 00:00:00+05:30,421.8531799316406,426.0899963378906,421.2754211425781,425.5603942871094,7722827
2023-11-16 00:00:00+05:30,425.5603942871094,428.0158386230469,421.3717041015625,422.3827819824219,11276031
2023-11-17 00:00:00+05:30,422.96051025390625,425.1270751953125,422.0457458496094,422.96051025390625,6911592
2023-11-20 00:00:00+05:30,423.53826904296875,423.9715881347656,418.3866882324219,420.60137939453125,4502356
2023-11-21 00:00:00+05:30,420.9383850097656,423.0086669921875,419.3495788574219,420.07177734375,6228803
2023-11-22 00:00:00+05:30,420.7939758300781,424.06787109375,418.675537109375,423.3938293457031,5074887
2023-11-23 00:00:00+05:30,424.59747314453125,425.8492736816406,421.99761962890625,424.01971435546875,6611803
2023-11-24 00:00:00+05:30,424.6456298828125,425.8492736816406,420.6495361328125,421.5643005371094,7084608
2023-11-28 00:00:00+05:30,421.7568664550781,422.71978759765625,418.7718505859375,419.1088562011719,9082513
2023-11-29 00:00:00+05:30,419.8310546875,422.23834228515625,418.0496520996094,420.9865417480469,14316126
2023-11-30 00:00:00+05:30,420.5050964355469,422.190185546875,418.3866882324219,419.6384582519531,15710110
2023-12-01 00:00:00+05:30,421.66058349609375,434.22662353515625,421.17913818359375,433.1192626953125,20081576
2023-12-04 00:00:00+05:30,438.1264343261719,439.4745178222656,434.2747802734375,437.211669921875,13293194
2023-12-05 00:00:00+05:30,438.1264343261719,440.8226013183594,433.40814208984375,434.9969482421875,12603697
2023-12-06 00:00:00+05:30,437.0672302246094,447.2741394042969,435.333984375,446.07049560546875,21203900
2023-12-07 00:00:00+05:30,447.5148620605469,447.5630187988281,440.43743896484375,441.1114807128906,11746535
2023-12-08 00:00:00+05:30,442.8928527832031,444.481689453125,431.86749267578125,432.4933776855469,19386851
2023-12-11 00:00:00+05:30,434.7562255859375,436.7783508300781,432.6378173828125,435.6709899902344,6854157
2023-12-12 00:00:00+05:30,437.3561096191406,442.9410095214844,435.57470703125,436.2969055175781,10549319
2023-12-13 00:00:00+05:30,439.37823486328125,441.8336486816406,436.2969055175781,438.7523193359375,11718443
2023-12-14 00:00:00+05:30,442.9410095214844,443.9039306640625,432.7822570800781,443.03729248046875,14924265
2023-12-15 00:00:00+05:30,444.7705383300781,445.7816162109375,438.1264343261719,441.207763671875,16397959
2023-12-18 00:00:00+05:30,438.1264343261719,439.08935546875,433.64886474609375,434.9006652832031,12490839
2023-12-19 00:00:00+05:30,436.5376281738281,441.0151672363281,435.28582763671875,439.1856384277344,10664235
2023-12-20 00:00:00+05:30,441.97808837890625,442.21881103515625,432.6378173828125,434.2747802734375,10766954
2023-12-21 00:00:00+05:30,432.34893798828125,436.92279052734375,427.9676818847656,434.7080993652344,11584223
2023-12-22 00:00:00+05:30,436.2005920410156,438.9930725097656,433.8414611816406,438.31903076171875,11450973
2023-12-26 00:00:00+05:30,439.13751220703125,441.8818054199219,437.8375549316406,439.5226745605469,6097422
2023-12-27 00:00:00+05:30,440.0522766113281,441.49664306640625,436.92279052734375,440.1485595703125,7833901
2023-12-28 00:00:00+05:30,440.2448425292969,447.4667053222656,439.1856384277344,446.88897705078125,21493169
2023-12-29 00:00:00+05:30,446.88897705078125,450.54803466796875,444.2409362792969,444.963134765625,13384631
2024-01-01 00:00:00+05:30,446.31121826171875,452.52203369140625,445.49273681640625,450.6924743652344,9706230
2024-01-02 00:00:00+05:30,452.5701599121094,453.8700866699219,446.4075012207031,452.9071960449219,10924918
2024-01-03 00:00:00+05:30,452.8108825683594,462.87335205078125,451.94427490234375,459.5513000488281,24961710
2024-01-04 00:00:00+05:30,462.1993103027344,463.5955505371094,456.6144104003906,458.7328186035156,12240910
2024-01-05 00:00:00+05:30,461.62158203125,461.62158203125,454.4960021972656,456.3736877441406,9564086
2024-01-08 00:00:00+05:30,457.3847351074219,457.8662109375,447.322265625,448.237060546875,8311403
2024-01-09 00:00:00+05:30,450.1628723144531,452.52203369140625,446.4556579589844,447.322265625,5916180
2024-01-10 00:00:00+05:30,447.322265625,449.4407043457031,442.9891662597656,446.1186218261719,6123200
2024-01-11 00:00:00+05:30,446.88897705078125,449.24810791015625,444.0002136230469,445.49273681640625,6786448
2024-01-12 00:00:00+05:30,446.07049560546875,450.35546875,443.2780456542969,449.3925476074219,9714589
2024-01-15 00:00:00+05:30,452.5701599121094,453.0516357421875,448.8147888183594,450.2591552734375,7167978
2024-01-16 00:00:00+05:30,450.4517517089844,457.3847351074219,447.0334167480469,454.7848815917969,12531058
2024-01-17 00:00:00+05:30,453.9182434082031,459.3105773925781,447.94818115234375,449.2962646484375,11536527
2024-01-18 00:00:00+05:30,447.9963073730469,450.4999084472656,437.693115234375,448.237060546875,9495938
2024-01-19 00:00:00+05:30,451.1739501953125,455.45892333984375,449.1036682128906,454.0145263671875,12673308
2024-01-23 00:00:00+05:30,456.18109130859375,456.18109130859375,439.4745178222656,442.2669677734375,8728196
2024-01-24 00:00:00+05:30,443.03729248046875,450.06658935546875,441.1114807128906,446.4075012207031,22459072
2024-01-25 00:00:00+05:30,446.359375,447.7074279785156,435.333984375,438.7523193359375,20435547
2024-01-29 00:00:00+05:30,438.9930725097656,440.2929992675781,430.9045715332031,433.1192626953125,18557346
2024-01-30 00:00:00+05:30,430.4231262207031,436.8746337890625,421.17913818359375,421.8050231933594,45190319
2024-01-31 00:00:00+05:30,423.6827087402344,426.0899963378906,422.430908203125,425.17523193359375,20648695
2024-02-01 00:00:00+05:30,425.6085510253906,431.1452941894531,423.0086669921875,426.47515869140625,19903526
2024-02-02 00:00:00+05:30,428.4972839355469,430.6156921386719,423.2012634277344,423.77899169921875,17816750
2024-02-05 00:00:00+05:30,425.6085510253906,427.1973571777344,420.36065673828125,421.8050231933594,12505666
2024-02-06 00:00:00+05:30,423.6827087402344,424.54931640625,413.57208251953125,415.4016418457031,19487043
2024-02-07 00:00:00+05:30,418.8681335449219,418.8681335449219,414.8238830566406,415.78680419921875,13376903
2024-02-08 00:00:00+05:30,413.09063720703125,413.1869201660156,393.4471740722656,399.176513671875,50039587
2024-02-09 00:00:00+05:30,394.89154052734375,408.4686584472656,393.4471740722656,400.0912780761719,33527317
2024-02-12 00:00:00+05:30,402.06524658203125,402.4985656738281,390.9917297363281,391.7620544433594,11326971
2024-02-13 00:00:00+05:30,391.8102111816406,395.5655822753906,388.3437194824219,391.665771484375,16207766
2024-02-14 00:00:00+05:30,390.943603515625,396.9618225097656,389.4029235839844,396.28778076171875,12618012
2024-02-15 00:00:00+05:30,397.6839904785156,399.176513671875,388.19927978515625,388.9214782714844,21169031
2024-02-16 00:00:00+05:30,389.9806823730469,394.3619384765625,384.5883483886719,389.59552001953125,38963810
2024-02-19 00:00:00+05:30,389.9806823730469,397.4432678222656,389.59552001953125,394.07305908203125,17602580
2024-02-20 00:00:00+05:30,395.22857666015625,395.22857666015625,389.306640625,391.0398864746094,14626643
2024-02-21 00:00:00+05:30,391.906494140625,394.89154052734375,386.4178771972656,388.3918762207031,20162369
2024-02-22 00:00:00+05:30,391.8102111816406,399.7542724609375,388.4881591796875,399.0802307128906,19321180
2024-02-23 00:00:00+05:30,400.4764404296875,400.4764404296875,395.2767028808594,396.1433410644531,11576964
2024-02-26 00:00:00+05:30,395.8544616699219,397.7321472167969,392.19537353515625,394.0249328613281,8289561
2024-02-27 00:00:00+05:30,394.7952575683594,397.4432678222656,393.3990173339844,395.902587890625,8083518
2024-02-28 00:00:00+05:30,395.902587890625,397.05810546875,391.71392822265625,393.1582946777344,8949664
2024-02-29 00:00:00+05:30,393.83233642578125,395.8063049316406,389.49920654296875,391.2324523925781,15468800
2024-03-01 00:00:00+05:30,393.7360534667969,397.82843017578125,392.3879699707031,394.31378173828125,12873024
2024-03-04 00:00:00+05:30,396.9618225097656,397.6358642578125,393.302734375,393.9286193847656,7103794
2024-03-05 00:00:00+05:30,394.4582214355469,396.1433410644531,388.9696044921875,391.0880126953125,10108373
2024-03-06 00:00:00+05:30,391.425048828125,394.7471008300781,385.84014892578125,392.7249755859375,11534613
2024-03-07 00:00:00+05:30,392.7249755859375,399.5616760253906,388.68072509765625,398.2135925292969,23907135
2024-03-11 00:00:00+05:30,401.34307861328125,402.7874450683594,392.8694152832031,394.2174987792969,18298683
2024-03-12 00:00:00+05:30,391.425048828125,391.425048828125,384.5401916503906,389.4510803222656,36226074
2024-03-13 00:00:00+05:30,418.8681335449219,421.7568664550781,405.5317687988281,406.7835388183594,105525827
2024-03-14 00:00:00+05:30,406.3020935058594,409.7204284667969,402.4985656738281,404.0873718261719,31949569
2024-03-15 00:00:00+05:30,401.7282409667969,412.6573181152344,399.8505554199219,403.5577697753906,76074975
2024-03-18 00:00:00+05:30,403.46148681640625,405.09844970703125,401.4393615722656,401.9689636230469,16547358
2024-03-19 00:00:00+05:30,402.4985656738281,403.9910888671875,393.54345703125,394.3619384765625,21803126
2024-03-20 00:00:00+05:30,394.7952575683594,401.1986389160156,394.3619384765625,400.28387451171875,20364534
2024-03-21 00:00:00+05:30,403.46148681640625,406.3502197265625,400.76531982421875,405.6280517578125,19968509
2024-03-22 00:00:00+05:30,405.6280517578125,413.7165222167969,405.6280517578125,412.7054748535156,40358503
2024-03-26 00:00:00+05:30,409.7685852050781,413.2832336425781,409.7685852050781,411.79071044921875,10669833
2024-03-27 00:00:00+05:30,411.164794921875,412.9943542480469,410.63519287109375,412.1277160644531,12698464
2024-03-28 00:00:00+05:30,412.1277160644531,417.1830139160156,411.164794921875,412.4647521972656,29009002
2024-04-01 00:00:00+05:30,413.1869201660156,415.3534851074219,409.9611511230469,410.8759460449219,9743648
2024-04-02 00:00:00+05:30,412.8017578125,412.8017578125,408.85382080078125,410.0574645996094,9194659
2024-04-03 00:00:00+05:30,410.201904296875,412.8980712890625,405.3873291015625,409.4315490722656,13152268
2024-04-04 00:00:00+05:30,409.7685852050781,411.5018310546875,404.328125,407.0724182128906,19065447
2024-04-05 00:00:00+05:30,406.8316955566406,415.6905212402344,404.3762512207031,411.6944274902344,16768902
2024-04-08 00:00:00+05:30,412.4165954589844,415.4016418457031,411.8869934082031,413.1869201660156,8844633
2024-04-09 00:00:00+05:30,414.48687744140625,415.4979248046875,409.7685852050781,410.5389099121094,6967273
2024-04-10 00:00:00+05:30,412.4165954589844,421.5643005371094,409.9611511230469,420.7458190917969,14547618
2024-04-12 00:00:00+05:30,418.8681335449219,419.59033203125,412.4165954589844,414.14984130859375,18785009
2024-04-15 00:00:00+05:30,412.1277160644531,413.2350769042969,407.21685791015625,410.1055908203125,9083087
2024-04-16 00:00:00+05:30,407.5538635253906,411.164794921875,407.5057373046875,410.1055908203125,10357752
2024-04-18 00:00:00+05:30,410.201904296875,411.0685119628906,402.16156005859375,403.3170471191406,22133191
2024-04-19 00:00:00+05:30,402.4985656738281,410.442626953125,400.57275390625,408.9982604980469,17221280
2024-04-22 00:00:00+05:30,411.164794921875,411.7425537109375,407.6501770019531,409.5278625488281,7386048
2024-04-23 00:00:00+05:30,409.5278625488281,414.5350036621094,409.33526611328125,413.2832336425781,12484384
2024-04-24 00:00:00+05:30,413.33135986328125,414.8238830566406,412.4165954589844,412.9943542480469,6070285
2024-04-25 00:00:00+05:30,415.0164794921875,422.0457458496094,413.09063720703125,421.3235778808594,30337038
2024-04-26 00:00:00+05:30,422.96051025390625,426.8603210449219,420.2162170410156,423.6827087402344,15342965
2024-04-29 00:00:00+05:30,425.6085510253906,426.0418395996094,418.48297119140625,421.949462890625,12075706
2024-04-30 00:00:00+05:30,423.6345520019531,424.1641540527344,418.96441650390625,419.4940185546875,12528665
2024-05-02 00:00:00+05:30,419.8310546875,426.186279296875,418.72369384765625,422.71978759765625,24123523
2024-05-03 00:00:00+05:30,423.7308654785156,423.7308654785156,415.3534851074219,420.26434326171875,23786388
2024-05-06 00:00:00+05:30,421.7568664550781,424.11602783203125,417.2793273925781,418.6274108886719,10753860
2024-05-07 00:00:00+05:30,420.6976623535156,429.460205078125,419.0606994628906,424.01971435546875,26969062
2024-05-08 00:00:00+05:30,424.8863525390625,428.2084045410156,421.949462890625,424.6456298828125,10916481
2024-05-09 00:00:00+05:30,423.7308654785156,425.1270751953125,407.6501770019531,409.33526611328125,24314298
2024-05-10 00:00:00+05:30,410.683349609375,420.1680603027344,410.683349609375,417.2793273925781,14524604
2024-05-13 00:00:00+05:30,417.1830139160156,419.30145263671875,413.57208251953125,415.8349609375,7584217
2024-05-14 00:00:00+05:30,414.5350036621094,417.2311706542969,412.6573181152344,413.7646789550781,11423749
2024-05-15 00:00:00+05:30,414.7757263183594,417.1830139160156,410.924072265625,411.9351501464844,7856433
2024-05-16 00:00:00+05:30,414.0535583496094,416.55712890625,407.21685791015625,415.44976806640625,23911954
2024-05-17 00:00:00+05:30,416.36456298828125,421.2754211425781,412.9943542480469,420.11993408203125,11894830
2024-05-21 00:00:00+05:30,419.8310546875,420.8902587890625,417.1348876953125,418.675537109375,11175153
2024-05-22 00:00:00+05:30,421.1309814453125,425.5603942871094,419.2532958984375,423.58642578125,11036895
2024-05-23 00:00:00+05:30,425.0307922363281,428.4010009765625,420.36065673828125,424.9826354980469,27244733
2024-05-24 00:00:00+05:30,424.6456298828125,426.0418395996094,419.1570129394531,420.02362060546875,13252938
2024-05-27 00:00:00+05:30,422.5272216796875,422.6235046386719,414.72760009765625,415.4979248046875,12282545
2024-05-28 00:00:00+05:30,416.07568359375,416.4608459472656,412.3684387207031,413.09063720703125,9668761
2024-05-29 00:00:00+05:30,409.7204284667969,416.36456298828125,409.7204284667969,414.96832275390625,10832067
2024-05-30 00:00:00+05:30,412.60919189453125,414.96832275390625,406.687255859375,408.1316223144531,21314885
2024-05-31 00:00:00+05:30,410.924072265625,413.6202392578125,408.51678466796875,410.63519287109375,29300711
2024-06-03 00:00:00+05:30,417.90521240234375,418.7718505859375,412.7536315917969,414.39056396484375,16116836
2024-06-04 00:00:00+05:30,410.201904296875,410.49078369140625,387.910400390625,399.8023986816406,47791986
2024-06-05 00:00:00+05:30,406.3502197265625,419.8310546875,402.5467224121094,414.3424377441406,28197030
2024-06-06 00:00:00+05:30,419.8310546875,421.4679870605469,415.1127624511719,419.2532958984375,32318523
2024-06-07 00:00:00+05:30,415.4016418457031,425.2715148925781,415.1127624511719,422.8642272949219,29543660
2024-06-10 00:00:00+05:30,423.6827087402344,424.6456298828125,419.6866149902344,420.6976623535156,11872688
2024-06-11 00:00:00+05:30,420.7939758300781,421.5643005371094,416.2201232910156,416.9422912597656,13158571
2024-06-12 00:00:00+05:30,414.5831604003906,418.2903747558594,414.2461242675781,416.26824951171875,10751658
2024-06-13 00:00:00+05:30,420.6976623535156,420.6976623535156,413.8128356933594,414.3424377441406,9641349
2024-06-14 00:00:00+05:30,415.0164794921875,415.8830871582031,413.1387939453125,415.1609191894531,9572809
2024-06-18 00:00:00+05:30,416.9422912597656,418.0978088378906,412.3203125,412.84991455078125,14641141
2024-06-19 00:00:00+05:30,414.0535583496094,414.7757263183594,407.3612976074219,407.9390563964844,11329972
2024-06-20 00:00:00+05:30,408.32421875,410.683349609375,405.8687744140625,407.6020202636719,15147549
2024-06-21 00:00:00+05:30,409.2389831542969,409.5278625488281,403.0281677246094,404.03924560546875,26176371
2024-06-24 00:00:00+05:30,404.4244079589844,408.2279052734375,404.4244079589844,407.6020202636719,9723008
2024-06-25 00:00:00+05:30,407.3131408691406,408.27606201171875,404.1836853027344,407.6020202636719,10655609
2024-06-26 00:00:00+05:30,407.3131408691406,410.5870666503906,406.39837646484375,408.2279052734375,11511714
2024-06-27 00:00:00+05:30,408.2279052734375,411.4055480957031,405.4836120605469,409.8167419433594,38438054
2024-06-28 00:00:00+05:30,409.7204284667969,412.1277160644531,407.79461669921875,409.1427001953125,18554411
2024-07-01 00:00:00+05:30,410.49078369140625,414.2942810058594,408.9019470214844,413.1387939453125,13391362
2024-07-02 00:00:00+05:30,414.0535583496094,414.679443359375,406.87982177734375,409.7204284667969,11177863
2024-07-03 00:00:00+05:30,410.2981872558594,413.7165222167969,409.7204284667969,412.4165954589844,7435499
2024-07-04 00:00:00+05:30,414.0535583496094,415.4979248046875,411.21295166015625,413.1387939453125,9478861
2024-07-05 00:00:00+05:30,413.09063720703125,417.90521240234375,411.7425537109375,417.5682067871094,13427543
2024-07-08 00:00:00+05:30,419.0125732421875,428.06396484375,417.5682067871094,427.1492004394531,21311436
2024-07-09 00:00:00+05:30,431.0008544921875,438.1264343261719,427.53436279296875,435.8154296875,27489709
2024-07-10 00:00:00+05:30,436.8746337890625,438.4634704589844,429.941650390625,434.7080993652344,12065662
2024-07-11 00:00:00+05:30,433.3118591308594,442.4595642089844,432.06005859375,441.6410827636719,19556596
2024-07-12 00:00:00+05:30,441.6410827636719,446.07049560546875,438.9449157714844,442.0262451171875,19693114
2024-07-15 00:00:00+05:30,442.0262451171875,449.1518249511719,440.2448425292969,446.2149353027344,16876907
2024-07-16 00:00:00+05:30,446.2630615234375,449.4407043457031,444.2890930175781,448.2851867675781,13497253
2024-07-18 00:00:00+05:30,445.82977294921875,453.4367980957031,445.49273681640625,452.8108825683594,21907158
2024-07-19 00:00:00+05:30,453.5330810546875,461.62158203125,451.9924011230469,456.951416015625,25939326
2024-07-22 00:00:00+05:30,456.99957275390625,461.6697082519531,448.5740661621094,449.24810791015625,18762384
2024-07-23 00:00:00+05:30,449.24810791015625,478.95404052734375,449.1036682128906,473.9468688964844,56125835
2024-07-24 00:00:00+05:30,477.60595703125,491.7126770019531,472.4543762207031,475.728271484375,43693692
2024-07-25 00:00:00+05:30,471.8284606933594,477.60595703125,466.6768798828125,471.78033447265625,18567567
2024-07-26 00:00:00+05:30,475.728271484375,487.6202697753906,469.32489013671875,483.5760498046875,21534703
2024-07-29 00:00:00+05:30,486.753662109375,487.4277038574219,475.728271484375,477.65411376953125,12978187
2024-07-30 00:00:00+05:30,477.89483642578125,479.3392028808594,470.5285339355469,471.732177734375,13891052
2024-07-31 00:00:00+05:30,474.1876220703125,479.483642578125,472.3099365234375,476.9800720214844,11982586
2024-08-01 00:00:00+05:30,477.55780029296875,478.3281555175781,472.74322509765625,475.3912658691406,12114803
2024-08-02 00:00:00+05:30,466.8213195800781,480.9280090332031,466.8213195800781,470.96185302734375,22141163
2024-08-05 00:00:00+05:30,462.2474670410156,473.65802001953125,461.7659912109375,467.976806640625,25022076
2024-08-06 00:00:00+05:30,468.217529296875,473.4654235839844,466.09912109375,468.26568603515625,14251363
2024-08-07 00:00:00+05:30,471.8284606933594,477.2207946777344,469.9989318847656,474.38018798828125,11320399
2024-08-08 00:00:00+05:30,475.6801452636719,479.53179931640625,474.2357482910156,476.4023132324219,21349889
2024-08-09 00:00:00+05:30,479.53179931640625,479.53179931640625,474.8135070800781,477.5096740722656,9556181
2024-08-12 00:00:00+05:30,473.7543029785156,481.4576110839844,473.7543029785156,476.25787353515625,9425644
2024-08-13 00:00:00+05:30,477.55780029296875,479.3873596191406,470.14337158203125,471.8284606933594,8056478
2024-08-14 00:00:00+05:30,473.7061462402344,480.4947204589844,471.732177734375,473.9468688964844,9609981
2024-08-16 00:00:00+05:30,476.1615905761719,485.5018615722656,474.38018798828125,484.00933837890625,13643352
2024-08-19 00:00:00+05:30,486.0314636230469,490.4127197265625,481.07244873046875,482.8538513183594,10591508
2024-08-20 00:00:00+05:30,482.4205322265625,484.7315368652344,479.242919921875,480.3021240234375,6888634
2024-08-21 00:00:00+05:30,481.4576110839844,490.1238708496094,480.5428466796875,486.6573791503906,8801221
2024-08-22 00:00:00+05:30,489.0165100097656,489.64239501953125,482.8538513183594,485.8388977050781,8686423
2024-08-23 00:00:00+05:30,486.3203430175781,488.1498718261719,481.40948486328125,487.04254150390625,8195369
2024-08-26 00:00:00+05:30,487.235107421875,489.16094970703125,483.3834533691406,486.94622802734375,8126402
2024-08-27 00:00:00+05:30,488.7276306152344,488.7757873535156,481.4576110839844,482.0353698730469,8260450
2024-08-28 00:00:00+05:30,481.8427734375,483.6723327636719,478.0874328613281,478.8577575683594,8081932
2024-08-29 00:00:00+05:30,479.53179931640625,488.8720703125,478.9058837890625,486.3684997558594,19389694
2024-08-30 00:00:00+05:30,483.3352966308594,490.268310546875,481.65020751953125,483.28717041015625,15523349
2024-09-02 00:00:00+05:30,485.3092956542969,493.8792419433594,484.63525390625,491.1349182128906,16497266
2024-09-03 00:00:00+05:30,491.1349182128906,496.8161315917969,489.0646667480469,490.509033203125,12481552
2024-09-04 00:00:00+05:30,481.4576110839844,491.1349182128906,481.40948486328125,487.5721435546875,8739052
2024-09-05 00:00:00+05:30,489.4979553222656,492.91632080078125,488.2461853027344,492.2422790527344,11318636
2024-09-06 00:00:00+05:30,493.0126037597656,493.0126037597656,478.71331787109375,483.0945739746094,14245025
2024-09-09 00:00:00+05:30,483.3834533691406,493.63848876953125,481.7946472167969,492.7718811035156,14265060
2024-09-10 00:00:00+05:30,492.91632080078125,495.9013366699219,489.88311767578125,494.55328369140625,11332248
2024-09-11 00:00:00+05:30,493.97552490234375,500.2344665527344,492.9644470214844,495.27545166015625,15497555
2024-09-12 00:00:00+05:30,495.9976501464844,501.1973876953125,489.6905517578125,500.2344665527344,19085324
2024-09-13 00:00:00+05:30,500.2344665527344,500.7159118652344,493.0126037597656,494.79400634765625,9165077
2024-09-16 00:00:00+05:30,496.7679748535156,497.8271789550781,490.79791259765625,492.14599609375,7821668
2024-09-17 00:00:00+05:30,492.09783935546875,494.505126953125,487.475830078125,488.92022705078125,10889862
2024-09-18 00:00:00+05:30,489.0165100097656,493.39776611328125,486.3684997558594,488.5350341796875,5638729
2024-09-19 00:00:00+05:30,491.0867614746094,495.7087707519531,488.6794738769531,489.40167236328125,14461616
2024-09-20 00:00:00+05:30,493.0126037597656,498.1642150878906,489.16094970703125,495.3236083984375,24725118
2024-09-23 00:00:00+05:30,496.33465576171875,500.1863098144531,494.55328369140625,497.7790222167969,8105508
2024-09-24 00:00:00+05:30,497.8271789550781,498.5975036621094,495.0828857421875,496.14208984375,7015487
2024-09-25 00:00:00+05:30,496.3828125,500.0419006347656,493.3014831542969,498.3567810058594,8802667
2024-09-26 00:00:00+05:30,498.45306396484375,504.3268737792969,497.8271789550781,503.36395263671875,16086557
2024-09-27 00:00:00+05:30,500.9566650390625,508.90069580078125,500.9566650390625,503.3157958984375,17916386
2024-09-30 00:00:00+05:30,501.2936706542969,504.90460205078125,494.986572265625,498.9345397949219,10936940
2024-10-01 00:00:00+05:30,498.9345397949219,500.4751892089844,494.9384460449219,497.0568542480469,5285319
2024-10-03 00:00:00+05:30,489.6905517578125,496.57537841796875,489.2572326660156,493.73480224609375,16481353
2024-10-04 00:00:00+05:30,491.0867614746094,498.1642150878906,482.95013427734375,484.8759765625,18930962
2024-10-07 00:00:00+05:30,488.1980285644531,495.85321044921875,487.9573059082031,491.27935791015625,17114457
2024-10-08 00:00:00+05:30,491.0867614746094,493.5422058105469,487.235107421875,489.11279296875,9868331
2024-10-09 00:00:00+05:30,490.8941955566406,490.8941955566406,472.3580627441406,473.4654235839844,24874940
2024-10-10 00:00:00+05:30,476.9800720214844,477.2689514160156,471.2988586425781,473.8024597167969,13292273
2024-10-11 00:00:00+05:30,474.71722412109375,475.6319885253906,469.32489013671875,470.09521484375,14949380
2024-10-14 00:00:00+05:30,472.7913818359375,480.4947204589844,470.5285339355469,478.5207214355469,6970606
2024-10-15 00:00:00+05:30,479.53179931640625,480.8798828125,476.1615905761719,480.0614013671875,8347216
2024-10-16 00:00:00+05:30,477.60595703125,480.35028076171875,474.09130859375,474.9097900390625,6939430
2024-10-17 00:00:00+05:30,476.6430358886719,476.6430358886719,469.90264892578125,470.7692565917969,7669729
2024-10-18 00:00:00+05:30,470.62481689453125,473.32098388671875,460.6586608886719,468.6508483886719,22616838
2024-10-21 00:00:00+05:30,468.6508483886719,469.5174865722656,459.6475830078125,465.7139587402344,7680088
2024-10-22 00:00:00+05:30,465.7139587402344,470.2878112792969,462.9696350097656,463.93255615234375,12772970
2024-10-23 00:00:00+05:30,463.1622314453125,465.3769226074219,461.7178649902344,462.5363464355469,10553961
2024-10-24 00:00:00+05:30,464.1251525878906,464.51031494140625,452.5701599121094,454.2071228027344,13596626
2024-10-25 00:00:00+05:30,458.1550598144531,475.19866943359375,456.6144104003906,464.4140319824219,32154050
2024-10-28 00:00:00+05:30,464.0769958496094,467.8805236816406,458.34765625,466.1954040527344,8946214
2024-10-29 00:00:00+05:30,467.0138854980469,471.0581359863281,463.45111083984375,469.8544921875,7131161
2024-10-30 00:00:00+05:30,469.8544921875,474.95794677734375,468.458251953125,473.32098388671875,6640080
2024-10-31 00:00:00+05:30,473.7543029785156,474.71722412109375,466.7250061035156,470.6729736328125,8111694
2024-11-01 00:00:00+05:30,472.7913818359375,473.8505859375,471.1544189453125,472.1173400878906,1517892
2024-11-04 00:00:00+05:30,475.1505126953125,475.1505126953125,461.7659912109375,466.62872314453125,8754385
2024-11-05 00:00:00+05:30,465.0399169921875,467.0620422363281,459.2624206542969,462.39190673828125,7610046
2024-11-06 00:00:00+05:30,462.39190673828125,466.4361572265625,460.27349853515625,463.2585144042969,11749720
2024-11-07 00:00:00+05:30,463.8844299316406,464.7991943359375,458.4439392089844,460.17718505859375,9267980
2024-11-08 00:00:00+05:30,460.17718505859375,462.87335205078125,456.99957275390625,460.3216247558594,6325023
2024-11-11 00:00:00+05:30,460.3216247558594,463.6436767578125,456.51812744140625,459.2624206542969,5700343
2024-11-12 00:00:00+05:30,459.8883361816406,460.225341796875,453.6775207519531,455.3144836425781,5236095
2024-11-13 00:00:00+05:30,452.6183166503906,457.0958557128906,450.88507080078125,454.6885681152344,11548660
2024-11-14 00:00:00+05:30,453.7256774902344,455.4107666015625,445.1075744628906,448.67034912109375,12087836
2024-11-18 00:00:00+05:30,448.718505859375,450.4517517089844,444.8668518066406,449.24810791015625,8448573
2024-11-19 00:00:00+05:30,450.64434814453125,456.18109130859375,448.959228515625,450.0184326171875,7121472
2024-11-21 00:00:00+05:30,443.9039306640625,446.8408203125,438.5115966796875,440.19671630859375,20313155
2024-11-22 00:00:00+05:30,439.28192138671875,458.8291015625,438.6078796386719,457.0477294921875,20214206
2024-11-25 00:00:00+05:30,461.23638916015625,464.3177185058594,454.88116455078125,459.11798095703125,14427013
2024-11-26 00:00:00+05:30,462.1993103027344,464.75103759765625,456.51812744140625,459.3105773925781,6791715
2024-11-27 00:00:00+05:30,459.7920227050781,462.2956237792969,455.45892333984375,459.2624206542969,7339184
2024-11-28 00:00:00+05:30,459.3105773925781,465.8583984375,453.0997619628906,457.2884521484375,14967609
2024-11-29 00:00:00+05:30,455.6514892578125,461.1401062011719,455.07373046875,459.0698547363281,8668142
2024-12-02 00:00:00+05:30,458.34765625,461.5252685546875,455.8440856933594,459.5031433105469,5689595
2024-12-03 00:00:00+05:30,448.718505859375,455.8440856933594,445.5890197753906,455.0256042480469,23073942
2024-12-04 00:00:00+05:30,456.8070068359375,460.466064453125,449.1036682128906,449.7777099609375,13957078
2024-12-05 00:00:00+05:30,450.2110290527344,455.2181701660156,445.3482971191406,450.1628723144531,27432375
2024-12-06 00:00:00+05:30,452.5701599121094,457.33660888671875,450.35546875,453.6775207519531,7842234
2024-12-09 00:00:00+05:30,454.0145263671875,454.4960021972656,445.7816162109375,447.7074279785156,12154116
2024-12-10 00:00:00+05:30,448.0926208496094,449.1518249511719,445.444580078125,448.18890380859375,9163636
2024-12-11 00:00:00+05:30,449.8739929199219,450.8369140625,447.4667053222656,447.9963073730469,7005617
2024-12-12 00:00:00+05:30,448.237060546875,450.54803466796875,442.1225280761719,443.5187683105469,13380617
2024-12-13 00:00:00+05:30,442.9410095214844,456.8070068359375,434.9006652832031,452.5701599121094,32976794
2024-12-16 00:00:00+05:30,452.8108825683594,456.8070068359375,450.64434814453125,452.66644287109375,9354160
2024-12-17 00:00:00+05:30,452.5701599121094,458.1550598144531,445.8778991699219,452.1368408203125,20608409
2024-12-18 00:00:00+05:30,455.1700439453125,456.229248046875,449.5851135253906,453.0516357421875,12841386
2024-12-19 00:00:00+05:30,451.60723876953125,456.75885009765625,448.0444641113281,449.24810791015625,15161531
2024-12-20 00:00:00+05:30,449.199951171875,450.11474609375,442.2669677734375,447.4185791015625,20231570
2024-12-23 00:00:00+05:30,453.7256774902344,459.984619140625,450.2591552734375,456.6625671386719,19562956
2024-12-24 00:00:00+05:30,457.2884521484375,462.4400329589844,455.12188720703125,460.706787109375,12009880
2024-12-26 00:00:00+05:30,462.7289123535156,463.980712890625,458.34765625,459.2624206542969,9188830
2024-12-27 00:00:00+05:30,461.9585876464844,464.02886962890625,458.34765625,460.8512268066406,16906420
2024-12-30 00:00:00+05:30,462.9215087890625,463.5955505371094,458.34765625,459.3105773925781,13578360
2024-12-31 00:00:00+05:30,460.706787109375,466.6768798828125,456.951416015625,465.7139587402344,13787501
2025-01-01 00:00:00+05:30,467.976806640625,468.7952880859375,464.26959228515625,466.0028381347656,18931186
2025-01-02 00:00:00+05:30,467.3509216308594,471.8284606933594,464.4140319824219,470.9136962890625,27131131
2025-01-03 00:00:00+05:30,472.0691833496094,472.7913818359375,462.05487060546875,463.739990234375,38500784
2025-01-06 00:00:00+05:30,455.6000061035156,461.75,441.25,442.6499938964844,22009958
2025-01-07 00:00:00+05:30,445.5,447.6000061035156,440.1499938964844,441.1000061035156,14294780
2025-01-08 00:00:00+05:30,443.0,452.04998779296875,437.1000061035156,449.54998779296875,13482926
2025-01-09 00:00:00+05:30,449.3999938964844,460.6499938964844,446.04998779296875,450.1000061035156,19732649
2025-01-10 00:00:00+05:30,449.95001220703125,452.0,442.5,444.8999938964844,9145729
2025-01-13 00:00:00+05:30,435.0,444.0,435.0,439.04998779296875,17799607
2025-01-14 00:00:00+05:30,441.0,441.5,435.8500061035156,436.6000061035156,18048459
2025-01-15 00:00:00+05:30,436.6000061035156,441.79998779296875,435.3500061035156,437.3500061035156,9786805
2025-01-16 00:00:00+05:30,438.04998779296875,439.45001220703125,431.1000061035156,432.8500061035156,15774070
2025-01-17 00:00:00+05:30,433.0,441.79998779296875,432.5,440.20001220703125,11270061
2025-01-20 00:00:00+05:30,439.0,441.20001220703125,436.0,437.70001220703125,8742771
2025-01-21 00:00:00+05:30,438.0,447.0,435.25,437.54998779296875,15686500
2025-01-22 00:00:00+05:30,439.8999938964844,441.95001220703125,436.54998779296875,437.0,9619648
2025-01-23 00:00:00+05:30,435.0,441.8500061035156,434.1000061035156,440.20001220703125,8888248
2025-01-24 00:00:00+05:30,439.3999938964844,445.0,439.04998779296875,441.6000061035156,9665384
2025-01-27 00:00:00+05:30,440.79998779296875,445.0,436.54998779296875,440.1000061035156,10480203
2025-01-28 00:00:00+05:30,440.0,441.79998779296875,434.5,435.45001220703125,20813072
2025-01-29 00:00:00+05:30,435.95001220703125,437.5,430.1000061035156,433.3500061035156,15158510
2025-01-30 00:00:00+05:30,433.0,438.0,431.45001220703125,436.20001220703125,22496695
2025-01-31 00:00:00+05:30,436.5,448.20001220703125,435.1000061035156,447.5,13546181
2025-02-01 00:00:00+05:30,448.0,471.5,439.54998779296875,462.54998779296875,30393007
2025-02-03 00:00:00+05:30,462.0,465.20001220703125,452.29998779296875,454.3500061035156,16991730
2025-02-04 00:00:00+05:30,458.0,460.3500061035156,448.75,455.1499938964844,18923681
2025-02-05 00:00:00+05:30,455.1499938964844,455.8500061035156,446.5,448.1499938964844,12836283
2025-02-06 00:00:00+05:30,450.0,450.0,438.20001220703125,441.1000061035156,17469129
2025-02-07 00:00:00+05:30,440.0,445.5,428.3999938964844,430.8500061035156,18875982
2025-02-10 00:00:00+05:30,427.0,433.29998779296875,426.5,427.20001220703125,12227140
2025-02-11 00:00:00+05:30,428.79998779296875,430.54998779296875,417.5,418.29998779296875,14288751
2025-02-12 00:00:00+05:30,413.1499938964844,413.79998779296875,407.6000061035156,409.8999938964844,13884574
2025-02-13 00:00:00+05:30,409.95001220703125,413.95001220703125,409.0,409.70001220703125,12989029
2025-02-14 00:00:00+05:30,411.75,416.20001220703125,408.3999938964844,410.25,14124236
2025-02-17 00:00:00+05:30,409.79998779296875,411.3999938964844,406.75,408.6000061035156,11975265
2025-02-18 00:00:00+05:30,408.0,410.8500061035156,404.0,405.25,12998403
2025-02-19 00:00:00+05:30,404.79998779296875,408.79998779296875,404.5,406.3999938964844,7079032
2025-02-20 00:00:00+05:30,399.95001220703125,403.8999938964844,396.20001220703125,402.04998779296875,15355585
2025-02-21 00:00:00+05:30,402.04998779296875,403.25,399.20001220703125,400.8999938964844,8240986
2025-02-24 00:00:00+05:30,400.0,403.3999938964844,398.75,401.8999938964844,7037625
2025-02-25 00:00:00+05:30,402.0,407.0,400.5,404.8500061035156,15760891
2025-02-27 00:00:00+05:30,404.8500061035156,406.5,399.5,401.6000061035156,19051003
2025-02-28 00:00:00+05:30,399.0,402.5,392.20001220703125,395.0,31954776
2025-03-03 00:00:00+05:30,395.95001220703125,399.0,391.20001220703125,397.45001220703125,10702826
2025-03-04 00:00:00+05:30,395.3999938964844,397.20001220703125,392.8500061035156,394.8500061035156,13404774
2025-03-05 00:00:00+05:30,394.5,412.75,394.5,405.04998779296875,15665018
2025-03-06 00:00:00+05:30,409.1499938964844,409.70001220703125,400.54998779296875,405.70001220703125,17869996
2025-03-07 00:00:00+05:30,403.54998779296875,405.8500061035156,401.70001220703125,403.8999938964844,11180761
2025-03-10 00:00:00+05:30,401.04998779296875,406.8500061035156,400.3999938964844,405.0,9785018
2025-03-11 00:00:00+05:30,401.5,408.3999938964844,401.20001220703125,406.20001220703125,11099475
2025-03-12 00:00:00+05:30,406.3999938964844,413.29998779296875,404.0,412.3999938964844,13844306
2025-03-13 00:00:00+05:30,413.0,414.3999938964844,408.20001220703125,412.04998779296875,8196569
2025-03-17 00:00:00+05:30,413.0,416.25,407.0,407.95001220703125,5257805
2025-03-18 00:00:00+05:30,410.0,411.95001220703125,407.75,409.1000061035156,13861897
2025-03-19 00:00:00+05:30,410.0,410.75,402.6000061035156,403.04998779296875,12830387
2025-03-20 00:00:00+05:30,405.0,406.6499938964844,401.8999938964844,403.95001220703125,16994037
2025-03-21 00:00:00+05:30,405.95001220703125,407.5,401.70001220703125,405.54998779296875,25302035
2025-03-24 00:00:00+05:30,407.0,412.8500061035156,405.6000061035156,410.8999938964844,14362572
2025-03-25 00:00:00+05:30,412.0,415.25,408.70001220703125,409.79998779296875,20338110
2025-03-26 00:00:00+05:30,410.29998779296875,411.20001220703125,406.25,407.3500061035156,13891436
2025-03-27 00:00:00+05:30,408.0,410.70001220703125,405.6499938964844,409.45001220703125,18642328
2025-03-28 00:00:00+05:30,410.8999938964844,415.6000061035156,408.1499938964844,409.75,12981873
2025-04-01 00:00:00+05:30,409.79998779296875,414.3999938964844,405.6000061035156,406.6499938964844,15206240
2025-04-02 00:00:00+05:30,407.04998779296875,410.0,406.04998779296875,409.04998779296875,8001323
2025-04-03 00:00:00+05:30,407.04998779296875,410.20001220703125,406.70001220703125,409.3999938964844,7059566
2025-04-04 00:00:00+05:30,407.5,412.79998779296875,404.5,409.70001220703125,18627592
2025-04-07 00:00:00+05:30,390.1499938964844,408.1000061035156,390.1499938964844,406.04998779296875,26762866
2025-04-08 00:00:00+05:30,411.8999938964844,415.79998779296875,407.25,412.54998779296875,18600796
2025-04-09 00:00:00+05:30,413.0,419.04998779296875,411.25,416.29998779296875,21785572
2025-04-11 00:00:00+05:30,420.0,422.45001220703125,417.0,421.54998779296875,8939356
2025-04-15 00:00:00+05:30,429.20001220703125,429.20001220703125,419.0,420.3999938964844,11685880
2025-04-16 00:00:00+05:30,418.0,426.04998779296875,418.0,424.45001220703125,13034594
2025-04-17 00:00:00+05:30,425.0,427.8500061035156,421.54998779296875,427.25,22410217
2025-04-21 00:00:00+05:30,428.04998779296875,429.1000061035156,421.5,422.8500061035156,27388236
2025-04-22 00:00:00+05:30,425.95001220703125,434.79998779296875,423.54998779296875,433.6000061035156,32031936
2025-04-23 00:00:00+05:30,436.20001220703125,437.45001220703125,428.8500061035156,430.8500061035156,19566317
2025-04-24 00:00:00+05:30,431.8500061035156,436.04998779296875,429.29998779296875,430.04998779296875,26064089
2025-04-25 00:00:00+05:30,430.04998779296875,432.70001220703125,423.29998779296875,427.79998779296875,22944377
2025-04-28 00:00:00+05:30,426.6499938964844,430.5,424.75,428.79998779296875,6287095
2025-04-29 00:00:00+05:30,428.8999938964844,429.6000061035156,425.0,426.0,11189930
2025-04-30 00:00:00+05:30,427.3999938964844,429.29998779296875,422.0,425.79998779296875,10026546
2025-05-02 00:00:00+05:30,424.1000061035156,431.5,424.1000061035156,429.5,9263372
2025-05-05 00:00:00+05:30,430.25,438.5,429.3500061035156,436.95001220703125,11525305
2025-05-06 00:00:00+05:30,437.5,439.6499938964844,433.0,435.54998779296875,15026568
2025-05-07 00:00:00+05:30,433.3999938964844,435.0,429.70001220703125,431.1499938964844,9710361
2025-05-08 00:00:00+05:30,429.0,431.5,423.54998779296875,430.6000061035156,19937960
2025-05-09 00:00:00+05:30,425.95001220703125,429.1499938964844,423.0,423.54998779296875,8226512
2025-05-12 00:00:00+05:30,429.5,436.20001220703125,428.1499938964844,435.5,8031891
2025-05-13 00:00:00+05:30,434.8999938964844,437.95001220703125,425.3500061035156,427.8999938964844,14976369
2025-05-14 00:00:00+05:30,427.1000061035156,431.8500061035156,425.8999938964844,429.1000061035156,9557309
2025-05-15 00:00:00+05:30,429.1000061035156,435.3999938964844,426.0,432.6499938964844,24263510
2025-05-16 00:00:00+05:30,434.8999938964844,436.20001220703125,432.1000061035156,435.70001220703125,16402035
2025-05-19 00:00:00+05:30,435.0,438.5,432.6499938964844,435.3500061035156,7543854
2025-05-20 00:00:00+05:30,437.0,440.79998779296875,432.8999938964844,434.8999938964844,9868414
2025-05-21 00:00:00+05:30,436.6000061035156,438.20001220703125,432.0,433.0,5776672
2025-05-22 00:00:00+05:30,433.0,433.0,422.8999938964844,426.1000061035156,19451749
2025-05-23 00:00:00+05:30,434.0,439.0,429.0,436.29998779296875,18536884
2025-05-26 00:00:00+05:30,438.25,443.54998779296875,436.75,442.8999938964844,13107662
2025-05-27 00:00:00+05:30,442.8999938964844,444.20001220703125,430.8500061035156,433.8999938964844,26986022
2025-05-28 00:00:00+05:30,417.70001220703125,422.6000061035156,413.0,420.20001220703125,431851622
2025-05-29 00:00:00+05:30,422.0,422.79998779296875,416.6000061035156,418.75,21478547
2025-05-30 00:00:00+05:30,419.1000061035156,420.04998779296875,416.3999938964844,418.04998779296875,30656239
2025-06-02 00:00:00+05:30,418.29998779296875,420.45001220703125,414.54998779296875,419.29998779296875,14973380
2025-06-03 00:00:00+05:30,419.0,421.70001220703125,415.6499938964844,416.95001220703125,13216486
2025-06-04 00:00:00+05:30,417.1499938964844,419.0,415.95001220703125,417.0,12598933
2025-06-05 00:00:00+05:30,418.5,420.95001220703125,415.75,419.1000061035156,13212523
2025-06-06 00:00:00+05:30,420.29998779296875,421.29998779296875,419.0,421.04998779296875,8774988
2025-06-09 00:00:00+05:30,422.0,423.6000061035156,420.5,423.04998779296875,10473123
2025-06-10 00:00:00+05:30,424.5,428.54998779296875,423.04998779296875,427.0,13041075
2025-06-11 00:00:00+05:30,428.0,428.1000061035156,424.8500061035156,426.1499938964844,20789182
2025-06-12 00:00:00+05:30,427.0,427.20001220703125,419.54998779296875,421.0,18508835
2025-06-13 00:00:00+05:30,415.0,419.3500061035156,413.5,413.8999938964844,17873926
2025-06-16 00:00:00+05:30,414.95001220703125,418.8999938964844,413.25,418.20001220703125,7006629
2025-06-17 00:00:00+05:30,418.1000061035156,419.04998779296875,415.70001220703125,417.3999938964844,9028406
2025-06-18 00:00:00+05:30,417.0,418.45001220703125,414.8999938964844,415.8999938964844,8036215
2025-06-19 00:00:00+05:30,415.6499938964844,418.25,414.79998779296875,416.0,12601006
2025-06-20 00:00:00+05:30,416.0,419.5,416.0,418.54998779296875,13203184
2025-06-23 00:00:00+05:30,417.0,417.5,411.75,413.8999938964844,14839890
2025-06-24 00:00:00+05:30,416.8999938964844,420.6499938964844,413.75,414.3500061035156,16690068
2025-06-25 00:00:00+05:30,416.3999938964844,418.1499938964844,415.1000061035156,416.3500061035156,9946718
2025-06-26 00:00:00+05:30,417.20001220703125,420.8999938964844,416.25,420.29998779296875,13703918
2025-06-27 00:00:00+05:30,421.0,422.0,417.79998779296875,418.6499938964844,21409935
2025-06-30 00:00:00+05:30,419.79998779296875,420.75,415.79998779296875,416.45001220703125,12317124
2025-07-01 00:00:00+05:30,417.0,418.8500061035156,414.8999938964844,415.1000061035156,13670465
2025-07-02 00:00:00+05:30,416.8999938964844,416.8999938964844,411.70001220703125,412.95001220703125,15990899
2025-07-03 00:00:00+05:30,414.0,416.0,411.25,413.3500061035156,14185298
2025-07-04 00:00:00+05:30,414.8999938964844,415.0,411.75,412.54998779296875,8256733
2025-07-07 00:00:00+05:30,413.0,417.20001220703125,412.0,416.1499938964844,6845218
2025-07-08 00:00:00+05:30,416.1499938964844,418.1000061035156,414.6499938964844,417.20001220703125,6807192
2025-07-09 00:00:00+05:30,416.20001220703125,420.29998779296875,415.45001220703125,419.45001220703125,9930533
2025-07-10 00:00:00+05:30,420.29998779296875,420.29998779296875,416.3999938964844,416.8500061035156,6220360
2025-07-11 00:00:00+05:30,417.0,418.04998779296875,415.5,416.79998779296875,8578844
2025-07-14 00:00:00+05:30,417.04998779296875,419.95001220703125,416.54998779296875,419.3999938964844,6896989
2025-07-15 00:00:00+05:30,420.8999938964844,422.3999938964844,419.0,422.1000061035156,8532755
2025-07-16 00:00:00+05:30,422.1000061035156,425.45001220703125,420.29998779296875,424.6000061035156,9780773
2025-07-17 00:00:00+05:30,425.79998779296875,425.8999938964844,423.0,423.95001220703125,7240795
2025-07-18 00:00:00+05:30,425.20001220703125,425.20001220703125,420.1000061035156,422.75,6730256
2025-07-21 00:00:00+05:30,422.0,422.75,418.3999938964844,420.1000061035156,4822343
2025-07-22 00:00:00+05:30,420.1000061035156,420.3999938964844,415.20001220703125,416.0,9869507
2025-07-23 00:00:00+05:30,417.1000061035156,417.8999938964844,414.0,414.95001220703125,12196187
2025-07-24 00:00:00+05:30,415.8500061035156,415.8500061035156,409.45001220703125,409.95001220703125,9005157
2025-07-25 00:00:00+05:30,410.0,410.25,407.75,409.3999938964844,5824089
2025-07-28 00:00:00+05:30,410.79998779296875,410.8500061035156,408.6000061035156,409.8999938964844,8123337
2025-07-29 00:00:00+05:30,410.0,411.3999938964844,408.0,408.45001220703125,6811772
2025-07-30 00:00:00+05:30,409.0,409.29998779296875,405.75,407.6000061035156,10915863
2025-07-31 00:00:00+05:30,405.95001220703125,414.0,405.54998779296875,411.95001220703125,19364174
2025-08-01 00:00:00+05:30,412.3999938964844,419.3500061035156,411.79998779296875,416.45001220703125,14324065
2025-08-04 00:00:00+05:30,420.20001220703125,422.5,415.1000061035156,416.8500061035156,18352458
2025-08-05 00:00:00+05:30,417.20001220703125,417.95001220703125,413.0,414.1499938964844,8495104
2025-08-06 00:00:00+05:30,414.1499938964844,415.0,410.5,412.0,9080543
2025-08-07 00:00:00+05:30,412.0,414.75,411.6499938964844,413.6000061035156,11514878
2025-08-08 00:00:00+05:30,413.8999938964844,415.3500061035156,412.95001220703125,414.5,9814361
2025-08-11 00:00:00+05:30,414.5,417.0,414.0,416.8500061035156,8514272
2025-08-12 00:00:00+05:30,417.0,419.79998779296875,415.29998779296875,416.3500061035156,13635738
2025-08-13 00:00:00+05:30,417.20001220703125,417.5,413.6000061035156,414.1000061035156,10874910
2025-08-14 00:00:00+05:30,414.25,415.04998779296875,411.0,411.45001220703125,9580361
2025-08-18 00:00:00+05:30,413.0,413.70001220703125,404.8500061035156,406.29998779296875,30950814
2025-08-19 00:00:00+05:30,406.3500061035156,409.3999938964844,404.5,409.1000061035156,16681331
2025-08-20 00:00:00+05:30,409.1000061035156,410.25,405.45001220703125,406.04998779296875,18188129
2025-08-21 00:00:00+05:30,406.04998779296875,406.8500061035156,403.3500061035156,405.54998779296875,15028966
2025-08-22 00:00:00+05:30,406.0,406.5,397.5,398.29998779296875,13087624
2025-08-25 00:00:00+05:30,399.0,400.54998779296875,396.25,399.3500061035156,10440286
2025-08-26 00:00:00+05:30,399.29998779296875,405.3999938964844,398.3999938964844,403.3500061035156,13715752
2025-08-28 00:00:00+05:30,404.5,404.5,400.0,400.8999938964844,12471719
2025-08-29 00:00:00+05:30,402.0,410.45001220703125,401.8999938964844,409.75,25255050
2025-09-01 00:00:00+05:30,409.75,410.20001220703125,405.0,405.8500061035156,12268090
2025-09-02 00:00:00+05:30,406.54998779296875,407.8500061035156,404.45001220703125,406.75,19808255
2025-09-03 00:00:00+05:30,408.5,413.25,407.29998779296875,411.75,12936588
2025-09-04 00:00:00+05:30,423.95001220703125,427.0,415.0,415.8999938964844,27274123
2025-09-05 00:00:00+05:30,416.8999938964844,417.0,404.3999938964844,407.3500061035156,16000675
2025-09-08 00:00:00+05:30,407.45001220703125,410.54998779296875,406.79998779296875,407.54998779296875,7419022
2025-09-09 00:00:00+05:30,408.5,410.95001220703125,407.3999938964844,410.04998779296875,8825896
2025-09-10 00:00:00+05:30,411.0,413.70001220703125,408.95001220703125,413.04998779296875,9252397
2025-09-11 00:00:00+05:30,413.04998779296875,416.70001220703125,412.45001220703125,415.04998779296875,8274406
2025-09-12 00:00:00+05:30,415.3500061035156,417.04998779296875,412.8500061035156,413.75,7803379
2025-09-15 00:00:00+05:30,413.04998779296875,414.29998779296875,411.75,412.6499938964844,5707331
2025-09-16 00:00:00+05:30,413.20001220703125,414.3500061035156,412.0,413.1000061035156,8239087
2025-09-17 00:00:00+05:30,413.95001220703125,414.6000061035156,408.04998779296875,409.29998779296875,14113882
2025-09-18 00:00:00+05:30,411.3500061035156,413.04998779296875,410.1000061035156,411.54998779296875,15647808
2025-09-19 00:00:00+05:30,411.54998779296875,412.6000061035156,408.95001220703125,410.6499938964844,19505321
2025-09-22 00:00:00+05:30,410.6499938964844,411.0,406.04998779296875,406.95001220703125,8930779
2025-09-23 00:00:00+05:30,407.1000061035156,408.1000061035156,402.1000061035156,403.20001220703125,14936357
2025-09-24 00:00:00+05:30,403.20001220703125,404.6499938964844,400.70001220703125,401.0,12380865
2025-09-25 00:00:00+05:30,401.45001220703125,403.0,398.0,400.1000061035156,22006368
2025-09-26 00:00:00+05:30,400.1000061035156,405.8999938964844,399.79998779296875,405.1000061035156,14414044
2025-09-29 00:00:00+05:30,406.8999938964844,408.0,403.20001220703125,407.25,19717660
2025-09-30 00:00:00+05:30,406.75,406.75,400.3999938964844,401.54998779296875,9465490
2025-10-01 00:00:00+05:30,402.3500061035156,406.0,399.75,405.6000061035156,17643039
2025-10-03 00:00:00+05:30,404.8999938964844,405.5,402.29998779296875,404.29998779296875,16987141
2025-10-06 00:00:00+05:30,403.0,403.8999938964844,399.79998779296875,400.75,13989077
2025-10-07 00:00:00+05:30,402.5,402.6000061035156,399.5,399.79998779296875,12298968
2025-10-08 00:00:00+05:30,400.0,401.75,398.0,399.75,8402463
2025-10-09 00:00:00+05:30,399.0,401.3999938964844,398.95001220703125,399.8999938964844,15656267
2025-10-10 00:00:00+05:30,400.45001220703125,403.8500061035156,399.5,402.79998779296875,15085738
2025-10-13 00:00:00+05:30,400.0,400.95001220703125,398.54998779296875,399.25,9508594
2025-10-14 00:00:00+05:30,400.0,400.8500061035156,396.20001220703125,396.79998779296875,10291102
2025-10-15 00:00:00+05:30,398.0,400.8500061035156,397.25,399.8999938964844,16043867
2025-10-16 00:00:00+05:30,401.0,406.0,399.54998779296875,405.1499938964844,22962049
2025-10-17 00:00:00+05:30,405.3500061035156,413.8500061035156,405.25,412.1499938964844,21071344
2025-10-20 00:00:00+05:30,412.54998779296875,414.8500061035156,411.29998779296875,413.04998779296875,13083621
2025-10-21 00:00:00+05:30,413.5,413.95001220703125,412.3500061035156,412.8500061035156,1142130
2025-10-23 00:00:00+05:30,416.0,420.45001220703125,413.54998779296875,415.95001220703125,24305990
2025-10-24 00:00:00+05:30,415.95001220703125,417.95001220703125,413.45001220703125,416.79998779296875,14935678
2025-10-27 00:00:00+05:30,417.0,422.70001220703125,416.6000061035156,420.6499938964844,11603679
2025-10-28 00:00:00+05:30,420.5,421.6499938964844,415.8999938964844,417.8999938964844,17163147
2025-10-29 00:00:00+05:30,418.20001220703125,422.20001220703125,416.04998779296875,421.6000061035156,11470661
2025-10-30 00:00:00+05:30,421.6000061035156,421.70001220703125,416.1499938964844,418.75,12938674
2025-10-31 00:00:00+05:30,420.5,426.3999938964844,418.20001220703125,420.3500061035156,18599864
2025-11-03 00:00:00+05:30,419.95001220703125,421.6499938964844,413.29998779296875,413.95001220703125,7635440
2025-11-04 00:00:00+05:30,414.0,414.5,408.3500061035156,408.8999938964844,10085404
2025-11-06 00:00:00+05:30,410.0,413.29998779296875,406.54998779296875,407.5,10095563
2025-11-07 00:00:00+05:30,406.04998779296875,409.1000061035156,403.1000061035156,404.04998779296875,8411611
2025-11-10 00:00:00+05:30,404.04998779296875,407.1000061035156,403.6499938964844,405.54998779296875,6650003
2025-11-11 00:00:00+05:30,406.0,408.04998779296875,404.6000061035156,406.8500061035156,12005318
2025-11-12 00:00:00+05:30,408.0,408.1000061035156,405.54998779296875,407.0,7987236
2025-11-13 00:00:00+05:30,407.0,407.5,404.5,405.70001220703125,6617185
2025-11-14 00:00:00+05:30,404.70001220703125,408.75,400.1000061035156,408.1499938964844,64020258
2025-11-17 00:00:00+05:30,409.75,412.0,406.0,407.1000061035156,7855399
2025-11-18 00:00:00+05:30,408.25,409.79998779296875,404.54998779296875,405.8500061035156,7661681
2025-11-19 00:00:00+05:30,404.8500061035156,405.54998779296875,402.79998779296875,403.54998779296875,7882450
2025-11-20 00:00:00+05:30,403.54998779296875,407.0,403.25,405.45001220703125,6693410
2025-11-21 00:00:00+05:30,405.0,408.5,404.70001220703125,407.8500061035156,5808131
2025-11-24 00:00:00+05:30,408.3999938964844,408.79998779296875,402.8500061035156,403.54998779296875,11037491
2025-11-25 00:00:00+05:30,403.54998779296875,404.5,400.1000061035156,400.79998779296875,8199785
2025-11-26 00:00:00+05:30,401.0,403.95001220703125,400.95001220703125,402.29998779296875,11443953
2025-11-27 00:00:00+05:30,403.5,405.95001220703125,402.1000061035156,404.29998779296875,8679529
2025-11-28 00:00:00+05:30,404.29998779296875,405.0,402.5,404.25,6883500
2025-12-01 00:00:00+05:30,402.79998779296875,405.5,398.20001220703125,404.25,13442658
2025-12-02 00:00:00+05:30,404.25,405.5,400.5,400.95001220703125,8093808
2025-12-03 00:00:00+05:30,401.70001220703125,402.20001220703125,398.8500061035156,400.5,10772192
2025-12-04 00:00:00+05:30,400.1000061035156,403.54998779296875,399.04998779296875,403.04998779296875,8057989
2025-12-05 00:00:00+05:30,403.04998779296875,405.3500061035156,402.0,404.95001220703125,4419747
2025-12-08 00:00:00+05:30,404.95001220703125,405.25,400.54998779296875,402.29998779296875,6056866
2025-12-09 00:00:00+05:30,402.0,404.5,400.0,401.04998779296875,9426717
2025-12-10 00:00:00+05:30,401.1000061035156,404.3999938964844,401.0,403.1499938964844,6969146
2025-12-11 00:00:00+05:30,403.1499938964844,404.0,401.1000061035156,402.8999938964844,6980147
2025-12-12 00:00:00+05:30,402.8999938964844,404.0,399.8500061035156,400.1000061035156,12407516
2025-12-15 00:00:00+05:30,400.1000061035156,403.3500061035156,399.5,402.29998779296875,7756564
2025-12-16 00:00:00+05:30,401.3999938964844,405.75,401.04998779296875,401.70001220703125,12347384
2025-12-17 00:00:00+05:30,401.0,403.1000061035156,399.1000061035156,399.79998779296875,8087490
2025-12-18 00:00:00+05:30,400.0,401.95001220703125,399.8500061035156,400.3999938964844,7227668
2025-12-19 00:00:00+05:30,400.25,402.6499938964844,400.25,401.04998779296875,10654835
2025-12-22 00:00:00+05:30,401.6000061035156,403.6499938964844,401.20001220703125,402.70001220703125,6847871
2025-12-23 00:00:00+05:30,402.5,408.8999938964844,401.79998779296875,407.3500061035156,10081997
2025-12-24 00:00:00+05:30,407.95001220703125,409.5,405.6499938964844,406.6000061035156,5777430
2025-12-26 00:00:00+05:30,406.5,407.1499938964844,403.8500061035156,404.1499938964844,3152453
2025-12-29 00:00:00+05:30,404.1000061035156,404.79998779296875,401.45001220703125,402.6000061035156,6647710
2025-12-30 00:00:00+05:30,403.0,403.45001220703125,400.29998779296875,400.6000061035156,12340527
2025-12-31 00:00:00+05:30,401.1000061035156,403.75,400.8500061035156,403.0,9945109
2026-01-01 00:00:00+05:30,402.70001220703125,402.70001220703125,362.70001220703125,363.8500061035156,282626710
2026-01-02 00:00:00+05:30,360.0,360.0,345.25,350.04998779296875,118790358
2026-01-05 00:00:00+05:30,350.20001220703125,353.95001220703125,346.04998779296875,349.70001220703125,48358124
2026-01-06 00:00:00+05:30,350.25,350.70001220703125,337.75,342.45001220703125,72582738
2026-01-07 00:00:00+05:30,343.0,344.54998779296875,339.29998779296875,341.25,29440734
2026-01-08 00:00:00+05:30,341.5,345.1499938964844,339.04998779296875,340.8999938964844,36706319
2026-01-09 00:00:00+05:30,340.8999938964844,341.0,336.1000061035156,337.1499938964844,35193201
2026-01-12 00:00:00+05:30,338.25,339.5,335.79998779296875,338.3999938964844,16156143
2026-01-13 00:00:00+05:30,339.0,339.5,333.70001220703125,334.70001220703125,24922339
2026-01-14 00:00:00+05:30,336.0,336.0,333.45001220703125,334.75,14913422
2026-01-15 00:00:00+05:30,334.75,334.75,334.75,334.75,0
2026-01-16 00:00:00+05:30,337.5,337.5,328.54998779296875,329.20001220703125,30526898
2026-01-19 00:00:00+05:30,330.0,334.6499938964844,327.29998779296875,333.20001220703125,15507440
2026-01-20 00:00:00+05:30,334.04998779296875,334.5,325.5,326.29998779296875,18771011
2026-01-21 00:00:00+05:30,326.0,329.29998779296875,324.3500061035156,324.75,14177965
2026-01-22 00:00:00+05:30,326.1000061035156,328.70001220703125,321.04998779296875,324.8500061035156,18622852
2026-01-23 00:00:00+05:30,325.54998779296875,326.3999938964844,322.70001220703125,323.3999938964844,11950089
2026-01-27 00:00:00+05:30,323.6000061035156,324.70001220703125,317.8500061035156,318.6499938964844,47847784
2026-01-28 00:00:00+05:30,319.95001220703125,323.70001220703125,319.3500061035156,321.1499938964844,28400238
2026-01-29 00:00:00+05:30,322.6000061035156,322.6000061035156,318.04998779296875,318.6000061035156,17719420
2026-01-30 00:00:00+05:30,318.79998779296875,325.1499938964844,316.45001220703125,322.1499938964844,41975824
2026-02-02 00:00:00+05:30,309.45001220703125,315.3999938964844,302.0,314.70001220703125,35227572
2026-02-03 00:00:00+05:30,321.20001220703125,324.75,311.6000061035156,316.6499938964844,33168353
2026-02-04 00:00:00+05:30,312.5,314.95001220703125,311.3500061035156,313.8500061035156,11196759
2026-02-05 00:00:00+05:30,313.95001220703125,315.3500061035156,309.29998779296875,310.20001220703125,15816704
2026-02-06 00:00:00+05:30,310.0,327.70001220703125,308.29998779296875,325.79998779296875,68057745
2026-02-09 00:00:00+05:30,327.95001220703125,328.70001220703125,321.6499938964844,322.79998779296875,20059198
2026-02-10 00:00:00+05:30,323.0,323.54998779296875,320.75,321.3999938964844,11489090
2026-02-11 00:00:00+05:30,321.95001220703125,322.20001220703125,316.29998779296875,318.25,24843366
2026-02-12 00:00:00+05:30,317.29998779296875,320.3999938964844,316.8999938964844,317.45001220703125,13294561
2026-02-13 00:00:00+05:30,316.0,318.3999938964844,313.25,313.75,8730618
2026-02-16 00:00:00+05:30,313.75,318.25,313.1499938964844,317.95001220703125,11693763
2026-02-17 00:00:00+05:30,318.45001220703125,328.04998779296875,318.1499938964844,325.45001220703125,39360672
2026-02-18 00:00:00+05:30,326.0,332.95001220703125,324.79998779296875,332.45001220703125,35473203
2026-02-19 00:00:00+05:30,334.04998779296875,334.25,325.0,326.0,19911747
2026-02-20 00:00:00+05:30,325.04998779296875,327.8500061035156,325.04998779296875,327.0,11282027
2026-02-23 00:00:00+05:30,327.0,328.1000061035156,324.3999938964844,325.3999938964844,13486092
2026-02-24 00:00:00+05:30,324.0,325.3999938964844,322.04998779296875,323.5,13135859
2026-02-25 00:00:00+05:30,325.5,326.6000061035156,318.1000061035156,319.75,13492101
2026-02-26 00:00:00+05:30,320.0,321.3999938964844,317.6000061035156,318.29998779296875,11270119
2026-02-27 00:00:00+05:30,316.0,317.75,312.6499938964844,313.6000061035156,13892595
2026-03-02 00:00:00+05:30,307.0,315.75,307.0,314.8999938964844,22194311
2026-03-04 00:00:00+05:30,310.6000061035156,315.5,310.5,311.95001220703125,24165489
2026-03-05 00:00:00+05:30,312.20001220703125,313.6000061035156,308.20001220703125,311.5,19938009
2026-03-06 00:00:00+05:30,310.04998779296875,312.29998779296875,309.20001220703125,309.70001220703125,21288269
2026-03-09 00:00:00+05:30,305.0,307.20001220703125,303.6000061035156,306.0,14084931
2026-03-10 00:00:00+05:30,309.0,310.0,303.75,309.04998779296875,18352950
2026-03-11 00:00:00+05:30,309.04998779296875,310.6499938964844,307.70001220703125,309.0,14842485
2026-03-12 00:00:00+05:30,307.04998779296875,308.0,302.8500061035156,304.1000061035156,23319679
2026-03-13 00:00:00+05:30,304.0,306.0,300.6499938964844,301.45001220703125,25659996
2026-03-16 00:00:00+05:30,302.54998779296875,309.45001220703125,302.0,308.25,37472204
2026-03-17 00:00:00+05:30,309.95001220703125,309.95001220703125,304.04998779296875,304.8500061035156,25649286
2026-03-18 00:00:00+05:30,305.8999938964844,306.95001220703125,303.5,304.04998779296875,16702554
2026-03-19 00:00:00+05:30,301.5,305.5,297.1000061035156,298.0,17851126
2026-03-20 00:00:00+05:30,301.04998779296875,308.75,298.1499938964844,299.95001220703125,58679529
2026-03-23 00:00:00+05:30,298.8999938964844,299.0,289.54998779296875,290.45001220703125,31788160
2026-03-24 00:00:00+05:30,295.95001220703125,296.0,288.75,291.25,33335721
2026-03-25 00:00:00+05:30,292.70001220703125,298.5,292.25,295.70001220703125,26184716
2026-03-27 00:00:00+05:30,294.70001220703125,296.8500061035156,291.54998779296875,294.70001220703125,22179022
2026-03-30 00:00:00+05:30,293.6000061035156,294.45001220703125,287.0,287.70001220703125,24586921
2026-04-01 00:00:00+05:30,293.0,294.45001220703125,290.8999938964844,291.70001220703125,18604340
2026-04-02 00:00:00+05:30,290.25,293.6499938964844,288.3999938964844,292.8500061035156,18082775
2026-04-06 00:00:00+05:30,293.0,295.3500061035156,290.25,294.8500061035156,18047063
2026-04-07 00:00:00+05:30,294.1499938964844,299.0,292.75,298.45001220703125,26963485
2026-04-08 00:00:00+05:30,303.8999938964844,304.6000061035156,301.54998779296875,302.45001220703125,22310207
2026-04-09 00:00:00+05:30,301.5,304.3999938964844,301.25,303.0,17691477
2026-04-10 00:00:00+05:30,303.0,305.3999938964844,302.6000061035156,304.25,17744386
2026-04-13 00:00:00+05:30,300.0,301.45001220703125,298.1000061035156,298.6499938964844,16522014
2026-04-15 00:00:00+05:30,300.70001220703125,304.0,300.54998779296875,302.04998779296875,18701403
2026-04-16 00:00:00+05:30,302.95001220703125,305.3500061035156,301.8500061035156,303.3999938964844,16512053
2026-04-17 00:00:00+05:30,303.8500061035156,309.95001220703125,303.8500061035156,306.79998779296875,35111203
2026-04-20 00:00:00+05:30,307.0,307.95001220703125,304.45001220703125,305.0,13540471
2026-04-21 00:00:00+05:30,305.0,311.1000061035156,304.54998779296875,309.6499938964844,24411865
2026-04-22 00:00:00+05:30,310.0,310.54998779296875,305.1000061035156,305.5,24500511
2026-04-23 00:00:00+05:30,304.0,306.3500061035156,303.25,305.29998779296875,10701849
2026-04-24 00:00:00+05:30,306.6499938964844,306.6499938964844,301.1000061035156,301.6000061035156,17011704
2026-04-27 00:00:00+05:30,303.6499938964844,305.6499938964844,302.8500061035156,303.8500061035156,14382348
2026-04-28 00:00:00+05:30,304.3999938964844,305.79998779296875,302.54998779296875,304.45001220703125,12907339
2026-04-29 00:00:00+05:30,305.1000061035156,317.5,305.1000061035156,316.25,31199038
2026-04-30 00:00:00+05:30,316.25,317.5,313.29998779296875,314.8999938964844,11541956
2026-05-01 00:00:00+05:30,314.8999938964844,314.8999938964844,314.8999938964844,314.8999938964844,0
2026-05-04 00:00:00+05:30,317.8999938964844,317.8999938964844,310.5,311.1000061035156,20245091
2026-05-05 00:00:00+05:30,311.1000061035156,313.70001220703125,309.6499938964844,311.45001220703125,26795704
2026-05-06 00:00:00+05:30,312.79998779296875,313.6000061035156,309.25,310.70001220703125,20287609
2026-05-07 00:00:00+05:30,311.45001220703125,311.6499938964844,307.0,307.3999938964844,25718615
2026-05-08 00:00:00+05:30,308.8999938964844,308.8999938964844,305.70001220703125,307.45001220703125,17739844
2026-05-11 00:00:00+05:30,307.0,308.0,305.1499938964844,305.8500061035156,14968661
2026-05-12 00:00:00+05:30,305.3500061035156,306.25,300.1000061035156,300.70001220703125,15968338
2026-05-13 00:00:00+05:30,302.0,305.79998779296875,301.04998779296875,304.45001220703125,13024778
2026-05-14 00:00:00+05:30,305.0,309.20001220703125,304.8500061035156,307.20001220703125,11113377
2026-05-15 00:00:00+05:30,307.20001220703125,312.04998779296875,306.29998779296875,309.45001220703125,11954564
2026-05-18 00:00:00+05:30,309.45001220703125,312.29998779296875,306.5,310.1499938964844,14422870
2026-05-19 00:00:00+05:30,311.95001220703125,314.25,308.3500061035156,310.29998779296875,17519355
2026-05-20 00:00:00+05:30,309.0,309.6499938964844,306.20001220703125,307.54998779296875,12127920
2026-05-21 00:00:00+05:30,309.8500061035156,311.29998779296875,305.79998779296875,308.04998779296875,21868988
2026-05-22 00:00:00+05:30,305.8999938964844,307.0,301.0,301.70001220703125,30751752
2026-05-25 00:00:00+05:30,303.95001220703125,305.5,302.3500061035156,303.95001220703125,15734247
2026-05-26 00:00:00+05:30,304.3500061035156,304.3999938964844,301.1000061035156,301.6499938964844,37560542
2026-05-27 00:00:00+05:30,295.6499938964844,296.3500061035156,291.04998779296875,291.95001220703125,25446093
2026-05-28 00:00:00+05:30,291.95001220703125,291.95001220703125,291.95001220703125,291.95001220703125,0
2026-05-29 00:00:00+05:30,292.0,292.3999938964844,285.8999938964844,286.8999938964844,31930439
2026-06-01 00:00:00+05:30,287.79998779296875,288.54998779296875,278.29998779296875,279.6499938964844,23477875
2026-06-02 00:00:00+05:30,279.5,283.6000061035156,277.1000061035156,283.25,20206131
2026-06-03 00:00:00+05:30,282.3500061035156,282.3500061035156,275.20001220703125,277.0,28001438
2026-06-04 00:00:00+05:30,277.0,280.6499938964844,275.04998779296875,280.29998779296875,22017634
2026-06-05 00:00:00+05:30,280.0,281.3999938964844,277.8500061035156,280.70001220703125,16065822
2026-06-08 00:00:00+05:30,279.0,283.45001220703125,276.95001220703125,279.45001220703125,15779677
2026-06-09 00:00:00+05:30,281.70001220703125,281.70001220703125,277.1499938964844,280.0,12302522
2026-06-10 00:00:00+05:30,280.0,285.8500061035156,278.6499938964844,283.6499938964844,19823743
2026-06-11 00:00:00+05:30,283.0,283.25,281.20001220703125,282.3999938964844,12603100
2026-06-12 00:00:00+05:30,283.54998779296875,285.8500061035156,283.0,285.1000061035156,12893433
2026-06-15 00:00:00+05:30,287.0,288.8500061035156,286.70001220703125,287.8999938964844,11194950
2026-06-16 00:00:00+05:30,288.1499938964844,292.1499938964844,287.5,291.6499938964844,14467499
2026-06-17 00:00:00+05:30,291.95001220703125,292.3500061035156,290.0,290.75,8626353
2026-06-18 00:00:00+05:30,291.04998779296875,291.8999938964844,288.0,291.1499938964844,10409670
2026-06-19 00:00:00+05:30,289.79998779296875,294.54998779296875,288.3999938964844,292.5,13874008
2026-06-22 00:00:00+05:30,292.79998779296875,293.95001220703125,290.04998779296875,291.25,9947873
2026-06-23 00:00:00+05:30,291.25,293.1499938964844,289.6499938964844,290.0,9410364
2026-06-24 00:00:00+05:30,290.0,291.3999938964844,289.45001220703125,290.3500061035156,6218635
2026-06-25 00:00:00+05:30,290.3500061035156,292.25,289.20001220703125,290.0,11230239
2026-06-26 00:00:00+05:30,290.0,290.0,290.0,290.0,0
2026-06-29 00:00:00+05:30,290.45001220703125,291.8999938964844,289.3500061035156,290.70001220703125,10110022
2026-06-30 00:00:00+05:30,291.5,291.6000061035156,285.5,286.95001220703125,18180676
2026-07-01 00:00:00+05:30,287.8500061035156,291.0,287.1000061035156,290.29998779296875,6551425
2026-07-02 00:00:00+05:30,290.70001220703125,291.0,287.70001220703125,289.8999938964844,12722639
2026-07-03 00:00:00+05:30,291.29998779296875,291.6000061035156,289.0,289.95001220703125,6517591
2026-07-06 00:00:00+05:30,289.95001220703125,290.3999938964844,287.6000061035156,288.25,27126124
2026-07-07 00:00:00+05:30,288.29998779296875,290.70001220703125,286.54998779296875,288.75,18491160
2026-07-08 00:00:00+05:30,286.8999938964844,287.8500061035156,280.0,280.6499938964844,21593793
2026-07-09 00:00:00+05:30,281.25,284.3999938964844,281.0,282.04998779296875,12512120
2026-07-10 00:00:00+05:30,282.8500061035156,283.6499938964844,280.8500061035156,281.75,11774274
2026-07-13 00:00:00+05:30,281.3500061035156,281.5,279.5,279.6499938964844,12559492
2026-07-14 00:00:00+05:30,279.25,280.6499938964844,275.0,275.54998779296875,15018851
2026-07-15 00:00:00+05:30,276.6499938964844,277.70001220703125,275.29998779296875,276.6499938964844,8523722
2026-07-16 00:00:00+05:30,277.0,280.45001220703125,276.0,279.3500061035156,11220653
2026-07-17 00:00:00+05:30,279.3500061035156,281.95001220703125,277.79998779296875,280.70001220703125,15215868
2026-07-20 00:00:00+05:30,280.70001220703125,283.70001220703125,279.5,282.70001220703125,9913943
2026-07-21 00:00:00+05:30,283.0,283.95001220703125,278.79998779296875,281.0,9858768
2026-07-22 00:00:00+05:30,280.5,282.20001220703125,278.5,280.79998779296875,12995017
2026-07-23 00:00:00+05:30,279.95001220703125,284.0,279.6499938964844,281.29998779296875,21143589
2026-07-24 00:00:00+05:30,279.54998779296875,284.8500061035156,279.54998779296875,283.45001220703125,24954082
2026-07-27 00:00:00+05:30,287.75,287.8999938964844,285.5,285.8500061035156,19312804
