Date,Open,High,Low,Close,Volume
2025-07-25 09:15:00+05:30,281.6400146484375,281.6400146484375,280.3500061035156,280.70001220703125,0
2025-07-25 10:15:00+05:30,280.7900085449219,280.7900085449219,280.010009765625,280.239990234375,1105700
2025-07-25 11:15:00+05:30,280.239990234375,280.70001220703125,279.95001220703125,280.1499938964844,695785
2025-07-25 12:15:00+05:30,280.1499938964844,280.45001220703125,279.8999938964844,280.30999755859375,527269
2025-07-25 13:15:00+05:30,280.30999755859375,280.5,279.8500061035156,280.1000061035156,588665
2025-07-25 14:15:00+05:30,280.1199951171875,280.3299865722656,279.95001220703125,280.0899963378906,1120557
2025-07-25 15:15:00+05:30,280.0899963378906,280.1400146484375,279.95001220703125,280.0,379844
2025-07-28 09:15:00+05:30,279.8500061035156,280.3900146484375,279.0,280.1499938964844,0
2025-07-28 10:15:00+05:30,280.20001220703125,280.6199951171875,279.510009765625,279.8399963378906,418782
2025-07-28 11:15:00+05:30,279.8999938964844,280.05999755859375,279.6000061035156,279.6300048828125,176647
2025-07-28 12:15:00+05:30,279.6499938964844,279.7900085449219,278.7300109863281,278.760009765625,506340
2025-07-28 13:15:00+05:30,278.79998779296875,278.8299865722656,278.1499938964844,278.4800109863281,731206
2025-07-28 14:15:00+05:30,278.4800109863281,278.6499938964844,278.44000244140625,278.5199890136719,542658
2025-07-28 15:15:00+05:30,278.5199890136719,278.760009765625,278.29998779296875,278.760009765625,204177
2025-07-29 09:15:00+05:30,277.8500061035156,278.8900146484375,277.7200012207031,278.3599853515625,0
2025-07-29 10:15:00+05:30,278.3399963378906,278.3900146484375,277.7099914550781,278.1700134277344,423856
2025-07-29 11:15:00+05:30,278.20001220703125,278.79998779296875,278.20001220703125,278.6400146484375,317171
2025-07-29 12:15:00+05:30,278.6499938964844,279.1099853515625,278.510009765625,279.1099853515625,371391
2025-07-29 13:15:00+05:30,279.1099853515625,279.75,279.0,279.69000244140625,533675
2025-07-29 14:15:00+05:30,279.7200012207031,280.1000061035156,279.5,280.0,823795
2025-07-29 15:15:00+05:30,280.0799865722656,280.3500061035156,279.8999938964844,280.0,247295
2025-07-30 09:15:00+05:30,279.9599914550781,280.5199890136719,279.760009765625,279.95001220703125,0
2025-07-30 10:15:00+05:30,279.95001220703125,280.1499938964844,279.260009765625,280.1400146484375,652723
2025-07-30 11:15:00+05:30,280.1499938964844,280.6400146484375,280.1400146484375,280.1499938964844,702917
2025-07-30 12:15:00+05:30,280.1600036621094,280.4700012207031,280.010009765625,280.05999755859375,156308
2025-07-30 13:15:00+05:30,280.1300048828125,280.32000732421875,280.0,280.1099853515625,129503
2025-07-30 14:15:00+05:30,280.1199951171875,280.489990234375,280.0199890136719,280.1499938964844,170557
2025-07-30 15:15:00+05:30,280.1000061035156,280.3399963378906,279.9800109863281,280.239990234375,698194
2025-07-31 09:15:00+05:30,278.1099853515625,278.8500061035156,277.79998779296875,278.44000244140625,0
2025-07-31 10:15:00+05:30,278.44000244140625,279.5799865722656,278.30999755859375,279.1600036621094,1199423
2025-07-31 11:15:00+05:30,279.2300109863281,280.0,279.1499938964844,279.9700012207031,485947
2025-07-31 12:15:00+05:30,279.9100036621094,281.0899963378906,279.9100036621094,280.8999938964844,559638
2025-07-31 13:15:00+05:30,280.8500061035156,281.3800048828125,280.7099914550781,280.94000244140625,1186037
2025-07-31 14:15:00+05:30,280.8399963378906,280.94000244140625,279.07000732421875,279.1600036621094,979042
2025-07-31 15:15:00+05:30,279.239990234375,279.3399963378906,279.0,279.3399963378906,402755
2025-08-01 09:15:00+05:30,279.0,279.3599853515625,278.5299987792969,279.30999755859375,0
2025-08-01 10:15:00+05:30,279.29998779296875,279.6000061035156,278.80999755859375,278.8999938964844,410562
2025-08-01 11:15:00+05:30,278.95001220703125,279.010009765625,278.20001220703125,278.3299865722656,547649
2025-08-01 12:15:00+05:30,278.3299865722656,278.6499938964844,277.8599853515625,278.29998779296875,500269
2025-08-01 13:15:00+05:30,278.1600036621094,278.6499938964844,277.8999938964844,278.2799987792969,446649
2025-08-01 14:15:00+05:30,278.2799987792969,278.29998779296875,277.1099853515625,277.1300048828125,1059716
2025-08-01 15:15:00+05:30,277.1199951171875,277.5400085449219,277.0299987792969,277.4599914550781,889954
2025-08-04 09:15:00+05:30,277.95001220703125,278.2799987792969,277.0400085449219,277.8999938964844,0
2025-08-04 10:15:00+05:30,277.8999938964844,278.2799987792969,277.5899963378906,278.1199951171875,943541
2025-08-04 11:15:00+05:30,278.1400146484375,278.3500061035156,277.79998779296875,278.25,315578
2025-08-04 12:15:00+05:30,278.25,278.7699890136719,278.1300048828125,278.54998779296875,340641
2025-08-04 13:15:00+05:30,278.55999755859375,278.95001220703125,278.010009765625,278.79998779296875,283448
2025-08-04 14:15:00+05:30,278.79998779296875,278.95001220703125,278.510009765625,278.79998779296875,218295
2025-08-04 15:15:00+05:30,278.79998779296875,279.0199890136719,278.7200012207031,279.0199890136719,123161
2025-08-05 09:15:00+05:30,279.0,279.0,277.6300048828125,277.7699890136719,0
2025-08-05 10:15:00+05:30,277.8299865722656,278.1600036621094,277.6199951171875,278.07000732421875,393611
2025-08-05 11:15:00+05:30,278.0,278.20001220703125,277.7200012207031,278.17999267578125,729040
2025-08-05 12:15:00+05:30,278.17999267578125,278.2300109863281,277.8999938964844,277.94000244140625,299207
2025-08-05 13:15:00+05:30,278.0,278.0,277.6000061035156,277.80999755859375,329668
2025-08-05 14:15:00+05:30,277.80999755859375,278.3599853515625,277.6400146484375,278.3299865722656,462377
2025-08-05 15:15:00+05:30,278.2699890136719,278.2900085449219,278.010009765625,278.2900085449219,122110
2025-08-06 09:15:00+05:30,278.1400146484375,278.3999938964844,277.5,277.739990234375,610570
2025-08-06 10:15:00+05:30,277.739990234375,278.1300048828125,277.0299987792969,277.25,444530
2025-08-06 11:15:00+05:30,277.2699890136719,277.6499938964844,277.1000061035156,277.5,264412
2025-08-06 12:15:00+05:30,277.4100036621094,277.9700012207031,277.3500061035156,277.6499938964844,247083
2025-08-06 13:15:00+05:30,277.760009765625,277.9200134277344,277.3999938964844,277.4700012207031,176710
2025-08-06 14:15:00+05:30,277.5,277.5799865722656,277.0299987792969,277.44000244140625,398440
2025-08-06 15:15:00+05:30,277.42999267578125,277.45001220703125,277.1499938964844,277.3999938964844,188254
2025-08-07 09:15:00+05:30,276.8500061035156,276.9599914550781,276.1700134277344,276.32000732421875,928882
2025-08-07 10:15:00+05:30,276.30999755859375,276.45001220703125,275.29998779296875,275.55999755859375,1332209
2025-08-07 11:15:00+05:30,275.5799865722656,275.9800109863281,275.54998779296875,275.9800109863281,1499809
2025-08-07 12:15:00+05:30,275.95001220703125,275.989990234375,275.489990234375,275.510009765625,1099256
2025-08-07 13:15:00+05:30,275.510009765625,275.7799987792969,274.79998779296875,275.7099914550781,1361713
2025-08-07 14:15:00+05:30,275.7099914550781,277.5,275.6300048828125,277.30999755859375,982851
2025-08-07 15:15:00+05:30,277.29998779296875,277.989990234375,277.260009765625,277.8399963378906,229785
2025-08-08 09:15:00+05:30,276.95001220703125,277.3599853515625,275.95001220703125,276.0799865722656,0
2025-08-08 10:15:00+05:30,276.0799865722656,276.4200134277344,275.6300048828125,275.9700012207031,588305
2025-08-08 11:15:00+05:30,275.9700012207031,276.0899963378906,275.510009765625,275.739990234375,425965
2025-08-08 12:15:00+05:30,275.739990234375,276.3699951171875,275.6000061035156,275.8999938964844,333941
2025-08-08 13:15:00+05:30,275.8399963378906,276.1499938964844,275.44000244140625,275.67999267578125,554072
2025-08-08 14:15:00+05:30,275.67999267578125,275.92999267578125,274.95001220703125,275.0,1087544
2025-08-08 15:15:00+05:30,275.19000244140625,275.4800109863281,274.80999755859375,275.1400146484375,647983
2025-08-11 09:15:00+05:30,275.5,275.7200012207031,274.6499938964844,275.5199890136719,0
2025-08-11 10:15:00+05:30,275.45001220703125,276.1499938964844,275.45001220703125,275.8999938964844,444454
2025-08-11 11:15:00+05:30,275.9800109863281,276.239990234375,275.5,276.0,331219
2025-08-11 12:15:00+05:30,276.0,276.5,275.760009765625,276.239990234375,361445
2025-08-11 13:15:00+05:30,276.239990234375,276.8699951171875,276.1600036621094,276.79998779296875,429860
2025-08-11 14:15:00+05:30,276.79998779296875,277.489990234375,276.6400146484375,277.45001220703125,423645
2025-08-11 15:15:00+05:30,277.45001220703125,277.45001220703125,277.0,277.0,101152
2025-08-12 09:15:00+05:30,277.2900085449219,278.69000244140625,276.8699951171875,278.30999755859375,0
2025-08-12 10:15:00+05:30,278.3299865722656,278.4700012207031,277.1099853515625,277.260009765625,875413
2025-08-12 11:15:00+05:30,277.260009765625,277.7300109863281,277.010009765625,277.4700012207031,299202
2025-08-12 12:15:00+05:30,277.4700012207031,278.20001220703125,277.3399963378906,277.8500061035156,706777
2025-08-12 13:15:00+05:30,277.79998779296875,277.8999938964844,277.1000061035156,277.2300109863281,314845
2025-08-12 14:15:00+05:30,277.2200012207031,277.3299865722656,276.20001220703125,276.6600036621094,597610
2025-08-12 15:15:00+05:30,276.6499938964844,276.7200012207031,276.44000244140625,276.6499938964844,142294
2025-08-13 09:15:00+05:30,277.1199951171875,277.8500061035156,277.05999755859375,277.6700134277344,0
2025-08-13 10:15:00+05:30,277.67999267578125,277.8399963378906,277.29998779296875,277.5799865722656,239322
2025-08-13 11:15:00+05:30,277.69000244140625,277.7200012207031,277.20001220703125,277.5400085449219,142066
2025-08-13 12:15:00+05:30,277.5400085449219,278.19000244140625,277.4100036621094,278.0,234493
2025-08-13 13:15:00+05:30,278.0,278.3599853515625,277.75,278.3399963378906,213773
2025-08-13 14:15:00+05:30,278.2799987792969,278.3599853515625,277.8900146484375,277.95001220703125,369133
2025-08-13 15:15:00+05:30,278.0,278.0899963378906,277.8999938964844,278.0,415408
2025-08-14 09:15:00+05:30,278.1499938964844,278.5799865722656,277.8999938964844,278.1600036621094,0
2025-08-14 10:15:00+05:30,278.1600036621094,278.489990234375,278.010009765625,278.29998779296875,231293
2025-08-14 11:15:00+05:30,278.29998779296875,278.3800048828125,277.82000732421875,277.8800048828125,233084
2025-08-14 12:15:00+05:30,278.0,278.3900146484375,277.79998779296875,278.29998779296875,303942
2025-08-14 13:15:00+05:30,278.29998779296875,278.489990234375,278.07000732421875,278.2200012207031,484298
2025-08-14 14:15:00+05:30,278.2900085449219,278.5299987792969,277.70001220703125,278.29998779296875,892623
2025-08-14 15:15:00+05:30,278.32000732421875,278.3500061035156,278.0,278.2099914550781,183904
2025-08-18 09:15:00+05:30,281.3999938964844,282.4100036621094,280.8699951171875,281.95001220703125,0
2025-08-18 10:15:00+05:30,282.0,282.1000061035156,281.57000732421875,281.6400146484375,438370
2025-08-18 11:15:00+05:30,281.6400146484375,281.8299865722656,280.80999755859375,280.8999938964844,772870
2025-08-18 12:15:00+05:30,280.8299865722656,281.5799865722656,280.5400085449219,281.5,694127
2025-08-18 13:15:00+05:30,281.4800109863281,281.6400146484375,281.1099853515625,281.5799865722656,722981
2025-08-18 14:15:00+05:30,281.5299987792969,281.7300109863281,281.010009765625,281.0199890136719,902938
2025-08-18 15:15:00+05:30,281.0199890136719,281.1400146484375,281.0199890136719,281.07000732421875,303367
2025-08-19 09:15:00+05:30,281.5,281.5199890136719,280.8900146484375,281.2799987792969,0
2025-08-19 10:15:00+05:30,281.2799987792969,281.4700012207031,281.0400085449219,281.45001220703125,376498
2025-08-19 11:15:00+05:30,281.45001220703125,281.7699890136719,281.29998779296875,281.75,314129
2025-08-19 12:15:00+05:30,281.7200012207031,282.2099914550781,281.7200012207031,281.9800109863281,682804
2025-08-19 13:15:00+05:30,281.9599914550781,282.04998779296875,281.25,281.3999938964844,341007
2025-08-19 14:15:00+05:30,281.5,282.0,281.3500061035156,281.989990234375,1002440
2025-08-19 15:15:00+05:30,281.95001220703125,282.1400146484375,281.7699890136719,282.0899963378906,260838
2025-08-20 09:15:00+05:30,281.9200134277344,282.19000244140625,281.260009765625,281.8500061035156,0
2025-08-20 10:15:00+05:30,281.8999938964844,282.25,281.80999755859375,282.25,263647
2025-08-20 11:15:00+05:30,282.2900085449219,282.4200134277344,282.0,282.29998779296875,471619
2025-08-20 12:15:00+05:30,282.4100036621094,282.67999267578125,282.2699890136719,282.5,434197
2025-08-20 13:15:00+05:30,282.54998779296875,282.8500061035156,282.2900085449219,282.6300048828125,458276
2025-08-20 14:15:00+05:30,282.6499938964844,282.82000732421875,282.45001220703125,282.57000732421875,420966
2025-08-20 15:15:00+05:30,282.57000732421875,282.57000732421875,282.3999938964844,282.5199890136719,213327
2025-08-21 09:15:00+05:30,283.489990234375,283.489990234375,282.54998779296875,283.29998779296875,0
2025-08-21 10:15:00+05:30,283.29998779296875,283.6199951171875,283.25,283.30999755859375,497561
2025-08-21 11:15:00+05:30,283.30999755859375,283.5,283.20001220703125,283.29998779296875,282756
2025-08-21 12:15:00+05:30,283.2099914550781,283.4700012207031,283.04998779296875,283.2900085449219,233227
2025-08-21 13:15:00+05:30,283.29998779296875,283.44000244140625,282.8999938964844,283.3999938964844,289511
2025-08-21 14:15:00+05:30,283.32000732421875,283.6000061035156,283.0,283.010009765625,493440
2025-08-21 15:15:00+05:30,283.0799865722656,283.1000061035156,282.8500061035156,283.05999755859375,165647
2025-08-22 09:15:00+05:30,282.75,283.1499938964844,281.2900085449219,281.6600036621094,0
2025-08-22 10:15:00+05:30,281.6400146484375,281.6400146484375,281.0,281.17999267578125,617402
2025-08-22 11:15:00+05:30,281.17999267578125,281.5400085449219,281.0,281.17999267578125,462760
2025-08-22 12:15:00+05:30,281.17999267578125,281.3399963378906,281.05999755859375,281.25,263259
2025-08-22 13:15:00+05:30,281.239990234375,281.489990234375,281.1700134277344,281.25,222317
2025-08-22 14:15:00+05:30,281.20001220703125,281.2200012207031,280.6499938964844,280.79998779296875,707560
2025-08-22 15:15:00+05:30,280.7799987792969,280.8599853515625,280.6600036621094,280.8399963378906,524509
2025-08-25 09:15:00+05:30,281.0400085449219,281.8399963378906,281.0199890136719,281.20001220703125,0
2025-08-25 10:15:00+05:30,281.20001220703125,281.70001220703125,281.05999755859375,281.6400146484375,256812
2025-08-25 11:15:00+05:30,281.6400146484375,281.82000732421875,281.3800048828125,281.7900085449219,206200
2025-08-25 12:15:00+05:30,281.82000732421875,282.1099853515625,281.79998779296875,282.0899963378906,233297
2025-08-25 13:15:00+05:30,282.0899963378906,282.2200012207031,281.8999938964844,282.0899963378906,342962
2025-08-25 14:15:00+05:30,282.0899963378906,282.20001220703125,281.5400085449219,281.55999755859375,293617
2025-08-25 15:15:00+05:30,281.57000732421875,281.8500061035156,281.5199890136719,281.8399963378906,79905
2025-08-26 09:15:00+05:30,281.3500061035156,281.4700012207031,279.45001220703125,279.82000732421875,0
2025-08-26 10:15:00+05:30,279.8999938964844,279.9800109863281,279.5799865722656,279.8800048828125,547477
2025-08-26 11:15:00+05:30,279.8800048828125,280.17999267578125,279.75,279.8800048828125,381979
2025-08-26 12:15:00+05:30,279.8800048828125,280.0199890136719,279.54998779296875,279.79998779296875,759711
2025-08-26 13:15:00+05:30,279.79998779296875,279.9800109863281,279.5,279.5,483695
2025-08-26 14:15:00+05:30,279.5,279.7200012207031,278.9100036621094,278.95001220703125,981766
2025-08-26 15:15:00+05:30,278.95001220703125,279.1099853515625,278.80999755859375,279.1099853515625,448171
2025-08-28 09:15:00+05:30,278.8500061035156,279.1000061035156,277.0,277.489990234375,0
2025-08-28 10:15:00+05:30,277.489990234375,278.44000244140625,277.2900085449219,278.239990234375,1001099
2025-08-28 11:15:00+05:30,278.25,278.4100036621094,277.760009765625,277.9800109863281,409611
2025-08-28 12:15:00+05:30,277.9800109863281,277.989990234375,277.010009765625,277.239990234375,673854
2025-08-28 13:15:00+05:30,277.239990234375,277.489990234375,277.010009765625,277.3900146484375,631420
2025-08-28 14:15:00+05:30,277.3900146484375,277.54998779296875,276.6600036621094,276.9599914550781,1901891
2025-08-28 15:15:00+05:30,276.94000244140625,277.1499938964844,276.80999755859375,277.04998779296875,505724
2025-08-29 09:15:00+05:30,277.2300109863281,277.54998779296875,276.54998779296875,276.6000061035156,0
2025-08-29 10:15:00+05:30,276.6099853515625,277.6000061035156,276.57000732421875,277.54998779296875,439777
2025-08-29 11:15:00+05:30,277.54998779296875,277.6499938964844,277.2099914550781,277.4100036621094,254791
2025-08-29 12:15:00+05:30,277.5,277.5,276.9100036621094,276.94000244140625,1070759
2025-08-29 13:15:00+05:30,276.9100036621094,277.1199951171875,276.70001220703125,277.1099853515625,380892
2025-08-29 14:15:00+05:30,277.1099853515625,277.29998779296875,275.6000061035156,275.7099914550781,937903
2025-08-29 15:15:00+05:30,275.7099914550781,276.3399963378906,275.7099914550781,276.3399963378906,261602
2025-09-01 09:15:00+05:30,276.67999267578125,277.54998779296875,276.6000061035156,277.2300109863281,0
2025-09-01 10:15:00+05:30,277.1700134277344,277.4599914550781,276.8599853515625,277.44000244140625,357171
2025-09-01 11:15:00+05:30,277.44000244140625,277.5,277.0400085449219,277.44000244140625,224922
2025-09-01 12:15:00+05:30,277.45001220703125,277.7900085449219,277.3800048828125,277.7799987792969,311987
2025-09-01 13:15:00+05:30,277.7799987792969,277.9800109863281,277.75,277.95001220703125,281630
2025-09-01 14:15:00+05:30,277.9700012207031,278.25,277.8500061035156,278.239990234375,442793
2025-09-01 15:15:00+05:30,278.25,278.25,278.04998779296875,278.20001220703125,339273
2025-09-02 09:15:00+05:30,278.8800048828125,279.2900085449219,278.1499938964844,279.1499938964844,0
2025-09-02 10:15:00+05:30,279.1499938964844,279.5,279.1000061035156,279.3999938964844,478629
2025-09-02 11:15:00+05:30,279.3900146484375,279.45001220703125,279.20001220703125,279.29998779296875,214440
2025-09-02 12:15:00+05:30,279.29998779296875,279.489990234375,279.1000061035156,279.25,452252
2025-09-02 13:15:00+05:30,279.25,279.29998779296875,277.17999267578125,277.45001220703125,700224
2025-09-02 14:15:00+05:30,277.42999267578125,277.8900146484375,277.010009765625,277.7099914550781,848844
2025-09-02 15:15:00+05:30,277.7699890136719,277.8500061035156,277.510009765625,277.6000061035156,123529
2025-09-03 09:15:00+05:30,277.9700012207031,278.5,277.1300048828125,277.94000244140625,0
2025-09-03 10:15:00+05:30,277.9200134277344,277.95001220703125,277.5199890136719,277.82000732421875,615804
2025-09-03 11:15:00+05:30,277.80999755859375,278.29998779296875,277.5299987792969,278.29998779296875,632983
2025-09-03 12:15:00+05:30,278.2799987792969,278.5,277.8399963378906,278.0199890136719,884931
2025-09-03 13:15:00+05:30,277.8599853515625,278.5400085449219,277.8599853515625,278.3500061035156,516103
2025-09-03 14:15:00+05:30,278.3500061035156,279.20001220703125,278.3299865722656,279.1000061035156,862313
2025-09-03 15:15:00+05:30,279.1400146484375,279.1700134277344,278.79998779296875,278.8399963378906,191909
2025-09-04 09:15:00+05:30,281.25,281.4700012207031,280.30999755859375,280.4800109863281,0
2025-09-04 10:15:00+05:30,280.4800109863281,280.95001220703125,280.0799865722656,280.1499938964844,431982
2025-09-04 11:15:00+05:30,280.20001220703125,280.5,280.0199890136719,280.1499938964844,248317
2025-09-04 12:15:00+05:30,280.1499938964844,280.5,279.75,280.2200012207031,439748
2025-09-04 13:15:00+05:30,280.3599853515625,280.45001220703125,279.7099914550781,279.8900146484375,432750
2025-09-04 14:15:00+05:30,279.82000732421875,279.94000244140625,279.1099853515625,279.2699890136719,758691
2025-09-04 15:15:00+05:30,279.1300048828125,279.6099853515625,279.1000061035156,279.6099853515625,232620
2025-09-05 09:15:00+05:30,280.6099853515625,280.6099853515625,278.82000732421875,278.9599914550781,0
2025-09-05 10:15:00+05:30,278.7900085449219,279.29998779296875,278.30999755859375,279.0199890136719,732696
2025-09-05 11:15:00+05:30,279.0,279.1000061035156,278.5199890136719,278.5899963378906,632829
2025-09-05 12:15:00+05:30,278.5899963378906,278.70001220703125,278.20001220703125,278.6499938964844,543537
2025-09-05 13:15:00+05:30,278.6499938964844,280.1499938964844,278.6499938964844,279.7099914550781,749015
2025-09-05 14:15:00+05:30,279.7200012207031,279.8599853515625,279.3999938964844,279.54998779296875,276086
2025-09-05 15:15:00+05:30,279.6000061035156,279.7300109863281,279.5,279.6000061035156,131482
2025-09-08 09:15:00+05:30,280.4700012207031,280.6700134277344,279.70001220703125,280.20001220703125,0
2025-09-08 10:15:00+05:30,280.20001220703125,280.3599853515625,279.79998779296875,280.20001220703125,1362899
2025-09-08 11:15:00+05:30,280.20001220703125,280.54998779296875,280.17999267578125,280.54998779296875,363890
2025-09-08 12:15:00+05:30,280.4800109863281,280.8999938964844,280.3800048828125,280.8900146484375,351115
2025-09-08 13:15:00+05:30,280.8900146484375,280.94000244140625,280.4200134277344,280.67999267578125,601441
2025-09-08 14:15:00+05:30,280.6600036621094,280.95001220703125,279.79998779296875,279.94000244140625,1116863
2025-09-08 15:15:00+05:30,279.94000244140625,280.239990234375,279.8800048828125,280.2300109863281,182139
2025-09-09 09:15:00+05:30,281.1400146484375,281.1400146484375,280.239990234375,280.44000244140625,0
2025-09-09 10:15:00+05:30,280.32000732421875,280.5,280.20001220703125,280.4599914550781,578328
2025-09-09 11:15:00+05:30,280.4599914550781,280.5299987792969,280.239990234375,280.42999267578125,280215
2025-09-09 12:15:00+05:30,280.42999267578125,280.7300109863281,280.3599853515625,280.4700012207031,913791
2025-09-09 13:15:00+05:30,280.489990234375,280.70001220703125,280.3699951171875,280.70001220703125,670975
2025-09-09 14:15:00+05:30,280.70001220703125,280.7200012207031,280.30999755859375,280.510009765625,373079
2025-09-09 15:15:00+05:30,280.5400085449219,280.7200012207031,280.4700012207031,280.5400085449219,159006
2025-09-10 09:15:00+05:30,281.8299865722656,282.17999267578125,281.2699890136719,282.1199951171875,0
2025-09-10 10:15:00+05:30,282.1300048828125,282.4700012207031,282.010009765625,282.2900085449219,670414
2025-09-10 11:15:00+05:30,282.2900085449219,282.2900085449219,281.8699951171875,282.19000244140625,390960
2025-09-10 12:15:00+05:30,282.19000244140625,282.29998779296875,281.92999267578125,282.0,478410
2025-09-10 13:15:00+05:30,282.0,282.19000244140625,281.7799987792969,281.7799987792969,388538
2025-09-10 14:15:00+05:30,281.7699890136719,282.05999755859375,281.510009765625,282.0,1643157
2025-09-10 15:15:00+05:30,282.0,282.239990234375,281.95001220703125,282.1000061035156,155737
2025-09-11 09:15:00+05:30,281.8399963378906,282.25,281.760009765625,281.7699890136719,0
2025-09-11 10:15:00+05:30,281.8399963378906,282.17999267578125,281.7799987792969,282.1400146484375,384105
2025-09-11 11:15:00+05:30,282.1499938964844,282.17999267578125,281.79998779296875,281.989990234375,631778
2025-09-11 12:15:00+05:30,282.0,282.42999267578125,282.0,282.4100036621094,526446
2025-09-11 13:15:00+05:30,282.4100036621094,282.6600036621094,282.20001220703125,282.44000244140625,766626
2025-09-11 14:15:00+05:30,282.45001220703125,282.6600036621094,282.260009765625,282.5,650199
2025-09-11 15:15:00+05:30,282.3999938964844,282.67999267578125,282.3999938964844,282.6099853515625,178654
2025-09-12 09:15:00+05:30,283.010009765625,283.3800048828125,282.7099914550781,283.1000061035156,0
2025-09-12 10:15:00+05:30,283.1300048828125,283.3500061035156,282.9599914550781,283.32000732421875,495778
2025-09-12 11:15:00+05:30,283.32000732421875,283.5799865722656,283.30999755859375,283.44000244140625,989999
2025-09-12 12:15:00+05:30,283.44000244140625,283.510009765625,283.20001220703125,283.510009765625,567591
2025-09-12 13:15:00+05:30,283.5299987792969,283.5799865722656,283.2200012207031,283.3999938964844,742728
2025-09-12 14:15:00+05:30,283.30999755859375,283.5199890136719,283.239990234375,283.3699951171875,389615
2025-09-12 15:15:00+05:30,283.3699951171875,283.8999938964844,283.3500061035156,283.3500061035156,590422
2025-09-15 09:15:00+05:30,283.5199890136719,284.1400146484375,283.0299987792969,283.1000061035156,0
2025-09-15 10:15:00+05:30,283.1000061035156,283.25,283.0,283.1000061035156,373855
2025-09-15 11:15:00+05:30,283.1700134277344,283.3999938964844,283.0,283.2699890136719,738945
2025-09-15 12:15:00+05:30,283.3500061035156,283.44000244140625,283.239990234375,283.3999938964844,541499
2025-09-15 13:15:00+05:30,283.3999938964844,283.45001220703125,283.0,283.010009765625,477453
2025-09-15 14:15:00+05:30,283.1099853515625,283.3500061035156,283.0,283.1600036621094,615285
2025-09-15 15:15:00+05:30,283.1600036621094,283.29998779296875,283.05999755859375,283.29998779296875,231048
2025-09-16 09:15:00+05:30,283.2900085449219,284.2300109863281,283.010009765625,284.1000061035156,0
2025-09-16 10:15:00+05:30,284.1000061035156,284.3699951171875,284.0,284.1099853515625,497233
2025-09-16 11:15:00+05:30,284.1000061035156,284.3500061035156,284.1000061035156,284.2099914550781,538378
2025-09-16 12:15:00+05:30,284.20001220703125,284.6000061035156,284.20001220703125,284.3699951171875,506022
2025-09-16 13:15:00+05:30,284.3699951171875,284.3999938964844,284.1199951171875,284.3800048828125,170491
2025-09-16 14:15:00+05:30,284.3800048828125,284.989990234375,284.2799987792969,284.8599853515625,1161877
2025-09-16 15:15:00+05:30,284.8999938964844,285.1000061035156,284.82000732421875,285.05999755859375,875113
2025-09-17 09:15:00+05:30,285.3900146484375,285.8999938964844,285.0,285.7900085449219,0
2025-09-17 10:15:00+05:30,285.7900085449219,285.95001220703125,285.5899963378906,285.9200134277344,362273
2025-09-17 11:15:00+05:30,285.9200134277344,286.0899963378906,285.7200012207031,285.82000732421875,954813
2025-09-17 12:15:00+05:30,285.8500061035156,286.1400146484375,285.7900085449219,286.04998779296875,377257
2025-09-17 13:15:00+05:30,286.0400085449219,286.1499938964844,285.6099853515625,285.75,367131
2025-09-17 14:15:00+05:30,285.75,286.1000061035156,285.5,286.04998779296875,625094
2025-09-17 15:15:00+05:30,286.010009765625,286.0899963378906,285.7900085449219,286.04998779296875,290518
2025-09-18 09:15:00+05:30,286.8699951171875,286.95001220703125,286.510009765625,286.67999267578125,0
2025-09-18 10:15:00+05:30,286.67999267578125,286.8999938964844,286.5299987792969,286.7699890136719,917798
2025-09-18 11:15:00+05:30,286.7699890136719,286.8999938964844,286.6000061035156,286.7200012207031,316587
2025-09-18 12:15:00+05:30,286.7200012207031,286.7799987792969,286.0,286.2200012207031,387023
2025-09-18 13:15:00+05:30,286.2099914550781,286.5,286.0,286.1499938964844,367309
2025-09-18 14:15:00+05:30,286.1499938964844,286.8900146484375,285.9599914550781,286.7200012207031,593456
2025-09-18 15:15:00+05:30,286.7300109863281,286.8699951171875,286.5,286.6000061035156,218519
2025-09-19 09:15:00+05:30,286.79998779296875,286.8500061035156,285.3500061035156,285.7200012207031,0
2025-09-19 10:15:00+05:30,285.7300109863281,285.8800048828125,285.4100036621094,285.6300048828125,415875
2025-09-19 11:15:00+05:30,285.6199951171875,285.6499938964844,285.3500061035156,285.5,410640
2025-09-19 12:15:00+05:30,285.6000061035156,285.8800048828125,285.3500061035156,285.7799987792969,403281
2025-09-19 13:15:00+05:30,285.79998779296875,286.1600036621094,285.75,286.1099853515625,293001
2025-09-19 14:15:00+05:30,286.1499938964844,286.1499938964844,285.70001220703125,285.79998779296875,371171
2025-09-19 15:15:00+05:30,285.8299865722656,286.1000061035156,285.82000732421875,285.9100036621094,222146
2025-09-22 09:15:00+05:30,285.1000061035156,285.75,284.5899963378906,285.70001220703125,0
2025-09-22 10:15:00+05:30,285.6099853515625,285.7799987792969,285.42999267578125,285.5799865722656,455689
2025-09-22 11:15:00+05:30,285.5799865722656,285.6000061035156,285.0299987792969,285.3399963378906,395181
2025-09-22 12:15:00+05:30,285.3399963378906,285.6000061035156,285.29998779296875,285.44000244140625,188471
2025-09-22 13:15:00+05:30,285.55999755859375,285.55999755859375,285.1499938964844,285.3900146484375,241889
2025-09-22 14:15:00+05:30,285.3900146484375,285.3900146484375,284.1300048828125,284.4700012207031,752419
2025-09-22 15:15:00+05:30,284.489990234375,284.5299987792969,284.29998779296875,284.45001220703125,243845
2025-09-23 09:15:00+05:30,284.6499938964844,284.8800048828125,283.3599853515625,283.80999755859375,0
2025-09-23 10:15:00+05:30,283.8399963378906,283.8699951171875,283.32000732421875,283.4800109863281,371899
2025-09-23 11:15:00+05:30,283.3500061035156,283.79998779296875,283.20001220703125,283.7699890136719,765505
2025-09-23 12:15:00+05:30,283.79998779296875,284.69000244140625,283.7200012207031,284.45001220703125,424067
2025-09-23 13:15:00+05:30,284.45001220703125,285.04998779296875,284.32000732421875,284.5799865722656,782223
2025-09-23 14:15:00+05:30,284.5799865722656,284.8900146484375,284.2300109863281,284.2300109863281,663278
2025-09-23 15:15:00+05:30,284.29998779296875,284.54998779296875,284.1499938964844,284.54998779296875,569182
2025-09-24 09:15:00+05:30,284.1199951171875,284.1199951171875,282.9100036621094,283.239990234375,0
2025-09-24 10:15:00+05:30,283.239990234375,283.4700012207031,282.6000061035156,282.8299865722656,667929
2025-09-24 11:15:00+05:30,282.8299865722656,283.45001220703125,282.8299865722656,283.45001220703125,483416
2025-09-24 12:15:00+05:30,283.4200134277344,283.7699890136719,283.2099914550781,283.6600036621094,460099
2025-09-24 13:15:00+05:30,283.6700134277344,283.7699890136719,283.239990234375,283.2900085449219,836930
2025-09-24 14:15:00+05:30,283.2900085449219,283.44000244140625,282.7200012207031,282.9100036621094,689293
2025-09-24 15:15:00+05:30,282.94000244140625,283.010009765625,282.82000732421875,282.9800109863281,183321
2025-09-25 09:15:00+05:30,282.4100036621094,283.239990234375,282.3299865722656,282.55999755859375,0
2025-09-25 10:15:00+05:30,282.6600036621094,282.82000732421875,282.20001220703125,282.3800048828125,295718
2025-09-25 11:15:00+05:30,282.3800048828125,282.42999267578125,281.8800048828125,281.8999938964844,422734
2025-09-25 12:15:00+05:30,281.8999938964844,282.1499938964844,281.75,282.0299987792969,503464
2025-09-25 13:15:00+05:30,282.0199890136719,282.3299865722656,281.7799987792969,281.8500061035156,288924
2025-09-25 14:15:00+05:30,281.8500061035156,282.0299987792969,281.04998779296875,281.20001220703125,678462
2025-09-25 15:15:00+05:30,281.20001220703125,281.45001220703125,281.1499938964844,281.3699951171875,264253
2025-09-26 09:15:00+05:30,280.94000244140625,280.94000244140625,279.9200134277344,280.1000061035156,0
2025-09-26 10:15:00+05:30,280.1000061035156,280.3900146484375,279.9200134277344,279.9800109863281,492707
2025-09-26 11:15:00+05:30,279.9599914550781,280.0,279.6099853515625,279.95001220703125,649508
2025-09-26 12:15:00+05:30,279.8699951171875,280.20001220703125,279.8500061035156,279.8500061035156,340054
2025-09-26 13:15:00+05:30,279.8500061035156,279.8699951171875,278.5400085449219,278.7900085449219,1306139
2025-09-26 14:15:00+05:30,278.80999755859375,278.8999938964844,278.5,278.7699890136719,1344690
2025-09-26 15:15:00+05:30,278.79998779296875,278.9700012207031,278.6499938964844,278.9700012207031,423114
2025-09-29 09:15:00+05:30,279.9599914550781,279.989990234375,278.82000732421875,279.8800048828125,0
2025-09-29 10:15:00+05:30,279.8500061035156,280.25,279.3999938964844,279.70001220703125,550903
2025-09-29 11:15:00+05:30,279.7200012207031,279.7300109863281,278.5,278.54998779296875,497508
2025-09-29 12:15:00+05:30,278.6199951171875,278.9700012207031,278.20001220703125,278.8500061035156,712987
2025-09-29 13:15:00+05:30,278.9800109863281,279.6000061035156,278.6199951171875,279.3800048828125,749267
2025-09-29 14:15:00+05:30,279.25,279.55999755859375,278.2900085449219,278.5,620798
2025-09-29 15:15:00+05:30,278.6000061035156,279.0799865722656,278.3399963378906,279.07000732421875,221069
2025-09-30 09:15:00+05:30,278.989990234375,278.989990234375,277.92999267578125,278.0,0
2025-09-30 10:15:00+05:30,278.0,278.3999938964844,277.6000061035156,278.3900146484375,1491725
2025-09-30 11:15:00+05:30,278.3900146484375,278.54998779296875,277.8599853515625,278.010009765625,1228595
2025-09-30 12:15:00+05:30,278.1000061035156,278.3999938964844,277.92999267578125,278.1000061035156,1627184
2025-09-30 13:15:00+05:30,278.1000061035156,278.25,277.4100036621094,277.6499938964844,970400
2025-09-30 14:15:00+05:30,277.6499938964844,277.79998779296875,277.2900085449219,277.3999938964844,1833050
2025-09-30 15:15:00+05:30,277.3999938964844,278.0,277.3299865722656,277.9800109863281,797226
2025-10-01 09:15:00+05:30,277.6000061035156,278.8800048828125,277.6000061035156,278.5,0
2025-10-01 10:15:00+05:30,278.5299987792969,278.8999938964844,278.2300109863281,278.8900146484375,608298
2025-10-01 11:15:00+05:30,278.8599853515625,280.0,278.8599853515625,280.0,592125
2025-10-01 12:15:00+05:30,280.0,280.0,279.42999267578125,279.8299865722656,724830
2025-10-01 13:15:00+05:30,279.8500061035156,280.19000244140625,279.7200012207031,280.1400146484375,633614
2025-10-01 14:15:00+05:30,280.1400146484375,280.5799865722656,279.94000244140625,280.4800109863281,846437
2025-10-01 15:15:00+05:30,280.4800109863281,280.6300048828125,280.3999938964844,280.5799865722656,265788
2025-10-03 09:15:00+05:30,280.0299987792969,280.5899963378906,279.6600036621094,280.1000061035156,0
2025-10-03 10:15:00+05:30,280.1000061035156,280.3399963378906,279.7799987792969,280.2699890136719,605415
2025-10-03 11:15:00+05:30,280.2799987792969,280.6499938964844,280.1199951171875,280.6000061035156,625172
2025-10-03 12:15:00+05:30,280.54998779296875,280.6499938964844,280.0299987792969,280.6000061035156,423840
2025-10-03 13:15:00+05:30,280.6300048828125,280.6300048828125,280.20001220703125,280.25,477578
2025-10-03 14:15:00+05:30,280.20001220703125,281.2900085449219,280.1600036621094,281.1000061035156,1064157
2025-10-03 15:15:00+05:30,281.1700134277344,281.30999755859375,281.010009765625,281.29998779296875,547672
2025-10-06 09:15:00+05:30,281.8800048828125,281.8800048828125,280.70001220703125,281.6700134277344,0
2025-10-06 10:15:00+05:30,281.6700134277344,282.1400146484375,281.5299987792969,282.1400146484375,909799
2025-10-06 11:15:00+05:30,282.1099853515625,282.239990234375,281.8699951171875,282.20001220703125,599349
2025-10-06 12:15:00+05:30,282.1499938964844,282.75,282.010009765625,282.70001220703125,598973
2025-10-06 13:15:00+05:30,282.739990234375,283.17999267578125,282.70001220703125,282.7200012207031,591190
2025-10-06 14:15:00+05:30,282.79998779296875,283.1600036621094,282.70001220703125,283.0,603291
2025-10-06 15:15:00+05:30,283.0799865722656,283.17999267578125,282.9100036621094,282.9100036621094,309174
2025-10-07 09:15:00+05:30,283.5799865722656,284.19000244140625,282.79998779296875,284.05999755859375,0
2025-10-07 10:15:00+05:30,284.05999755859375,284.1600036621094,283.69000244140625,283.79998779296875,996222
2025-10-07 11:15:00+05:30,283.79998779296875,284.0799865722656,283.19000244140625,283.9200134277344,807929
2025-10-07 12:15:00+05:30,283.9200134277344,284.20001220703125,283.75,284.1499938964844,591754
2025-10-07 13:15:00+05:30,284.1700134277344,284.3999938964844,284.0,284.3800048828125,862849
2025-10-07 14:15:00+05:30,284.3800048828125,284.4700012207031,283.04998779296875,283.25,1195685
2025-10-07 15:15:00+05:30,283.239990234375,283.69000244140625,283.17999267578125,283.6499938964844,255784
2025-10-08 09:15:00+05:30,283.3999938964844,284.1499938964844,283.1099853515625,283.739990234375,0
2025-10-08 10:15:00+05:30,283.7300109863281,283.75,282.3999938964844,282.4800109863281,957427
2025-10-08 11:15:00+05:30,282.4800109863281,282.7200012207031,282.19000244140625,282.5,883575
2025-10-08 12:15:00+05:30,282.6000061035156,283.1000061035156,282.010009765625,283.05999755859375,773972
2025-10-08 13:15:00+05:30,283.1400146484375,283.4800109863281,282.54998779296875,282.8599853515625,728977
2025-10-08 14:15:00+05:30,282.8299865722656,282.9200134277344,282.25,282.3399963378906,503253
2025-10-08 15:15:00+05:30,282.3599853515625,282.4800109863281,282.20001220703125,282.4800109863281,209582
2025-10-09 09:15:00+05:30,282.8900146484375,283.3399963378906,282.32000732421875,282.6199951171875,0
2025-10-09 10:15:00+05:30,282.5899963378906,283.79998779296875,282.4200134277344,283.7900085449219,1357535
2025-10-09 11:15:00+05:30,283.79998779296875,284.0,283.5199890136719,283.75,561281
2025-10-09 12:15:00+05:30,283.75,283.9700012207031,283.489990234375,283.6700134277344,301258
2025-10-09 13:15:00+05:30,283.6700134277344,284.05999755859375,283.5199890136719,283.6000061035156,398160
2025-10-09 14:15:00+05:30,283.7099914550781,284.239990234375,283.45001220703125,284.0,414142
2025-10-09 15:15:00+05:30,284.1099853515625,284.17999267578125,283.9100036621094,284.04998779296875,224182
2025-10-10 09:15:00+05:30,284.1000061035156,285.45001220703125,283.8900146484375,285.2099914550781,0
2025-10-10 10:15:00+05:30,285.25,285.79998779296875,285.2200012207031,285.79998779296875,720694
2025-10-10 11:15:00+05:30,285.79998779296875,285.8399963378906,285.4100036621094,285.55999755859375,414372
2025-10-10 12:15:00+05:30,285.6000061035156,285.95001220703125,285.4100036621094,285.67999267578125,513201
2025-10-10 13:15:00+05:30,285.6700134277344,285.95001220703125,285.5,285.70001220703125,386941
2025-10-10 14:15:00+05:30,285.6000061035156,285.79998779296875,285.3500061035156,285.6199951171875,461455
2025-10-10 15:15:00+05:30,285.6099853515625,285.67999267578125,285.3500061035156,285.3699951171875,261033
2025-10-13 09:15:00+05:30,284.5,284.7799987792969,283.79998779296875,284.3999938964844,0
2025-10-13 10:15:00+05:30,284.3900146484375,284.5799865722656,284.0299987792969,284.2900085449219,561442
2025-10-13 11:15:00+05:30,284.2900085449219,284.32000732421875,283.95001220703125,284.239990234375,514131
2025-10-13 12:15:00+05:30,284.2300109863281,284.4599914550781,284.0,284.4200134277344,320218
2025-10-13 13:15:00+05:30,284.3999938964844,284.5,284.0,284.489990234375,258181
2025-10-13 14:15:00+05:30,284.44000244140625,284.9800109863281,284.3500061035156,284.70001220703125,444963
2025-10-13 15:15:00+05:30,284.55999755859375,284.8999938964844,284.5400085449219,284.8599853515625,359458
2025-10-14 09:15:00+05:30,285.3800048828125,285.5899963378906,284.19000244140625,284.489990234375,0
2025-10-14 10:15:00+05:30,284.4100036621094,284.8999938964844,284.20001220703125,284.6400146484375,558881
2025-10-14 11:15:00+05:30,283.8900146484375,284.0,283.3999938964844,283.5299987792969,1382473
2025-10-14 12:15:00+05:30,283.5299987792969,283.6600036621094,282.9200134277344,283.0299987792969,599509
2025-10-14 13:15:00+05:30,283.1499938964844,283.6600036621094,283.010009765625,283.5,481863
2025-10-14 14:15:00+05:30,283.45001220703125,284.25,283.260009765625,283.7799987792969,817316
2025-10-14 15:15:00+05:30,283.7799987792969,283.8900146484375,283.45001220703125,283.6499938964844,197267
2025-10-15 09:15:00+05:30,284.1499938964844,285.3999938964844,284.1499938964844,285.20001220703125,0
2025-10-15 10:15:00+05:30,285.25,286.0,285.2099914550781,285.69000244140625,898152
2025-10-15 11:15:00+05:30,285.6400146484375,286.0,285.5199890136719,285.739990234375,379270
2025-10-15 12:15:00+05:30,285.7300109863281,286.19000244140625,285.6499938964844,286.1000061035156,1092240
2025-10-15 13:15:00+05:30,286.1300048828125,286.45001220703125,285.9100036621094,285.95001220703125,743412
2025-10-15 14:15:00+05:30,285.9599914550781,286.239990234375,285.8500061035156,286.1000061035156,905768
2025-10-15 15:15:00+05:30,286.1000061035156,286.25,286.0,286.0,365023
2025-10-16 09:15:00+05:30,286.1700134277344,287.30999755859375,286.1499938964844,287.1300048828125,0
2025-10-16 10:15:00+05:30,287.1300048828125,287.45001220703125,287.010009765625,287.3599853515625,688949
2025-10-16 11:15:00+05:30,287.3599853515625,287.45001220703125,287.1199951171875,287.45001220703125,460798
2025-10-16 12:15:00+05:30,287.45001220703125,287.989990234375,287.3999938964844,287.8800048828125,1152552
2025-10-16 13:15:00+05:30,287.9599914550781,288.5400085449219,287.79998779296875,288.44000244140625,1844833
2025-10-16 14:15:00+05:30,288.45001220703125,289.0,288.29998779296875,288.5899963378906,1931722
2025-10-16 15:15:00+05:30,288.5899963378906,288.7300109863281,288.5,288.510009765625,472072
2025-10-17 09:15:00+05:30,288.17999267578125,289.6300048828125,288.0299987792969,289.55999755859375,0
2025-10-17 10:15:00+05:30,289.6600036621094,290.7099914550781,289.489990234375,290.6000061035156,2580747
2025-10-17 11:15:00+05:30,290.67999267578125,290.95001220703125,290.1700134277344,290.7099914550781,924613
2025-10-17 12:15:00+05:30,290.5799865722656,290.8999938964844,289.29998779296875,289.6000061035156,1211663
2025-10-17 13:15:00+05:30,289.5799865722656,290.0,288.9599914550781,289.8500061035156,1398848
2025-10-17 14:15:00+05:30,289.8599853515625,290.6000061035156,289.5299987792969,290.17999267578125,1526969
2025-10-17 15:15:00+05:30,290.1499938964844,290.29998779296875,290.04998779296875,290.2200012207031,515468
2025-10-20 09:15:00+05:30,290.9800109863281,292.5,290.8500061035156,291.6000061035156,0
2025-10-20 10:15:00+05:30,291.6400146484375,292.0799865722656,291.20001220703125,291.9100036621094,1153285
2025-10-20 11:15:00+05:30,291.9100036621094,291.9100036621094,291.2799987792969,291.6099853515625,863374
2025-10-20 12:15:00+05:30,291.6400146484375,292.25,291.4800109863281,292.239990234375,881774
2025-10-20 13:15:00+05:30,292.2300109863281,292.239990234375,291.5899963378906,291.95001220703125,616795
2025-10-20 14:15:00+05:30,291.95001220703125,292.0,291.30999755859375,291.8999938964844,921460
2025-10-20 15:15:00+05:30,291.8999938964844,292.1400146484375,291.79998779296875,292.0,347657
2025-10-21 13:15:00+05:30,292.7799987792969,292.7799987792969,292.0,292.29998779296875,1072002
2025-10-21 14:15:00+05:30,292.29998779296875,292.30999755859375,291.489990234375,291.8699951171875,636852
2025-10-23 09:15:00+05:30,293.70001220703125,294.760009765625,293.0799865722656,294.7200012207031,1456765
2025-10-23 10:15:00+05:30,294.7200012207031,294.82000732421875,294.04998779296875,294.32000732421875,977622
2025-10-23 11:15:00+05:30,294.3299865722656,294.69000244140625,294.1000061035156,294.6300048828125,670795
2025-10-23 12:15:00+05:30,294.6300048828125,294.75,294.1499938964844,294.3999938964844,997180
2025-10-23 13:15:00+05:30,294.29998779296875,294.5299987792969,292.95001220703125,293.0299987792969,768430
2025-10-23 14:15:00+05:30,293.0199890136719,293.5,291.9200134277344,292.0899963378906,1191806
2025-10-23 15:15:00+05:30,292.0899963378906,292.6400146484375,292.0,292.6000061035156,445021
2025-10-24 09:15:00+05:30,292.8500061035156,292.9200134277344,292.0,292.32000732421875,0
2025-10-24 10:15:00+05:30,292.30999755859375,292.30999755859375,291.05999755859375,291.54998779296875,799071
2025-10-24 11:15:00+05:30,291.54998779296875,291.9800109863281,291.1700134277344,291.95001220703125,579590
2025-10-24 12:15:00+05:30,291.95001220703125,292.1600036621094,291.20001220703125,291.4700012207031,989384
2025-10-24 13:15:00+05:30,291.4700012207031,291.4700012207031,290.20001220703125,290.7200012207031,1266342
2025-10-24 14:15:00+05:30,290.7799987792969,291.20001220703125,290.54998779296875,291.1499938964844,677934
2025-10-24 15:15:00+05:30,291.1499938964844,291.25,290.9200134277344,291.20001220703125,224530
2025-10-27 09:15:00+05:30,291.75,293.67999267578125,291.6499938964844,293.5299987792969,0
2025-10-27 10:15:00+05:30,293.5299987792969,293.79998779296875,293.30999755859375,293.5199890136719,810535
2025-10-27 11:15:00+05:30,293.5899963378906,293.9700012207031,293.29998779296875,293.5799865722656,916763
2025-10-27 12:15:00+05:30,293.6000061035156,293.7200012207031,293.25,293.4700012207031,543377
2025-10-27 13:15:00+05:30,293.4800109863281,293.489990234375,292.7099914550781,293.1600036621094,537748
2025-10-27 14:15:00+05:30,293.1600036621094,293.6300048828125,293.010009765625,293.4800109863281,597129
2025-10-27 15:15:00+05:30,293.4700012207031,293.5,293.29998779296875,293.5,1005177
2025-10-28 09:15:00+05:30,293.1300048828125,294.17999267578125,292.57000732421875,292.8500061035156,0
2025-10-28 10:15:00+05:30,292.8299865722656,292.95001220703125,292.2200012207031,292.4100036621094,634287
2025-10-28 11:15:00+05:30,292.4100036621094,292.8599853515625,292.0299987792969,292.25,446040
2025-10-28 12:15:00+05:30,292.25,293.3999938964844,292.1499938964844,293.30999755859375,612633
2025-10-28 13:15:00+05:30,293.30999755859375,293.54998779296875,292.3500061035156,292.510009765625,689663
2025-10-28 14:15:00+05:30,292.6000061035156,293.25,292.0,293.0299987792969,1045489
2025-10-28 15:15:00+05:30,293.1499938964844,293.3500061035156,293.0199890136719,293.1499938964844,404769
2025-10-29 09:15:00+05:30,293.17999267578125,294.1000061035156,293.1499938964844,293.7300109863281,0
2025-10-29 10:15:00+05:30,293.82000732421875,294.6400146484375,293.70001220703125,294.2099914550781,957309
2025-10-29 11:15:00+05:30,294.1700134277344,294.6000061035156,294.0299987792969,294.5299987792969,793539
2025-10-29 12:15:00+05:30,294.55999755859375,294.8900146484375,294.45001220703125,294.7799987792969,1150823
2025-10-29 13:15:00+05:30,294.7799987792969,294.8699951171875,294.1600036621094,294.2799987792969,800879
2025-10-29 14:15:00+05:30,294.2799987792969,294.6499938964844,294.05999755859375,294.4200134277344,918111
2025-10-29 15:15:00+05:30,294.4200134277344,294.79998779296875,294.3800048828125,294.5,247568
2025-10-30 09:15:00+05:30,293.989990234375,294.3399963378906,292.3999938964844,293.1000061035156,0
2025-10-30 10:15:00+05:30,293.1000061035156,293.2200012207031,292.75,293.1000061035156,607346
2025-10-30 11:15:00+05:30,293.1000061035156,293.3999938964844,292.5,292.75,401857
2025-10-30 12:15:00+05:30,292.7900085449219,292.9800109863281,292.6000061035156,292.9200134277344,324184
2025-10-30 13:15:00+05:30,292.95001220703125,292.989990234375,292.25,292.5799865722656,729688
2025-10-30 14:15:00+05:30,292.6099853515625,292.8900146484375,292.3299865722656,292.510009765625,600121
2025-10-30 15:15:00+05:30,292.5400085449219,292.75,292.4700012207031,292.75,239184
2025-10-31 09:15:00+05:30,292.3500061035156,293.54998779296875,292.010009765625,292.7099914550781,0
2025-10-31 10:15:00+05:30,292.7099914550781,292.7099914550781,291.3999938964844,291.44000244140625,820853
2025-10-31 11:15:00+05:30,291.44000244140625,292.0199890136719,291.3500061035156,291.79998779296875,803746
2025-10-31 12:15:00+05:30,291.7900085449219,291.9100036621094,291.6000061035156,291.7699890136719,210671
2025-10-31 13:15:00+05:30,291.8500061035156,291.8699951171875,291.3500061035156,291.5899963378906,573015
2025-10-31 14:15:00+05:30,291.5899963378906,291.739990234375,290.95001220703125,291.0,948561
2025-10-31 15:15:00+05:30,291.0,291.3299865722656,290.95001220703125,291.20001220703125,426080
2025-11-03 09:15:00+05:30,290.80999755859375,291.2699890136719,290.1499938964844,290.8299865722656,0
2025-11-03 10:15:00+05:30,290.80999755859375,291.4800109863281,290.6199951171875,291.260009765625,475040
2025-11-03 11:15:00+05:30,291.260009765625,291.32000732421875,290.6499938964844,290.6499938964844,383687
2025-11-03 12:15:00+05:30,290.6700134277344,291.19000244140625,290.5799865722656,291.1499938964844,354543
2025-11-03 13:15:00+05:30,291.1499938964844,291.4700012207031,290.9700012207031,291.3500061035156,387966
2025-11-03 14:15:00+05:30,291.3500061035156,291.5899963378906,291.04998779296875,291.3999938964844,2906336
2025-11-03 15:15:00+05:30,291.3999938964844,291.54998779296875,291.1499938964844,291.29998779296875,1043518
2025-11-04 09:15:00+05:30,291.25,291.3599853515625,290.3299865722656,290.5,0
2025-11-04 10:15:00+05:30,290.510009765625,290.70001220703125,290.25,290.3500061035156,484246
2025-11-04 11:15:00+05:30,290.3500061035156,290.44000244140625,290.0,290.29998779296875,636608
2025-11-04 12:15:00+05:30,290.29998779296875,290.3900146484375,290.04998779296875,290.1000061035156,382261
2025-11-04 13:15:00+05:30,290.04998779296875,290.2900085449219,289.5400085449219,289.7099914550781,1003545
2025-11-04 14:15:00+05:30,289.69000244140625,289.94000244140625,289.5199890136719,289.54998779296875,1360080
2025-11-04 15:15:00+05:30,289.6000061035156,289.6499938964844,289.5,289.5899963378906,690762
2025-11-06 09:15:00+05:30,289.5899963378906,290.3500061035156,288.7200012207031,288.7799987792969,0
2025-11-06 10:15:00+05:30,288.7799987792969,289.0299987792969,288.3800048828125,288.80999755859375,1682180
2025-11-06 11:15:00+05:30,288.8399963378906,289.0400085449219,288.2699890136719,288.70001220703125,854200
2025-11-06 12:15:00+05:30,288.70001220703125,289.4800109863281,288.5400085449219,289.1499938964844,334606
2025-11-06 13:15:00+05:30,289.1499938964844,289.29998779296875,288.3900146484375,288.75,490030
2025-11-06 14:15:00+05:30,288.75,288.8500061035156,288.29998779296875,288.3900146484375,447749
2025-11-06 15:15:00+05:30,288.3900146484375,288.5899963378906,288.20001220703125,288.45001220703125,922282
2025-11-07 09:15:00+05:30,287.4599914550781,287.4599914550781,286.4599914550781,286.8599853515625,0
2025-11-07 10:15:00+05:30,286.8299865722656,287.3900146484375,286.7799987792969,287.3699951171875,929059
2025-11-07 11:15:00+05:30,287.3599853515625,288.1000061035156,287.3599853515625,287.8800048828125,391092
2025-11-07 12:15:00+05:30,287.8999938964844,288.4700012207031,287.7900085449219,288.32000732421875,723084
2025-11-07 13:15:00+05:30,288.32000732421875,289.1600036621094,288.1300048828125,288.20001220703125,856762
2025-11-07 14:15:00+05:30,288.239990234375,288.8900146484375,288.20001220703125,288.3900146484375,497870
2025-11-07 15:15:00+05:30,288.3900146484375,288.7200012207031,288.3500061035156,288.70001220703125,263010
2025-11-10 09:15:00+05:30,288.7799987792969,289.6499938964844,288.7799987792969,289.4599914550781,0
2025-11-10 10:15:00+05:30,289.4700012207031,290.1000061035156,289.42999267578125,289.95001220703125,977381
2025-11-10 11:15:00+05:30,290.0,290.2200012207031,289.9100036621094,290.0,531376
2025-11-10 12:15:00+05:30,290.0400085449219,290.29998779296875,290.0,290.0799865722656,274305
2025-11-10 13:15:00+05:30,290.0199890136719,290.20001220703125,289.55999755859375,289.95001220703125,372382
2025-11-10 14:15:00+05:30,289.95001220703125,290.25,289.3500061035156,289.3800048828125,585868
2025-11-10 15:15:00+05:30,289.3999938964844,289.7900085449219,289.3599853515625,289.7699890136719,451405
2025-11-11 09:15:00+05:30,290.1199951171875,290.1300048828125,288.510009765625,288.760009765625,0
2025-11-11 10:15:00+05:30,288.739990234375,288.79998779296875,288.04998779296875,288.3999938964844,676364
2025-11-11 11:15:00+05:30,288.3500061035156,289.20001220703125,288.20001220703125,288.989990234375,403122
2025-11-11 12:15:00+05:30,288.989990234375,289.54998779296875,288.94000244140625,289.510009765625,265793
2025-11-11 13:15:00+05:30,289.510009765625,290.5299987792969,289.510009765625,290.3599853515625,523479
2025-11-11 14:15:00+05:30,290.30999755859375,290.94000244140625,290.2699890136719,290.7300109863281,718454
2025-11-11 15:15:00+05:30,290.82000732421875,291.07000732421875,290.7200012207031,291.04998779296875,428772
2025-11-12 09:15:00+05:30,291.9599914550781,292.5400085449219,291.55999755859375,292.25,0
2025-11-12 10:15:00+05:30,292.25,292.7200012207031,292.0899963378906,292.6000061035156,679099
2025-11-12 11:15:00+05:30,292.6000061035156,292.79998779296875,292.5799865722656,292.6199951171875,398918
2025-11-12 12:15:00+05:30,292.6199951171875,293.0899963378906,292.5899963378906,293.0799865722656,485770
2025-11-12 13:15:00+05:30,293.0799865722656,293.0899963378906,292.5799865722656,292.6499938964844,361305
2025-11-12 14:15:00+05:30,292.70001220703125,292.9200134277344,292.54998779296875,292.80999755859375,478858
2025-11-12 15:15:00+05:30,292.8299865722656,292.8399963378906,292.4200134277344,292.75,283933
2025-11-13 09:15:00+05:30,292.7699890136719,292.79998779296875,291.8500061035156,292.79998779296875,0
2025-11-13 10:15:00+05:30,292.79998779296875,293.6499938964844,292.760009765625,293.489990234375,979844
2025-11-13 11:15:00+05:30,293.5,293.6499938964844,293.30999755859375,293.6199951171875,377621
2025-11-13 12:15:00+05:30,293.6499938964844,293.6499938964844,293.0199890136719,293.4700012207031,1195869
2025-11-13 13:15:00+05:30,293.4700012207031,293.75,292.25,292.5,871394
2025-11-13 14:15:00+05:30,292.5,292.9599914550781,292.2200012207031,292.3800048828125,1235270
2025-11-13 15:15:00+05:30,292.3699951171875,293.0,292.29998779296875,292.9100036621094,230417
2025-11-14 09:15:00+05:30,291.82000732421875,292.95001220703125,291.510009765625,291.7200012207031,0
2025-11-14 10:15:00+05:30,291.7200012207031,292.739990234375,291.42999267578125,292.70001220703125,562927
2025-11-14 11:15:00+05:30,292.70001220703125,292.75,291.80999755859375,292.2099914550781,339119
2025-11-14 12:15:00+05:30,292.2699890136719,292.4700012207031,291.80999755859375,291.94000244140625,432056
2025-11-14 13:15:00+05:30,292.04998779296875,292.29998779296875,291.2699890136719,291.739990234375,530535
2025-11-14 14:15:00+05:30,291.739990234375,293.25,291.5,292.94000244140625,960819
2025-11-14 15:15:00+05:30,293.0,293.1199951171875,292.82000732421875,293.0,408702
2025-11-17 09:15:00+05:30,293.0299987792969,293.8999938964844,293.0299987792969,293.5,0
2025-11-17 10:15:00+05:30,293.5,293.79998779296875,293.2300109863281,293.6700134277344,857944
2025-11-17 11:15:00+05:30,293.6700134277344,293.8800048828125,293.1400146484375,293.79998779296875,932589
2025-11-17 12:15:00+05:30,293.8399963378906,293.9800109863281,293.6099853515625,293.7900085449219,500105
2025-11-17 13:15:00+05:30,293.7900085449219,294.239990234375,293.70001220703125,294.0400085449219,346069
2025-11-17 14:15:00+05:30,294.04998779296875,294.0799865722656,293.67999267578125,293.989990234375,727864
2025-11-17 15:15:00+05:30,293.989990234375,294.0899963378906,293.8599853515625,293.8999938964844,201417
2025-11-18 09:15:00+05:30,293.5299987792969,293.5299987792969,292.5400085449219,292.75,0
2025-11-18 10:15:00+05:30,292.70001220703125,293.239990234375,292.55999755859375,293.17999267578125,690786
2025-11-18 11:15:00+05:30,293.17999267578125,293.6000061035156,293.0,293.3800048828125,482310
2025-11-18 12:15:00+05:30,293.510009765625,293.54998779296875,293.0,293.4200134277344,230094
2025-11-18 13:15:00+05:30,293.4100036621094,293.79998779296875,293.239990234375,293.75,421889
2025-11-18 14:15:00+05:30,293.75,293.75,292.95001220703125,293.0,648189
2025-11-18 15:15:00+05:30,293.0,293.0,292.739990234375,292.8500061035156,418708
2025-11-19 09:15:00+05:30,292.55999755859375,293.3800048828125,292.45001220703125,293.3800048828125,0
2025-11-19 10:15:00+05:30,293.3999938964844,293.6400146484375,293.0,293.04998779296875,779061
2025-11-19 11:15:00+05:30,293.0299987792969,293.8500061035156,292.8999938964844,293.8399963378906,861959
2025-11-19 12:15:00+05:30,293.8299865722656,294.25,293.80999755859375,294.0799865722656,507465
2025-11-19 13:15:00+05:30,294.1499938964844,294.20001220703125,293.75,294.1700134277344,349280
2025-11-19 14:15:00+05:30,294.1700134277344,294.54998779296875,294.1700134277344,294.3699951171875,635665
2025-11-19 15:15:00+05:30,294.44000244140625,294.45001220703125,294.17999267578125,294.3800048828125,375178
2025-11-20 09:15:00+05:30,294.6600036621094,294.989990234375,294.44000244140625,294.94000244140625,0
2025-11-20 10:15:00+05:30,294.92999267578125,295.29998779296875,294.82000732421875,295.19000244140625,921803
2025-11-20 11:15:00+05:30,295.1700134277344,295.5,295.0,295.45001220703125,908965
2025-11-20 12:15:00+05:30,295.45001220703125,295.7200012207031,295.30999755859375,295.55999755859375,647999
2025-11-20 13:15:00+05:30,295.6600036621094,296.2699890136719,295.5299987792969,296.1199951171875,1439944
2025-11-20 14:15:00+05:30,296.1400146484375,296.3299865722656,295.5,295.75,2114970
2025-11-20 15:15:00+05:30,295.7200012207031,295.95001220703125,295.6199951171875,295.95001220703125,599486
2025-11-21 09:15:00+05:30,295.2200012207031,295.4800109863281,294.4700012207031,294.510009765625,0
2025-11-21 10:15:00+05:30,294.6000061035156,294.8699951171875,294.2300109863281,294.8500061035156,591535
2025-11-21 11:15:00+05:30,294.8500061035156,294.9599914550781,294.4599914550781,294.9599914550781,365137
2025-11-21 12:15:00+05:30,294.9599914550781,295.4800109863281,294.8699951171875,295.1300048828125,553635
2025-11-21 13:15:00+05:30,294.95001220703125,295.2200012207031,294.6600036621094,295.17999267578125,401518
2025-11-21 14:15:00+05:30,295.19000244140625,295.3399963378906,294.25,294.3599853515625,881884
2025-11-21 15:15:00+05:30,294.3599853515625,294.3999938964844,294.1700134277344,294.3299865722656,341596
2025-11-24 09:15:00+05:30,295.1000061035156,295.20001220703125,294.5,295.19000244140625,0
2025-11-24 10:15:00+05:30,295.19000244140625,295.260009765625,294.8399963378906,294.8800048828125,401656
2025-11-24 11:15:00+05:30,294.8599853515625,295.239990234375,294.5,294.6000061035156,574700
2025-11-24 12:15:00+05:30,294.6199951171875,294.8500061035156,294.3399963378906,294.54998779296875,601430
2025-11-24 13:15:00+05:30,294.54998779296875,294.79998779296875,294.20001220703125,294.2900085449219,249769
2025-11-24 14:15:00+05:30,294.29998779296875,294.3500061035156,293.4200134277344,293.54998779296875,843591
2025-11-24 15:15:00+05:30,293.5799865722656,293.5799865722656,293.0,293.1199951171875,1033124
2025-11-25 09:15:00+05:30,293.29998779296875,293.9800109863281,293.0299987792969,293.95001220703125,0
2025-11-25 10:15:00+05:30,293.95001220703125,293.95001220703125,292.92999267578125,293.1000061035156,397277
2025-11-25 11:15:00+05:30,293.1499938964844,293.70001220703125,293.1300048828125,293.54998779296875,809044
2025-11-25 12:15:00+05:30,293.54998779296875,293.8399963378906,293.20001220703125,293.7200012207031,557882
2025-11-25 13:15:00+05:30,293.5899963378906,293.8500061035156,293.489990234375,293.7900085449219,713707
2025-11-25 14:15:00+05:30,293.7900085449219,293.9200134277344,292.260009765625,292.6700134277344,1121389
2025-11-25 15:15:00+05:30,292.6700134277344,292.9200134277344,292.54998779296875,292.79998779296875,808259
2025-11-26 09:15:00+05:30,293.30999755859375,295.20001220703125,293.30999755859375,294.95001220703125,0
2025-11-26 10:15:00+05:30,294.95001220703125,295.42999267578125,294.7699890136719,295.29998779296875,683658
2025-11-26 11:15:00+05:30,295.30999755859375,295.6499938964844,295.1499938964844,295.54998779296875,463226
2025-11-26 12:15:00+05:30,295.57000732421875,295.9599914550781,295.4599914550781,295.92999267578125,413941
2025-11-26 13:15:00+05:30,295.92999267578125,296.0,295.54998779296875,295.8699951171875,444966
2025-11-26 14:15:00+05:30,295.8800048828125,296.04998779296875,295.5899963378906,296.0299987792969,1531146
2025-11-26 15:15:00+05:30,296.04998779296875,296.1700134277344,295.9100036621094,296.010009765625,387924
2025-11-27 09:15:00+05:30,296.3699951171875,297.3299865722656,296.3699951171875,297.1499938964844,0
2025-11-27 10:15:00+05:30,297.1099853515625,297.45001220703125,297.0,297.3500061035156,1320262
2025-11-27 11:15:00+05:30,297.2799987792969,297.4200134277344,296.489990234375,296.70001220703125,649737
2025-11-27 12:15:00+05:30,296.6199951171875,296.8599853515625,295.80999755859375,295.94000244140625,402506
2025-11-27 13:15:00+05:30,295.92999267578125,296.20001220703125,295.489990234375,296.1000061035156,675193
2025-11-27 14:15:00+05:30,296.1000061035156,296.510009765625,295.9800109863281,296.3999938964844,371633
2025-11-27 15:15:00+05:30,296.3999938964844,296.6000061035156,296.3999938964844,296.6000061035156,188159
2025-11-28 09:15:00+05:30,296.45001220703125,297.1000061035156,296.2099914550781,296.8500061035156,0
2025-11-28 10:15:00+05:30,296.8900146484375,297.20001220703125,296.6000061035156,297.0199890136719,631671
2025-11-28 11:15:00+05:30,297.1300048828125,297.1400146484375,296.6499938964844,296.7300109863281,490977
2025-11-28 12:15:00+05:30,296.7200012207031,296.7799987792969,296.3399963378906,296.5299987792969,647580
2025-11-28 13:15:00+05:30,296.5199890136719,296.739990234375,296.2900085449219,296.29998779296875,502253
2025-11-28 14:15:00+05:30,296.29998779296875,296.6300048828125,296.20001220703125,296.45001220703125,604655
2025-11-28 15:15:00+05:30,296.45001220703125,296.5799865722656,296.4200134277344,296.4599914550781,196825
2025-12-01 09:15:00+05:30,297.3599853515625,297.6000061035156,297.0199890136719,297.3399963378906,0
2025-12-01 10:15:00+05:30,297.3500061035156,297.3800048828125,296.6000061035156,296.79998779296875,1048336
2025-12-01 11:15:00+05:30,296.75,297.0799865722656,296.0,296.1000061035156,956810
2025-12-01 12:15:00+05:30,296.1000061035156,296.260009765625,295.82000732421875,296.239990234375,892185
2025-12-01 13:15:00+05:30,296.239990234375,296.6499938964844,295.8500061035156,296.5799865722656,735477
2025-12-01 14:15:00+05:30,296.5299987792969,296.5799865722656,295.6700134277344,296.19000244140625,1794665
2025-12-01 15:15:00+05:30,296.19000244140625,296.32000732421875,296.0299987792969,296.2900085449219,214952
2025-12-02 09:15:00+05:30,295.7699890136719,295.989990234375,294.95001220703125,295.010009765625,0
2025-12-02 10:15:00+05:30,295.010009765625,295.44000244140625,294.8800048828125,295.2300109863281,811088
2025-12-02 11:15:00+05:30,295.2300109863281,295.2699890136719,294.5899963378906,294.7099914550781,957880
2025-12-02 12:15:00+05:30,294.7099914550781,295.0899963378906,294.57000732421875,294.75,515983
2025-12-02 13:15:00+05:30,294.739990234375,294.9599914550781,294.54998779296875,294.79998779296875,559901
2025-12-02 14:15:00+05:30,294.79998779296875,294.82000732421875,294.30999755859375,294.6000061035156,802990
2025-12-02 15:15:00+05:30,294.6700134277344,294.9800109863281,294.5199890136719,294.9599914550781,334175
2025-12-03 09:15:00+05:30,294.3500061035156,294.6000061035156,292.9200134277344,293.20001220703125,0
2025-12-03 10:15:00+05:30,293.20001220703125,293.2799987792969,292.95001220703125,293.2799987792969,746830
2025-12-03 11:15:00+05:30,293.2699890136719,293.6700134277344,293.0,293.5199890136719,1082564
2025-12-03 12:15:00+05:30,293.5199890136719,293.67999267578125,293.25,293.3999938964844,762408
2025-12-03 13:15:00+05:30,293.3999938964844,293.5799865722656,292.95001220703125,293.5199890136719,675434
2025-12-03 14:15:00+05:30,293.5199890136719,293.989990234375,293.2099914550781,293.8800048828125,1229832
2025-12-03 15:15:00+05:30,293.8699951171875,294.1400146484375,293.70001220703125,294.05999755859375,528647
2025-12-04 09:15:00+05:30,293.5400085449219,294.29998779296875,293.29998779296875,294.2799987792969,0
2025-12-04 10:15:00+05:30,294.29998779296875,294.9599914550781,294.2799987792969,294.7900085449219,736955
2025-12-04 11:15:00+05:30,294.7900085449219,294.7900085449219,294.0799865722656,294.3599853515625,720930
2025-12-04 12:15:00+05:30,294.3699951171875,294.3699951171875,293.79998779296875,294.0199890136719,547811
2025-12-04 13:15:00+05:30,294.0400085449219,294.1300048828125,293.510009765625,294.0,670001
2025-12-04 14:15:00+05:30,294.0,294.7300109863281,293.8399963378906,294.6099853515625,531158
2025-12-04 15:15:00+05:30,294.6000061035156,294.6099853515625,294.1099853515625,294.3900146484375,682293
2025-12-05 09:15:00+05:30,294.3500061035156,295.8699951171875,294.0199890136719,295.2200012207031,0
2025-12-05 10:15:00+05:30,295.2200012207031,295.760009765625,294.3900146484375,295.7300109863281,1058037
2025-12-05 11:15:00+05:30,295.7300109863281,295.79998779296875,295.510009765625,295.6499938964844,617059
2025-12-05 12:15:00+05:30,295.6499938964844,296.3999938964844,295.6000061035156,296.2200012207031,675164
2025-12-05 13:15:00+05:30,296.2200012207031,296.4700012207031,295.8299865722656,295.9599914550781,710780
2025-12-05 14:15:00+05:30,296.0,296.2200012207031,295.5299987792969,296.1499938964844,701466
2025-12-05 15:15:00+05:30,296.1700134277344,296.29998779296875,295.8699951171875,296.0,568760
2025-12-08 09:15:00+05:30,296.010009765625,296.1000061035156,295.04998779296875,295.29998779296875,0
2025-12-08 10:15:00+05:30,295.3500061035156,295.42999267578125,294.8500061035156,295.1000061035156,716312
2025-12-08 11:15:00+05:30,295.1099853515625,295.1499938964844,294.7200012207031,294.75,672615
2025-12-08 12:15:00+05:30,294.7300109863281,294.8800048828125,294.260009765625,294.6600036621094,696098
2025-12-08 13:15:00+05:30,294.6600036621094,294.6600036621094,293.1099853515625,293.30999755859375,1607238
2025-12-08 14:15:00+05:30,293.32000732421875,293.8299865722656,293.0,293.67999267578125,1243203
2025-12-08 15:15:00+05:30,293.6199951171875,293.6400146484375,292.8999938964844,293.25,741120
2025-12-09 09:15:00+05:30,292.5299987792969,292.70001220703125,291.29998779296875,291.8999938964844,0
2025-12-09 10:15:00+05:30,291.8999938964844,292.75,291.82000732421875,292.7300109863281,1543162
2025-12-09 11:15:00+05:30,292.7200012207031,292.9800109863281,292.17999267578125,292.95001220703125,831207
2025-12-09 12:15:00+05:30,292.9599914550781,293.2699890136719,292.4200134277344,292.54998779296875,647197
2025-12-09 13:15:00+05:30,292.6499938964844,292.8999938964844,292.57000732421875,292.75,539531
2025-12-09 14:15:00+05:30,292.8399963378906,293.45001220703125,292.010009765625,292.3800048828125,679190
2025-12-09 15:15:00+05:30,292.1600036621094,292.5,292.1600036621094,292.3999938964844,262920
2025-12-10 09:15:00+05:30,292.5799865722656,293.3800048828125,292.0299987792969,293.3699951171875,0
2025-12-10 10:15:00+05:30,293.3699951171875,293.54998779296875,292.04998779296875,292.75,1229800
2025-12-10 11:15:00+05:30,292.739990234375,292.8699951171875,292.1600036621094,292.2900085449219,474526
2025-12-10 12:15:00+05:30,292.2900085449219,292.3999938964844,291.7200012207031,292.1099853515625,1249328
2025-12-10 13:15:00+05:30,292.1099853515625,292.6300048828125,291.510009765625,291.6000061035156,853261
2025-12-10 14:15:00+05:30,291.6199951171875,291.95001220703125,291.3399963378906,291.6400146484375,930504
2025-12-10 15:15:00+05:30,291.6000061035156,291.69000244140625,291.4200134277344,291.6000061035156,259541
2025-12-11 09:15:00+05:30,291.9100036621094,292.0899963378906,290.8599853515625,291.9800109863281,0
2025-12-11 10:15:00+05:30,292.0,292.489990234375,291.6000061035156,291.95001220703125,589769
2025-12-11 11:15:00+05:30,291.92999267578125,293.0199890136719,291.92999267578125,292.989990234375,1201749
2025-12-11 12:15:00+05:30,293.0,293.3699951171875,292.4599914550781,292.489990234375,477684
2025-12-11 13:15:00+05:30,292.54998779296875,292.95001220703125,292.489990234375,292.5,232757
2025-12-11 14:15:00+05:30,292.5899963378906,293.04998779296875,292.4200134277344,292.9700012207031,449682
2025-12-11 15:15:00+05:30,292.9800109863281,293.1000061035156,292.7900085449219,292.92999267578125,254356
2025-12-12 09:15:00+05:30,293.55999755859375,294.6700134277344,293.5,294.20001220703125,0
2025-12-12 10:15:00+05:30,294.20001220703125,294.4599914550781,293.6499938964844,294.19000244140625,806178
2025-12-12 11:15:00+05:30,294.19000244140625,294.5,294.0400085449219,294.19000244140625,282454
2025-12-12 12:15:00+05:30,294.17999267578125,294.5899963378906,294.1400146484375,294.42999267578125,276918
2025-12-12 13:15:00+05:30,294.45001220703125,294.75,294.260009765625,294.7300109863281,434357
2025-12-12 14:15:00+05:30,294.7300109863281,294.7300109863281,294.3599853515625,294.69000244140625,685736
2025-12-12 15:15:00+05:30,294.69000244140625,294.8900146484375,294.5,294.8500061035156,382687
2025-12-15 09:15:00+05:30,293.8699951171875,293.8699951171875,293.1400146484375,293.6300048828125,0
2025-12-15 10:15:00+05:30,293.6300048828125,294.0400085449219,293.510009765625,293.8900146484375,555378
2025-12-15 11:15:00+05:30,293.8900146484375,294.5,293.6099853515625,294.4700012207031,600420
2025-12-15 12:15:00+05:30,294.4700012207031,294.5,294.20001220703125,294.4700012207031,445363
2025-12-15 13:15:00+05:30,294.4700012207031,294.6000061035156,294.1000061035156,294.2900085449219,320612
2025-12-15 14:15:00+05:30,294.29998779296875,294.7900085449219,294.20001220703125,294.6300048828125,592403
2025-12-15 15:15:00+05:30,294.6199951171875,294.6199951171875,294.4700012207031,294.5199890136719,217704
2025-12-16 09:15:00+05:30,294.1400146484375,294.1400146484375,293.010009765625,293.04998779296875,0
2025-12-16 10:15:00+05:30,293.1099853515625,293.42999267578125,293.0,293.1600036621094,482757
2025-12-16 11:15:00+05:30,293.1499938964844,293.260009765625,292.79998779296875,293.010009765625,479198
2025-12-16 12:15:00+05:30,293.0299987792969,293.2799987792969,292.8900146484375,293.07000732421875,566180
2025-12-16 13:15:00+05:30,293.04998779296875,293.4200134277344,292.8999938964844,292.989990234375,383078
2025-12-16 14:15:00+05:30,292.989990234375,293.0299987792969,292.5299987792969,292.7200012207031,865162
2025-12-16 15:15:00+05:30,292.739990234375,292.739990234375,292.5,292.6400146484375,449778
2025-12-17 09:15:00+05:30,292.510009765625,293.25,292.1099853515625,292.32000732421875,0
2025-12-17 10:15:00+05:30,292.3299865722656,292.55999755859375,292.0,292.5,461562
2025-12-17 11:15:00+05:30,292.5199890136719,292.6199951171875,291.9599914550781,292.0,838325
2025-12-17 12:15:00+05:30,292.0,292.20001220703125,291.8500061035156,291.9800109863281,495968
2025-12-17 13:15:00+05:30,291.9700012207031,292.30999755859375,291.82000732421875,292.07000732421875,280606
2025-12-17 14:15:00+05:30,292.010009765625,292.2900085449219,291.3800048828125,291.760009765625,4948243
2025-12-17 15:15:00+05:30,291.760009765625,291.8999938964844,291.6300048828125,291.8999938964844,2019933
2025-12-18 09:15:00+05:30,291.4700012207031,291.70001220703125,290.8500061035156,291.5199890136719,1124766
2025-12-18 10:15:00+05:30,291.5199890136719,292.3399963378906,291.4700012207031,292.1000061035156,844494
2025-12-18 11:15:00+05:30,292.0899963378906,292.5,291.9200134277344,292.4800109863281,366049
2025-12-18 12:15:00+05:30,292.5,292.8299865722656,292.4599914550781,292.5199890136719,291144
2025-12-18 13:15:00+05:30,292.5199890136719,292.55999755859375,291.7099914550781,291.79998779296875,448089
2025-12-18 14:15:00+05:30,291.79998779296875,291.9599914550781,291.3999938964844,291.92999267578125,636556
2025-12-18 15:15:00+05:30,291.92999267578125,291.9599914550781,291.7200012207031,291.9599914550781,168342
2025-12-19 09:15:00+05:30,292.8599853515625,293.6000061035156,292.7099914550781,293.1600036621094,0
2025-12-19 10:15:00+05:30,293.1499938964844,293.54998779296875,293.05999755859375,293.25,608149
2025-12-19 11:15:00+05:30,293.25,293.42999267578125,292.79998779296875,293.17999267578125,326121
2025-12-19 12:15:00+05:30,293.17999267578125,293.3999938964844,292.95001220703125,293.0,149303
2025-12-19 13:15:00+05:30,293.0,293.489990234375,292.95001220703125,293.3699951171875,311550
2025-12-19 14:15:00+05:30,293.3699951171875,293.55999755859375,293.239990234375,293.5,662437
2025-12-19 15:15:00+05:30,293.44000244140625,293.54998779296875,293.3500061035156,293.5,164920
2025-12-22 09:15:00+05:30,294.3299865722656,295.239990234375,294.3299865722656,295.04998779296875,0
2025-12-22 10:15:00+05:30,295.0400085449219,295.489990234375,294.94000244140625,295.3399963378906,1884310
2025-12-22 11:15:00+05:30,295.30999755859375,295.510009765625,295.239990234375,295.2799987792969,1037462
2025-12-22 12:15:00+05:30,295.3999938964844,295.54998779296875,295.19000244140625,295.2300109863281,864255
2025-12-22 13:15:00+05:30,295.2300109863281,295.5,295.1400146484375,295.29998779296875,517237
2025-12-22 14:15:00+05:30,295.239990234375,295.7300109863281,295.1499938964844,295.6700134277344,2108104
2025-12-22 15:15:00+05:30,295.6499938964844,295.7099914550781,295.510009765625,295.67999267578125,637044
2025-12-23 09:15:00+05:30,295.75,295.95001220703125,295.2699890136719,295.9100036621094,0
2025-12-23 10:15:00+05:30,295.9100036621094,295.9100036621094,295.6300048828125,295.8999938964844,256368
2025-12-23 11:15:00+05:30,295.8999938964844,295.989990234375,295.5299987792969,295.9200134277344,1087415
2025-12-23 12:15:00+05:30,295.9200134277344,295.989990234375,295.7200012207031,295.8500061035156,241496
2025-12-23 13:15:00+05:30,295.8500061035156,295.989990234375,295.75,295.92999267578125,328064
2025-12-23 14:15:00+05:30,295.94000244140625,296.2200012207031,295.510009765625,295.70001220703125,1027804
2025-12-23 15:15:00+05:30,295.70001220703125,295.760009765625,295.55999755859375,295.6499938964844,110473
2025-12-24 09:15:00+05:30,295.7300109863281,296.32000732421875,295.45001220703125,296.29998779296875,0
2025-12-24 10:15:00+05:30,296.29998779296875,296.3500061035156,296.0,296.07000732421875,324708
2025-12-24 11:15:00+05:30,296.07000732421875,296.25,295.70001220703125,295.9800109863281,309794
2025-12-24 12:15:00+05:30,295.9800109863281,296.1400146484375,295.7099914550781,295.7300109863281,281021
2025-12-24 13:15:00+05:30,295.82000732421875,295.8399963378906,295.3800048828125,295.4100036621094,363531
2025-12-24 14:15:00+05:30,295.4700012207031,295.67999267578125,295.29998779296875,295.5799865722656,1210873
2025-12-24 15:15:00+05:30,295.6000061035156,295.6000061035156,295.3800048828125,295.5400085449219,127911
2025-12-26 09:15:00+05:30,294.92999267578125,295.42999267578125,294.6099853515625,294.8299865722656,0
2025-12-26 10:15:00+05:30,294.8299865722656,294.9599914550781,294.6000061035156,294.7099914550781,367761
2025-12-26 11:15:00+05:30,294.7099914550781,294.7099914550781,294.510009765625,294.6000061035156,329189
2025-12-26 12:15:00+05:30,294.6000061035156,294.6000061035156,294.260009765625,294.3999938964844,463302
2025-12-26 13:15:00+05:30,294.3999938964844,294.5899963378906,294.3299865722656,294.4800109863281,315325
2025-12-26 14:15:00+05:30,294.4800109863281,294.5199890136719,294.20001220703125,294.5,979759
2025-12-26 15:15:00+05:30,294.5,294.5,294.3900146484375,294.45001220703125,218763
2025-12-29 09:15:00+05:30,294.8399963378906,294.8500061035156,294.1400146484375,294.32000732421875,0
2025-12-29 10:15:00+05:30,294.3500061035156,294.3999938964844,293.54998779296875,293.5899963378906,1134800
2025-12-29 11:15:00+05:30,293.70001220703125,293.7099914550781,293.3599853515625,293.489990234375,1398326
2025-12-29 12:15:00+05:30,293.5899963378906,293.6499938964844,293.1499938964844,293.30999755859375,661033
2025-12-29 13:15:00+05:30,293.3399963378906,293.3900146484375,293.04998779296875,293.0899963378906,459126
2025-12-29 14:15:00+05:30,293.1000061035156,293.3999938964844,292.79998779296875,293.1300048828125,770271
2025-12-29 15:15:00+05:30,293.239990234375,293.3599853515625,293.1000061035156,293.3599853515625,347290
2025-12-30 09:15:00+05:30,293.1000061035156,293.1099853515625,291.95001220703125,293.0299987792969,0
2025-12-30 10:15:00+05:30,293.0299987792969,293.4100036621094,292.70001220703125,292.79998779296875,437810
2025-12-30 11:15:00+05:30,292.760009765625,292.8500061035156,292.4100036621094,292.45001220703125,486281
2025-12-30 12:15:00+05:30,292.45001220703125,292.8299865722656,292.3999938964844,292.739990234375,658957
2025-12-30 13:15:00+05:30,292.75,293.45001220703125,292.6400146484375,293.3399963378906,375498
2025-12-30 14:15:00+05:30,293.3500061035156,293.489990234375,293.0,293.2900085449219,629940
2025-12-30 15:15:00+05:30,293.2900085449219,293.5,293.1499938964844,293.32000732421875,246768
2025-12-31 09:15:00+05:30,294.0400085449219,294.05999755859375,293.5,293.8399963378906,0
2025-12-31 10:15:00+05:30,293.8399963378906,294.70001220703125,293.79998779296875,294.55999755859375,1121325
2025-12-31 11:15:00+05:30,294.6000061035156,295.0,294.45001220703125,295.0,701253
2025-12-31 12:15:00+05:30,295.0,295.489990234375,294.8999938964844,295.45001220703125,755587
2025-12-31 13:15:00+05:30,295.4599914550781,295.70001220703125,295.2799987792969,295.510009765625,809070
2025-12-31 14:15:00+05:30,295.5,295.6700134277344,295.1499938964844,295.25,887081
2025-12-31 15:15:00+05:30,295.29998779296875,295.510009765625,295.2099914550781,295.2799987792969,233120
2026-01-01 09:15:00+05:30,295.9599914550781,296.0,295.260009765625,295.3999938964844,0
2026-01-01 10:15:00+05:30,295.3999938964844,295.760009765625,295.0,295.6099853515625,568033
2026-01-01 11:15:00+05:30,295.6099853515625,295.760009765625,295.17999267578125,295.29998779296875,534362
2026-01-01 12:15:00+05:30,295.29998779296875,295.6400146484375,295.1000061035156,295.3299865722656,446357
2026-01-01 13:15:00+05:30,295.3299865722656,295.54998779296875,295.1300048828125,295.45001220703125,420974
2026-01-01 14:15:00+05:30,295.45001220703125,295.5400085449219,295.20001220703125,295.2200012207031,521252
2026-01-01 15:15:00+05:30,295.2300109863281,295.4100036621094,295.20001220703125,295.3800048828125,211139
2026-01-02 09:15:00+05:30,295.4700012207031,296.75,295.4700012207031,296.6000061035156,0
2026-01-02 10:15:00+05:30,296.6000061035156,296.9700012207031,296.5,296.8800048828125,917364
2026-01-02 11:15:00+05:30,296.8800048828125,297.3299865722656,296.7900085449219,297.30999755859375,990741
2026-01-02 12:15:00+05:30,297.29998779296875,297.510009765625,297.1199951171875,297.5,929142
2026-01-02 13:15:00+05:30,297.45001220703125,297.510009765625,297.2900085449219,297.3900146484375,698213
2026-01-02 14:15:00+05:30,297.3900146484375,297.7200012207031,297.1000061035156,297.6300048828125,1357542
2026-01-02 15:15:00+05:30,297.7099914550781,297.7900085449219,297.4599914550781,297.7900085449219,668271
2026-01-05 09:15:00+05:30,297.8500061035156,297.8500061035156,296.92999267578125,297.7300109863281,0
2026-01-05 10:15:00+05:30,297.7300109863281,298.0,297.6499938964844,298.0,831372
2026-01-05 11:15:00+05:30,298.0,298.0,296.989990234375,297.45001220703125,2255805
2026-01-05 12:15:00+05:30,297.3999938964844,297.75,297.29998779296875,297.29998779296875,650143
2026-01-05 13:15:00+05:30,297.3599853515625,297.42999267578125,296.0199890136719,296.25,1389717
2026-01-05 14:15:00+05:30,296.25,296.8800048828125,296.04998779296875,296.45001220703125,1223108
2026-01-05 15:15:00+05:30,296.4700012207031,296.4700012207031,296.20001220703125,296.3999938964844,218904
2026-01-06 09:15:00+05:30,296.1400146484375,297.1000061035156,296.1400146484375,296.79998779296875,0
2026-01-06 10:15:00+05:30,296.79998779296875,296.79998779296875,296.3500061035156,296.3999938964844,1090488
2026-01-06 11:15:00+05:30,296.3999938964844,296.5,295.8599853515625,296.17999267578125,1139050
2026-01-06 12:15:00+05:30,296.17999267578125,296.20001220703125,295.95001220703125,296.0799865722656,1309192
2026-01-06 13:15:00+05:30,296.0799865722656,296.1700134277344,295.79998779296875,295.79998779296875,842905
2026-01-06 14:15:00+05:30,295.80999755859375,296.1099853515625,295.69000244140625,296.0899963378906,836856
2026-01-06 15:15:00+05:30,296.04998779296875,296.20001220703125,295.8999938964844,296.0899963378906,307884
2026-01-07 09:15:00+05:30,295.4800109863281,295.8500061035156,295.2900085449219,295.8500061035156,0
2026-01-07 10:15:00+05:30,295.8800048828125,296.0799865722656,295.4200134277344,295.82000732421875,458677
2026-01-07 11:15:00+05:30,295.79998779296875,295.95001220703125,295.29998779296875,295.30999755859375,485671
2026-01-07 12:15:00+05:30,295.4200134277344,295.5,295.0199890136719,295.3999938964844,610036
2026-01-07 13:15:00+05:30,295.45001220703125,295.5199890136719,295.1000061035156,295.4599914550781,583930
2026-01-07 14:15:00+05:30,295.3999938964844,295.8800048828125,295.2099914550781,295.8500061035156,466331
2026-01-07 15:15:00+05:30,295.8800048828125,295.8999938964844,295.57000732421875,295.75,161487
2026-01-08 09:15:00+05:30,295.30999755859375,295.4700012207031,294.75,294.8999938964844,0
2026-01-08 10:15:00+05:30,294.8999938964844,294.9100036621094,294.32000732421875,294.3599853515625,796296
2026-01-08 11:15:00+05:30,294.3599853515625,294.3900146484375,293.04998779296875,293.5400085449219,1390632
2026-01-08 12:15:00+05:30,293.5400085449219,293.6700134277344,293.20001220703125,293.44000244140625,753167
2026-01-08 13:15:00+05:30,293.44000244140625,293.67999267578125,293.05999755859375,293.3999938964844,581543
2026-01-08 14:15:00+05:30,293.5,293.6499938964844,292.75,293.010009765625,984612
2026-01-08 15:15:00+05:30,292.989990234375,293.0,292.7799987792969,293.0,634451
2026-01-09 09:15:00+05:30,292.8699951171875,293.44000244140625,292.25,292.70001220703125,0
2026-01-09 10:15:00+05:30,292.739990234375,293.0799865722656,292.04998779296875,292.04998779296875,730917
2026-01-09 11:15:00+05:30,292.04998779296875,292.29998779296875,291.29998779296875,291.44000244140625,1712505
2026-01-09 12:15:00+05:30,291.44000244140625,291.6199951171875,290.6499938964844,290.7900085449219,1478848
2026-01-09 13:15:00+05:30,290.8399963378906,291.29998779296875,290.55999755859375,290.6300048828125,903429
2026-01-09 14:15:00+05:30,290.6199951171875,290.79998779296875,290.1199951171875,290.6600036621094,1709726
2026-01-09 15:15:00+05:30,290.7200012207031,291.1400146484375,290.510009765625,291.1400146484375,593843
2026-01-12 09:15:00+05:30,290.7699890136719,290.7799987792969,289.04998779296875,289.3599853515625,2110748
2026-01-12 10:15:00+05:30,289.3599853515625,289.7200012207031,289.0400085449219,289.0400085449219,1198896
2026-01-12 11:15:00+05:30,289.010009765625,289.3599853515625,288.3999938964844,289.3599853515625,1259086
2026-01-12 12:15:00+05:30,289.489990234375,291.25,289.4100036621094,291.0899963378906,2462685
2026-01-12 13:15:00+05:30,291.0199890136719,291.6000061035156,290.80999755859375,291.2200012207031,768362
2026-01-12 14:15:00+05:30,291.2200012207031,292.0799865722656,291.0,291.79998779296875,898534
2026-01-12 15:15:00+05:30,291.79998779296875,292.0,291.6099853515625,292.0,396770
2026-01-13 09:15:00+05:30,292.29998779296875,292.6000061035156,290.79998779296875,291.2799987792969,0
2026-01-13 10:15:00+05:30,291.25,292.0,291.1099853515625,291.7099914550781,593669
2026-01-13 11:15:00+05:30,291.82000732421875,292.0,290.9599914550781,291.0199890136719,444151
2026-01-13 12:15:00+05:30,291.0400085449219,291.239990234375,290.1300048828125,290.5,1084223
2026-01-13 13:15:00+05:30,290.5,290.7900085449219,290.260009765625,290.510009765625,361929
2026-01-13 14:15:00+05:30,291.0,291.3399963378906,290.8599853515625,291.260009765625,1211593
2026-01-13 15:15:00+05:30,291.25,291.25,290.9800109863281,291.239990234375,272396
2026-01-14 09:15:00+05:30,290.42999267578125,291.5,290.42999267578125,291.0,0
2026-01-14 10:15:00+05:30,290.9599914550781,291.3500061035156,290.45001220703125,291.25,875748
2026-01-14 11:15:00+05:30,291.2699890136719,291.9200134277344,291.2099914550781,291.45001220703125,1315884
2026-01-14 12:15:00+05:30,291.44000244140625,291.7699890136719,291.2300109863281,291.510009765625,517932
2026-01-14 13:15:00+05:30,291.510009765625,291.5299987792969,290.20001220703125,290.5,725202
2026-01-14 14:15:00+05:30,290.5,291.0,289.9200134277344,290.4599914550781,776635
2026-01-14 15:15:00+05:30,290.4700012207031,291.3999938964844,290.3999938964844,291.1000061035156,435015
2026-01-16 09:15:00+05:30,291.3900146484375,291.79998779296875,290.9100036621094,291.7799987792969,0
2026-01-16 10:15:00+05:30,291.79998779296875,292.8999938964844,291.79998779296875,292.3999938964844,1216893
2026-01-16 11:15:00+05:30,292.3900146484375,292.6000061035156,291.94000244140625,292.5,1635453
2026-01-16 12:15:00+05:30,292.5,292.5,291.2099914550781,291.239990234375,748843
2026-01-16 13:15:00+05:30,291.3399963378906,291.3800048828125,290.75,290.9100036621094,794032
2026-01-16 14:15:00+05:30,290.9800109863281,291.32000732421875,290.75,290.989990234375,552716
2026-01-16 15:15:00+05:30,290.9800109863281,291.29998779296875,290.82000732421875,290.8999938964844,261523
2026-01-19 09:15:00+05:30,289.17999267578125,289.8699951171875,288.94000244140625,289.1400146484375,0
2026-01-19 10:15:00+05:30,289.1400146484375,289.510009765625,288.8299865722656,289.19000244140625,2058142
2026-01-19 11:15:00+05:30,289.19000244140625,289.4200134277344,288.9700012207031,289.239990234375,679623
2026-01-19 12:15:00+05:30,289.239990234375,289.4700012207031,289.0,289.1499938964844,422343
2026-01-19 13:15:00+05:30,289.239990234375,290.29998779296875,289.05999755859375,289.8900146484375,1138224
2026-01-19 14:15:00+05:30,289.8900146484375,290.1199951171875,289.70001220703125,289.75,765314
2026-01-19 15:15:00+05:30,289.75,289.7900085449219,289.2699890136719,289.3399963378906,265900
2026-01-20 09:15:00+05:30,289.3699951171875,289.6199951171875,288.010009765625,288.57000732421875,0
2026-01-20 10:15:00+05:30,288.57000732421875,288.8800048828125,288.1499938964844,288.29998779296875,874220
2026-01-20 11:15:00+05:30,288.29998779296875,288.70001220703125,288.0299987792969,288.0899963378906,974904
2026-01-20 12:15:00+05:30,288.04998779296875,288.20001220703125,287.79998779296875,287.9100036621094,1100430
2026-01-20 13:15:00+05:30,287.9599914550781,288.07000732421875,287.20001220703125,287.25,1132809
2026-01-20 14:15:00+05:30,287.25,287.6199951171875,285.7900085449219,286.0299987792969,2409656
2026-01-20 15:15:00+05:30,286.0400085449219,287.0,285.82000732421875,287.0,1225897
2026-01-21 09:15:00+05:30,285.989990234375,286.3699951171875,284.79998779296875,284.9599914550781,0
2026-01-21 10:15:00+05:30,284.8999938964844,285.0,282.45001220703125,283.8399963378906,3652708
2026-01-21 11:15:00+05:30,283.8399963378906,284.739990234375,283.54998779296875,284.739990234375,1676794
2026-01-21 12:15:00+05:30,284.75,286.67999267578125,284.6499938964844,285.8999938964844,1537844
2026-01-21 13:15:00+05:30,285.7799987792969,285.82000732421875,284.6499938964844,284.8500061035156,1132050
2026-01-21 14:15:00+05:30,284.80999755859375,285.1400146484375,284.510009765625,284.8500061035156,762018
2026-01-21 15:15:00+05:30,284.8699951171875,285.54998779296875,284.5,285.30999755859375,580787
2026-01-22 09:15:00+05:30,287.1000061035156,288.0899963378906,286.45001220703125,287.44000244140625,0
2026-01-22 10:15:00+05:30,287.5299987792969,287.6199951171875,285.5400085449219,285.70001220703125,1287992
2026-01-22 11:15:00+05:30,285.70001220703125,286.3399963378906,285.2099914550781,285.8800048828125,859173
2026-01-22 12:15:00+05:30,285.95001220703125,286.3500061035156,285.30999755859375,285.3900146484375,684898
2026-01-22 13:15:00+05:30,285.3900146484375,285.9599914550781,285.20001220703125,285.2799987792969,531277
2026-01-22 14:15:00+05:30,285.2799987792969,286.75,285.17999267578125,286.2699890136719,1090547
2026-01-22 15:15:00+05:30,286.5,287.04998779296875,286.3699951171875,286.82000732421875,370886
2026-01-23 09:15:00+05:30,286.6499938964844,287.1499938964844,286.07000732421875,286.5899963378906,0
2026-01-23 10:15:00+05:30,286.54998779296875,286.8999938964844,286.17999267578125,286.6000061035156,1130855
2026-01-23 11:15:00+05:30,286.6099853515625,286.6300048828125,285.3999938964844,285.4700012207031,1074688
2026-01-23 12:15:00+05:30,285.4700012207031,285.8999938964844,285.3999938964844,285.5899963378906,642493
2026-01-23 13:15:00+05:30,285.5899963378906,285.5899963378906,283.79998779296875,284.0899963378906,1790066
2026-01-23 14:15:00+05:30,284.07000732421875,284.6400146484375,283.75,283.8500061035156,1840998
2026-01-23 15:15:00+05:30,283.8500061035156,284.0899963378906,283.70001220703125,284.0,670185
2026-01-27 09:15:00+05:30,284.2799987792969,284.95001220703125,282.5,284.6499938964844,0
2026-01-27 10:15:00+05:30,284.6499938964844,285.2300109863281,283.0,283.5199890136719,1089275
2026-01-27 11:15:00+05:30,283.510009765625,284.9200134277344,283.3800048828125,284.5799865722656,772483
2026-01-27 12:15:00+05:30,284.5899963378906,284.7300109863281,283.739990234375,284.1700134277344,716994
2026-01-27 13:15:00+05:30,284.1700134277344,284.6199951171875,283.2300109863281,283.510009765625,1361522
2026-01-27 14:15:00+05:30,283.6099853515625,285.20001220703125,283.3500061035156,285.17999267578125,956975
2026-01-27 15:15:00+05:30,285.17999267578125,285.8999938964844,285.17999267578125,285.8900146484375,502928
2026-01-28 09:15:00+05:30,286.0799865722656,286.8399963378906,285.2300109863281,285.5,0
2026-01-28 10:15:00+05:30,285.42999267578125,286.489990234375,285.239990234375,286.44000244140625,1195484
2026-01-28 11:15:00+05:30,286.489990234375,286.70001220703125,286.25,286.57000732421875,926880
2026-01-28 12:15:00+05:30,286.57000732421875,286.6199951171875,285.69000244140625,286.0,586847
2026-01-28 13:15:00+05:30,286.0,286.3299865722656,285.3599853515625,285.6099853515625,1190395
2026-01-28 14:15:00+05:30,285.57000732421875,286.6000061035156,285.30999755859375,286.4800109863281,616249
2026-01-28 15:15:00+05:30,286.5899963378906,286.75,286.4800109863281,286.739990234375,316572
2026-01-29 09:15:00+05:30,286.1499938964844,286.57000732421875,284.3299865722656,284.82000732421875,0
2026-01-29 10:15:00+05:30,284.75,285.6499938964844,284.3999938964844,285.54998779296875,1417328
2026-01-29 11:15:00+05:30,285.54998779296875,286.0,285.45001220703125,285.8699951171875,822795
2026-01-29 12:15:00+05:30,285.8699951171875,286.739990234375,285.7200012207031,286.6700134277344,850268
2026-01-29 13:15:00+05:30,286.70001220703125,287.5,286.3399963378906,287.3500061035156,1217120
2026-01-29 14:15:00+05:30,287.3599853515625,287.7699890136719,287.17999267578125,287.29998779296875,1272393
2026-01-29 15:15:00+05:30,287.29998779296875,287.5199890136719,287.2900085449219,287.489990234375,483048
2026-01-30 09:15:00+05:30,285.3699951171875,286.6199951171875,285.3699951171875,286.489990234375,0
2026-01-30 10:15:00+05:30,286.4800109863281,286.7699890136719,286.1000061035156,286.2099914550781,784680
2026-01-30 11:15:00+05:30,286.19000244140625,286.57000732421875,285.8999938964844,286.5199890136719,1145619
2026-01-30 12:15:00+05:30,286.54998779296875,286.7799987792969,286.010009765625,286.1400146484375,492083
2026-01-30 13:15:00+05:30,286.010009765625,287.20001220703125,285.75,286.9200134277344,906468
2026-01-30 14:15:00+05:30,286.9200134277344,287.32000732421875,286.5,286.7900085449219,1454718
2026-01-30 15:15:00+05:30,286.7900085449219,286.8800048828125,286.4599914550781,286.75,334510
2026-02-02 09:15:00+05:30,281.489990234375,282.8299865722656,280.7300109863281,281.489990234375,2591997
2026-02-02 10:15:00+05:30,281.489990234375,281.9700012207031,280.2099914550781,280.510009765625,1976555
2026-02-02 11:15:00+05:30,280.5799865722656,282.0,279.79998779296875,281.8500061035156,2567998
2026-02-02 12:15:00+05:30,281.8500061035156,282.8299865722656,281.54998779296875,282.5,915370
2026-02-02 13:15:00+05:30,282.5,282.8500061035156,281.79998779296875,282.6000061035156,760546
2026-02-02 14:15:00+05:30,282.6000061035156,283.8999938964844,282.30999755859375,283.79998779296875,944013
2026-02-02 15:15:00+05:30,283.8399963378906,284.5,283.82000732421875,284.5,585488
2026-02-03 09:15:00+05:30,295.2900085449219,295.2900085449219,290.05999755859375,290.3699951171875,0
2026-02-03 10:15:00+05:30,290.4100036621094,292.29998779296875,290.4100036621094,291.69000244140625,2340147
2026-02-03 11:15:00+05:30,291.69000244140625,292.5,291.6499938964844,292.0,2168132
2026-02-03 12:15:00+05:30,292.0,292.04998779296875,291.55999755859375,291.95001220703125,1230925
2026-02-03 13:15:00+05:30,291.95001220703125,292.25,291.4100036621094,291.75,1292800
2026-02-03 14:15:00+05:30,291.70001220703125,291.8299865722656,290.9700012207031,291.260009765625,1011129
2026-02-03 15:15:00+05:30,291.1199951171875,291.4800109863281,291.0,291.20001220703125,452663
2026-02-04 09:15:00+05:30,289.9100036621094,291.8699951171875,289.80999755859375,291.75,0
2026-02-04 10:15:00+05:30,291.75,291.760009765625,291.0,291.2900085449219,827142
2026-02-04 11:15:00+05:30,291.2900085449219,291.4599914550781,290.8500061035156,291.42999267578125,478549
2026-02-04 12:15:00+05:30,291.42999267578125,291.6000061035156,291.0199890136719,291.3800048828125,671010
2026-02-04 13:15:00+05:30,291.3999938964844,291.8999938964844,291.2900085449219,291.8999938964844,802897
2026-02-04 14:15:00+05:30,291.8999938964844,292.0299987792969,291.7099914550781,291.7799987792969,1082080
2026-02-04 15:15:00+05:30,291.739990234375,291.8999938964844,291.2099914550781,291.29998779296875,433309
2026-02-05 09:15:00+05:30,291.05999755859375,291.30999755859375,290.2099914550781,290.79998779296875,0
2026-02-05 10:15:00+05:30,290.7300109863281,290.989990234375,290.1499938964844,290.8800048828125,1349199
2026-02-05 11:15:00+05:30,290.8800048828125,290.8800048828125,290.29998779296875,290.3299865722656,451422
2026-02-05 12:15:00+05:30,290.3299865722656,290.5,290.1000061035156,290.25,441604
2026-02-05 13:15:00+05:30,290.25,290.5799865722656,289.8399963378906,290.0400085449219,826114
2026-02-05 14:15:00+05:30,290.0400085449219,290.7099914550781,289.8399963378906,290.45001220703125,1624169
2026-02-05 15:15:00+05:30,290.3900146484375,290.45001220703125,290.05999755859375,290.3500061035156,384072
2026-02-06 09:15:00+05:30,289.3999938964844,289.8900146484375,289.04998779296875,289.19000244140625,0
2026-02-06 10:15:00+05:30,289.20001220703125,289.70001220703125,288.8999938964844,289.70001220703125,770722
2026-02-06 11:15:00+05:30,289.70001220703125,290.3999938964844,289.5199890136719,290.1600036621094,862704
2026-02-06 12:15:00+05:30,290.1700134277344,290.2200012207031,289.260009765625,289.5400085449219,422729
2026-02-06 13:15:00+05:30,289.6000061035156,290.3999938964844,289.5,290.239990234375,322832
2026-02-06 14:15:00+05:30,290.239990234375,290.8999938964844,290.010009765625,290.8399963378906,572499
2026-02-06 15:15:00+05:30,290.8399963378906,290.8399963378906,290.1000061035156,290.79998779296875,418938
2026-02-09 09:15:00+05:30,291.9800109863281,292.489990234375,291.7799987792969,292.04998779296875,0
2026-02-09 10:15:00+05:30,292.04998779296875,292.75,291.9800109863281,292.55999755859375,825016
2026-02-09 11:15:00+05:30,292.6199951171875,292.75,292.3999938964844,292.7099914550781,771168
2026-02-09 12:15:00+05:30,292.67999267578125,292.7200012207031,292.2300109863281,292.54998779296875,372333
2026-02-09 13:15:00+05:30,292.54998779296875,292.6499938964844,292.3299865722656,292.3800048828125,492274
2026-02-09 14:15:00+05:30,292.3800048828125,292.6499938964844,292.30999755859375,292.6000061035156,878335
2026-02-09 15:15:00+05:30,292.6300048828125,292.67999267578125,292.3999938964844,292.3999938964844,238666
2026-02-10 09:15:00+05:30,292.8900146484375,293.6099853515625,292.79998779296875,293.510009765625,0
2026-02-10 10:15:00+05:30,293.510009765625,293.67999267578125,293.45001220703125,293.57000732421875,2215613
2026-02-10 11:15:00+05:30,293.55999755859375,293.55999755859375,293.45001220703125,293.5,772828
2026-02-10 12:15:00+05:30,293.489990234375,293.7900085449219,293.4700012207031,293.7799987792969,1148852
2026-02-10 13:15:00+05:30,293.7900085449219,293.79998779296875,293.1600036621094,293.2799987792969,1623380
2026-02-10 14:15:00+05:30,293.32000732421875,293.8500061035156,293.20001220703125,293.57000732421875,996825
2026-02-10 15:15:00+05:30,293.54998779296875,293.55999755859375,293.17999267578125,293.29998779296875,169458
2026-02-11 09:15:00+05:30,293.7900085449219,294.1000061035156,293.5,293.57000732421875,0
2026-02-11 10:15:00+05:30,293.5899963378906,294.1000061035156,293.5299987792969,293.95001220703125,408479
2026-02-11 11:15:00+05:30,293.92999267578125,294.1000061035156,293.6400146484375,293.79998779296875,317414
2026-02-11 12:15:00+05:30,293.8800048828125,293.9200134277344,293.20001220703125,293.55999755859375,713987
2026-02-11 13:15:00+05:30,293.57000732421875,293.989990234375,293.44000244140625,293.80999755859375,437163
2026-02-11 14:15:00+05:30,293.80999755859375,294.0,293.489990234375,293.8500061035156,414305
2026-02-11 15:15:00+05:30,293.8399963378906,293.8999938964844,293.7200012207031,293.8900146484375,168010
2026-02-12 09:15:00+05:30,293.05999755859375,293.1600036621094,292.489990234375,293.1400146484375,0
2026-02-12 10:15:00+05:30,293.1400146484375,293.20001220703125,292.69000244140625,292.80999755859375,702012
2026-02-12 11:15:00+05:30,292.80999755859375,292.80999755859375,292.3999938964844,292.6700134277344,625613
2026-02-12 12:15:00+05:30,292.6700134277344,292.8599853515625,292.489990234375,292.67999267578125,294296
2026-02-12 13:15:00+05:30,292.67999267578125,292.95001220703125,292.4100036621094,292.55999755859375,503773
2026-02-12 14:15:00+05:30,292.55999755859375,292.70001220703125,291.82000732421875,292.32000732421875,814807
2026-02-12 15:15:00+05:30,292.3699951171875,292.42999267578125,292.29998779296875,292.3999938964844,214309
2026-02-13 09:15:00+05:30,290.2200012207031,290.4800109863281,289.3299865722656,289.3900146484375,0
2026-02-13 10:15:00+05:30,289.3900146484375,289.9200134277344,289.2699890136719,289.6600036621094,915030
2026-02-13 11:15:00+05:30,289.67999267578125,289.8599853515625,289.4100036621094,289.8399963378906,842434
2026-02-13 12:15:00+05:30,289.8500061035156,290.20001220703125,289.4800109863281,289.8900146484375,633305
2026-02-13 13:15:00+05:30,289.8900146484375,289.989990234375,289.0400085449219,289.3800048828125,868944
2026-02-13 14:15:00+05:30,289.3699951171875,289.45001220703125,288.82000732421875,288.8699951171875,1241866
2026-02-13 15:15:00+05:30,288.8699951171875,288.95001220703125,288.5199890136719,288.8399963378906,584340
2026-02-16 09:15:00+05:30,288.3800048828125,289.510009765625,287.9100036621094,289.510009765625,0
2026-02-16 10:15:00+05:30,289.5199890136719,289.5899963378906,288.7300109863281,289.0,1892394
2026-02-16 11:15:00+05:30,289.0,289.1000061035156,288.7300109863281,289.0400085449219,533217
2026-02-16 12:15:00+05:30,289.0400085449219,289.55999755859375,289.010009765625,289.4700012207031,475868
2026-02-16 13:15:00+05:30,289.4599914550781,289.6499938964844,289.239990234375,289.5799865722656,318152
2026-02-16 14:15:00+05:30,289.5799865722656,290.8699951171875,289.5,290.8500061035156,866026
2026-02-16 15:15:00+05:30,290.8500061035156,290.94000244140625,290.510009765625,290.8900146484375,242567
2026-02-17 09:15:00+05:30,290.239990234375,290.7900085449219,289.6000061035156,290.7900085449219,0
2026-02-17 10:15:00+05:30,290.7799987792969,291.1499938964844,290.45001220703125,290.80999755859375,660129
2026-02-17 11:15:00+05:30,290.8900146484375,291.54998779296875,290.5799865722656,291.4100036621094,856605
2026-02-17 12:15:00+05:30,291.4100036621094,291.760009765625,291.29998779296875,291.6000061035156,597168
2026-02-17 13:15:00+05:30,291.6400146484375,291.7799987792969,290.8999938964844,290.95001220703125,566577
2026-02-17 14:15:00+05:30,290.95001220703125,291.510009765625,290.8599853515625,291.3999938964844,565983
2026-02-17 15:15:00+05:30,291.5199890136719,291.79998779296875,291.2799987792969,291.69000244140625,391692
2026-02-18 09:15:00+05:30,291.989990234375,291.989990234375,290.6499938964844,290.79998779296875,0
2026-02-18 10:15:00+05:30,290.79998779296875,291.20001220703125,290.67999267578125,291.1199951171875,583623
2026-02-18 11:15:00+05:30,291.1300048828125,291.3900146484375,290.9700012207031,291.3500061035156,374340
2026-02-18 12:15:00+05:30,291.3699951171875,291.5,291.20001220703125,291.4599914550781,276324
2026-02-18 13:15:00+05:30,291.45001220703125,291.69000244140625,291.32000732421875,291.6600036621094,274720
2026-02-18 14:15:00+05:30,291.69000244140625,292.3999938964844,291.6199951171875,292.2099914550781,692098
2026-02-18 15:15:00+05:30,292.2200012207031,292.25,292.0400085449219,292.05999755859375,205273
2026-02-19 09:15:00+05:30,292.75,292.75,291.5299987792969,291.6400146484375,0
2026-02-19 10:15:00+05:30,291.6400146484375,291.6499938964844,291.17999267578125,291.5,740297
2026-02-19 11:15:00+05:30,291.5,291.510009765625,290.2099914550781,290.2300109863281,1102707
2026-02-19 12:15:00+05:30,290.2200012207031,290.54998779296875,289.80999755859375,290.1499938964844,1015324
2026-02-19 13:15:00+05:30,290.1400146484375,290.4800109863281,289.5199890136719,289.82000732421875,896231
2026-02-19 14:15:00+05:30,289.82000732421875,290.0,288.3999938964844,288.45001220703125,1842359
2026-02-19 15:15:00+05:30,288.45001220703125,288.45001220703125,287.79998779296875,288.1000061035156,1120054
2026-02-20 09:15:00+05:30,287.8500061035156,288.9700012207031,287.5,288.6300048828125,0
2026-02-20 10:15:00+05:30,288.6499938964844,289.7799987792969,288.6000061035156,289.4200134277344,1132986
2026-02-20 11:15:00+05:30,289.44000244140625,289.8900146484375,289.32000732421875,289.739990234375,644295
2026-02-20 12:15:00+05:30,289.7300109863281,290.29998779296875,289.0,289.25,851220
2026-02-20 13:15:00+05:30,289.25,289.79998779296875,288.9800109863281,289.7900085449219,475788
2026-02-20 14:15:00+05:30,289.7900085449219,290.239990234375,289.29998779296875,289.3999938964844,670898
2026-02-20 15:15:00+05:30,289.3800048828125,289.3999938964844,288.760009765625,289.0799865722656,396957
2026-02-23 09:15:00+05:30,290.1600036621094,291.19000244140625,289.7699890136719,290.6499938964844,0
2026-02-23 10:15:00+05:30,290.6499938964844,290.79998779296875,290.0,290.3999938964844,697417
2026-02-23 11:15:00+05:30,290.3999938964844,290.5,289.79998779296875,290.1700134277344,363901
2026-02-23 12:15:00+05:30,290.1700134277344,290.25,289.69000244140625,289.69000244140625,393011
2026-02-23 13:15:00+05:30,289.7900085449219,290.04998779296875,289.5,289.6000061035156,532248
2026-02-23 14:15:00+05:30,289.6000061035156,290.6499938964844,289.5799865722656,290.4200134277344,695423
2026-02-23 15:15:00+05:30,290.4200134277344,290.54998779296875,290.2799987792969,290.3999938964844,236625
2026-02-24 09:15:00+05:30,289.7900085449219,289.7900085449219,288.30999755859375,288.3699951171875,0
2026-02-24 10:15:00+05:30,288.3699951171875,288.69000244140625,288.04998779296875,288.6400146484375,792824
2026-02-24 11:15:00+05:30,288.6600036621094,288.7799987792969,288.0,288.20001220703125,636320
2026-02-24 12:15:00+05:30,288.2099914550781,288.2099914550781,287.6499938964844,288.0799865722656,1197770
2026-02-24 13:15:00+05:30,288.1000061035156,288.1099853515625,287.1000061035156,288.05999755859375,1257035
2026-02-24 14:15:00+05:30,288.07000732421875,288.0799865722656,287.4100036621094,287.8399963378906,1308203
2026-02-24 15:15:00+05:30,287.8399963378906,288.260009765625,287.7099914550781,287.8500061035156,727472
2026-02-25 09:15:00+05:30,288.6000061035156,289.8900146484375,288.6000061035156,289.8399963378906,0
2026-02-25 10:15:00+05:30,289.8399963378906,290.1499938964844,289.6499938964844,289.7300109863281,733629
2026-02-25 11:15:00+05:30,289.7799987792969,290.2900085449219,289.6499938964844,290.0,1959662
2026-02-25 12:15:00+05:30,289.95001220703125,290.05999755859375,288.20001220703125,288.4700012207031,705335
2026-02-25 13:15:00+05:30,288.489990234375,288.70001220703125,288.1600036621094,288.44000244140625,364377
2026-02-25 14:15:00+05:30,288.45001220703125,289.0,288.2699890136719,288.7099914550781,422266
2026-02-25 15:15:00+05:30,288.6099853515625,288.7799987792969,288.32000732421875,288.6000061035156,170331
2026-02-26 09:15:00+05:30,289.6300048828125,289.6300048828125,288.6199951171875,289.29998779296875,0
2026-02-26 10:15:00+05:30,289.29998779296875,289.3999938964844,288.7099914550781,289.0,450977
2026-02-26 11:15:00+05:30,289.0,289.3500061035156,288.3500061035156,288.5199890136719,758986
2026-02-26 12:15:00+05:30,288.5199890136719,288.54998779296875,287.79998779296875,288.1600036621094,741244
2026-02-26 13:15:00+05:30,288.1600036621094,288.4200134277344,287.8699951171875,288.260009765625,379588
2026-02-26 14:15:00+05:30,288.3500061035156,288.9100036621094,288.1000061035156,288.5400085449219,656216
2026-02-26 15:15:00+05:30,288.5400085449219,288.75,288.4800109863281,288.6499938964844,314062
2026-02-27 09:15:00+05:30,288.1300048828125,288.1300048828125,286.8500061035156,287.010009765625,0
2026-02-27 10:15:00+05:30,287.0,287.20001220703125,286.67999267578125,286.9599914550781,944967
2026-02-27 11:15:00+05:30,287.04998779296875,287.1000061035156,286.3999938964844,286.5400085449219,823622
2026-02-27 12:15:00+05:30,286.54998779296875,286.75,286.2099914550781,286.4700012207031,741250
2026-02-27 13:15:00+05:30,286.4599914550781,287.0899963378906,286.32000732421875,286.75,908762
2026-02-27 14:15:00+05:30,286.75,286.8500061035156,285.0,285.239990234375,1850251
2026-02-27 15:15:00+05:30,285.2799987792969,285.9700012207031,284.9100036621094,285.9700012207031,1707602
2026-03-02 09:15:00+05:30,282.3800048828125,283.20001220703125,281.5,282.1199951171875,0
2026-03-02 10:15:00+05:30,282.1199951171875,282.1400146484375,281.2200012207031,281.6400146484375,2022633
2026-03-02 11:15:00+05:30,281.6199951171875,281.69000244140625,280.54998779296875,280.55999755859375,1723658
2026-03-02 12:15:00+05:30,280.5799865722656,280.5799865722656,279.79998779296875,279.989990234375,2934170
2026-03-02 13:15:00+05:30,279.989990234375,281.1099853515625,279.010009765625,281.07000732421875,2831456
2026-03-02 14:15:00+05:30,281.0899963378906,282.1000061035156,280.3900146484375,282.1000061035156,3051749
2026-03-02 15:15:00+05:30,282.0400085449219,282.3699951171875,281.55999755859375,282.0,897090
2026-03-04 09:15:00+05:30,277.8699951171875,277.8900146484375,275.7099914550781,276.82000732421875,0
2026-03-04 10:15:00+05:30,276.8399963378906,277.2900085449219,276.32000732421875,277.07000732421875,2688454
2026-03-04 11:15:00+05:30,277.05999755859375,277.05999755859375,276.1099853515625,276.4100036621094,1999792
2026-03-04 12:15:00+05:30,276.4100036621094,277.1400146484375,276.20001220703125,277.1400146484375,1440518
2026-03-04 13:15:00+05:30,277.1499938964844,278.0,276.44000244140625,278.0,2278798
2026-03-04 14:15:00+05:30,278.0,278.4599914550781,277.1499938964844,277.2799987792969,2734661
2026-03-04 15:15:00+05:30,277.2799987792969,277.70001220703125,277.0199890136719,277.70001220703125,880240
2026-03-05 09:15:00+05:30,278.5,279.2799987792969,278.010009765625,278.510009765625,0
2026-03-05 10:15:00+05:30,278.489990234375,279.3299865722656,277.8399963378906,279.0199890136719,1256557
2026-03-05 11:15:00+05:30,279.04998779296875,279.1700134277344,278.010009765625,278.6000061035156,1511961
2026-03-05 12:15:00+05:30,278.6000061035156,279.2200012207031,278.30999755859375,279.1199951171875,679413
2026-03-05 13:15:00+05:30,279.0799865722656,279.3500061035156,278.04998779296875,278.1000061035156,608575
2026-03-05 14:15:00+05:30,278.1000061035156,281.2699890136719,277.8999938964844,279.989990234375,2408911
2026-03-05 15:15:00+05:30,279.8599853515625,280.7900085449219,279.8599853515625,280.3900146484375,1057925
2026-03-06 09:15:00+05:30,278.6199951171875,279.69000244140625,278.6199951171875,279.29998779296875,0
2026-03-06 10:15:00+05:30,279.29998779296875,279.6700134277344,278.5199890136719,279.1199951171875,890620
2026-03-06 11:15:00+05:30,279.1000061035156,279.3999938964844,278.79998779296875,279.0400085449219,519096
2026-03-06 12:15:00+05:30,279.0400085449219,279.1499938964844,278.6400146484375,278.94000244140625,771853
2026-03-06 13:15:00+05:30,278.94000244140625,279.1000061035156,278.2900085449219,278.7699890136719,1230109
2026-03-06 14:15:00+05:30,278.75,279.0,277.04998779296875,277.1000061035156,2389436
2026-03-06 15:15:00+05:30,277.1000061035156,278.20001220703125,276.8999938964844,278.20001220703125,1158731
2026-03-09 09:15:00+05:30,271.7900085449219,272.5,268.8999938964844,270.1199951171875,3565344
2026-03-09 10:15:00+05:30,270.1000061035156,270.739990234375,269.3699951171875,270.1099853515625,3945259
2026-03-09 11:15:00+05:30,270.04998779296875,271.3900146484375,269.6700134277344,270.510009765625,2570456
2026-03-09 12:15:00+05:30,270.510009765625,271.17999267578125,270.29998779296875,270.6600036621094,1737067
2026-03-09 13:15:00+05:30,270.6199951171875,271.3900146484375,270.5,270.8299865722656,2648185
2026-03-09 14:15:00+05:30,270.79998779296875,272.80999755859375,270.55999755859375,272.75,2536966
2026-03-09 15:15:00+05:30,272.739990234375,272.75,272.0799865722656,272.70001220703125,844606
2026-03-10 09:15:00+05:30,274.5400085449219,274.5400085449219,272.8999938964844,273.6099853515625,0
2026-03-10 10:15:00+05:30,273.6000061035156,274.5799865722656,273.5,274.5400085449219,1606026
2026-03-10 11:15:00+05:30,274.5,274.75,274.0299987792969,274.0299987792969,1133025
2026-03-10 12:15:00+05:30,273.8800048828125,274.5899963378906,273.6499938964844,274.29998779296875,1369323
2026-03-10 13:15:00+05:30,274.29998779296875,275.2099914550781,274.1300048828125,275.1199951171875,1003145
2026-03-10 14:15:00+05:30,275.1000061035156,275.20001220703125,274.30999755859375,274.95001220703125,1321097
2026-03-10 15:15:00+05:30,274.94000244140625,275.3999938964844,274.8999938964844,274.95001220703125,610508
2026-03-11 09:15:00+05:30,274.7300109863281,275.3699951171875,273.29998779296875,273.3699951171875,0
2026-03-11 10:15:00+05:30,273.3699951171875,273.6099853515625,272.5400085449219,272.75,1722262
2026-03-11 11:15:00+05:30,272.75,272.7799987792969,271.7300109863281,272.1700134277344,2250709
2026-03-11 12:15:00+05:30,272.17999267578125,272.29998779296875,271.1000061035156,271.2799987792969,1954400
2026-03-11 13:15:00+05:30,271.20001220703125,272.04998779296875,271.1000061035156,271.3999938964844,2278440
2026-03-11 14:15:00+05:30,271.3999938964844,271.760009765625,270.489990234375,270.5,3278150
2026-03-11 15:15:00+05:30,270.5,270.67999267578125,270.260009765625,270.4200134277344,1316339
2026-03-12 09:15:00+05:30,268.29998779296875,268.5,267.0799865722656,267.6199951171875,5298911
2026-03-12 10:15:00+05:30,267.6099853515625,269.4200134277344,267.3999938964844,269.0899963378906,1868869
2026-03-12 11:15:00+05:30,269.1099853515625,269.239990234375,268.20001220703125,269.1499938964844,1415244
2026-03-12 12:15:00+05:30,269.1700134277344,269.20001220703125,268.1099853515625,268.8399963378906,1016089
2026-03-12 13:15:00+05:30,268.8299865722656,270.0,268.54998779296875,269.0,1021518
2026-03-12 14:15:00+05:30,269.0799865722656,269.2900085449219,267.6000061035156,267.8599853515625,1813955
2026-03-12 15:15:00+05:30,267.8999938964844,268.1000061035156,267.80999755859375,267.94000244140625,816094
2026-03-13 09:15:00+05:30,266.1300048828125,266.4100036621094,264.510009765625,264.6000061035156,0
2026-03-13 10:15:00+05:30,264.6000061035156,265.04998779296875,264.25,264.5299987792969,2710766
2026-03-13 11:15:00+05:30,264.5299987792969,265.4800109863281,264.19000244140625,264.6000061035156,2328138
2026-03-13 12:15:00+05:30,264.6000061035156,264.6600036621094,262.95001220703125,262.95001220703125,3779985
2026-03-13 13:15:00+05:30,262.95001220703125,263.20001220703125,262.25,263.17999267578125,3945851
2026-03-13 14:15:00+05:30,263.17999267578125,263.8299865722656,262.3999938964844,262.7799987792969,4381831
2026-03-13 15:15:00+05:30,262.7799987792969,264.0,262.5,264.0,2035171
2026-03-16 09:15:00+05:30,263.20001220703125,263.8500061035156,262.0199890136719,262.3599853515625,0
2026-03-16 10:15:00+05:30,262.3399963378906,262.3999938964844,260.17999267578125,261.760009765625,2954033
2026-03-16 11:15:00+05:30,261.7699890136719,263.1000061035156,261.6600036621094,262.5400085449219,1779018
2026-03-16 12:15:00+05:30,262.5400085449219,262.9100036621094,261.510009765625,262.010009765625,2071659
2026-03-16 13:15:00+05:30,262.0,262.70001220703125,261.54998779296875,262.4100036621094,1293030
2026-03-16 14:15:00+05:30,262.4100036621094,266.0,262.1099853515625,265.57000732421875,3022038
2026-03-16 15:15:00+05:30,265.54998779296875,265.54998779296875,264.5,264.989990234375,623919
2026-03-17 09:15:00+05:30,265.5899963378906,266.6600036621094,264.6300048828125,266.5,0
2026-03-17 10:15:00+05:30,266.510009765625,267.0,265.6000061035156,266.0,1875265
2026-03-17 11:15:00+05:30,266.010009765625,266.010009765625,264.70001220703125,265.6000061035156,1434495
2026-03-17 12:15:00+05:30,265.6000061035156,266.5899963378906,264.9800109863281,266.5899963378906,895610
2026-03-17 13:15:00+05:30,266.5899963378906,267.25,266.30999755859375,267.20001220703125,1043962
2026-03-17 14:15:00+05:30,267.239990234375,267.7200012207031,266.6400146484375,267.5799865722656,1375966
2026-03-17 15:15:00+05:30,267.510009765625,267.55999755859375,266.7900085449219,267.20001220703125,582155
2026-03-18 09:15:00+05:30,267.4599914550781,268.79998779296875,267.4599914550781,268.0,0
2026-03-18 10:15:00+05:30,268.0,269.3500061035156,267.94000244140625,269.3299865722656,1187262
2026-03-18 11:15:00+05:30,269.3299865722656,269.70001220703125,269.05999755859375,269.2699890136719,1044430
2026-03-18 12:15:00+05:30,269.17999267578125,269.5,269.1000061035156,269.5,730598
2026-03-18 13:15:00+05:30,269.5,270.0299987792969,269.3999938964844,269.55999755859375,1068971
2026-03-18 14:15:00+05:30,269.6300048828125,269.9800109863281,269.25,269.6300048828125,1752098
2026-03-18 15:15:00+05:30,269.6199951171875,269.6499938964844,268.82000732421875,269.1000061035156,1064688
2026-03-19 09:15:00+05:30,264.95001220703125,264.95001220703125,263.2699890136719,263.5799865722656,0
2026-03-19 10:15:00+05:30,263.489990234375,264.3800048828125,263.2099914550781,263.3500061035156,2947446
2026-03-19 11:15:00+05:30,263.32000732421875,263.79998779296875,263.2099914550781,263.79998779296875,1918740
2026-03-19 12:15:00+05:30,263.79998779296875,264.0,263.1000061035156,263.1000061035156,2058233
2026-03-19 13:15:00+05:30,263.19000244140625,263.32000732421875,262.010009765625,262.20001220703125,3647753
2026-03-19 14:15:00+05:30,262.1199951171875,262.989990234375,261.6000061035156,261.70001220703125,5636468
2026-03-19 15:15:00+05:30,261.70001220703125,262.3900146484375,261.6099853515625,262.3900146484375,2508641
2026-03-20 09:15:00+05:30,263.2699890136719,264.4800109863281,263.239990234375,263.57000732421875,0
2026-03-20 10:15:00+05:30,263.6099853515625,264.4100036621094,263.1000061035156,264.04998779296875,1425471
2026-03-20 11:15:00+05:30,264.04998779296875,264.5799865722656,263.2200012207031,263.45001220703125,2072575
2026-03-20 12:15:00+05:30,263.45001220703125,263.54998779296875,262.239990234375,263.42999267578125,1444672
2026-03-20 13:15:00+05:30,263.42999267578125,263.8599853515625,263.0,263.05999755859375,1374392
2026-03-20 14:15:00+05:30,263.05999755859375,263.1499938964844,261.6499938964844,262.1199951171875,2114989
2026-03-20 15:15:00+05:30,262.1199951171875,262.5,261.739990234375,262.5,764386
2026-03-23 09:15:00+05:30,258.3399963378906,258.3399963378906,255.77000427246094,255.8800048828125,0
2026-03-23 10:15:00+05:30,255.9499969482422,256.1400146484375,255.22999572753906,255.77000427246094,3903771
2026-03-23 11:15:00+05:30,255.7899932861328,255.92999267578125,255.27000427246094,255.5800018310547,3353061
2026-03-23 12:15:00+05:30,255.55999755859375,255.75999450683594,254.85000610351562,255.0,3505649
2026-03-23 13:15:00+05:30,255.0500030517578,256.6099853515625,255.0,256.44000244140625,2883071
2026-03-23 14:15:00+05:30,256.44000244140625,256.7799987792969,255.02999877929688,255.1699981689453,3491665
2026-03-23 15:15:00+05:30,255.17999267578125,255.7899932861328,254.88999938964844,255.7899932861328,1715641
2026-03-24 09:15:00+05:30,259.07000732421875,259.3999938964844,257.0199890136719,257.3800048828125,0
2026-03-24 10:15:00+05:30,257.3699951171875,258.05999755859375,256.6000061035156,257.25,5287949
2026-03-24 11:15:00+05:30,257.3900146484375,258.7900085449219,257.32000732421875,258.1099853515625,5147383
2026-03-24 12:15:00+05:30,258.1300048828125,260.9599914550781,258.010009765625,260.5400085449219,3138295
2026-03-24 13:15:00+05:30,260.5400085449219,261.2699890136719,260.17999267578125,260.4800109863281,1680510
2026-03-24 14:15:00+05:30,260.5,261.0,259.25,259.57000732421875,2397169
2026-03-24 15:15:00+05:30,259.55999755859375,261.5,259.3500061035156,261.5,1258134
2026-03-25 09:15:00+05:30,261.760009765625,264.19000244140625,261.6499938964844,264.1300048828125,0
2026-03-25 10:15:00+05:30,264.1400146484375,265.3999938964844,263.8999938964844,265.25,2632897
2026-03-25 11:15:00+05:30,265.2099914550781,265.4599914550781,264.6000061035156,265.3999938964844,2010626
2026-03-25 12:15:00+05:30,265.3900146484375,265.8999938964844,264.9200134277344,265.17999267578125,1593932
2026-03-25 13:15:00+05:30,265.17999267578125,265.8500061035156,264.9800109863281,265.1300048828125,1513915
2026-03-25 14:15:00+05:30,265.1499938964844,265.25,264.0400085449219,264.2300109863281,2467149
2026-03-25 15:15:00+05:30,264.20001220703125,264.2300109863281,263.6000061035156,264.05999755859375,921867
2026-03-27 09:15:00+05:30,262.1000061035156,262.2799987792969,260.6300048828125,260.6600036621094,0
2026-03-27 10:15:00+05:30,260.6600036621094,261.29998779296875,260.3399963378906,260.7799987792969,1940941
2026-03-27 11:15:00+05:30,260.79998779296875,260.79998779296875,260.0,260.1499938964844,2275457
2026-03-27 12:15:00+05:30,260.1300048828125,260.5,259.79998779296875,260.1600036621094,2718826
2026-03-27 13:15:00+05:30,260.1600036621094,260.5899963378906,259.57000732421875,259.8900146484375,2425881
2026-03-27 14:15:00+05:30,259.8500061035156,259.92999267578125,258.75,258.7799987792969,3627497
2026-03-27 15:15:00+05:30,258.79998779296875,259.67999267578125,258.75,259.45001220703125,1512025
2026-03-30 09:15:00+05:30,256.2200012207031,257.6600036621094,254.75,256.0,0
2026-03-30 10:15:00+05:30,256.05999755859375,256.1199951171875,254.4499969482422,254.75999450683594,3729493
2026-03-30 11:15:00+05:30,254.67999267578125,256.0,254.1699981689453,255.9499969482422,4804409
2026-03-30 12:15:00+05:30,255.97999572753906,256.19000244140625,255.02000427246094,255.19000244140625,2463130
2026-03-30 13:15:00+05:30,255.02999877929688,255.25,254.0800018310547,254.47999572753906,2434912
2026-03-30 14:15:00+05:30,254.47999572753906,254.55999755859375,252.72999572753906,253.4199981689453,6124378
2026-03-30 15:15:00+05:30,253.42999267578125,255.25999450683594,253.3000030517578,255.25999450683594,2171668
2026-04-01 09:15:00+05:30,258.6300048828125,260.0,258.55999755859375,259.3299865722656,0
2026-04-01 10:15:00+05:30,259.3299865722656,259.42999267578125,257.79998779296875,258.1400146484375,2446941
2026-04-01 11:15:00+05:30,258.1400146484375,259.0,257.8999938964844,259.0,2660068
2026-04-01 12:15:00+05:30,259.0,259.4700012207031,258.7099914550781,259.45001220703125,971536
2026-04-01 13:15:00+05:30,259.4800109863281,259.70001220703125,257.5,258.75,1541832
2026-04-01 14:15:00+05:30,258.75,259.2200012207031,257.2099914550781,257.2099914550781,2881274
2026-04-01 15:15:00+05:30,257.239990234375,258.44000244140625,257.1199951171875,257.989990234375,1397995
2026-04-02 09:15:00+05:30,253.3000030517578,253.3000030517578,251.72000122070312,252.17999267578125,0
2026-04-02 10:15:00+05:30,252.1199951171875,252.5,251.8699951171875,252.3800048828125,2705272
2026-04-02 11:15:00+05:30,252.33999633789062,252.97000122070312,252.0500030517578,252.7100067138672,2333249
2026-04-02 12:15:00+05:30,252.77000427246094,254.1999969482422,252.4199981689453,253.8000030517578,1958971
2026-04-02 13:15:00+05:30,253.8000030517578,256.6000061035156,253.6999969482422,256.5199890136719,2269712
2026-04-02 14:15:00+05:30,256.5,257.9700012207031,256.0,257.7699890136719,2793472
2026-04-02 15:15:00+05:30,257.79998779296875,258.2200012207031,257.0,257.9800109863281,1108938
2026-04-06 09:15:00+05:30,257.5899963378906,257.8800048828125,255.41000366210938,256.5899963378906,0
2026-04-06 10:15:00+05:30,256.69000244140625,256.9599914550781,255.61000061035156,255.83999633789062,1631470
2026-04-06 11:15:00+05:30,255.8300018310547,257.25,255.75999450683594,256.8900146484375,1200344
2026-04-06 12:15:00+05:30,256.8900146484375,259.1000061035156,256.6499938964844,259.0,2273461
2026-04-06 13:15:00+05:30,259.0,259.7300109863281,258.7099914550781,259.6499938964844,1807932
2026-04-06 14:15:00+05:30,259.7200012207031,260.6000061035156,259.3999938964844,260.5400085449219,2288270
2026-04-06 15:15:00+05:30,260.5400085449219,260.6000061035156,260.1099853515625,260.20001220703125,731456
2026-04-07 09:15:00+05:30,257.7900085449219,259.94000244140625,257.7900085449219,259.7900085449219,0
2026-04-07 10:15:00+05:30,259.7900085449219,260.2699890136719,258.739990234375,259.1000061035156,1710589
2026-04-07 11:15:00+05:30,259.1000061035156,260.4599914550781,259.0199890136719,260.0,1126739
2026-04-07 12:15:00+05:30,260.0,260.1499938964844,259.6499938964844,260.05999755859375,714141
2026-04-07 13:15:00+05:30,260.05999755859375,261.3500061035156,259.9599914550781,260.8299865722656,1654605
2026-04-07 14:15:00+05:30,260.8299865722656,261.79998779296875,260.5,261.4200134277344,1508373
2026-04-07 15:15:00+05:30,261.5,261.75,261.239990234375,261.6400146484375,1754967
2026-04-08 09:15:00+05:30,269.5,270.79998779296875,269.1499938964844,269.8999938964844,0
2026-04-08 10:15:00+05:30,269.8599853515625,271.3900146484375,269.70001220703125,271.20001220703125,2613385
2026-04-08 11:15:00+05:30,271.20001220703125,271.4700012207031,270.6099853515625,271.0899963378906,1969163
2026-04-08 12:15:00+05:30,271.0799865722656,271.3500061035156,270.3500061035156,271.2699890136719,1616003
2026-04-08 13:15:00+05:30,271.2699890136719,271.6000061035156,271.04998779296875,271.1300048828125,1694521
2026-04-08 14:15:00+05:30,271.1099853515625,271.79998779296875,271.0199890136719,271.6600036621094,2144611
2026-04-08 15:15:00+05:30,271.6000061035156,272.0,271.54998779296875,271.989990234375,1070086
2026-04-09 09:15:00+05:30,270.42999267578125,271.6000061035156,269.20001220703125,270.07000732421875,0
2026-04-09 10:15:00+05:30,270.05999755859375,270.489990234375,269.7300109863281,270.260009765625,1277497
2026-04-09 11:15:00+05:30,270.260009765625,270.79998779296875,269.8999938964844,270.5299987792969,1234182
2026-04-09 12:15:00+05:30,270.5299987792969,270.5299987792969,269.7099914550781,269.8999938964844,892037
2026-04-09 13:15:00+05:30,269.8999938964844,269.8999938964844,269.0899963378906,269.1499938964844,1426368
2026-04-09 14:15:00+05:30,269.2300109863281,269.7900085449219,268.4100036621094,269.6400146484375,1498245
2026-04-09 15:15:00+05:30,269.70001220703125,269.7300109863281,269.5,269.70001220703125,725369
2026-04-10 09:15:00+05:30,270.6000061035156,271.3999938964844,270.489990234375,271.32000732421875,0
2026-04-10 10:15:00+05:30,271.3500061035156,271.6499938964844,271.010009765625,271.489990234375,1349764
2026-04-10 11:15:00+05:30,271.5,271.54998779296875,271.0,271.4700012207031,1935938
2026-04-10 12:15:00+05:30,271.4700012207031,271.70001220703125,271.260009765625,271.42999267578125,933437
2026-04-10 13:15:00+05:30,271.42999267578125,271.8399963378906,271.3599853515625,271.6700134277344,1299517
2026-04-10 14:15:00+05:30,271.6700134277344,272.19000244140625,270.7300109863281,272.0899963378906,2182000
2026-04-10 15:15:00+05:30,272.0,272.20001220703125,271.8800048828125,272.1499938964844,846498
2026-04-13 09:15:00+05:30,268.07000732421875,268.3699951171875,267.1499938964844,268.1499938964844,0
2026-04-13 10:15:00+05:30,268.1499938964844,269.1700134277344,267.8800048828125,268.989990234375,1695912
2026-04-13 11:15:00+05:30,268.9200134277344,269.54998779296875,268.8500061035156,269.54998779296875,1153395
2026-04-13 12:15:00+05:30,269.54998779296875,269.9200134277344,269.04998779296875,269.5899963378906,1330663
2026-04-13 13:15:00+05:30,269.5899963378906,270.3500061035156,269.3999938964844,269.70001220703125,1209610
2026-04-13 14:15:00+05:30,269.70001220703125,270.1199951171875,269.489990234375,269.6400146484375,1054388
2026-04-13 15:15:00+05:30,269.6400146484375,269.6400146484375,269.29998779296875,269.3399963378906,657576
2026-04-15 09:15:00+05:30,273.32000732421875,274.3800048828125,273.0,273.95001220703125,0
2026-04-15 10:15:00+05:30,273.95001220703125,274.20001220703125,273.3599853515625,273.5,2809642
2026-04-15 11:15:00+05:30,273.489990234375,274.19000244140625,273.30999755859375,274.0899963378906,1631199
2026-04-15 12:15:00+05:30,274.0199890136719,274.0899963378906,273.6499938964844,273.8500061035156,674240
2026-04-15 13:15:00+05:30,273.79998779296875,274.0,273.5799865722656,273.8500061035156,741314
2026-04-15 14:15:00+05:30,273.80999755859375,274.19000244140625,273.70001220703125,273.80999755859375,1468879
2026-04-15 15:15:00+05:30,273.7300109863281,273.8500061035156,273.57000732421875,273.70001220703125,490698
2026-04-16 09:15:00+05:30,275.6099853515625,275.6400146484375,274.510009765625,274.9800109863281,0
2026-04-16 10:15:00+05:30,274.9700012207031,275.1499938964844,274.79998779296875,275.1300048828125,855537
2026-04-16 11:15:00+05:30,275.1300048828125,275.25,273.05999755859375,273.5899963378906,3413495
2026-04-16 12:15:00+05:30,273.5799865722656,273.6199951171875,273.0,273.1099853515625,1231239
2026-04-16 13:15:00+05:30,273.1199951171875,273.8699951171875,273.0,273.5199890136719,1069339
2026-04-16 14:15:00+05:30,273.5199890136719,274.3599853515625,273.3999938964844,273.82000732421875,2153140
2026-04-16 15:15:00+05:30,273.760009765625,274.19000244140625,273.70001220703125,273.79998779296875,652380
2026-04-17 09:15:00+05:30,273.3500061035156,274.760009765625,273.0,274.69000244140625,0
2026-04-17 10:15:00+05:30,274.6000061035156,274.8500061035156,274.3999938964844,274.57000732421875,1026697
2026-04-17 11:15:00+05:30,274.57000732421875,275.010009765625,274.55999755859375,274.8399963378906,1066043
2026-04-17 12:15:00+05:30,274.8900146484375,274.95001220703125,274.6000061035156,274.8500061035156,811692
2026-04-17 13:15:00+05:30,274.8500061035156,275.1400146484375,274.75,275.0799865722656,1072489
2026-04-17 14:15:00+05:30,275.1000061035156,276.0,275.0,275.9200134277344,2598757
2026-04-17 15:15:00+05:30,275.9200134277344,276.1000061035156,275.7699890136719,276.0,1590053
2026-04-20 09:15:00+05:30,275.69000244140625,275.80999755859375,274.3299865722656,275.29998779296875,0
2026-04-20 14:15:00+05:30,275.8699951171875,275.8699951171875,275.45001220703125,275.45001220703125,5830523
2026-04-20 15:15:00+05:30,275.45001220703125,275.45001220703125,274.75,274.8999938964844,895728
2026-04-21 09:15:00+05:30,275.7099914550781,277.1000061035156,275.67999267578125,277.0199890136719,0
2026-04-21 10:15:00+05:30,277.0199890136719,277.44000244140625,276.70001220703125,277.3500061035156,1584855
2026-04-21 11:15:00+05:30,277.3500061035156,277.5,275.2099914550781,277.4599914550781,1320889
2026-04-21 12:15:00+05:30,277.4599914550781,277.70001220703125,277.1000061035156,277.29998779296875,693457
2026-04-21 13:15:00+05:30,277.29998779296875,277.5799865722656,277.20001220703125,277.3500061035156,711306
2026-04-21 14:15:00+05:30,277.3500061035156,277.8299865722656,277.1000061035156,277.6199951171875,1217433
2026-04-21 15:15:00+05:30,277.55999755859375,277.82000732421875,277.4700012207031,277.5899963378906,619473
2026-04-22 09:15:00+05:30,276.6000061035156,276.9599914550781,275.510009765625,275.6199951171875,0
2026-04-22 10:15:00+05:30,275.7099914550781,276.20001220703125,275.3500061035156,276.1499938964844,1647044
2026-04-22 11:15:00+05:30,276.1499938964844,276.3500061035156,275.760009765625,276.0400085449219,1507600
2026-04-22 12:15:00+05:30,276.0,276.1700134277344,275.75,276.1099853515625,630207
2026-04-22 13:15:00+05:30,276.1099853515625,276.2900085449219,275.6199951171875,275.92999267578125,630503
2026-04-22 14:15:00+05:30,275.92999267578125,276.1000061035156,275.5199890136719,275.6400146484375,1241420
2026-04-22 15:15:00+05:30,275.6499938964844,275.739990234375,275.54998779296875,275.739990234375,473283
2026-04-23 09:15:00+05:30,273.5,274.9700012207031,273.20001220703125,274.6400146484375,0
2026-04-23 10:15:00+05:30,274.6000061035156,274.8500061035156,273.6000061035156,273.7300109863281,869112
2026-04-23 11:15:00+05:30,273.760009765625,274.2300109863281,273.5899963378906,274.19000244140625,686701
2026-04-23 12:15:00+05:30,274.19000244140625,274.25,273.5299987792969,274.1300048828125,538184
2026-04-23 13:15:00+05:30,274.1300048828125,274.79998779296875,274.0,274.1099853515625,563218
2026-04-23 14:15:00+05:30,274.1300048828125,274.25,273.7099914550781,273.7200012207031,1547749
2026-04-23 15:15:00+05:30,273.739990234375,273.82000732421875,273.6000061035156,273.79998779296875,533515
2026-04-24 09:15:00+05:30,273.9700012207031,274.07000732421875,271.510009765625,272.05999755859375,0
2026-04-24 10:15:00+05:30,272.0199890136719,272.05999755859375,271.17999267578125,271.2300109863281,1740553
2026-04-24 11:15:00+05:30,271.2300109863281,271.54998779296875,271.0,271.42999267578125,1026785
2026-04-24 12:15:00+05:30,271.42999267578125,271.42999267578125,270.5899963378906,270.70001220703125,1317530
2026-04-24 13:15:00+05:30,270.70001220703125,270.82000732421875,270.1000061035156,270.42999267578125,1333463
2026-04-24 14:15:00+05:30,270.42999267578125,271.4100036621094,270.4200134277344,271.0199890136719,1522955
2026-04-24 15:15:00+05:30,271.0199890136719,271.3999938964844,271.0199890136719,271.3399963378906,649370
2026-04-27 09:15:00+05:30,272.3599853515625,272.8999938964844,271.80999755859375,272.44000244140625,0
2026-04-27 10:15:00+05:30,272.4700012207031,272.8900146484375,272.010009765625,272.2699890136719,1287998
2026-04-27 11:15:00+05:30,272.29998779296875,272.54998779296875,271.4700012207031,271.9700012207031,1834732
2026-04-27 12:15:00+05:30,271.9700012207031,272.54998779296875,271.7900085449219,272.489990234375,903899
2026-04-27 13:15:00+05:30,272.489990234375,272.79998779296875,272.4800109863281,272.7200012207031,588480
2026-04-27 14:15:00+05:30,272.739990234375,272.75,272.25,272.5199890136719,902914
2026-04-27 15:15:00+05:30,272.510009765625,272.739990234375,272.3500061035156,272.5199890136719,358117
2026-04-28 09:15:00+05:30,271.7300109863281,273.1600036621094,271.6700134277344,273.0,0
2026-04-28 10:15:00+05:30,273.0,273.29998779296875,272.6199951171875,273.0,1168160
2026-04-28 11:15:00+05:30,272.8999938964844,273.0,271.69000244140625,271.92999267578125,861139
2026-04-28 12:15:00+05:30,271.9200134277344,271.989990234375,271.29998779296875,271.6600036621094,629598
2026-04-28 13:15:00+05:30,271.69000244140625,272.0,271.1000061035156,271.489990234375,899504
2026-04-28 14:15:00+05:30,271.489990234375,272.05999755859375,271.2799987792969,271.3399963378906,826780
2026-04-28 15:15:00+05:30,271.3299865722656,271.79998779296875,271.25,271.79998779296875,471089
2026-04-29 09:15:00+05:30,272.5,273.92999267578125,272.1000061035156,273.8999938964844,0
2026-04-29 10:15:00+05:30,273.9100036621094,274.6300048828125,273.9100036621094,274.54998779296875,1619520
2026-04-29 11:15:00+05:30,274.54998779296875,274.75,274.2300109863281,274.6300048828125,947014
2026-04-29 12:15:00+05:30,274.5400085449219,275.0,274.510009765625,274.7799987792969,983959
2026-04-29 13:15:00+05:30,274.8699951171875,274.8999938964844,273.489990234375,273.54998779296875,1095918
2026-04-29 14:15:00+05:30,273.57000732421875,273.79998779296875,273.2099914550781,273.25,580897
2026-04-29 15:15:00+05:30,273.2099914550781,273.2300109863281,272.79998779296875,273.0,577668
2026-04-30 09:15:00+05:30,271.42999267578125,271.42999267578125,269.55999755859375,269.6300048828125,0
2026-04-30 10:15:00+05:30,269.6300048828125,270.05999755859375,269.3999938964844,269.55999755859375,1994282
2026-04-30 11:15:00+05:30,269.54998779296875,270.5,269.4800109863281,270.5,922130
2026-04-30 12:15:00+05:30,270.5,271.29998779296875,270.3699951171875,271.2699890136719,856752
2026-04-30 13:15:00+05:30,271.2699890136719,272.20001220703125,271.0,271.79998779296875,1108517
2026-04-30 14:15:00+05:30,271.8800048828125,272.5,271.5,271.79998779296875,1136696
2026-04-30 15:15:00+05:30,271.79998779296875,272.5899963378906,271.7799987792969,272.5899963378906,461207
2026-05-04 09:15:00+05:30,273.5,274.70001220703125,273.5,273.7799987792969,0
2026-05-04 10:15:00+05:30,273.7799987792969,274.45001220703125,273.3500061035156,274.29998779296875,1178749
2026-05-04 11:15:00+05:30,274.3399963378906,274.4800109863281,273.25,273.2900085449219,790766
2026-05-04 12:15:00+05:30,273.2799987792969,273.6400146484375,273.0,273.2799987792969,935640
2026-05-04 13:15:00+05:30,273.2799987792969,273.2900085449219,272.04998779296875,273.0,943882
2026-05-04 14:15:00+05:30,273.0899963378906,273.4800109863281,272.7099914550781,273.32000732421875,771558
2026-05-04 15:15:00+05:30,273.2099914550781,273.32000732421875,272.9599914550781,273.20001220703125,324769
2026-05-05 09:15:00+05:30,271.75,272.4800109863281,271.3900146484375,271.5400085449219,0
2026-05-05 10:15:00+05:30,271.5299987792969,271.57000732421875,270.80999755859375,271.2099914550781,1132423
2026-05-05 11:15:00+05:30,271.2099914550781,271.4700012207031,270.7099914550781,271.2900085449219,801949
2026-05-05 12:15:00+05:30,271.3999938964844,272.8999938964844,271.239990234375,272.54998779296875,1749218
2026-05-05 13:15:00+05:30,272.54998779296875,272.6499938964844,271.79998779296875,271.9599914550781,1514980
2026-05-05 14:15:00+05:30,272.0,272.5,271.8999938964844,272.3299865722656,553078
2026-05-05 15:15:00+05:30,272.42999267578125,272.5,272.2099914550781,272.489990234375,313298
2026-05-06 09:15:00+05:30,273.8900146484375,274.19000244140625,273.1000061035156,273.54998779296875,0
2026-05-06 10:15:00+05:30,273.54998779296875,273.54998779296875,272.7799987792969,273.0,799382
2026-05-06 11:15:00+05:30,273.0,273.2699890136719,272.79998779296875,272.95001220703125,636521
2026-05-06 12:15:00+05:30,272.94000244140625,272.94000244140625,271.9700012207031,272.4700012207031,1383857
2026-05-06 13:15:00+05:30,272.4700012207031,273.3500061035156,272.3999938964844,273.3500061035156,956380
2026-05-06 14:15:00+05:30,273.3500061035156,275.8900146484375,273.3500061035156,275.6700134277344,5873385
2026-05-06 15:15:00+05:30,275.6600036621094,275.8900146484375,275.4100036621094,275.8500061035156,852509
2026-05-07 09:15:00+05:30,276.0899963378906,276.2900085449219,274.79998779296875,275.1000061035156,0
2026-05-07 10:15:00+05:30,275.1000061035156,275.70001220703125,275.0,275.04998779296875,924727
2026-05-07 11:15:00+05:30,275.0899963378906,275.7300109863281,274.6099853515625,275.4700012207031,910194
2026-05-07 12:15:00+05:30,275.4700012207031,277.0,275.05999755859375,275.92999267578125,3453404
2026-05-07 13:15:00+05:30,276.0199890136719,276.04998779296875,275.25,275.7900085449219,923754
2026-05-07 14:15:00+05:30,275.7799987792969,275.7900085449219,274.8500061035156,275.0,2928477
2026-05-07 15:15:00+05:30,275.05999755859375,275.45001220703125,274.9200134277344,275.3999938964844,637862
2026-05-08 09:15:00+05:30,274.0,274.4800109863281,273.260009765625,274.04998779296875,0
2026-05-08 10:15:00+05:30,274.04998779296875,274.5,273.8999938964844,274.42999267578125,775192
2026-05-08 11:15:00+05:30,274.42999267578125,274.4700012207031,273.75,273.9800109863281,562976
2026-05-08 12:15:00+05:30,273.9800109863281,274.1199951171875,273.5400085449219,273.7099914550781,919914
2026-05-08 13:15:00+05:30,273.7099914550781,274.0899963378906,273.2799987792969,273.5199890136719,824681
2026-05-08 14:15:00+05:30,273.5,274.4599914550781,273.3999938964844,273.8500061035156,1086406
2026-05-08 15:15:00+05:30,273.8999938964844,274.17999267578125,273.739990234375,274.0,604228
2026-05-11 09:15:00+05:30,271.260009765625,272.2200012207031,270.6000061035156,270.8800048828125,0
2026-05-11 10:15:00+05:30,270.8800048828125,271.1499938964844,270.3399963378906,271.1300048828125,1633234
2026-05-11 11:15:00+05:30,271.1199951171875,271.5,271.0400085449219,271.3999938964844,1073889
2026-05-11 12:15:00+05:30,271.3800048828125,271.489990234375,271.0,271.44000244140625,1005923
2026-05-11 13:15:00+05:30,271.44000244140625,271.989990234375,271.2200012207031,271.45001220703125,901913
2026-05-11 14:15:00+05:30,271.4800109863281,271.55999755859375,269.9200134277344,270.0,2617075
2026-05-11 15:15:00+05:30,269.989990234375,270.1199951171875,269.94000244140625,270.1000061035156,1215401
2026-05-12 09:15:00+05:30,269.29998779296875,269.29998779296875,267.70001220703125,268.1499938964844,0
2026-05-12 10:15:00+05:30,268.1400146484375,268.29998779296875,267.0,267.19000244140625,2931552
2026-05-12 11:15:00+05:30,267.19000244140625,267.4700012207031,266.4599914550781,266.5,4402453
2026-05-12 12:15:00+05:30,266.5,266.7900085449219,265.9100036621094,266.5,2850044
2026-05-12 13:15:00+05:30,266.5,266.79998779296875,265.70001220703125,265.8500061035156,1718421
2026-05-12 14:15:00+05:30,265.8699951171875,266.1000061035156,264.75,264.80999755859375,2855233
2026-05-12 15:15:00+05:30,264.8500061035156,265.6199951171875,264.8500061035156,265.5299987792969,1226292
2026-05-13 09:15:00+05:30,265.8800048828125,265.9700012207031,263.6400146484375,265.29998779296875,0
2026-05-13 10:15:00+05:30,265.2900085449219,266.04998779296875,264.8299865722656,265.239990234375,1474949
2026-05-13 11:15:00+05:30,265.239990234375,266.489990234375,265.1000061035156,266.489990234375,1012191
2026-05-13 12:15:00+05:30,266.489990234375,267.1199951171875,265.5,266.69000244140625,1024217
2026-05-13 13:15:00+05:30,266.69000244140625,266.7900085449219,266.0400085449219,266.45001220703125,647195
2026-05-13 14:15:00+05:30,266.45001220703125,266.45001220703125,265.3500061035156,265.5,1737868
2026-05-13 15:15:00+05:30,265.5299987792969,265.6300048828125,265.19000244140625,265.6199951171875,394207
2026-05-14 09:15:00+05:30,266.5,267.0,265.57000732421875,266.05999755859375,0
2026-05-14 10:15:00+05:30,266.04998779296875,266.5,265.32000732421875,265.7300109863281,937759
2026-05-14 11:15:00+05:30,265.7200012207031,267.94000244140625,265.7200012207031,267.69000244140625,1577154
2026-05-14 12:15:00+05:30,267.69000244140625,268.32000732421875,267.6099853515625,268.0,1099685
2026-05-14 13:15:00+05:30,268.0,268.75,267.95001220703125,268.4100036621094,1079709
2026-05-14 14:15:00+05:30,268.5199890136719,268.79998779296875,267.9200134277344,268.0,1372098
2026-05-14 15:15:00+05:30,268.05999755859375,268.4700012207031,267.9100036621094,268.0899963378906,320214
2026-05-15 09:15:00+05:30,268.4800109863281,269.5400085449219,268.010009765625,269.1300048828125,0
2026-05-15 10:15:00+05:30,269.1400146484375,269.6099853515625,268.67999267578125,268.79998779296875,898124
2026-05-15 11:15:00+05:30,268.79998779296875,268.9200134277344,267.8999938964844,268.6499938964844,1663318
2026-05-15 12:15:00+05:30,268.6499938964844,269.2200012207031,268.260009765625,268.94000244140625,553753
2026-05-15 13:15:00+05:30,268.94000244140625,269.0,268.20001220703125,268.4700012207031,637890
2026-05-15 14:15:00+05:30,268.4800109863281,268.6000061035156,267.05999755859375,267.25,1696106
2026-05-15 15:15:00+05:30,267.29998779296875,267.8800048828125,267.0299987792969,267.8800048828125,788253
2026-05-18 09:15:00+05:30,265.510009765625,265.510009765625,264.0199890136719,264.7300109863281,0
2026-05-18 10:15:00+05:30,264.7300109863281,265.5799865722656,264.5299987792969,265.54998779296875,1232415
2026-05-18 11:15:00+05:30,265.5400085449219,266.5,265.4800109863281,266.0,866678
2026-05-18 12:15:00+05:30,266.0,267.5,266.0,267.0,856367
2026-05-18 13:15:00+05:30,267.0,267.489990234375,266.79998779296875,267.1199951171875,604688
2026-05-18 14:15:00+05:30,267.20001220703125,267.989990234375,266.69000244140625,267.4200134277344,931992
2026-05-18 15:15:00+05:30,267.4800109863281,267.760009765625,267.29998779296875,267.70001220703125,534384
2026-05-19 09:15:00+05:30,268.010009765625,269.20001220703125,267.80999755859375,268.9200134277344,0
2026-05-19 10:15:00+05:30,268.9200134277344,269.1000061035156,268.5799865722656,268.5799865722656,731268
2026-05-19 11:15:00+05:30,268.5799865722656,268.95001220703125,268.3500061035156,268.5899963378906,601987
2026-05-19 12:15:00+05:30,268.5899963378906,268.7799987792969,268.30999755859375,268.45001220703125,579037
2026-05-19 13:15:00+05:30,268.42999267578125,268.67999267578125,268.0,268.3999938964844,548850
2026-05-19 14:15:00+05:30,268.44000244140625,268.57000732421875,267.6199951171875,267.75,1377401
2026-05-19 15:15:00+05:30,267.7300109863281,267.8699951171875,267.2900085449219,267.79998779296875,589687
2026-05-20 09:15:00+05:30,265.79998779296875,266.79998779296875,265.30999755859375,266.32000732421875,0
2026-05-20 10:15:00+05:30,266.29998779296875,267.20001220703125,266.010009765625,267.0199890136719,736714
2026-05-20 11:15:00+05:30,267.07000732421875,267.6000061035156,266.8299865722656,267.1400146484375,881739
2026-05-20 12:15:00+05:30,267.1400146484375,267.5,267.1000061035156,267.3900146484375,479006
2026-05-20 13:15:00+05:30,267.3900146484375,268.0,266.8500061035156,267.79998779296875,557718
2026-05-20 14:15:00+05:30,267.8699951171875,268.3699951171875,267.79998779296875,268.1000061035156,951799
2026-05-20 15:15:00+05:30,268.1700134277344,268.25,268.0,268.20001220703125,364924
2026-05-21 09:15:00+05:30,269.95001220703125,269.9700012207031,268.8800048828125,269.0899963378906,0
2026-05-21 10:15:00+05:30,269.1000061035156,269.239990234375,268.4599914550781,268.5,729360
2026-05-21 11:15:00+05:30,268.4599914550781,269.0199890136719,268.0,268.57000732421875,746521
2026-05-21 12:15:00+05:30,268.57000732421875,268.6000061035156,267.3900146484375,268.1099853515625,1189514
2026-05-21 13:15:00+05:30,268.1099853515625,268.489990234375,267.8699951171875,268.260009765625,623505
2026-05-21 14:15:00+05:30,268.260009765625,268.79998779296875,268.0299987792969,268.1199951171875,1169410
2026-05-21 15:15:00+05:30,268.19000244140625,268.20001220703125,268.0,268.0799865722656,427859
2026-05-22 09:15:00+05:30,268.6499938964844,269.5,268.32000732421875,269.45001220703125,0
2026-05-22 10:15:00+05:30,269.45001220703125,269.4800109863281,269.07000732421875,269.29998779296875,800235
2026-05-22 11:15:00+05:30,269.29998779296875,269.8599853515625,269.010009765625,269.5299987792969,1013658
2026-05-22 12:15:00+05:30,269.5299987792969,269.9599914550781,269.20001220703125,269.75,989547
2026-05-22 13:15:00+05:30,269.80999755859375,270.0,268.9200134277344,269.3900146484375,890746
2026-05-22 14:15:00+05:30,269.3900146484375,269.3999938964844,268.7099914550781,269.0,914707
2026-05-22 15:15:00+05:30,268.9700012207031,269.5,268.9700012207031,269.5,464615
2026-05-25 09:15:00+05:30,271.3500061035156,271.4700012207031,270.8599853515625,271.17999267578125,0
2026-05-25 10:15:00+05:30,271.2099914550781,271.67999267578125,271.1499938964844,271.510009765625,999936
2026-05-25 11:15:00+05:30,271.510009765625,271.6000061035156,271.19000244140625,271.32000732421875,813901
2026-05-25 12:15:00+05:30,271.32000732421875,271.4800109863281,271.1000061035156,271.45001220703125,555189
2026-05-25 13:15:00+05:30,271.45001220703125,271.5299987792969,271.25,271.25,500494
2026-05-25 14:15:00+05:30,271.29998779296875,272.0,271.1700134277344,271.9200134277344,1525884
2026-05-25 15:15:00+05:30,271.94000244140625,272.5,271.79998779296875,272.5,771693
2026-05-26 09:15:00+05:30,271.8900146484375,272.3999938964844,271.30999755859375,272.3800048828125,0
2026-05-26 10:15:00+05:30,272.3999938964844,272.6000061035156,272.1099853515625,272.489990234375,916385
2026-05-26 11:15:00+05:30,272.489990234375,272.489990234375,271.8399963378906,271.9800109863281,487238
2026-05-26 12:15:00+05:30,271.8800048828125,272.1400146484375,271.29998779296875,271.4700012207031,553660
2026-05-26 13:15:00+05:30,271.510009765625,271.69000244140625,270.79998779296875,270.8399963378906,713592
2026-05-26 14:15:00+05:30,270.8399963378906,271.04998779296875,270.5,270.82000732421875,875138
2026-05-26 15:15:00+05:30,270.6700134277344,271.1000061035156,270.6499938964844,271.07000732421875,350757
2026-05-27 09:15:00+05:30,270.82000732421875,271.1400146484375,270.3599853515625,271.1300048828125,0
2026-05-27 10:15:00+05:30,271.0899963378906,271.45001220703125,270.9200134277344,271.32000732421875,438352
2026-05-27 11:15:00+05:30,271.32000732421875,271.5199890136719,270.80999755859375,270.94000244140625,424164
2026-05-27 12:15:00+05:30,270.94000244140625,271.04998779296875,270.55999755859375,270.69000244140625,357126
2026-05-27 13:15:00+05:30,270.69000244140625,270.9100036621094,270.3999938964844,270.67999267578125,456380
2026-05-27 14:15:00+05:30,270.6700134277344,270.8599853515625,270.25,270.79998779296875,744402
2026-05-27 15:15:00+05:30,270.80999755859375,271.25,270.79998779296875,271.1099853515625,404046
2026-05-29 09:15:00+05:30,271.4100036621094,271.7900085449219,270.79998779296875,271.57000732421875,0
2026-05-29 10:15:00+05:30,271.6000061035156,271.7099914550781,271.0299987792969,271.1000061035156,803986
2026-05-29 11:15:00+05:30,271.20001220703125,271.3699951171875,270.45001220703125,270.5,631195
2026-05-29 12:15:00+05:30,270.5899963378906,270.82000732421875,269.739990234375,269.79998779296875,691980
2026-05-29 13:15:00+05:30,269.79998779296875,270.07000732421875,269.4100036621094,269.54998779296875,1140590
2026-05-29 14:15:00+05:30,269.54998779296875,269.989990234375,267.2900085449219,267.8699951171875,4177441
2026-05-29 15:15:00+05:30,267.8699951171875,268.25,267.17999267578125,268.25,2402827
2026-06-01 09:15:00+05:30,268.9800109863281,268.9800109863281,267.1499938964844,267.3500061035156,2123566
2026-06-01 10:15:00+05:30,267.3399963378906,267.7799987792969,267.0,267.75,1017694
2026-06-01 11:15:00+05:30,267.75,267.94000244140625,266.6499938964844,267.1000061035156,897970
2026-06-01 12:15:00+05:30,267.1099853515625,267.1300048828125,266.260009765625,266.3999938964844,896569
2026-06-01 13:15:00+05:30,266.3500061035156,266.79998779296875,265.80999755859375,265.8699951171875,1069039
2026-06-01 14:15:00+05:30,265.79998779296875,265.9599914550781,265.260009765625,265.6199951171875,2022697
2026-06-01 15:15:00+05:30,265.5,266.0,265.20001220703125,266.0,748288
2026-06-02 09:15:00+05:30,264.2699890136719,264.760009765625,263.8599853515625,264.3599853515625,0
2026-06-02 10:15:00+05:30,264.30999755859375,265.25,264.1400146484375,264.57000732421875,981694
2026-06-02 11:15:00+05:30,264.5799865722656,265.1000061035156,264.04998779296875,264.1700134277344,954550
2026-06-02 12:15:00+05:30,264.1600036621094,266.3900146484375,264.1400146484375,266.1600036621094,1371008
2026-06-02 13:15:00+05:30,266.20001220703125,266.75,266.0199890136719,266.6300048828125,964744
2026-06-02 14:15:00+05:30,266.6400146484375,266.79998779296875,265.3599853515625,266.19000244140625,1890315
2026-06-02 15:15:00+05:30,266.17999267578125,266.4800109863281,266.0899963378906,266.3500061035156,582253
2026-06-03 09:15:00+05:30,265.6000061035156,265.6000061035156,263.7099914550781,263.7900085449219,0
2026-06-03 10:15:00+05:30,263.7900085449219,264.2799987792969,263.3699951171875,263.4700012207031,1689100
2026-06-03 11:15:00+05:30,263.4800109863281,263.8699951171875,262.8999938964844,263.239990234375,1576489
2026-06-03 12:15:00+05:30,263.2300109863281,264.9599914550781,263.1600036621094,264.3800048828125,2165728
2026-06-03 13:15:00+05:30,264.5,265.80999755859375,264.45001220703125,265.4200134277344,1388630
2026-06-03 14:15:00+05:30,265.5,266.17999267578125,265.2900085449219,265.44000244140625,1909240
2026-06-03 15:15:00+05:30,265.44000244140625,265.5899963378906,265.20001220703125,265.29998779296875,553001
2026-06-04 09:15:00+05:30,264.2300109863281,265.8999938964844,263.8999938964844,265.6199951171875,0
2026-06-04 10:15:00+05:30,265.6199951171875,265.7900085449219,265.010009765625,265.3999938964844,734521
2026-06-04 11:15:00+05:30,265.4200134277344,265.9100036621094,264.8699951171875,265.80999755859375,895680
2026-06-04 12:15:00+05:30,265.80999755859375,265.80999755859375,264.5199890136719,264.6199951171875,728395
2026-06-04 13:15:00+05:30,264.6000061035156,265.5,264.3999938964844,265.4100036621094,1350196
2026-06-04 14:15:00+05:30,265.4100036621094,265.8500061035156,265.1400146484375,265.6000061035156,855365
2026-06-04 15:15:00+05:30,265.55999755859375,265.9200134277344,265.5199890136719,265.9200134277344,691325
2026-06-05 09:15:00+05:30,266.45001220703125,266.7099914550781,265.8500061035156,266.3900146484375,0
2026-06-05 10:15:00+05:30,266.3900146484375,266.6000061035156,264.8900146484375,266.20001220703125,1244419
2026-06-05 11:15:00+05:30,266.20001220703125,266.20001220703125,265.510009765625,266.0,541895
2026-06-05 12:15:00+05:30,265.95001220703125,266.17999267578125,265.0199890136719,265.0400085449219,671694
2026-06-05 13:15:00+05:30,265.0299987792969,265.25,264.3999938964844,264.7200012207031,1257350
2026-06-05 14:15:00+05:30,264.7200012207031,265.8800048828125,264.5199890136719,265.2799987792969,962328
2026-06-05 15:15:00+05:30,265.25,265.6000061035156,265.25,265.6000061035156,448416
2026-06-08 09:15:00+05:30,262.3999938964844,263.489990234375,262.20001220703125,263.2799987792969,0
2026-06-08 10:15:00+05:30,263.239990234375,263.67999267578125,263.1199951171875,263.3500061035156,997929
2026-06-08 11:15:00+05:30,263.3800048828125,263.67999267578125,263.1499938964844,263.6499938964844,790569
2026-06-08 12:15:00+05:30,263.6499938964844,264.1499938964844,263.5400085449219,263.69000244140625,698310
2026-06-08 13:15:00+05:30,263.69000244140625,263.7300109863281,262.989990234375,263.0299987792969,1215866
2026-06-08 14:15:00+05:30,262.989990234375,263.29998779296875,262.5,262.6499938964844,1464728
2026-06-08 15:15:00+05:30,262.6499938964844,262.7300109863281,262.2099914550781,262.4800109863281,806978
2026-06-09 09:15:00+05:30,263.29998779296875,263.7900085449219,263.04998779296875,263.1499938964844,0
2026-06-09 10:15:00+05:30,263.1499938964844,263.1499938964844,262.6199951171875,262.9200134277344,674307
2026-06-09 11:15:00+05:30,262.9200134277344,263.3999938964844,262.45001220703125,263.2900085449219,886418
2026-06-09 12:15:00+05:30,263.30999755859375,263.7699890136719,263.25,263.5400085449219,507362
2026-06-09 13:15:00+05:30,263.5400085449219,263.69000244140625,263.1099853515625,263.4800109863281,465919
2026-06-09 14:15:00+05:30,263.5,264.0899963378906,263.1099853515625,263.95001220703125,1183380
2026-06-09 15:15:00+05:30,263.95001220703125,264.0899963378906,263.6700134277344,264.04998779296875,570344
2026-06-10 09:15:00+05:30,263.5,264.8999938964844,263.5,264.2699890136719,0
2026-06-10 10:15:00+05:30,264.2699890136719,264.8900146484375,264.1000061035156,264.82000732421875,499247
2026-06-10 11:15:00+05:30,264.82000732421875,265.1000061035156,264.6000061035156,264.8800048828125,567087
2026-06-10 12:15:00+05:30,264.8800048828125,265.3500061035156,264.3399963378906,265.05999755859375,711773
2026-06-10 13:15:00+05:30,265.07000732421875,265.17999267578125,264.1499938964844,264.2300109863281,597079
2026-06-10 14:15:00+05:30,264.2300109863281,264.3900146484375,263.0,263.010009765625,995389
2026-06-10 15:15:00+05:30,263.0299987792969,263.19000244140625,262.8699951171875,263.04998779296875,442481
2026-06-11 09:15:00+05:30,262.2300109863281,262.760009765625,261.9599914550781,262.4700012207031,0
2026-06-11 10:15:00+05:30,262.4599914550781,263.0,262.3500061035156,262.7900085449219,964607
2026-06-11 11:15:00+05:30,262.7900085449219,263.8500061035156,262.7799987792969,263.7300109863281,881002
2026-06-11 12:15:00+05:30,263.739990234375,264.3299865722656,263.55999755859375,263.6000061035156,583791
2026-06-11 13:15:00+05:30,263.6000061035156,263.739990234375,263.1400146484375,263.20001220703125,665850
2026-06-11 14:15:00+05:30,263.20001220703125,263.55999755859375,262.3999938964844,262.75,1083410
2026-06-11 15:15:00+05:30,262.75,262.94000244140625,262.6199951171875,262.94000244140625,246469
2026-06-12 09:15:00+05:30,265.4700012207031,265.75,264.55999755859375,264.7799987792969,0
2026-06-12 10:15:00+05:30,264.8599853515625,265.0,264.6000061035156,264.989990234375,475628
2026-06-12 11:15:00+05:30,265.0,265.1499938964844,264.55999755859375,264.6000061035156,493485
2026-06-12 12:15:00+05:30,264.70001220703125,264.92999267578125,264.32000732421875,264.5400085449219,410076
2026-06-12 13:15:00+05:30,264.54998779296875,266.79998779296875,264.5,266.70001220703125,2186661
2026-06-12 14:15:00+05:30,266.7900085449219,268.1600036621094,266.6499938964844,267.92999267578125,2370648
2026-06-12 15:15:00+05:30,267.9200134277344,268.20001220703125,267.6400146484375,268.1000061035156,756438
2026-06-15 09:15:00+05:30,271.7900085449219,271.80999755859375,271.0,271.1700134277344,0
2026-06-15 10:15:00+05:30,271.1700134277344,271.8599853515625,271.0299987792969,271.3800048828125,2381182
2026-06-15 11:15:00+05:30,271.3900146484375,271.6000061035156,271.0,271.05999755859375,1894736
2026-06-15 12:15:00+05:30,271.05999755859375,271.1700134277344,270.6099853515625,270.8500061035156,866375
2026-06-15 13:15:00+05:30,270.94000244140625,270.95001220703125,270.4599914550781,270.6199951171875,822638
2026-06-15 14:15:00+05:30,270.6199951171875,271.20001220703125,270.29998779296875,270.54998779296875,1675264
2026-06-15 15:15:00+05:30,270.5899963378906,270.80999755859375,270.510009765625,270.70001220703125,584133
2026-06-16 09:15:00+05:30,271.29998779296875,271.4100036621094,270.75,270.8999938964844,1258713
2026-06-16 10:15:00+05:30,270.8800048828125,271.5400085449219,270.8399963378906,271.1300048828125,1155003
2026-06-16 11:15:00+05:30,271.0899963378906,271.239990234375,270.80999755859375,271.05999755859375,777191
2026-06-16 12:15:00+05:30,271.05999755859375,271.3500061035156,270.79998779296875,271.3399963378906,676191
2026-06-16 13:15:00+05:30,271.2300109863281,271.760009765625,271.1400146484375,271.75,556139
2026-06-16 14:15:00+05:30,271.760009765625,271.8299865722656,271.5199890136719,271.6499938964844,936610
2026-06-16 15:15:00+05:30,271.6199951171875,271.7799987792969,271.6000061035156,271.6600036621094,384083
2026-06-17 09:15:00+05:30,271.8999938964844,272.5899963378906,271.7200012207031,272.3399963378906,0
2026-06-17 10:15:00+05:30,272.4200134277344,272.8699951171875,272.30999755859375,272.70001220703125,929722
2026-06-17 11:15:00+05:30,272.7699890136719,272.9700012207031,272.45001220703125,272.6099853515625,645879
2026-06-17 12:15:00+05:30,272.6099853515625,272.82000732421875,272.25,272.29998779296875,901943
2026-06-17 13:15:00+05:30,272.29998779296875,272.70001220703125,272.2099914550781,272.5,272532
2026-06-17 14:15:00+05:30,272.5,273.19000244140625,272.260009765625,273.0899963378906,1566386
2026-06-17 15:15:00+05:30,273.1000061035156,273.2099914550781,273.0,273.0,1035995
2026-06-18 09:15:00+05:30,273.32000732421875,273.6499938964844,272.8500061035156,273.55999755859375,0
2026-06-18 10:15:00+05:30,273.489990234375,273.55999755859375,272.75,272.8800048828125,951455
2026-06-18 11:15:00+05:30,272.8699951171875,273.1600036621094,272.4100036621094,273.1600036621094,882518
2026-06-18 12:15:00+05:30,273.1600036621094,273.5,273.0,273.4599914550781,441689
2026-06-18 13:15:00+05:30,273.4599914550781,273.5799865722656,273.1000061035156,273.20001220703125,859760
2026-06-18 14:15:00+05:30,273.2099914550781,274.20001220703125,272.95001220703125,274.17999267578125,1821267
2026-06-18 15:15:00+05:30,274.1499938964844,274.25,273.8500061035156,273.9700012207031,2375283
2026-06-19 09:15:00+05:30,272.6000061035156,272.7200012207031,272.04998779296875,272.70001220703125,0
2026-06-19 10:15:00+05:30,272.70001220703125,272.739990234375,272.1000061035156,272.3500061035156,633211
2026-06-19 11:15:00+05:30,272.3500061035156,272.44000244140625,272.1400146484375,272.3500061035156,441145
2026-06-19 12:15:00+05:30,272.3500061035156,272.6400146484375,272.0,272.2200012207031,1012133
2026-06-19 13:15:00+05:30,272.07000732421875,272.7900085449219,272.0199890136719,272.7300109863281,611941
2026-06-19 14:15:00+05:30,272.75,273.1499938964844,272.0,273.010009765625,1385242
2026-06-19 15:15:00+05:30,273.0,273.20001220703125,272.8999938964844,273.17999267578125,478156
2026-06-22 09:15:00+05:30,273.6600036621094,274.0799865722656,273.3699951171875,274.0400085449219,0
2026-06-22 10:15:00+05:30,274.07000732421875,274.1499938964844,273.8999938964844,274.04998779296875,1395440
2026-06-22 11:15:00+05:30,274.04998779296875,274.19000244140625,273.8500061035156,273.8900146484375,762377
2026-06-22 12:15:00+05:30,273.8900146484375,274.0,273.79998779296875,273.8800048828125,505113
2026-06-22 13:15:00+05:30,273.8800048828125,274.0,273.70001220703125,273.8500061035156,320137
2026-06-22 14:15:00+05:30,273.8599853515625,274.0299987792969,273.510009765625,273.70001220703125,639082
2026-06-22 15:15:00+05:30,273.67999267578125,273.7900085449219,273.54998779296875,273.67999267578125,388297
2026-06-23 09:15:00+05:30,273.8800048828125,273.9599914550781,273.2099914550781,273.8800048828125,0
2026-06-23 10:15:00+05:30,273.8800048828125,273.8800048828125,273.5,273.70001220703125,600766
2026-06-23 11:15:00+05:30,273.70001220703125,273.8500061035156,272.1600036621094,272.260009765625,1150089
2026-06-23 12:15:00+05:30,272.29998779296875,272.5199890136719,271.6000061035156,271.6000061035156,1513926
2026-06-23 13:15:00+05:30,271.6000061035156,271.7099914550781,270.8599853515625,271.6600036621094,1935097
2026-06-23 14:15:00+05:30,271.6600036621094,271.9200134277344,270.70001220703125,270.989990234375,1177237
2026-06-23 15:15:00+05:30,270.9800109863281,271.0,270.2300109863281,270.5299987792969,732648
2026-06-24 09:15:00+05:30,270.6499938964844,271.489990234375,270.3299865722656,271.45001220703125,0
2026-06-24 10:15:00+05:30,271.4800109863281,272.25,271.3800048828125,272.25,1259542
2026-06-24 11:15:00+05:30,272.25,272.489990234375,272.0,272.2799987792969,1570827
2026-06-24 12:15:00+05:30,272.2799987792969,272.7300109863281,272.1000061035156,272.7099914550781,909258
2026-06-24 13:15:00+05:30,272.7300109863281,273.3500061035156,272.67999267578125,273.0899963378906,1304790
2026-06-24 14:15:00+05:30,273.0899963378906,273.1000061035156,272.4599914550781,272.5199890136719,1293677
2026-06-24 15:15:00+05:30,272.4800109863281,272.95001220703125,272.4700012207031,272.739990234375,544210
2026-06-25 09:15:00+05:30,274.1000061035156,274.4100036621094,273.6499938964844,274.4100036621094,0
2026-06-25 10:15:00+05:30,274.4100036621094,274.6000061035156,274.2300109863281,274.5400085449219,1209480
2026-06-25 11:15:00+05:30,274.55999755859375,275.30999755859375,274.5,275.20001220703125,2195114
2026-06-25 12:15:00+05:30,275.20001220703125,275.2900085449219,274.5,274.5400085449219,1042046
2026-06-25 13:15:00+05:30,274.5299987792969,274.8699951171875,274.010009765625,274.0400085449219,645678
2026-06-25 14:15:00+05:30,274.0400085449219,274.0899963378906,273.25,273.489990234375,1226036
2026-06-25 15:15:00+05:30,273.5,273.54998779296875,273.2799987792969,273.54998779296875,401107
2026-06-29 09:15:00+05:30,273.55999755859375,273.95001220703125,272.760009765625,273.3299865722656,0
2026-06-29 10:15:00+05:30,273.32000732421875,273.8999938964844,273.19000244140625,273.45001220703125,714440
2026-06-29 11:15:00+05:30,273.5,273.5,272.5299987792969,272.57000732421875,596516
2026-06-29 12:15:00+05:30,272.57000732421875,272.6099853515625,271.8999938964844,272.3500061035156,830706
2026-06-29 13:15:00+05:30,272.3399963378906,272.5,272.0,272.3299865722656,541919
2026-06-29 14:15:00+05:30,272.3299865722656,272.44000244140625,271.95001220703125,272.1000061035156,967969
2026-06-29 15:15:00+05:30,272.1000061035156,272.45001220703125,272.0,272.44000244140625,343341
2026-06-30 09:15:00+05:30,272.739990234375,272.95001220703125,271.2699890136719,271.739990234375,0
2026-06-30 10:15:00+05:30,271.739990234375,272.19000244140625,271.5,272.1400146484375,530306
2026-06-30 11:15:00+05:30,272.1499938964844,272.79998779296875,272.0,272.1000061035156,622217
2026-06-30 12:15:00+05:30,272.1199951171875,272.3999938964844,271.8999938964844,272.04998779296875,1084654
2026-06-30 13:15:00+05:30,272.05999755859375,272.2900085449219,271.5,271.6400146484375,652919
2026-06-30 14:15:00+05:30,271.6499938964844,272.489990234375,271.25,271.8299865722656,1147753
2026-06-30 15:15:00+05:30,271.8399963378906,272.42999267578125,271.8399963378906,272.42999267578125,661451
2026-07-01 09:15:00+05:30,272.19000244140625,272.80999755859375,271.7300109863281,272.79998779296875,0
2026-07-01 10:15:00+05:30,272.7300109863281,273.1199951171875,272.30999755859375,273.0,782263
2026-07-01 11:15:00+05:30,273.0,273.1199951171875,272.6199951171875,272.8599853515625,741727
2026-07-01 12:15:00+05:30,272.8999938964844,273.0899963378906,272.6499938964844,272.8999938964844,428143
2026-07-01 13:15:00+05:30,272.8999938964844,273.1499938964844,272.70001220703125,273.04998779296875,328868
2026-07-01 14:15:00+05:30,273.1400146484375,273.1499938964844,272.6000061035156,272.8800048828125,567303
2026-07-01 15:15:00+05:30,272.8399963378906,272.9800109863281,272.760009765625,272.8500061035156,300459
2026-07-02 09:15:00+05:30,273.7200012207031,274.3500061035156,273.510009765625,273.6400146484375,0
2026-07-02 10:15:00+05:30,273.6199951171875,273.8999938964844,273.44000244140625,273.75,734714
2026-07-02 11:15:00+05:30,273.75,273.8500061035156,273.4200134277344,273.7799987792969,509701
2026-07-02 12:15:00+05:30,273.7799987792969,274.1000061035156,273.7300109863281,274.05999755859375,560746
2026-07-02 13:15:00+05:30,274.1000061035156,274.19000244140625,273.9100036621094,274.0400085449219,392188
2026-07-02 14:15:00+05:30,274.0,274.6000061035156,273.9200134277344,274.3999938964844,1171754
2026-07-02 15:15:00+05:30,274.45001220703125,274.45001220703125,274.1400146484375,274.29998779296875,1272600
2026-07-03 09:15:00+05:30,276.1499938964844,276.6700134277344,275.8999938964844,276.29998779296875,0
2026-07-03 10:15:00+05:30,276.3299865722656,276.5799865722656,276.1600036621094,276.29998779296875,808582
2026-07-03 11:15:00+05:30,276.20001220703125,276.70001220703125,276.20001220703125,276.70001220703125,743840
2026-07-03 12:15:00+05:30,276.6499938964844,276.70001220703125,276.04998779296875,276.20001220703125,522064
2026-07-03 13:15:00+05:30,276.2300109863281,276.2799987792969,275.75,275.9700012207031,679323
2026-07-03 14:15:00+05:30,275.9700012207031,276.0,275.70001220703125,275.8999938964844,1097271
2026-07-03 15:15:00+05:30,275.8900146484375,276.0,275.80999755859375,275.9100036621094,617485
2026-07-06 09:15:00+05:30,275.9200134277344,276.9800109863281,275.82000732421875,276.7799987792969,0
2026-07-06 10:15:00+05:30,276.7799987792969,277.3500061035156,276.760009765625,277.29998779296875,1232624
2026-07-06 11:15:00+05:30,277.29998779296875,277.5,277.07000732421875,277.5,810716
2026-07-06 12:15:00+05:30,277.489990234375,277.6499938964844,277.3299865722656,277.6400146484375,1026777
2026-07-06 13:15:00+05:30,277.57000732421875,277.6600036621094,277.0199890136719,277.0199890136719,748315
2026-07-06 14:15:00+05:30,277.1400146484375,277.54998779296875,276.8500061035156,277.489990234375,1377569
2026-07-06 15:15:00+05:30,277.4100036621094,277.5899963378906,277.2900085449219,277.45001220703125,516656
2026-07-07 09:15:00+05:30,277.7900085449219,278.1199951171875,277.42999267578125,278.1099853515625,0
2026-07-07 10:15:00+05:30,278.0299987792969,278.3999938964844,277.8399963378906,278.3599853515625,1166859
2026-07-07 11:15:00+05:30,278.3399963378906,278.54998779296875,278.25,278.260009765625,1194077
2026-07-07 12:15:00+05:30,278.260009765625,278.3299865722656,277.45001220703125,277.5400085449219,754157
2026-07-07 13:15:00+05:30,277.6000061035156,277.8999938964844,277.4599914550781,277.760009765625,550320
2026-07-07 14:15:00+05:30,277.7799987792969,277.92999267578125,277.04998779296875,277.0799865722656,658179
2026-07-07 15:15:00+05:30,277.0899963378906,277.0899963378906,276.7200012207031,276.75,567433
2026-07-08 09:15:00+05:30,275.7200012207031,275.8999938964844,275.0,275.3399963378906,0
2026-07-08 10:15:00+05:30,275.32000732421875,275.95001220703125,275.1099853515625,275.94000244140625,1022832
2026-07-08 11:15:00+05:30,275.94000244140625,275.95001220703125,275.1499938964844,275.25,604090
2026-07-08 12:15:00+05:30,275.25,275.3900146484375,274.8699951171875,275.2799987792969,968564
2026-07-08 13:15:00+05:30,275.2799987792969,275.29998779296875,271.70001220703125,271.8599853515625,2332754
2026-07-08 14:15:00+05:30,271.8599853515625,272.489990234375,270.95001220703125,271.70001220703125,4493449
2026-07-08 15:15:00+05:30,271.8299865722656,272.0,271.70001220703125,271.70001220703125,917671
2026-07-09 09:15:00+05:30,272.70001220703125,273.6499938964844,272.4700012207031,273.2200012207031,0
2026-07-09 10:15:00+05:30,273.2200012207031,274.2300109863281,272.70001220703125,273.0,1133842
2026-07-09 11:15:00+05:30,273.04998779296875,273.7300109863281,272.95001220703125,273.5,711405
2026-07-09 12:15:00+05:30,273.5,273.67999267578125,273.04998779296875,273.3999938964844,359024
2026-07-09 13:15:00+05:30,273.3999938964844,273.739990234375,273.1499938964844,273.3999938964844,301397
2026-07-09 14:15:00+05:30,273.3999938964844,273.6499938964844,272.260009765625,272.5799865722656,1131574
2026-07-09 15:15:00+05:30,272.54998779296875,273.0,272.4200134277344,272.95001220703125,486966
2026-07-10 09:15:00+05:30,274.4100036621094,275.32000732421875,274.4100036621094,275.260009765625,0
2026-07-10 10:15:00+05:30,275.2900085449219,275.29998779296875,274.739990234375,274.8999938964844,440781
2026-07-10 11:15:00+05:30,274.8999938964844,275.0199890136719,274.70001220703125,274.7200012207031,479562
2026-07-10 12:15:00+05:30,274.75,275.04998779296875,274.70001220703125,274.95001220703125,633520
2026-07-10 13:15:00+05:30,274.95001220703125,275.1000061035156,274.7099914550781,274.8299865722656,625537
2026-07-10 14:15:00+05:30,274.8900146484375,275.25,274.79998779296875,275.2200012207031,711515
2026-07-10 15:15:00+05:30,275.1499938964844,275.2900085449219,275.0,275.2900085449219,438301
2026-07-13 09:15:00+05:30,273.3900146484375,274.04998779296875,272.92999267578125,273.95001220703125,0
2026-07-13 10:15:00+05:30,273.9599914550781,274.55999755859375,273.82000732421875,274.4100036621094,698057
2026-07-13 11:15:00+05:30,274.44000244140625,274.94000244140625,274.07000732421875,274.6600036621094,443349
2026-07-13 12:15:00+05:30,274.67999267578125,275.6600036621094,274.55999755859375,275.19000244140625,928738
2026-07-13 13:15:00+05:30,275.19000244140625,275.19000244140625,274.510009765625,275.1499938964844,685240
2026-07-13 14:15:00+05:30,275.1499938964844,275.6499938964844,275.05999755859375,275.29998779296875,1517352
2026-07-13 15:15:00+05:30,275.260009765625,275.45001220703125,275.1000061035156,275.1499938964844,321338
2026-07-14 09:15:00+05:30,274.25,274.5,273.6300048828125,273.8999938964844,0
2026-07-14 10:15:00+05:30,273.8999938964844,274.3399963378906,273.3900146484375,274.2699890136719,711366
2026-07-14 11:15:00+05:30,274.3399963378906,274.3500061035156,273.79998779296875,273.94000244140625,1060861
2026-07-14 12:15:00+05:30,273.8800048828125,273.8800048828125,273.5,273.75,470513
2026-07-14 13:15:00+05:30,273.7300109863281,273.8800048828125,273.19000244140625,273.4800109863281,611799
2026-07-14 14:15:00+05:30,273.4700012207031,273.5,273.0199890136719,273.3299865722656,705911
2026-07-14 15:15:00+05:30,273.3299865722656,273.489990234375,273.29998779296875,273.3500061035156,420692
2026-07-15 09:15:00+05:30,274.1000061035156,275.0899963378906,274.0299987792969,274.9800109863281,0
2026-07-15 10:15:00+05:30,274.989990234375,275.20001220703125,274.7099914550781,274.7300109863281,686435
2026-07-15 11:15:00+05:30,274.7300109863281,275.1000061035156,274.6199951171875,274.8299865722656,534479
2026-07-15 12:15:00+05:30,274.8299865722656,275.0,273.010009765625,273.4800109863281,653168
2026-07-15 13:15:00+05:30,273.4800109863281,274.0,273.4100036621094,273.8299865722656,397032
2026-07-15 14:15:00+05:30,273.8599853515625,274.0899963378906,273.510009765625,273.70001220703125,430046
2026-07-15 15:15:00+05:30,273.70001220703125,273.75,273.5799865722656,273.70001220703125,255064
2026-07-16 09:15:00+05:30,274.489990234375,274.8900146484375,274.1099853515625,274.3500061035156,0
2026-07-16 10:15:00+05:30,274.3500061035156,275.0799865722656,274.19000244140625,274.7799987792969,639040
2026-07-16 11:15:00+05:30,274.7799987792969,274.79998779296875,274.4200134277344,274.4800109863281,348271
2026-07-16 12:15:00+05:30,274.4800109863281,274.7900085449219,274.25,274.3399963378906,353665
2026-07-16 13:15:00+05:30,274.3399963378906,274.3500061035156,273.70001220703125,274.1400146484375,644066
2026-07-16 14:15:00+05:30,274.19000244140625,274.3999938964844,273.8999938964844,274.0199890136719,493932
2026-07-16 15:15:00+05:30,274.0,274.19000244140625,273.8599853515625,274.17999267578125,334770
2026-07-17 09:15:00+05:30,274.4700012207031,275.5,274.4700012207031,275.45001220703125,0
2026-07-17 10:15:00+05:30,275.489990234375,275.95001220703125,275.3599853515625,275.4100036621094,1323974
2026-07-17 11:15:00+05:30,275.3699951171875,275.8900146484375,275.3399963378906,275.8399963378906,828281
2026-07-17 12:15:00+05:30,275.8399963378906,276.0,275.6600036621094,275.8699951171875,746478
2026-07-17 13:15:00+05:30,275.8900146484375,275.8999938964844,275.25,275.8599853515625,611832
2026-07-17 14:15:00+05:30,275.8900146484375,276.8500061035156,275.8500061035156,276.4599914550781,1374118
2026-07-17 15:15:00+05:30,276.3999938964844,276.75,276.29998779296875,276.6000061035156,920835
2026-07-20 09:15:00+05:30,275.8900146484375,276.1300048828125,274.9100036621094,275.6000061035156,0
2026-07-20 10:15:00+05:30,275.6000061035156,275.79998779296875,275.42999267578125,275.5,461755
2026-07-20 11:15:00+05:30,275.5,275.6400146484375,274.8500061035156,274.95001220703125,1257084
2026-07-20 12:15:00+05:30,275.0,275.6499938964844,274.6000061035156,275.5899963378906,456685
2026-07-20 13:15:00+05:30,275.6499938964844,275.8500061035156,275.3399963378906,275.739990234375,582225
2026-07-20 14:15:00+05:30,275.739990234375,275.79998779296875,275.3999938964844,275.54998779296875,457927
2026-07-20 15:15:00+05:30,275.5899963378906,275.70001220703125,275.510009765625,275.69000244140625,223792
2026-07-21 09:15:00+05:30,275.17999267578125,275.8900146484375,275.17999267578125,275.4100036621094,0
2026-07-21 10:15:00+05:30,275.3999938964844,275.42999267578125,275.0,275.0199890136719,523689
2026-07-21 11:15:00+05:30,275.05999755859375,275.1700134277344,274.8999938964844,275.0199890136719,290835
2026-07-21 12:15:00+05:30,275.0199890136719,275.1499938964844,274.70001220703125,274.82000732421875,336232
2026-07-21 13:15:00+05:30,274.8900146484375,275.20001220703125,274.7699890136719,274.9599914550781,263421
2026-07-21 14:15:00+05:30,274.9599914550781,275.25,274.79998779296875,275.07000732421875,595445
2026-07-21 15:15:00+05:30,275.07000732421875,275.239990234375,275.0199890136719,275.1300048828125,247491
2026-07-22 09:15:00+05:30,275.0299987792969,275.0799865722656,273.55999755859375,273.80999755859375,0
2026-07-22 10:15:00+05:30,273.7799987792969,273.7900085449219,273.2099914550781,273.55999755859375,925289
2026-07-22 11:15:00+05:30,273.57000732421875,273.8900146484375,273.3500061035156,273.45001220703125,584929
2026-07-22 12:15:00+05:30,273.42999267578125,273.6400146484375,273.0799865722656,273.19000244140625,609440
2026-07-22 13:15:00+05:30,273.2799987792969,273.5,273.1099853515625,273.2200012207031,357792
2026-07-22 14:15:00+05:30,273.2200012207031,273.5,273.1199951171875,273.5,562152
2026-07-22 15:15:00+05:30,273.5,273.54998779296875,273.29998779296875,273.44000244140625,269418
2026-07-23 09:15:00+05:30,272.6300048828125,273.20001220703125,272.2200012207031,273.0899963378906,0
2026-07-23 10:15:00+05:30,273.0899963378906,273.3599853515625,272.8999938964844,273.1099853515625,266446
2026-07-23 11:15:00+05:30,273.1000061035156,273.1400146484375,272.67999267578125,272.75,239242
2026-07-23 12:15:00+05:30,272.75,272.760009765625,271.6000061035156,271.69000244140625,950791
2026-07-23 13:15:00+05:30,271.6400146484375,272.0899963378906,271.4800109863281,271.8599853515625,619002
2026-07-23 14:15:00+05:30,271.8299865722656,272.2300109863281,271.3999938964844,272.0799865722656,1372739
2026-07-23 15:15:00+05:30,272.05999755859375,272.20001220703125,272.0,272.19000244140625,306853
2026-07-24 09:15:00+05:30,270.4200134277344,271.17999267578125,269.44000244140625,269.44000244140625,0
2026-07-24 10:15:00+05:30,269.44000244140625,269.9200134277344,269.3800048828125,269.6499938964844,786029
2026-07-24 11:15:00+05:30,269.6300048828125,270.4800109863281,269.6300048828125,270.29998779296875,1584641
2026-07-24 12:15:00+05:30,270.3599853515625,271.3999938964844,270.2900085449219,271.29998779296875,720978
2026-07-24 13:15:00+05:30,271.2099914550781,271.6499938964844,270.70001220703125,271.5,497323
2026-07-24 14:15:00+05:30,271.5,271.55999755859375,271.010009765625,271.29998779296875,831588
2026-07-24 15:15:00+05:30,271.29998779296875,271.489990234375,271.19000244140625,271.4800109863281,366676
