Datetime,Open,High,Low,Close,Volume
2025-07-28 09:15:00+05:30,239.8699951171875,241.32000732421875,239.8000030517578,240.8300018310547,0
2025-07-28 10:15:00+05:30,240.85000610351562,241.44000244140625,240.77000427246094,240.91000366210938,520838
2025-07-28 11:15:00+05:30,240.9499969482422,241.55999755859375,240.67999267578125,241.0,713541
2025-07-28 12:15:00+05:30,241.0,241.25,239.1300048828125,239.14999389648438,717372
2025-07-28 13:15:00+05:30,239.14999389648438,239.83999633789062,237.85000610351562,239.83999633789062,1668905
2025-07-28 14:15:00+05:30,239.8000030517578,240.88999938964844,239.5399932861328,239.64999389648438,1940919
2025-07-28 15:15:00+05:30,239.6199951171875,240.11000061035156,239.14999389648438,239.75,654031
2025-07-29 09:15:00+05:30,240.3800048828125,242.30999755859375,240.11000061035156,240.27999877929688,0
2025-07-29 10:15:00+05:30,240.3000030517578,241.89999389648438,240.02000427246094,241.89999389648438,920847
2025-07-29 11:15:00+05:30,241.89999389648438,242.27999877929688,241.33999633789062,241.5,1067661
2025-07-29 12:15:00+05:30,241.47999572753906,241.60000610351562,240.89999389648438,241.27999877929688,455511
2025-07-29 13:15:00+05:30,241.32000732421875,241.92999267578125,241.0399932861328,241.32000732421875,601256
2025-07-29 14:15:00+05:30,241.25,241.75,240.88999938964844,241.6699981689453,1626088
2025-07-29 15:15:00+05:30,241.6300048828125,241.8000030517578,241.10000610351562,241.10000610351562,514390
2025-07-30 09:15:00+05:30,242.1999969482422,242.77999877929688,240.22999572753906,240.41000366210938,0
2025-07-30 10:15:00+05:30,240.27000427246094,242.17999267578125,240.10000610351562,241.9499969482422,1970995
2025-07-30 11:15:00+05:30,242.02999877929688,243.5500030517578,241.92999267578125,242.72000122070312,2023458
2025-07-30 12:15:00+05:30,242.63999938964844,243.42999267578125,242.63999938964844,242.8000030517578,675197
2025-07-30 13:15:00+05:30,242.94000244140625,243.0,242.3800048828125,242.49000549316406,557972
2025-07-30 14:15:00+05:30,242.41000366210938,242.63999938964844,241.75,241.77999877929688,1536920
2025-07-30 15:15:00+05:30,241.75,242.0,241.5,241.80999755859375,895598
2025-07-31 09:15:00+05:30,240.8300018310547,241.50999450683594,239.66000366210938,239.8000030517578,0
2025-07-31 10:15:00+05:30,239.8000030517578,241.67999267578125,239.72999572753906,241.6199951171875,2040562
2025-07-31 11:15:00+05:30,241.64999389648438,242.0,241.0500030517578,241.42999267578125,1947484
2025-07-31 12:15:00+05:30,241.4600067138672,241.8000030517578,241.1699981689453,241.5,488014
2025-07-31 13:15:00+05:30,241.60000610351562,242.8000030517578,241.4600067138672,242.41000366210938,1076500
2025-07-31 14:15:00+05:30,242.39999389648438,242.42999267578125,240.30999755859375,241.0,2056909
2025-07-31 15:15:00+05:30,241.00999450683594,241.57000732421875,240.25,240.25,1505315
2025-08-01 09:15:00+05:30,240.25999450683594,240.25999450683594,236.1699981689453,236.57000732421875,0
2025-08-01 10:15:00+05:30,236.63999938964844,236.8699951171875,235.14999389648438,236.22000122070312,2731252
2025-08-01 11:15:00+05:30,236.19000244140625,236.39999389648438,234.0800018310547,234.8800048828125,2431729
2025-08-01 12:15:00+05:30,234.8800048828125,235.27000427246094,234.24000549316406,234.82000732421875,701644
2025-08-01 13:15:00+05:30,234.82000732421875,238.16000366210938,234.66000366210938,237.89999389648438,2465126
2025-08-01 14:15:00+05:30,237.83999633789062,238.0,236.55999755859375,236.6999969482422,1797289
2025-08-01 15:15:00+05:30,236.60000610351562,236.99000549316406,236.3000030517578,236.5,1007096
2025-08-04 09:15:00+05:30,235.49000549316406,238.3000030517578,235.49000549316406,236.07000732421875,0
2025-08-04 10:15:00+05:30,236.0800018310547,236.27000427246094,234.36000061035156,234.72999572753906,1467460
2025-08-04 11:15:00+05:30,234.75999450683594,235.1999969482422,234.0,235.0,2425826
2025-08-04 12:15:00+05:30,234.97000122070312,235.33999633789062,234.66000366210938,235.1999969482422,2040049
2025-08-04 13:15:00+05:30,235.1999969482422,235.32000732421875,234.22999572753906,235.00999450683594,1178766
2025-08-04 14:15:00+05:30,235.0,235.11000061035156,234.47999572753906,234.6999969482422,6348500
2025-08-04 15:15:00+05:30,234.63999938964844,235.19000244140625,234.63999938964844,234.8300018310547,1592210
2025-08-05 09:15:00+05:30,234.97999572753906,235.52999877929688,233.08999633789062,233.6199951171875,0
2025-08-05 10:15:00+05:30,233.6199951171875,235.0,233.4199981689453,234.9499969482422,1834620
2025-08-05 11:15:00+05:30,234.9499969482422,235.0,234.1699981689453,234.44000244140625,1128760
2025-08-05 12:15:00+05:30,234.4499969482422,234.9499969482422,234.38999938964844,234.4199981689453,465625
2025-08-05 13:15:00+05:30,234.5,234.5,233.57000732421875,233.72000122070312,1705303
2025-08-05 14:15:00+05:30,233.7100067138672,234.94000244140625,233.57000732421875,234.47999572753906,2342153
2025-08-05 15:15:00+05:30,234.5,234.5,234.02000427246094,234.39999389648438,868620
2025-08-06 09:15:00+05:30,234.35000610351562,235.3699951171875,233.77999877929688,234.0,758896
2025-08-06 10:15:00+05:30,234.0,235.0,233.66000366210938,234.6699981689453,1509335
2025-08-06 11:15:00+05:30,234.72000122070312,235.02999877929688,233.1999969482422,233.25,1301876
2025-08-06 12:15:00+05:30,233.1999969482422,233.9199981689453,233.07000732421875,233.85000610351562,1066514
2025-08-06 13:15:00+05:30,233.77999877929688,233.8300018310547,233.0800018310547,233.4499969482422,998963
2025-08-06 14:15:00+05:30,233.41000366210938,233.89999389648438,232.9199981689453,233.89999389648438,1393565
2025-08-06 15:15:00+05:30,233.8800048828125,234.0,233.7899932861328,234.0,538491
2025-08-07 09:15:00+05:30,232.9199981689453,233.27000427246094,232.1999969482422,232.97999572753906,672012
2025-08-07 10:15:00+05:30,232.9499969482422,233.33999633789062,232.10000610351562,232.7100067138672,515074
2025-08-07 11:15:00+05:30,232.6999969482422,233.14999389648438,232.61000061035156,233.07000732421875,394187
2025-08-07 12:15:00+05:30,233.00999450683594,233.17999267578125,232.42999267578125,232.60000610351562,1437185
2025-08-07 13:15:00+05:30,232.5399932861328,232.6300048828125,231.5500030517578,232.1999969482422,917673
2025-08-07 14:15:00+05:30,232.22000122070312,234.13999938964844,232.10000610351562,234.0,974131
2025-08-07 15:15:00+05:30,233.99000549316406,234.0,233.5500030517578,233.5500030517578,647561
2025-08-08 09:15:00+05:30,233.7899932861328,235.1199951171875,233.1999969482422,233.5800018310547,0
2025-08-08 10:15:00+05:30,233.5800018310547,233.8300018310547,233.14999389648438,233.5399932861328,416177
2025-08-08 11:15:00+05:30,233.5,234.22000122070312,233.42999267578125,233.80999755859375,816675
2025-08-08 12:15:00+05:30,233.8800048828125,234.83999633789062,233.52000427246094,233.9199981689453,1262044
2025-08-08 13:15:00+05:30,233.94000244140625,234.2899932861328,233.08999633789062,233.24000549316406,384311
2025-08-08 14:15:00+05:30,233.35000610351562,233.9499969482422,233.0500030517578,233.10000610351562,988303
2025-08-08 15:15:00+05:30,233.0500030517578,233.44000244140625,232.6999969482422,233.44000244140625,491281
2025-08-11 09:15:00+05:30,233.0399932861328,234.24000549316406,231.92999267578125,232.60000610351562,0
2025-08-11 10:15:00+05:30,232.58999633789062,233.0399932861328,231.97000122070312,232.58999633789062,562719
2025-08-11 11:15:00+05:30,232.58999633789062,233.13999938964844,231.58999633789062,233.02000427246094,902818
2025-08-11 12:15:00+05:30,233.0800018310547,233.17999267578125,232.49000549316406,232.97000122070312,937949
2025-08-11 13:15:00+05:30,233.00999450683594,233.60000610351562,232.86000061035156,233.44000244140625,242345
2025-08-11 14:15:00+05:30,233.44000244140625,233.97999572753906,233.25,233.75,694547
2025-08-11 15:15:00+05:30,233.75,233.92999267578125,233.36000061035156,233.8300018310547,705916
2025-08-12 09:15:00+05:30,234.24000549316406,234.88999938964844,233.66000366210938,234.3000030517578,0
2025-08-12 10:15:00+05:30,234.3000030517578,234.52999877929688,233.61000061035156,233.6999969482422,462440
2025-08-12 11:15:00+05:30,233.6999969482422,235.9600067138672,233.6199951171875,235.2899932861328,2782460
2025-08-12 12:15:00+05:30,235.27999877929688,236.08999633789062,235.17999267578125,235.8000030517578,735642
2025-08-12 13:15:00+05:30,235.8000030517578,235.89999389648438,235.0,235.0800018310547,327775
2025-08-12 14:15:00+05:30,235.0800018310547,235.8000030517578,235.0,235.6199951171875,1441959
2025-08-12 15:15:00+05:30,235.63999938964844,235.64999389648438,235.0,235.52000427246094,573040
2025-08-13 09:15:00+05:30,237.7899932861328,238.32000732421875,236.5,238.0800018310547,0
2025-08-13 10:15:00+05:30,238.0800018310547,239.39999389648438,238.0800018310547,239.3800048828125,1541358
2025-08-13 11:15:00+05:30,239.5399932861328,239.9499969482422,238.89999389648438,239.19000244140625,1305980
2025-08-13 12:15:00+05:30,239.25,239.82000732421875,239.00999450683594,239.80999755859375,560816
2025-08-13 13:15:00+05:30,239.80999755859375,239.94000244140625,238.80999755859375,238.92999267578125,809801
2025-08-13 14:15:00+05:30,238.94000244140625,239.5500030517578,238.66000366210938,238.66000366210938,1497069
2025-08-13 15:15:00+05:30,238.69000244140625,238.69000244140625,238.1300048828125,238.5,668104
2025-08-14 09:15:00+05:30,238.44000244140625,238.60000610351562,234.4499969482422,236.00999450683594,0
2025-08-14 10:15:00+05:30,236.00999450683594,236.91000366210938,235.2899932861328,236.25,845265
2025-08-14 11:15:00+05:30,236.25,237.2100067138672,236.1999969482422,237.10000610351562,1085896
2025-08-14 12:15:00+05:30,237.08999633789062,237.38999938964844,236.6999969482422,237.02000427246094,427765
2025-08-14 13:15:00+05:30,237.13999938964844,237.91000366210938,237.0,237.4600067138672,1567375
2025-08-14 14:15:00+05:30,237.5,237.6199951171875,236.89999389648438,236.89999389648438,1339220
2025-08-14 15:15:00+05:30,236.86000061035156,236.94000244140625,236.60000610351562,236.6999969482422,655117
2025-08-18 09:15:00+05:30,237.1999969482422,237.9499969482422,235.5,236.5500030517578,0
2025-08-18 10:15:00+05:30,236.61000061035156,237.10000610351562,236.02999877929688,236.33999633789062,555328
2025-08-18 11:15:00+05:30,236.33999633789062,237.3000030517578,235.82000732421875,236.8699951171875,1439875
2025-08-18 12:15:00+05:30,236.85000610351562,238.1999969482422,236.35000610351562,238.0800018310547,2117333
2025-08-18 13:15:00+05:30,238.08999633789062,238.4499969482422,237.89999389648438,238.0399932861328,768929
2025-08-18 14:15:00+05:30,238.0399932861328,238.4499969482422,237.2899932861328,238.27999877929688,1489309
2025-08-18 15:15:00+05:30,238.33999633789062,238.52999877929688,237.97999572753906,238.39999389648438,918561
2025-08-19 09:15:00+05:30,237.5,237.9199981689453,236.67999267578125,237.35000610351562,0
2025-08-19 10:15:00+05:30,237.35000610351562,237.97000122070312,237.2100067138672,237.69000244140625,868785
2025-08-19 11:15:00+05:30,237.63999938964844,238.1199951171875,237.49000549316406,237.9499969482422,822070
2025-08-19 12:15:00+05:30,237.9499969482422,238.52999877929688,237.8000030517578,238.00999450683594,626108
2025-08-19 13:15:00+05:30,238.00999450683594,238.25,237.38999938964844,237.75999450683594,765656
2025-08-19 14:15:00+05:30,237.75999450683594,238.5,237.63999938964844,237.89999389648438,818134
2025-08-19 15:15:00+05:30,237.92999267578125,238.0,237.6999969482422,237.94000244140625,522072
2025-08-20 09:15:00+05:30,237.5,238.24000549316406,237.14999389648438,238.1999969482422,0
2025-08-20 10:15:00+05:30,238.25,238.35000610351562,237.5,238.00999450683594,728536
2025-08-20 11:15:00+05:30,238.0800018310547,238.16000366210938,237.3000030517578,237.3300018310547,1144889
2025-08-20 12:15:00+05:30,237.33999633789062,238.14999389648438,237.27000427246094,238.0500030517578,1404685
2025-08-20 13:15:00+05:30,238.0500030517578,238.25,237.61000061035156,237.94000244140625,1073403
2025-08-20 14:15:00+05:30,237.94000244140625,239.08999633789062,237.67999267578125,237.9600067138672,1851924
2025-08-20 15:15:00+05:30,237.9600067138672,238.35000610351562,237.72000122070312,237.92999267578125,784782
2025-08-21 09:15:00+05:30,237.7100067138672,240.9499969482422,237.3000030517578,240.42999267578125,0
2025-08-21 10:15:00+05:30,240.39999389648438,240.4600067138672,239.32000732421875,239.52000427246094,815759
2025-08-21 11:15:00+05:30,239.50999450683594,240.0,239.0,239.60000610351562,1601825
2025-08-21 12:15:00+05:30,239.60000610351562,239.9499969482422,239.39999389648438,239.77999877929688,902794
2025-08-21 13:15:00+05:30,239.77999877929688,239.85000610351562,238.80999755859375,239.0,788401
2025-08-21 14:15:00+05:30,239.02000427246094,239.16000366210938,238.25,238.3699951171875,1684319
2025-08-21 15:15:00+05:30,238.3800048828125,238.5500030517578,237.9499969482422,238.4499969482422,693117
2025-08-22 09:15:00+05:30,237.97000122070312,238.60000610351562,236.91000366210938,237.8800048828125,0
2025-08-22 10:15:00+05:30,237.9499969482422,238.3000030517578,237.61000061035156,238.13999938964844,374074
2025-08-22 11:15:00+05:30,238.05999755859375,238.1999969482422,236.75,236.75,1494895
2025-08-22 12:15:00+05:30,236.75999450683594,236.92999267578125,236.22999572753906,236.6199951171875,581067
2025-08-22 13:15:00+05:30,236.6199951171875,236.8300018310547,236.22000122070312,236.32000732421875,569863
2025-08-22 14:15:00+05:30,236.24000549316406,236.6999969482422,236.00999450683594,236.44000244140625,1130508
2025-08-22 15:15:00+05:30,236.4499969482422,236.52999877929688,235.89999389648438,236.19000244140625,661447
2025-08-25 09:15:00+05:30,236.49000549316406,236.5500030517578,235.75999450683594,236.2100067138672,0
2025-08-25 10:15:00+05:30,236.2100067138672,236.55999755859375,235.9199981689453,236.4499969482422,1167511
2025-08-25 11:15:00+05:30,236.5,237.3800048828125,236.0,236.07000732421875,1673006
2025-08-25 12:15:00+05:30,236.0500030517578,236.74000549316406,235.6699981689453,236.66000366210938,1792176
2025-08-25 13:15:00+05:30,236.64999389648438,236.75,235.6999969482422,236.0,1825747
2025-08-25 14:15:00+05:30,235.94000244140625,237.10000610351562,235.86000061035156,236.5,1338114
2025-08-25 15:15:00+05:30,236.52999877929688,237.0800018310547,236.44000244140625,236.9499969482422,486241
2025-08-26 09:15:00+05:30,237.0500030517578,237.3000030517578,234.8800048828125,235.10000610351562,0
2025-08-26 10:15:00+05:30,235.11000061035156,235.39999389648438,234.50999450683594,235.0800018310547,1831654
2025-08-26 11:15:00+05:30,235.07000732421875,235.27000427246094,234.52000427246094,234.6300048828125,2354628
2025-08-26 12:15:00+05:30,234.6300048828125,234.99000549316406,234.16000366210938,234.72000122070312,2657838
2025-08-26 13:15:00+05:30,234.72999572753906,235.4199981689453,234.72000122070312,235.11000061035156,1137133
2025-08-26 14:15:00+05:30,235.11000061035156,235.27000427246094,234.0,234.05999755859375,3954906
2025-08-26 15:15:00+05:30,234.11000061035156,234.49000549316406,233.80999755859375,234.19000244140625,1724680
2025-08-28 09:15:00+05:30,234.2100067138672,234.77999877929688,233.6199951171875,234.3000030517578,0
2025-08-28 10:15:00+05:30,234.3000030517578,235.27999877929688,234.3000030517578,234.86000061035156,2773890
2025-08-28 11:15:00+05:30,234.86000061035156,235.0399932861328,234.77000427246094,234.9199981689453,2952321
2025-08-28 12:15:00+05:30,234.89999389648438,234.92999267578125,233.83999633789062,234.0,821084
2025-08-28 13:15:00+05:30,233.99000549316406,234.0,232.97999572753906,233.83999633789062,813374
2025-08-28 14:15:00+05:30,233.72999572753906,234.24000549316406,232.6199951171875,232.7100067138672,4615975
2025-08-28 15:15:00+05:30,232.74000549316406,234.22999572753906,232.3800048828125,233.38999938964844,946217
2025-08-29 09:15:00+05:30,233.3699951171875,233.7100067138672,231.36000061035156,231.5500030517578,0
2025-08-29 10:15:00+05:30,231.55999755859375,233.1199951171875,231.5,232.85000610351562,1586267
2025-08-29 11:15:00+05:30,232.8699951171875,233.10000610351562,232.39999389648438,232.97000122070312,721947
2025-08-29 12:15:00+05:30,232.97000122070312,233.49000549316406,232.57000732421875,233.39999389648438,874752
2025-08-29 13:15:00+05:30,233.39999389648438,234.0,233.3000030517578,233.97000122070312,1187737
2025-08-29 14:15:00+05:30,233.97000122070312,234.08999633789062,233.19000244140625,233.25,3547196
2025-08-29 15:15:00+05:30,233.27000427246094,233.5500030517578,233.0,233.25,945789
2025-09-01 09:15:00+05:30,233.5,235.49000549316406,233.5,234.86000061035156,0
2025-09-01 10:15:00+05:30,234.83999633789062,235.72999572753906,234.67999267578125,235.52000427246094,325380
2025-09-01 11:15:00+05:30,235.52000427246094,236.3800048828125,235.52000427246094,236.33999633789062,437218
2025-09-01 12:15:00+05:30,236.36000061035156,236.4199981689453,235.64999389648438,235.7899932861328,186107
2025-09-01 13:15:00+05:30,235.75,237.32000732421875,235.47000122070312,237.1999969482422,1598030
2025-09-01 14:15:00+05:30,237.3699951171875,238.88999938964844,237.02999877929688,238.58999633789062,877717
2025-09-01 15:15:00+05:30,238.58999633789062,239.19000244140625,238.50999450683594,238.72000122070312,449954
2025-09-02 09:15:00+05:30,237.7899932861328,241.72000122070312,237.61000061035156,241.35000610351562,0
2025-09-02 10:15:00+05:30,241.3800048828125,242.5,241.3000030517578,241.86000061035156,1351985
2025-09-02 11:15:00+05:30,241.69000244140625,242.22999572753906,241.33999633789062,242.0,631574
2025-09-02 12:15:00+05:30,242.0,242.0500030517578,241.1699981689453,241.47999572753906,543927
2025-09-02 13:15:00+05:30,241.52000427246094,241.60000610351562,238.80999755859375,239.3000030517578,774789
2025-09-02 14:15:00+05:30,239.3000030517578,239.9499969482422,239.05999755859375,239.4199981689453,934956
2025-09-02 15:15:00+05:30,239.4199981689453,239.77999877929688,239.35000610351562,239.75999450683594,334482
2025-09-03 09:15:00+05:30,240.00999450683594,241.94000244140625,240.00999450683594,240.6199951171875,0
2025-09-03 10:15:00+05:30,240.6699981689453,240.9499969482422,239.97000122070312,240.6699981689453,312849
2025-09-03 11:15:00+05:30,240.6699981689453,240.74000549316406,239.6999969482422,239.9199981689453,299881
2025-09-03 12:15:00+05:30,239.8800048828125,240.0800018310547,238.7100067138672,239.07000732421875,444274
2025-09-03 13:15:00+05:30,238.97999572753906,239.5,238.5399932861328,238.92999267578125,364059
2025-09-03 14:15:00+05:30,239.02000427246094,239.24000549316406,238.5,238.94000244140625,1192165
2025-09-03 15:15:00+05:30,238.94000244140625,239.38999938964844,238.92999267578125,239.00999450683594,621964
2025-09-04 09:15:00+05:30,239.0,239.0,236.1999969482422,236.7100067138672,0
2025-09-04 10:15:00+05:30,236.6699981689453,237.3699951171875,236.6199951171875,236.8800048828125,553244
2025-09-04 11:15:00+05:30,236.8800048828125,237.33999633789062,236.63999938964844,237.25,372404
2025-09-04 12:15:00+05:30,237.2899932861328,237.5399932861328,236.55999755859375,236.5800018310547,1720951
2025-09-04 13:15:00+05:30,236.5800018310547,236.8000030517578,235.89999389648438,236.1699981689453,1088238
2025-09-04 14:15:00+05:30,236.25,236.39999389648438,235.4499969482422,235.5500030517578,2037241
2025-09-04 15:15:00+05:30,235.60000610351562,236.16000366210938,235.4600067138672,235.72000122070312,1350973
2025-09-05 09:15:00+05:30,235.85000610351562,236.9499969482422,234.3000030517578,234.50999450683594,0
2025-09-05 10:15:00+05:30,234.50999450683594,235.3699951171875,234.1999969482422,235.27999877929688,525370
2025-09-05 11:15:00+05:30,235.30999755859375,235.3300018310547,233.1999969482422,233.58999633789062,1429886
2025-09-05 12:15:00+05:30,233.4600067138672,233.6199951171875,233.00999450683594,233.60000610351562,1365293
2025-09-05 13:15:00+05:30,233.60000610351562,235.05999755859375,233.49000549316406,234.72000122070312,1727229
2025-09-05 14:15:00+05:30,234.75,234.85000610351562,233.85000610351562,234.0,1105159
2025-09-05 15:15:00+05:30,234.00999450683594,234.58999633789062,233.9499969482422,234.50999450683594,418249
2025-09-08 09:15:00+05:30,234.58999633789062,234.82000732421875,233.55999755859375,234.1300048828125,0
2025-09-08 10:15:00+05:30,234.10000610351562,234.22000122070312,232.13999938964844,232.94000244140625,1329540
2025-09-08 11:15:00+05:30,232.89999389648438,232.97999572753906,232.14999389648438,232.47999572753906,716330
2025-09-08 12:15:00+05:30,232.52999877929688,233.6999969482422,232.41000366210938,233.25,2181946
2025-09-08 13:15:00+05:30,233.24000549316406,233.3000030517578,232.89999389648438,233.08999633789062,415715
2025-09-08 14:15:00+05:30,233.08999633789062,233.22000122070312,232.0800018310547,232.49000549316406,1607455
2025-09-08 15:15:00+05:30,232.49000549316406,232.89999389648438,232.3699951171875,232.6999969482422,976192
2025-09-09 09:15:00+05:30,232.77999877929688,234.5800018310547,232.1199951171875,234.02999877929688,0
2025-09-09 10:15:00+05:30,234.00999450683594,234.00999450683594,232.97999572753906,233.0,734669
2025-09-09 11:15:00+05:30,233.0,233.2899932861328,231.63999938964844,232.14999389648438,3008876
2025-09-09 12:15:00+05:30,232.14999389648438,232.52000427246094,231.3800048828125,231.3800048828125,2058684
2025-09-09 13:15:00+05:30,231.52999877929688,231.8000030517578,231.0800018310547,231.1199951171875,1621491
2025-09-09 14:15:00+05:30,231.1999969482422,231.50999450683594,230.75999450683594,231.32000732421875,1958131
2025-09-09 15:15:00+05:30,231.35000610351562,231.89999389648438,231.1699981689453,231.3300018310547,898175
2025-09-10 09:15:00+05:30,233.0,233.0,231.8300018310547,232.6699981689453,0
2025-09-10 10:15:00+05:30,232.6699981689453,232.74000549316406,231.72000122070312,231.8699951171875,747532
2025-09-10 11:15:00+05:30,231.8699951171875,232.0,231.24000549316406,231.9600067138672,1550792
2025-09-10 12:15:00+05:30,231.94000244140625,232.25,231.5,231.5500030517578,5984336
2025-09-10 13:15:00+05:30,231.52999877929688,231.77000427246094,231.5,231.60000610351562,371651
2025-09-10 14:15:00+05:30,231.57000732421875,231.86000061035156,231.4600067138672,231.8000030517578,1057379
2025-09-10 15:15:00+05:30,231.82000732421875,231.94000244140625,231.66000366210938,231.6999969482422,852087
2025-09-11 09:15:00+05:30,232.6199951171875,234.75,232.6199951171875,233.75,0
2025-09-11 10:15:00+05:30,233.75,235.17999267578125,233.75,234.3800048828125,1482277
2025-09-11 11:15:00+05:30,234.3800048828125,235.02000427246094,233.61000061035156,233.6199951171875,1314820
2025-09-11 12:15:00+05:30,233.61000061035156,234.0,233.39999389648438,233.77999877929688,1137896
2025-09-11 13:15:00+05:30,233.72000122070312,233.92999267578125,233.39999389648438,233.6699981689453,680009
2025-09-11 14:15:00+05:30,233.67999267578125,234.0,233.25999450683594,233.8800048828125,1314839
2025-09-11 15:15:00+05:30,233.88999938964844,233.99000549316406,233.5800018310547,233.99000549316406,762074
2025-09-12 09:15:00+05:30,234.58999633789062,235.41000366210938,234.02999877929688,234.57000732421875,0
2025-09-12 10:15:00+05:30,234.64999389648438,234.75,233.61000061035156,233.6999969482422,490655
2025-09-12 11:15:00+05:30,233.6999969482422,234.3699951171875,233.42999267578125,233.42999267578125,642385
2025-09-12 12:15:00+05:30,233.4600067138672,233.49000549316406,232.6999969482422,232.8300018310547,684822
2025-09-12 13:15:00+05:30,232.86000061035156,233.64999389648438,232.8300018310547,233.41000366210938,740920
2025-09-12 14:15:00+05:30,233.42999267578125,233.88999938964844,233.1199951171875,233.2899932861328,1625427
2025-09-12 15:15:00+05:30,233.2899932861328,233.42999267578125,233.02999877929688,233.35000610351562,851295
2025-09-15 09:15:00+05:30,233.52999877929688,234.1699981689453,232.27999877929688,232.4499969482422,0
2025-09-15 10:15:00+05:30,232.47000122070312,233.0500030517578,232.47000122070312,232.7100067138672,923265
2025-09-15 11:15:00+05:30,232.75,232.9600067138672,232.35000610351562,232.4199981689453,776738
2025-09-15 12:15:00+05:30,232.39999389648438,232.52999877929688,232.1999969482422,232.38999938964844,565125
2025-09-15 13:15:00+05:30,232.3800048828125,232.66000366210938,232.10000610351562,232.19000244140625,753441
2025-09-15 14:15:00+05:30,232.1999969482422,232.47000122070312,232.0399932861328,232.1300048828125,1164046
2025-09-15 15:15:00+05:30,232.19000244140625,232.49000549316406,232.1300048828125,232.25999450683594,646839
2025-09-16 09:15:00+05:30,232.61000061035156,234.67999267578125,232.5,234.42999267578125,0
2025-09-16 10:15:00+05:30,234.4600067138672,234.8000030517578,234.2100067138672,234.69000244140625,796155
2025-09-16 11:15:00+05:30,234.69000244140625,235.14999389648438,234.3300018310547,234.6199951171875,759467
2025-09-16 12:15:00+05:30,234.69000244140625,235.19000244140625,234.4600067138672,234.8300018310547,1290073
2025-09-16 13:15:00+05:30,234.83999633789062,234.8699951171875,233.91000366210938,234.35000610351562,1149927
2025-09-16 14:15:00+05:30,234.2899932861328,235.27000427246094,234.25,235.1999969482422,1366066
2025-09-16 15:15:00+05:30,235.14999389648438,235.25,235.0,235.25,678270
2025-09-17 09:15:00+05:30,236.0,236.77999877929688,235.39999389648438,236.63999938964844,0
2025-09-17 10:15:00+05:30,236.64999389648438,237.9499969482422,236.55999755859375,236.6199951171875,1156625
2025-09-17 11:15:00+05:30,236.6300048828125,237.13999938964844,236.3699951171875,236.60000610351562,425570
2025-09-17 12:15:00+05:30,236.60000610351562,236.6999969482422,236.1199951171875,236.19000244140625,643219
2025-09-17 13:15:00+05:30,236.27999877929688,236.57000732421875,235.35000610351562,236.0500030517578,2189542
2025-09-17 14:15:00+05:30,236.0399932861328,237.02999877929688,236.0399932861328,237.02999877929688,1583780
2025-09-17 15:15:00+05:30,237.02999877929688,237.02999877929688,236.39999389648438,236.8699951171875,617354
2025-09-18 09:15:00+05:30,237.50999450683594,237.50999450683594,235.5500030517578,235.5500030517578,0
2025-09-18 10:15:00+05:30,235.5399932861328,235.89999389648438,235.3000030517578,235.52999877929688,525185
2025-09-18 11:15:00+05:30,235.52000427246094,235.82000732421875,235.02000427246094,235.02999877929688,560854
2025-09-18 12:15:00+05:30,235.0800018310547,235.17999267578125,234.60000610351562,234.61000061035156,905879
2025-09-18 13:15:00+05:30,234.5800018310547,235.27999877929688,234.5,235.0,1088555
2025-09-18 14:15:00+05:30,235.0,235.6999969482422,234.9499969482422,235.6199951171875,1476501
2025-09-18 15:15:00+05:30,235.52000427246094,235.89999389648438,235.32000732421875,235.88999938964844,850840
2025-09-19 09:15:00+05:30,235.4600067138672,235.7899932861328,234.80999755859375,235.0,0
2025-09-19 10:15:00+05:30,235.0500030517578,236.36000061035156,235.0,235.80999755859375,845136
2025-09-19 11:15:00+05:30,235.74000549316406,236.02999877929688,235.52000427246094,235.72999572753906,344805
2025-09-19 12:15:00+05:30,235.72999572753906,236.60000610351562,235.47000122070312,236.39999389648438,3379229
2025-09-19 13:15:00+05:30,236.4499969482422,236.57000732421875,235.42999267578125,235.55999755859375,1025556
2025-09-19 14:15:00+05:30,235.55999755859375,236.75,235.19000244140625,236.64999389648438,3951411
2025-09-19 15:15:00+05:30,236.64999389648438,237.30999755859375,236.5399932861328,236.69000244140625,3002535
2025-09-22 09:15:00+05:30,236.58999633789062,236.99000549316406,235.64999389648438,236.92999267578125,0
2025-09-22 10:15:00+05:30,236.8800048828125,236.97000122070312,236.10000610351562,236.13999938964844,414502
2025-09-22 11:15:00+05:30,236.2100067138672,237.00999450683594,235.83999633789062,236.89999389648438,983343
2025-09-22 12:15:00+05:30,236.8300018310547,237.0500030517578,236.33999633789062,236.8000030517578,885002
2025-09-22 13:15:00+05:30,236.82000732421875,237.1999969482422,236.52000427246094,236.99000549316406,2242673
2025-09-22 14:15:00+05:30,236.97999572753906,238.33999633789062,236.3300018310547,237.5500030517578,2973978
2025-09-22 15:15:00+05:30,237.5500030517578,237.72000122070312,237.22999572753906,237.6199951171875,725397
2025-09-23 09:15:00+05:30,237.02000427246094,237.57000732421875,235.8000030517578,236.27999877929688,0
2025-09-23 10:15:00+05:30,236.24000549316406,236.85000610351562,235.7100067138672,236.17999267578125,440007
2025-09-23 11:15:00+05:30,236.19000244140625,236.19000244140625,235.52999877929688,235.67999267578125,387803
2025-09-23 12:15:00+05:30,235.72999572753906,236.83999633789062,235.22000122070312,235.9600067138672,1214367
2025-09-23 13:15:00+05:30,235.9600067138672,236.99000549316406,235.25999450683594,236.2100067138672,1577818
2025-09-23 14:15:00+05:30,236.17999267578125,236.9600067138672,236.02000427246094,236.77000427246094,1940872
2025-09-23 15:15:00+05:30,236.86000061035156,237.0,236.47999572753906,236.89999389648438,806746
2025-09-24 09:15:00+05:30,236.92999267578125,237.50999450683594,236.30999755859375,237.02999877929688,0
2025-09-24 10:15:00+05:30,236.99000549316406,238.2899932861328,236.50999450683594,236.7100067138672,1150903
2025-09-24 11:15:00+05:30,236.69000244140625,238.8000030517578,236.55999755859375,238.1300048828125,1133236
2025-09-24 12:15:00+05:30,238.13999938964844,239.97999572753906,237.92999267578125,239.08999633789062,1542560
2025-09-24 13:15:00+05:30,239.08999633789062,240.1199951171875,238.97999572753906,239.42999267578125,1330223
2025-09-24 14:15:00+05:30,239.42999267578125,239.60000610351562,238.5800018310547,238.6999969482422,1261849
2025-09-24 15:15:00+05:30,238.6999969482422,238.74000549316406,238.07000732421875,238.41000366210938,925293
2025-09-25 09:15:00+05:30,238.80999755859375,242.13999938964844,238.58999633789062,241.52000427246094,0
2025-09-25 10:15:00+05:30,241.5500030517578,241.58999633789062,240.17999267578125,240.47999572753906,1186079
2025-09-25 11:15:00+05:30,240.5,240.6999969482422,239.66000366210938,239.94000244140625,697753
2025-09-25 12:15:00+05:30,239.94000244140625,240.13999938964844,239.24000549316406,239.24000549316406,796969
2025-09-25 13:15:00+05:30,239.27999877929688,239.72999572753906,239.07000732421875,239.1999969482422,1015781
2025-09-25 14:15:00+05:30,239.24000549316406,240.36000061035156,239.19000244140625,239.5500030517578,2093800
2025-09-25 15:15:00+05:30,239.55999755859375,239.97000122070312,239.30999755859375,239.6999969482422,1002430
2025-09-26 09:15:00+05:30,240.19000244140625,240.25999450683594,238.66000366210938,238.88999938964844,0
2025-09-26 10:15:00+05:30,238.8699951171875,239.58999633789062,238.67999267578125,238.75,866626
2025-09-26 11:15:00+05:30,238.74000549316406,239.0800018310547,238.47999572753906,238.61000061035156,390484
2025-09-26 12:15:00+05:30,238.69000244140625,239.4199981689453,238.3300018310547,238.80999755859375,1055957
2025-09-26 13:15:00+05:30,238.8300018310547,238.8300018310547,237.27999877929688,237.6199951171875,993686
2025-09-26 14:15:00+05:30,237.60000610351562,238.32000732421875,236.83999633789062,237.99000549316406,1343421
2025-09-26 15:15:00+05:30,237.99000549316406,238.27999877929688,237.86000061035156,238.10000610351562,537970
2025-09-29 09:15:00+05:30,239.10000610351562,240.58999633789062,238.24000549316406,240.10000610351562,0
2025-09-29 10:15:00+05:30,240.10000610351562,240.75,239.9600067138672,240.60000610351562,802869
2025-09-29 11:15:00+05:30,240.66000366210938,240.88999938964844,240.0,240.7100067138672,926251
2025-09-29 12:15:00+05:30,240.7100067138672,240.89999389648438,239.88999938964844,240.67999267578125,1086303
2025-09-29 13:15:00+05:30,240.63999938964844,241.14999389648438,240.60000610351562,241.0,1203730
2025-09-29 14:15:00+05:30,241.0,241.11000061035156,239.75,239.9499969482422,3502676
2025-09-29 15:15:00+05:30,239.94000244140625,240.3800048828125,239.77999877929688,239.97999572753906,1909293
2025-09-30 09:15:00+05:30,239.8000030517578,240.6999969482422,238.92999267578125,239.75999450683594,0
2025-09-30 10:15:00+05:30,239.69000244140625,239.9499969482422,239.25,239.8300018310547,602443
2025-09-30 11:15:00+05:30,239.8300018310547,240.72999572753906,239.75999450683594,240.35000610351562,461073
2025-09-30 12:15:00+05:30,240.35000610351562,240.38999938964844,239.41000366210938,239.5,858025
2025-09-30 13:15:00+05:30,239.50999450683594,239.77999877929688,238.61000061035156,238.6999969482422,1260793
2025-09-30 14:15:00+05:30,238.69000244140625,239.66000366210938,238.5,239.55999755859375,2066435
2025-09-30 15:15:00+05:30,239.55999755859375,239.5800018310547,239.3300018310547,239.5,1029690
2025-10-01 09:15:00+05:30,239.97999572753906,243.25,238.5399932861328,243.1999969482422,0
2025-10-01 10:15:00+05:30,243.16000366210938,246.19000244140625,243.0,243.32000732421875,3132990
2025-10-01 11:15:00+05:30,243.47999572753906,244.0800018310547,243.00999450683594,243.30999755859375,1113970
2025-10-01 12:15:00+05:30,243.24000549316406,244.3000030517578,243.0500030517578,243.91000366210938,1048762
2025-10-01 13:15:00+05:30,243.86000061035156,244.0,243.0800018310547,243.2100067138672,1152374
2025-10-01 14:15:00+05:30,243.2100067138672,243.5,242.8000030517578,242.89999389648438,1361308
2025-10-01 15:15:00+05:30,242.89999389648438,243.4499969482422,242.86000061035156,243.1999969482422,644485
2025-10-03 09:15:00+05:30,242.14999389648438,242.4600067138672,239.6999969482422,240.17999267578125,0
2025-10-03 10:15:00+05:30,240.16000366210938,241.39999389648438,239.8000030517578,241.38999938964844,1151040
2025-10-03 11:15:00+05:30,241.38999938964844,241.8800048828125,240.6999969482422,241.52000427246094,1358092
2025-10-03 12:15:00+05:30,241.5,242.10000610351562,241.0500030517578,242.0,1777997
2025-10-03 13:15:00+05:30,242.00999450683594,243.10000610351562,241.83999633789062,243.0,1251491
2025-10-03 14:15:00+05:30,242.88999938964844,244.1699981689453,242.4499969482422,243.49000549316406,2385262
2025-10-03 15:15:00+05:30,243.5,244.14999389648438,243.19000244140625,243.8000030517578,1658226
2025-10-06 09:15:00+05:30,243.66000366210938,247.5,243.66000366210938,244.85000610351562,0
2025-10-06 10:15:00+05:30,244.8300018310547,245.3300018310547,244.52000427246094,245.19000244140625,606152
2025-10-06 11:15:00+05:30,245.1999969482422,245.1999969482422,244.60000610351562,244.91000366210938,289833
2025-10-06 12:15:00+05:30,244.94000244140625,244.9600067138672,244.0,244.22999572753906,543906
2025-10-06 13:15:00+05:30,244.1300048828125,246.25,243.74000549316406,244.97000122070312,1190571
2025-10-06 14:15:00+05:30,245.0,246.8000030517578,244.89999389648438,245.6999969482422,1725641
2025-10-06 15:15:00+05:30,245.74000549316406,246.0500030517578,245.52999877929688,245.7100067138672,1011534
2025-10-07 09:15:00+05:30,246.1699981689453,249.5,245.9199981689453,247.58999633789062,0
2025-10-07 10:15:00+05:30,247.58999633789062,247.75,245.8000030517578,246.47999572753906,1674692
2025-10-07 11:15:00+05:30,246.47999572753906,246.72000122070312,245.85000610351562,246.7100067138672,550642
2025-10-07 12:15:00+05:30,246.7100067138672,246.80999755859375,245.9499969482422,246.2100067138672,545297
2025-10-07 13:15:00+05:30,246.22000122070312,246.3699951171875,245.36000061035156,245.64999389648438,1041503
2025-10-07 14:15:00+05:30,245.63999938964844,246.63999938964844,244.69000244140625,245.38999938964844,1790908
2025-10-07 15:15:00+05:30,245.3699951171875,245.55999755859375,244.92999267578125,245.33999633789062,1229407
2025-10-08 09:15:00+05:30,246.02000427246094,246.2100067138672,244.75,245.5500030517578,0
2025-10-08 10:15:00+05:30,245.52999877929688,245.94000244140625,243.67999267578125,243.74000549316406,516975
2025-10-08 11:15:00+05:30,243.72000122070312,244.07000732421875,243.0500030517578,243.25999450683594,368287
2025-10-08 12:15:00+05:30,243.25999450683594,243.49000549316406,242.0800018310547,242.4499969482422,805926
2025-10-08 13:15:00+05:30,242.4499969482422,243.74000549316406,242.36000061035156,242.6300048828125,812813
2025-10-08 14:15:00+05:30,242.6300048828125,242.6699981689453,241.60000610351562,241.6199951171875,1134916
2025-10-08 15:15:00+05:30,241.67999267578125,242.0500030517578,241.13999938964844,241.99000549316406,570682
2025-10-09 09:15:00+05:30,242.2899932861328,242.60000610351562,240.61000061035156,241.9499969482422,0
2025-10-09 10:15:00+05:30,241.8800048828125,243.5,241.67999267578125,243.4499969482422,1718858
2025-10-09 11:15:00+05:30,243.42999267578125,244.0,242.75,243.9600067138672,1369773
2025-10-09 12:15:00+05:30,243.94000244140625,244.5,243.61000061035156,243.61000061035156,976960
2025-10-09 13:15:00+05:30,243.6199951171875,243.9199981689453,242.72999572753906,242.86000061035156,1489159
2025-10-09 14:15:00+05:30,242.86000061035156,243.85000610351562,242.2899932861328,243.24000549316406,2123461
2025-10-09 15:15:00+05:30,243.25999450683594,243.83999633789062,243.19000244140625,243.36000061035156,757513
2025-10-10 09:15:00+05:30,243.97999572753906,247.05999755859375,243.9499969482422,246.42999267578125,0
2025-10-10 10:15:00+05:30,246.44000244140625,246.67999267578125,246.08999633789062,246.22000122070312,597978
2025-10-10 11:15:00+05:30,246.24000549316406,246.47999572753906,245.44000244140625,245.69000244140625,521668
2025-10-10 12:15:00+05:30,245.6999969482422,246.39999389648438,245.5,246.16000366210938,603131
2025-10-10 13:15:00+05:30,246.14999389648438,246.32000732421875,245.77000427246094,246.02000427246094,759746
2025-10-10 14:15:00+05:30,246.0800018310547,246.75,245.88999938964844,246.24000549316406,2664989
2025-10-10 15:15:00+05:30,246.27999877929688,246.64999389648438,245.89999389648438,246.33999633789062,1627763
2025-10-13 09:15:00+05:30,245.41000366210938,245.63999938964844,241.67999267578125,242.91000366210938,0
2025-10-13 10:15:00+05:30,242.91000366210938,243.02999877929688,241.77999877929688,242.13999938964844,1439999
2025-10-13 11:15:00+05:30,242.13999938964844,243.47999572753906,241.3800048828125,243.4499969482422,1813723
2025-10-13 12:15:00+05:30,243.4499969482422,243.5,242.6999969482422,243.3300018310547,1565591
2025-10-13 13:15:00+05:30,243.25,244.1300048828125,242.97999572753906,243.85000610351562,2585352
2025-10-13 14:15:00+05:30,243.85000610351562,244.33999633789062,243.44000244140625,244.0800018310547,1583214
2025-10-13 15:15:00+05:30,244.0399932861328,244.25,244.0,244.0,800387
2025-10-14 09:15:00+05:30,245.49000549316406,248.60000610351562,245.47000122070312,248.3300018310547,0
2025-10-14 10:15:00+05:30,248.30999755859375,248.74000549316406,247.25,247.36000061035156,1567984
2025-10-14 11:15:00+05:30,247.17999267578125,247.39999389648438,246.60000610351562,246.6300048828125,3060041
2025-10-14 12:15:00+05:30,246.6300048828125,247.3000030517578,245.16000366210938,245.27999877929688,1102402
2025-10-14 13:15:00+05:30,245.3699951171875,246.7899932861328,245.25,245.75999450683594,1712579
2025-10-14 14:15:00+05:30,245.77999877929688,246.33999633789062,244.57000732421875,244.69000244140625,1637067
2025-10-14 15:15:00+05:30,244.57000732421875,244.8000030517578,243.89999389648438,244.1199951171875,809048
2025-10-15 09:15:00+05:30,244.6300048828125,246.4199981689453,244.32000732421875,245.60000610351562,0
2025-10-15 10:15:00+05:30,245.6199951171875,247.75,245.3300018310547,247.5800018310547,867977
2025-10-15 11:15:00+05:30,247.64999389648438,247.8800048828125,247.3000030517578,247.6199951171875,994115
2025-10-15 12:15:00+05:30,247.67999267578125,248.17999267578125,247.0800018310547,247.19000244140625,855825
2025-10-15 13:15:00+05:30,247.17999267578125,247.9600067138672,246.97999572753906,247.10000610351562,1164474
2025-10-15 14:15:00+05:30,247.2100067138672,247.61000061035156,246.64999389648438,247.61000061035156,1923204
2025-10-15 15:15:00+05:30,247.6199951171875,248.02000427246094,247.61000061035156,247.8000030517578,1954271
2025-10-16 09:15:00+05:30,248.0,248.3000030517578,246.1300048828125,246.1699981689453,0
2025-10-16 10:15:00+05:30,246.1999969482422,247.38999938964844,246.02999877929688,246.94000244140625,272511
2025-10-16 11:15:00+05:30,246.99000549316406,247.2899932861328,246.27000427246094,247.25,439009
2025-10-16 12:15:00+05:30,247.24000549316406,248.22999572753906,247.0500030517578,248.0,668876
2025-10-16 13:15:00+05:30,248.10000610351562,248.25,247.7100067138672,248.00999450683594,859960
2025-10-16 14:15:00+05:30,248.0,248.5800018310547,247.8000030517578,248.14999389648438,1143920
2025-10-16 15:15:00+05:30,248.17999267578125,248.60000610351562,248.08999633789062,248.35000610351562,785357
2025-10-17 09:15:00+05:30,248.44000244140625,248.44000244140625,245.82000732421875,246.44000244140625,0
2025-10-17 10:15:00+05:30,246.52000427246094,246.58999633789062,245.6699981689453,246.3300018310547,463603
2025-10-17 11:15:00+05:30,246.3300018310547,247.2899932861328,246.2100067138672,247.10000610351562,607389
2025-10-17 12:15:00+05:30,247.10000610351562,247.60000610351562,244.77000427246094,245.11000061035156,3396628
2025-10-17 13:15:00+05:30,245.10000610351562,247.05999755859375,244.88999938964844,246.33999633789062,5965297
2025-10-17 14:15:00+05:30,246.39999389648438,247.8699951171875,246.13999938964844,247.6999969482422,2225164
2025-10-17 15:15:00+05:30,247.7100067138672,247.9199981689453,247.14999389648438,247.14999389648438,998619
2025-10-20 09:15:00+05:30,247.55999755859375,249.1300048828125,245.4199981689453,246.1300048828125,0
2025-10-20 10:15:00+05:30,246.25,248.0399932861328,245.61000061035156,247.8000030517578,1951312
2025-10-20 11:15:00+05:30,247.80999755859375,248.19000244140625,247.2100067138672,248.0,1854918
2025-10-20 12:15:00+05:30,248.0,248.47999572753906,247.77000427246094,248.0,567817
2025-10-20 13:15:00+05:30,248.0,248.1199951171875,246.6699981689453,247.8800048828125,1205426
2025-10-20 14:15:00+05:30,247.7899932861328,249.0,247.50999450683594,248.85000610351562,2338645
2025-10-20 15:15:00+05:30,248.85000610351562,249.00999450683594,248.5,248.5,891247
2025-10-21 13:15:00+05:30,248.74000549316406,249.3000030517578,248.0500030517578,248.27999877929688,299109
2025-10-21 14:15:00+05:30,248.3000030517578,248.44000244140625,247.41000366210938,248.1199951171875,257714
2025-10-23 09:15:00+05:30,250.19000244140625,251.10000610351562,249.2100067138672,249.85000610351562,1369356
2025-10-23 10:15:00+05:30,249.83999633789062,249.88999938964844,249.0800018310547,249.25,965843
2025-10-23 11:15:00+05:30,249.25,251.85000610351562,249.14999389648438,251.69000244140625,3463761
2025-10-23 12:15:00+05:30,251.6999969482422,252.47999572753906,251.6999969482422,252.1999969482422,1664458
2025-10-23 13:15:00+05:30,252.24000549316406,252.69000244140625,251.5,252.24000549316406,2019032
2025-10-23 14:15:00+05:30,252.22000122070312,253.22000122070312,251.9199981689453,252.0500030517578,2758090
2025-10-23 15:15:00+05:30,252.00999450683594,252.1999969482422,251.77999877929688,252.0500030517578,1064556
2025-10-24 09:15:00+05:30,254.0500030517578,256.5,252.8800048828125,256.239990234375,0
2025-10-24 10:15:00+05:30,256.2699890136719,256.8900146484375,254.85000610351562,255.2100067138672,3921441
2025-10-24 11:15:00+05:30,255.2100067138672,257.3999938964844,255.02999877929688,257.07000732421875,2097985
2025-10-24 12:15:00+05:30,257.0400085449219,257.25,255.55999755859375,255.7899932861328,1983613
2025-10-24 13:15:00+05:30,255.7899932861328,255.88999938964844,254.05999755859375,254.94000244140625,2404104
2025-10-24 14:15:00+05:30,254.91000366210938,255.49000549316406,253.8800048828125,255.08999633789062,2609780
2025-10-24 15:15:00+05:30,255.0,255.0,254.5,254.9600067138672,782618
2025-10-27 09:15:00+05:30,256.0,256.0,251.9600067138672,253.10000610351562,0
2025-10-27 10:15:00+05:30,253.00999450683594,253.67999267578125,252.8000030517578,253.0800018310547,669410
2025-10-27 11:15:00+05:30,253.22000122070312,253.3000030517578,252.6199951171875,252.6999969482422,383002
2025-10-27 12:15:00+05:30,252.6999969482422,254.63999938964844,252.58999633789062,254.1999969482422,925190
2025-10-27 13:15:00+05:30,254.11000061035156,254.24000549316406,253.14999389648438,253.39999389648438,880287
2025-10-27 14:15:00+05:30,253.39999389648438,254.24000549316406,252.89999389648438,253.14999389648438,2107208
2025-10-27 15:15:00+05:30,253.1699981689453,253.6300048828125,253.0800018310547,253.27000427246094,948730
2025-10-28 09:15:00+05:30,253.13999938964844,253.60000610351562,252.0800018310547,252.60000610351562,0
2025-10-28 10:15:00+05:30,252.5500030517578,252.6199951171875,251.14999389648438,251.7899932861328,719397
2025-10-28 11:15:00+05:30,251.74000549316406,252.27999877929688,250.6999969482422,250.6999969482422,565655
2025-10-28 12:15:00+05:30,250.77000427246094,251.89999389648438,250.5,250.85000610351562,771192
2025-10-28 13:15:00+05:30,250.97000122070312,251.66000366210938,250.3000030517578,250.8300018310547,988364
2025-10-28 14:15:00+05:30,250.85000610351562,251.4499969482422,249.88999938964844,250.25999450683594,2628607
2025-10-28 15:15:00+05:30,250.3699951171875,250.5399932861328,249.99000549316406,250.5399932861328,1508723
2025-10-29 09:15:00+05:30,250.60000610351562,254.6300048828125,250.60000610351562,253.91000366210938,0
2025-10-29 10:15:00+05:30,254.0399932861328,255.33999633789062,253.82000732421875,253.94000244140625,1270104
2025-10-29 11:15:00+05:30,253.89999389648438,255.1999969482422,253.52000427246094,255.11000061035156,702176
2025-10-29 12:15:00+05:30,255.14999389648438,255.75,254.0800018310547,254.4600067138672,1237395
2025-10-29 13:15:00+05:30,254.52000427246094,254.97999572753906,253.3699951171875,254.22999572753906,1267237
2025-10-29 14:15:00+05:30,254.32000732421875,254.77000427246094,254.0500030517578,254.64999389648438,1785915
2025-10-29 15:15:00+05:30,254.63999938964844,257.3399963378906,254.63999938964844,257.0899963378906,1465799
2025-10-30 09:15:00+05:30,256.4200134277344,256.4200134277344,253.69000244140625,254.9199981689453,0
2025-10-30 10:15:00+05:30,255.0,255.52999877929688,254.0399932861328,254.97999572753906,671586
2025-10-30 11:15:00+05:30,254.9499969482422,255.94000244140625,254.5,254.6999969482422,688351
2025-10-30 12:15:00+05:30,254.69000244140625,255.0,253.9199981689453,254.00999450683594,614916
2025-10-30 13:15:00+05:30,254.0500030517578,254.30999755859375,253.41000366210938,254.27000427246094,702413
2025-10-30 14:15:00+05:30,254.27000427246094,254.8000030517578,253.80999755859375,254.5399932861328,1329250
2025-10-30 15:15:00+05:30,254.55999755859375,254.8000030517578,254.4199981689453,254.75,501399
2025-10-31 09:15:00+05:30,254.75,255.9499969482422,254.1999969482422,254.8000030517578,0
2025-10-31 10:15:00+05:30,254.75999450683594,254.77999877929688,253.39999389648438,253.8699951171875,514012
2025-10-31 11:15:00+05:30,253.86000061035156,255.77000427246094,253.5500030517578,255.33999633789062,822476
2025-10-31 12:15:00+05:30,255.33999633789062,257.8599853515625,254.6199951171875,257.0,1563236
2025-10-31 13:15:00+05:30,257.0199890136719,257.0400085449219,255.41000366210938,256.2900085449219,883845
2025-10-31 14:15:00+05:30,256.2799987792969,256.4100036621094,255.11000061035156,255.41000366210938,1713600
2025-10-31 15:15:00+05:30,255.41000366210938,256.0,255.00999450683594,255.3699951171875,989749
2025-11-03 09:15:00+05:30,255.10000610351562,258.3999938964844,254.3000030517578,257.0,0
2025-11-03 10:15:00+05:30,256.8999938964844,257.70001220703125,256.5,257.3999938964844,430290
2025-11-03 11:15:00+05:30,257.3500061035156,257.5,256.75,256.75,304473
2025-11-03 12:15:00+05:30,256.79998779296875,257.70001220703125,256.6000061035156,257.20001220703125,370009
2025-11-03 13:15:00+05:30,257.1499938964844,257.3999938964844,256.45001220703125,256.8999938964844,944197
2025-11-03 14:15:00+05:30,256.95001220703125,257.8500061035156,256.70001220703125,257.8500061035156,1307660
2025-11-03 15:15:00+05:30,257.8500061035156,257.95001220703125,256.95001220703125,257.3999938964844,676372
2025-11-04 09:15:00+05:30,256.20001220703125,257.5,255.4499969482422,256.8500061035156,0
2025-11-04 10:15:00+05:30,256.79998779296875,256.8500061035156,254.39999389648438,254.6999969482422,534105
2025-11-04 11:15:00+05:30,254.60000610351562,255.0500030517578,253.6999969482422,254.4499969482422,402445
2025-11-04 12:15:00+05:30,254.4499969482422,254.8000030517578,254.0,254.4499969482422,421837
2025-11-04 13:15:00+05:30,254.5,254.9499969482422,253.0,253.39999389648438,707124
2025-11-04 14:15:00+05:30,253.3000030517578,253.64999389648438,252.0500030517578,252.3000030517578,1336648
2025-11-04 15:15:00+05:30,252.3000030517578,253.1999969482422,252.10000610351562,253.1999969482422,639426
2025-11-06 09:15:00+05:30,253.5500030517578,255.5,252.10000610351562,253.10000610351562,0
2025-11-06 10:15:00+05:30,253.25,254.5500030517578,253.10000610351562,254.1999969482422,488035
2025-11-06 11:15:00+05:30,254.10000610351562,254.10000610351562,251.85000610351562,251.89999389648438,828857
2025-11-06 12:15:00+05:30,251.89999389648438,252.9499969482422,251.89999389648438,252.5,751365
2025-11-06 13:15:00+05:30,252.5,252.6999969482422,250.89999389648438,251.64999389648438,1026394
2025-11-06 14:15:00+05:30,251.64999389648438,252.1999969482422,251.25,251.35000610351562,1100940
2025-11-06 15:15:00+05:30,251.5,252.1999969482422,251.0,251.5,1323558
2025-11-07 09:15:00+05:30,250.0500030517578,251.85000610351562,250.0500030517578,251.0,0
2025-11-07 10:15:00+05:30,251.0500030517578,252.75,250.89999389648438,252.6999969482422,502252
2025-11-07 11:15:00+05:30,252.64999389648438,253.3000030517578,252.14999389648438,252.25,458542
2025-11-07 12:15:00+05:30,252.1999969482422,253.0,251.9499969482422,252.9499969482422,325381
2025-11-07 13:15:00+05:30,252.89999389648438,253.5500030517578,252.14999389648438,252.39999389648438,542483
2025-11-07 14:15:00+05:30,252.39999389648438,252.9499969482422,251.25,252.0,970497
2025-11-07 15:15:00+05:30,251.9499969482422,252.75,251.89999389648438,252.75,852093
2025-11-10 09:15:00+05:30,252.0,255.4499969482422,251.89999389648438,254.4499969482422,0
2025-11-10 10:15:00+05:30,254.4499969482422,254.8000030517578,251.35000610351562,251.64999389648438,1454786
2025-11-10 11:15:00+05:30,251.6999969482422,252.14999389648438,250.64999389648438,251.5,656955
2025-11-10 12:15:00+05:30,251.5,251.75,250.39999389648438,251.14999389648438,1862932
2025-11-10 13:15:00+05:30,251.25,251.9499969482422,251.0,251.4499969482422,708517
2025-11-10 14:15:00+05:30,251.35000610351562,251.89999389648438,250.8000030517578,251.35000610351562,830360
2025-11-10 15:15:00+05:30,251.35000610351562,251.5500030517578,251.0,251.5,525948
2025-11-11 09:15:00+05:30,253.64999389648438,253.64999389648438,248.6999969482422,249.25,0
2025-11-11 10:15:00+05:30,249.14999389648438,249.39999389648438,246.60000610351562,247.3000030517578,3026308
2025-11-11 11:15:00+05:30,247.1999969482422,247.9499969482422,246.0,247.14999389648438,1549894
2025-11-11 12:15:00+05:30,247.10000610351562,247.8000030517578,246.8000030517578,247.0,1614041
2025-11-11 13:15:00+05:30,246.89999389648438,248.9499969482422,246.85000610351562,248.75,2318736
2025-11-11 14:15:00+05:30,248.6999969482422,249.64999389648438,247.75,249.5,2692514
2025-11-11 15:15:00+05:30,249.4499969482422,250.0,249.4499969482422,249.4499969482422,870517
2025-11-12 09:15:00+05:30,252.1999969482422,255.5500030517578,250.4499969482422,253.0,0
2025-11-12 10:15:00+05:30,253.0500030517578,254.25,252.85000610351562,254.0,1285486
2025-11-12 11:15:00+05:30,254.0,254.0,253.35000610351562,253.5,1015708
2025-11-12 12:15:00+05:30,253.5,254.10000610351562,253.39999389648438,254.0,1032900
2025-11-12 13:15:00+05:30,254.0,254.0,253.5500030517578,253.75,859551
2025-11-12 14:15:00+05:30,253.75,254.0,253.35000610351562,253.9499969482422,1793072
2025-11-12 15:15:00+05:30,253.9499969482422,254.1999969482422,253.5,254.1999969482422,764643
2025-11-13 09:15:00+05:30,253.64999389648438,253.64999389648438,247.35000610351562,249.60000610351562,0
2025-11-13 10:15:00+05:30,249.64999389648438,250.6999969482422,249.0,250.5500030517578,1407301
2025-11-13 11:15:00+05:30,250.6999969482422,251.39999389648438,250.25,251.39999389648438,869518
2025-11-13 12:15:00+05:30,251.35000610351562,251.5,250.14999389648438,251.10000610351562,1109510
2025-11-13 13:15:00+05:30,251.10000610351562,251.5,250.0,250.25,1225927
2025-11-13 14:15:00+05:30,250.1999969482422,251.25,250.10000610351562,250.64999389648438,1947984
2025-11-13 15:15:00+05:30,250.64999389648438,251.64999389648438,250.60000610351562,250.85000610351562,1381552
2025-11-14 09:15:00+05:30,245.5,249.60000610351562,245.5,247.75,0
2025-11-14 10:15:00+05:30,247.64999389648438,248.4499969482422,246.5,248.14999389648438,1095378
2025-11-14 11:15:00+05:30,248.14999389648438,248.60000610351562,247.75,248.5,447076
2025-11-14 12:15:00+05:30,248.5,249.0,247.64999389648438,247.64999389648438,575183
2025-11-14 13:15:00+05:30,247.75,247.85000610351562,246.89999389648438,247.0,608113
2025-11-14 14:15:00+05:30,246.9499969482422,248.14999389648438,246.3000030517578,247.9499969482422,2507128
2025-11-14 15:15:00+05:30,248.0500030517578,248.39999389648438,247.5,247.5,1310113
2025-11-17 09:15:00+05:30,247.5,249.5500030517578,247.5,248.89999389648438,0
2025-11-17 10:15:00+05:30,249.0500030517578,249.4499969482422,248.3000030517578,249.0,715735
2025-11-17 11:15:00+05:30,249.14999389648438,249.3000030517578,248.39999389648438,248.85000610351562,1409518
2025-11-17 12:15:00+05:30,248.75,248.89999389648438,247.75,247.8000030517578,608381
2025-11-17 13:15:00+05:30,247.8000030517578,248.39999389648438,247.5500030517578,247.75,670808
2025-11-17 14:15:00+05:30,247.75,247.9499969482422,247.5,247.85000610351562,1026806
2025-11-17 15:15:00+05:30,247.9499969482422,248.5,247.85000610351562,248.35000610351562,570598
2025-11-18 09:15:00+05:30,247.5,249.4499969482422,247.0,247.8000030517578,0
2025-11-18 10:15:00+05:30,247.85000610351562,248.5,247.39999389648438,248.3000030517578,745655
2025-11-18 11:15:00+05:30,248.3000030517578,248.60000610351562,248.0,248.4499969482422,1627937
2025-11-18 12:15:00+05:30,248.5500030517578,248.5500030517578,247.4499969482422,247.4499969482422,573549
2025-11-18 13:15:00+05:30,247.4499969482422,247.5500030517578,247.10000610351562,247.3000030517578,860012
2025-11-18 14:15:00+05:30,247.3000030517578,247.5,246.6999969482422,247.10000610351562,1503245
2025-11-18 15:15:00+05:30,247.0500030517578,247.14999389648438,246.35000610351562,246.89999389648438,1038773
2025-11-19 09:15:00+05:30,247.3000030517578,247.5500030517578,245.4499969482422,247.4499969482422,0
2025-11-19 10:15:00+05:30,247.4499969482422,247.5,246.60000610351562,246.9499969482422,570913
2025-11-19 11:15:00+05:30,246.9499969482422,248.39999389648438,246.85000610351562,248.1999969482422,558166
2025-11-19 12:15:00+05:30,248.3000030517578,249.39999389648438,248.25,249.25,1295508
2025-11-19 13:15:00+05:30,249.3000030517578,250.3000030517578,249.0,249.85000610351562,1140530
2025-11-19 14:15:00+05:30,249.8000030517578,250.0500030517578,249.10000610351562,249.10000610351562,1197200
2025-11-19 15:15:00+05:30,249.10000610351562,249.1999969482422,248.60000610351562,249.0,622177
2025-11-20 09:15:00+05:30,249.0500030517578,249.5500030517578,247.6999969482422,249.25,0
2025-11-20 10:15:00+05:30,249.3000030517578,251.0500030517578,249.0,250.14999389648438,1823736
2025-11-20 11:15:00+05:30,250.10000610351562,250.3000030517578,249.3000030517578,249.4499969482422,835805
2025-11-20 12:15:00+05:30,249.39999389648438,249.5,248.6999969482422,248.6999969482422,554065
2025-11-20 13:15:00+05:30,248.6999969482422,249.8000030517578,248.6999969482422,249.60000610351562,473548
2025-11-20 14:15:00+05:30,249.60000610351562,249.85000610351562,247.75,247.9499969482422,1364146
2025-11-20 15:15:00+05:30,247.9499969482422,248.4499969482422,247.8000030517578,248.0500030517578,580282
2025-11-21 09:15:00+05:30,247.0,248.3000030517578,246.89999389648438,247.8000030517578,0
2025-11-21 10:15:00+05:30,247.9499969482422,248.10000610351562,246.60000610351562,248.0,927609
2025-11-21 11:15:00+05:30,248.10000610351562,248.3000030517578,247.5500030517578,248.1999969482422,864303
2025-11-21 12:15:00+05:30,248.1999969482422,248.25,247.39999389648438,247.39999389648438,906812
2025-11-21 13:15:00+05:30,247.5,248.0500030517578,246.6999969482422,246.9499969482422,989258
2025-11-21 14:15:00+05:30,246.9499969482422,247.3000030517578,246.39999389648438,246.8000030517578,1838222
2025-11-21 15:15:00+05:30,246.89999389648438,247.64999389648438,246.1999969482422,246.35000610351562,1320142
2025-11-24 09:15:00+05:30,247.0,247.39999389648438,245.25,246.5,0
2025-11-24 10:15:00+05:30,246.60000610351562,246.60000610351562,245.75,245.89999389648438,1163139
2025-11-24 11:15:00+05:30,245.85000610351562,246.4499969482422,245.10000610351562,246.14999389648438,1557380
2025-11-24 12:15:00+05:30,246.14999389648438,246.75,245.4499969482422,245.75,1544939
2025-11-24 13:15:00+05:30,245.64999389648438,245.89999389648438,244.9499969482422,244.9499969482422,673069
2025-11-24 14:15:00+05:30,244.9499969482422,246.39999389648438,244.89999389648438,245.5,5418929
2025-11-24 15:15:00+05:30,245.5,246.39999389648438,244.4499969482422,245.75,4465476
2025-11-25 09:15:00+05:30,246.25,246.25,244.64999389648438,245.8000030517578,0
2025-11-25 10:15:00+05:30,245.75,247.1999969482422,245.6999969482422,247.10000610351562,1684490
2025-11-25 11:15:00+05:30,247.10000610351562,247.39999389648438,246.85000610351562,247.3000030517578,1635830
2025-11-25 12:15:00+05:30,247.3000030517578,247.5,246.1999969482422,246.5,1384438
2025-11-25 13:15:00+05:30,246.5,246.60000610351562,245.8000030517578,246.0,775278
2025-11-25 14:15:00+05:30,246.0,246.35000610351562,245.25,245.25,2011743
2025-11-25 15:15:00+05:30,245.3000030517578,245.5500030517578,244.75,245.35000610351562,902696
2025-11-26 09:15:00+05:30,245.5,247.60000610351562,245.35000610351562,247.10000610351562,0
2025-11-26 10:15:00+05:30,247.1999969482422,247.9499969482422,246.9499969482422,247.14999389648438,289862
2025-11-26 11:15:00+05:30,247.25,247.6999969482422,247.10000610351562,247.6999969482422,378758
2025-11-26 12:15:00+05:30,247.6999969482422,247.9499969482422,247.0,247.39999389648438,376811
2025-11-26 13:15:00+05:30,247.39999389648438,247.85000610351562,246.85000610351562,247.0,1229462
2025-11-26 14:15:00+05:30,247.0,248.0,246.60000610351562,247.89999389648438,3525172
2025-11-26 15:15:00+05:30,247.85000610351562,247.9499969482422,247.5500030517578,247.6999969482422,623370
2025-11-27 09:15:00+05:30,247.6999969482422,248.8000030517578,245.10000610351562,245.14999389648438,0
2025-11-27 10:15:00+05:30,245.14999389648438,245.5,244.39999389648438,244.9499969482422,579960
2025-11-27 11:15:00+05:30,244.89999389648438,244.9499969482422,243.64999389648438,243.8000030517578,512832
2025-11-27 12:15:00+05:30,243.6999969482422,244.5500030517578,243.5,243.60000610351562,387454
2025-11-27 13:15:00+05:30,243.60000610351562,244.0,242.85000610351562,243.5500030517578,958139
2025-11-27 14:15:00+05:30,243.60000610351562,244.0,243.0,243.9499969482422,1522736
2025-11-27 15:15:00+05:30,244.10000610351562,244.25,243.8000030517578,243.9499969482422,737291
2025-11-28 09:15:00+05:30,244.5,245.35000610351562,243.1999969482422,243.3000030517578,0
2025-11-28 10:15:00+05:30,243.3000030517578,244.1999969482422,242.89999389648438,244.1999969482422,412995
2025-11-28 11:15:00+05:30,244.1999969482422,244.35000610351562,243.3000030517578,243.5,363190
2025-11-28 12:15:00+05:30,243.39999389648438,244.14999389648438,243.1999969482422,243.64999389648438,309656
2025-11-28 13:15:00+05:30,243.60000610351562,243.64999389648438,242.89999389648438,243.0500030517578,321182
2025-11-28 14:15:00+05:30,243.0,243.64999389648438,243.0,243.60000610351562,868751
2025-11-28 15:15:00+05:30,243.10000610351562,243.25,242.5500030517578,243.25,720311
2025-12-01 09:15:00+05:30,243.82000732421875,245.77999877929688,243.1999969482422,244.5,0
2025-12-01 10:15:00+05:30,244.42999267578125,245.27000427246094,244.42999267578125,244.88999938964844,646983
2025-12-01 11:15:00+05:30,244.83999633789062,244.89999389648438,244.19000244140625,244.22000122070312,534101
2025-12-01 12:15:00+05:30,244.2100067138672,244.4600067138672,244.02000427246094,244.3000030517578,502928
2025-12-01 13:15:00+05:30,244.3000030517578,245.14999389648438,244.1999969482422,244.97000122070312,881504
2025-12-01 14:15:00+05:30,244.97000122070312,245.0,244.3000030517578,244.97999572753906,1767302
2025-12-01 15:15:00+05:30,245.0,245.0,244.3000030517578,244.35000610351562,817631
2025-12-02 09:15:00+05:30,243.47999572753906,246.25,243.47999572753906,244.13999938964844,0
2025-12-02 10:15:00+05:30,244.13999938964844,244.44000244140625,243.5,243.5800018310547,479548
2025-12-02 11:15:00+05:30,243.5800018310547,244.10000610351562,243.3300018310547,243.6699981689453,550000
2025-12-02 12:15:00+05:30,243.67999267578125,244.08999633789062,243.47999572753906,243.82000732421875,309208
2025-12-02 13:15:00+05:30,243.86000061035156,244.16000366210938,243.44000244140625,243.92999267578125,720873
2025-12-02 14:15:00+05:30,243.9499969482422,243.9499969482422,242.5,243.75,1481159
2025-12-02 15:15:00+05:30,243.74000549316406,243.8000030517578,243.49000549316406,243.77999877929688,758625
2025-12-03 09:15:00+05:30,244.10000610351562,244.35000610351562,241.0500030517578,241.0500030517578,0
2025-12-03 10:15:00+05:30,241.05999755859375,241.47000122070312,240.55999755859375,241.0500030517578,732280
2025-12-03 11:15:00+05:30,241.02000427246094,241.0500030517578,239.82000732421875,240.64999389648438,1097194
2025-12-03 12:15:00+05:30,240.50999450683594,240.75999450683594,239.89999389648438,239.9600067138672,1545255
2025-12-03 13:15:00+05:30,240.02999877929688,240.88999938964844,239.55999755859375,240.5500030517578,1266527
2025-12-03 14:15:00+05:30,240.50999450683594,241.3000030517578,239.66000366210938,240.0,4678548
2025-12-03 15:15:00+05:30,240.0,240.1999969482422,239.89999389648438,240.02000427246094,1227915
2025-12-04 09:15:00+05:30,240.5,240.8800048828125,239.69000244140625,240.58999633789062,0
2025-12-04 10:15:00+05:30,240.57000732421875,242.0500030517578,240.3000030517578,241.91000366210938,907495
2025-12-04 11:15:00+05:30,241.91000366210938,242.5,241.5,242.4499969482422,962741
2025-12-04 12:15:00+05:30,242.42999267578125,242.6999969482422,241.91000366210938,242.33999633789062,3415111
2025-12-04 13:15:00+05:30,242.3000030517578,242.47999572753906,241.8000030517578,242.3000030517578,709060
2025-12-04 14:15:00+05:30,242.3300018310547,242.61000061035156,241.6999969482422,242.4499969482422,2305601
2025-12-04 15:15:00+05:30,242.4499969482422,242.4499969482422,241.89999389648438,241.97000122070312,1520227
2025-12-05 09:15:00+05:30,242.60000610351562,243.1999969482422,241.85000610351562,242.0,0
2025-12-05 10:15:00+05:30,242.10000610351562,243.08999633789062,241.44000244140625,242.91000366210938,1764072
2025-12-05 11:15:00+05:30,242.91000366210938,243.0,242.22999572753906,242.36000061035156,405433
2025-12-05 12:15:00+05:30,242.3300018310547,243.14999389648438,242.22999572753906,242.91000366210938,472334
2025-12-05 13:15:00+05:30,242.92999267578125,243.08999633789062,241.80999755859375,241.99000549316406,639472
2025-12-05 14:15:00+05:30,241.99000549316406,242.10000610351562,240.9499969482422,240.99000549316406,2474974
2025-12-05 15:15:00+05:30,241.05999755859375,242.0,240.97999572753906,241.85000610351562,806785
2025-12-08 09:15:00+05:30,241.99000549316406,241.99000549316406,240.49000549316406,240.9499969482422,0
2025-12-08 10:15:00+05:30,240.92999267578125,241.02999877929688,240.5,240.97000122070312,391503
2025-12-08 11:15:00+05:30,240.94000244140625,241.5,240.77999877929688,240.8800048828125,576870
2025-12-08 12:15:00+05:30,240.8800048828125,241.0800018310547,239.77000427246094,239.99000549316406,640223
2025-12-08 13:15:00+05:30,239.97999572753906,239.97999572753906,238.5,238.8000030517578,906385
2025-12-08 14:15:00+05:30,238.8000030517578,239.25,238.35000610351562,238.6300048828125,1447039
2025-12-08 15:15:00+05:30,238.6199951171875,238.6699981689453,237.6999969482422,237.9600067138672,600421
2025-12-09 09:15:00+05:30,238.33999633789062,238.42999267578125,236.85000610351562,237.61000061035156,0
2025-12-09 10:15:00+05:30,237.5500030517578,238.5,237.5500030517578,238.4600067138672,463470
2025-12-09 11:15:00+05:30,238.44000244140625,239.86000061035156,238.39999389648438,239.85000610351562,560529
2025-12-09 12:15:00+05:30,239.85000610351562,240.0800018310547,239.0,239.47000122070312,420676
2025-12-09 13:15:00+05:30,239.38999938964844,240.0500030517578,239.05999755859375,239.3699951171875,520831
2025-12-09 14:15:00+05:30,239.32000732421875,240.1699981689453,238.52000427246094,239.83999633789062,4986295
2025-12-09 15:15:00+05:30,239.83999633789062,239.83999633789062,238.89999389648438,239.83999633789062,1242911
2025-12-10 09:15:00+05:30,239.38999938964844,240.35000610351562,238.60000610351562,238.64999389648438,0
2025-12-10 10:15:00+05:30,238.6199951171875,239.64999389648438,238.49000549316406,239.6300048828125,546618
2025-12-10 11:15:00+05:30,239.61000061035156,239.8800048828125,239.19000244140625,239.64999389648438,373712
2025-12-10 12:15:00+05:30,239.64999389648438,239.7100067138672,238.75,239.19000244140625,231285
2025-12-10 13:15:00+05:30,239.19000244140625,239.75,239.0,239.07000732421875,366852
2025-12-10 14:15:00+05:30,239.0800018310547,239.60000610351562,238.49000549316406,239.36000061035156,750302
2025-12-10 15:15:00+05:30,239.3800048828125,239.4499969482422,238.60000610351562,239.25,385475
2025-12-11 09:15:00+05:30,239.89999389648438,240.14999389648438,238.77999877929688,240.14999389648438,0
2025-12-11 10:15:00+05:30,240.35000610351562,241.3000030517578,239.75999450683594,239.89999389648438,3959501
2025-12-11 11:15:00+05:30,239.8699951171875,239.99000549316406,238.6999969482422,239.25,661524
2025-12-11 12:15:00+05:30,239.25,239.82000732421875,238.8000030517578,238.9499969482422,656487
2025-12-11 13:15:00+05:30,238.9199981689453,239.10000610351562,238.5800018310547,238.7100067138672,457831
2025-12-11 14:15:00+05:30,238.69000244140625,239.08999633789062,238.13999938964844,238.17999267578125,1538745
2025-12-11 15:15:00+05:30,238.33999633789062,238.99000549316406,238.19000244140625,238.41000366210938,1086154
2025-12-12 09:15:00+05:30,239.0,239.22999572753906,237.30999755859375,237.5,0
2025-12-12 10:15:00+05:30,237.52999877929688,237.8000030517578,237.0399932861328,237.17999267578125,315595
2025-12-12 11:15:00+05:30,237.17999267578125,237.44000244140625,237.14999389648438,237.3800048828125,337663
2025-12-12 12:15:00+05:30,237.38999938964844,238.0,237.32000732421875,237.6999969482422,376334
2025-12-12 13:15:00+05:30,237.6999969482422,237.97999572753906,237.1999969482422,237.72000122070312,612200
2025-12-12 14:15:00+05:30,237.7100067138672,238.41000366210938,237.27999877929688,238.1199951171875,1163146
2025-12-12 15:15:00+05:30,238.1300048828125,238.22000122070312,237.5,238.19000244140625,663054
2025-12-15 09:15:00+05:30,238.0,238.0,230.00999450683594,231.89999389648438,1569165
2025-12-15 10:15:00+05:30,231.92999267578125,232.85000610351562,231.80999755859375,232.5,1117997
2025-12-15 11:15:00+05:30,232.5,233.44000244140625,232.10000610351562,232.9199981689453,1235684
2025-12-15 12:15:00+05:30,232.94000244140625,234.22999572753906,232.8000030517578,234.1300048828125,1054078
2025-12-15 13:15:00+05:30,234.16000366210938,234.5,233.7100067138672,234.5,808961
2025-12-15 14:15:00+05:30,234.5,235.5,234.44000244140625,235.30999755859375,1624665
2025-12-15 15:15:00+05:30,235.33999633789062,235.5,235.00999450683594,235.1999969482422,670333
2025-12-16 09:15:00+05:30,234.25,235.3000030517578,233.08999633789062,233.47000122070312,0
2025-12-16 10:15:00+05:30,233.47000122070312,233.50999450683594,232.61000061035156,233.0500030517578,540321
2025-12-16 11:15:00+05:30,233.0500030517578,233.11000061035156,232.39999389648438,232.9600067138672,576748
2025-12-16 12:15:00+05:30,232.97000122070312,233.07000732421875,232.22999572753906,232.3300018310547,518077
2025-12-16 13:15:00+05:30,232.3300018310547,232.75,230.8000030517578,230.8000030517578,1552540
2025-12-16 14:15:00+05:30,230.8000030517578,232.64999389648438,230.75999450683594,232.0800018310547,2391938
2025-12-16 15:15:00+05:30,232.13999938964844,232.2899932861328,231.58999633789062,232.25,743312
2025-12-17 09:15:00+05:30,230.77000427246094,232.99000549316406,229.58999633789062,231.80999755859375,0
2025-12-17 10:15:00+05:30,231.80999755859375,233.14999389648438,231.4600067138672,233.14999389648438,630327
2025-12-17 11:15:00+05:30,233.14999389648438,233.35000610351562,231.8000030517578,232.17999267578125,622214
2025-12-17 12:15:00+05:30,232.14999389648438,232.7100067138672,232.14999389648438,232.4600067138672,322683
2025-12-17 13:15:00+05:30,232.4600067138672,232.69000244140625,232.25999450683594,232.55999755859375,347587
2025-12-17 14:15:00+05:30,232.50999450683594,232.99000549316406,231.85000610351562,232.97999572753906,1410234
2025-12-17 15:15:00+05:30,232.97000122070312,233.22000122070312,232.50999450683594,232.91000366210938,0
2025-12-18 09:15:00+05:30,233.0,234.1300048828125,231.39999389648438,232.08999633789062,964613
2025-12-18 10:15:00+05:30,232.05999755859375,232.9499969482422,232.00999450683594,232.25,387867
2025-12-18 11:15:00+05:30,232.25,232.85000610351562,232.1199951171875,232.66000366210938,258955
2025-12-18 12:15:00+05:30,232.6699981689453,232.89999389648438,232.42999267578125,232.5800018310547,209551
2025-12-18 13:15:00+05:30,232.58999633789062,232.58999633789062,231.82000732421875,231.92999267578125,281047
2025-12-18 14:15:00+05:30,231.92999267578125,232.30999755859375,231.2100067138672,232.10000610351562,1275209
2025-12-18 15:15:00+05:30,232.10000610351562,232.16000366210938,231.60000610351562,231.67999267578125,585505
2025-12-19 09:15:00+05:30,231.72999572753906,232.64999389648438,231.72999572753906,232.35000610351562,0
2025-12-19 10:15:00+05:30,232.35000610351562,232.97999572753906,232.3000030517578,232.69000244140625,297879
2025-12-19 11:15:00+05:30,232.8000030517578,232.9499969482422,232.0399932861328,232.39999389648438,374438
2025-12-19 12:15:00+05:30,232.39999389648438,232.50999450683594,232.1300048828125,232.35000610351562,286225
2025-12-19 13:15:00+05:30,232.39999389648438,232.66000366210938,232.2100067138672,232.61000061035156,304369
2025-12-19 14:15:00+05:30,232.66000366210938,233.02000427246094,232.25,233.02000427246094,1927516
2025-12-19 15:15:00+05:30,233.0,233.47999572753906,232.85000610351562,232.85000610351562,1238906
2025-12-22 09:15:00+05:30,233.5,235.0399932861328,232.77000427246094,234.99000549316406,0
2025-12-22 10:15:00+05:30,234.99000549316406,235.10000610351562,234.52000427246094,234.63999938964844,510085
2025-12-22 11:15:00+05:30,234.63999938964844,234.74000549316406,234.3800048828125,234.3800048828125,259270
2025-12-22 12:15:00+05:30,234.3800048828125,235.0,234.3000030517578,234.74000549316406,579733
2025-12-22 13:15:00+05:30,234.74000549316406,234.77000427246094,234.14999389648438,234.3300018310547,418026
2025-12-22 14:15:00+05:30,234.32000732421875,234.38999938964844,233.64999389648438,233.97999572753906,1203293
2025-12-22 15:15:00+05:30,233.97999572753906,234.72999572753906,233.9499969482422,234.60000610351562,672678
2025-12-23 09:15:00+05:30,234.75999450683594,237.8800048828125,234.61000061035156,236.74000549316406,0
2025-12-23 10:15:00+05:30,236.74000549316406,236.8300018310547,236.07000732421875,236.30999755859375,415963
2025-12-23 11:15:00+05:30,236.35000610351562,236.8000030517578,235.86000061035156,236.60000610351562,466544
2025-12-23 12:15:00+05:30,236.60000610351562,236.7899932861328,236.25,236.4199981689453,239391
2025-12-23 13:15:00+05:30,236.4199981689453,236.5,236.08999633789062,236.25,250203
2025-12-23 14:15:00+05:30,236.25,236.49000549316406,235.41000366210938,235.47999572753906,965969
2025-12-23 15:15:00+05:30,235.49000549316406,235.67999267578125,235.10000610351562,235.49000549316406,547963
2025-12-24 09:15:00+05:30,235.99000549316406,236.5500030517578,235.0500030517578,235.7899932861328,0
2025-12-24 10:15:00+05:30,235.7899932861328,235.83999633789062,234.8699951171875,235.25,426176
2025-12-24 11:15:00+05:30,235.25,235.75,234.5,234.8300018310547,478205
2025-12-24 12:15:00+05:30,234.82000732421875,234.9499969482422,234.00999450683594,234.08999633789062,534971
2025-12-24 13:15:00+05:30,234.00999450683594,234.07000732421875,233.5,233.52000427246094,761857
2025-12-24 14:15:00+05:30,233.50999450683594,234.17999267578125,233.14999389648438,233.8000030517578,910498
2025-12-24 15:15:00+05:30,233.8000030517578,233.83999633789062,233.5,233.75,338563
2025-12-26 09:15:00+05:30,234.0,234.39999389648438,233.0500030517578,233.5500030517578,0
2025-12-26 10:15:00+05:30,233.55999755859375,234.25,233.32000732421875,233.89999389648438,267033
2025-12-26 11:15:00+05:30,233.8800048828125,235.27999877929688,233.55999755859375,235.25,515632
2025-12-26 12:15:00+05:30,235.2100067138672,235.25,234.5,234.60000610351562,470965
2025-12-26 13:15:00+05:30,234.6199951171875,235.1699981689453,234.41000366210938,234.5500030517578,719894
2025-12-26 14:15:00+05:30,234.60000610351562,234.8300018310547,234.10000610351562,234.5500030517578,880763
2025-12-26 15:15:00+05:30,234.5399932861328,234.75,234.3000030517578,234.32000732421875,326909
2025-12-29 09:15:00+05:30,234.58999633789062,235.25999450683594,234.0399932861328,235.25999450683594,0
2025-12-29 10:15:00+05:30,235.25999450683594,238.75,234.99000549316406,238.5,3310605
2025-12-29 11:15:00+05:30,238.5,238.89999389648438,236.52000427246094,237.24000549316406,2934416
2025-12-29 12:15:00+05:30,237.24000549316406,237.32000732421875,235.44000244140625,235.4499969482422,1846386
2025-12-29 13:15:00+05:30,235.5,235.5500030517578,234.72000122070312,234.86000061035156,1337302
2025-12-29 14:15:00+05:30,234.8300018310547,235.0500030517578,234.27000427246094,234.69000244140625,1658734
2025-12-29 15:15:00+05:30,234.6999969482422,235.13999938964844,234.6300048828125,234.82000732421875,807315
2025-12-30 09:15:00+05:30,234.9600067138672,235.52999877929688,234.02000427246094,234.99000549316406,0
2025-12-30 10:15:00+05:30,234.99000549316406,235.0,234.0500030517578,234.17999267578125,647617
2025-12-30 11:15:00+05:30,234.1699981689453,234.52000427246094,233.8699951171875,233.94000244140625,718214
2025-12-30 12:15:00+05:30,233.92999267578125,234.05999755859375,233.75,233.8699951171875,362674
2025-12-30 13:15:00+05:30,233.89999389648438,234.5500030517578,233.30999755859375,234.5,958867
2025-12-30 14:15:00+05:30,234.5500030517578,234.97000122070312,234.24000549316406,234.72000122070312,1863029
2025-12-30 15:15:00+05:30,234.72000122070312,234.75,234.1999969482422,234.67999267578125,913688
2025-12-31 09:15:00+05:30,234.77000427246094,237.22999572753906,234.77000427246094,236.6999969482422,0
2025-12-31 10:15:00+05:30,236.6999969482422,237.42999267578125,236.5500030517578,237.22999572753906,404944
2025-12-31 11:15:00+05:30,237.22999572753906,238.6999969482422,236.8800048828125,238.5399932861328,1152695
2025-12-31 12:15:00+05:30,238.5399932861328,239.0,237.97999572753906,238.58999633789062,1108250
2025-12-31 13:15:00+05:30,238.58999633789062,239.6999969482422,238.02999877929688,239.61000061035156,1389008
2025-12-31 14:15:00+05:30,239.6300048828125,240.0,239.30999755859375,239.8000030517578,2963109
2025-12-31 15:15:00+05:30,239.8000030517578,241.0,239.7899932861328,240.3800048828125,3761155
2026-01-01 09:15:00+05:30,240.9499969482422,240.97999572753906,238.61000061035156,240.27999877929688,0
2026-01-01 10:15:00+05:30,240.25,240.3000030517578,238.8300018310547,239.0,403540
2026-01-01 11:15:00+05:30,238.92999267578125,239.5,238.27000427246094,238.64999389648438,626126
2026-01-01 12:15:00+05:30,238.64999389648438,239.2899932861328,237.91000366210938,238.02000427246094,639668
2026-01-01 13:15:00+05:30,238.02000427246094,238.35000610351562,237.64999389648438,238.0,745361
2026-01-01 14:15:00+05:30,238.0,238.22000122070312,237.41000366210938,237.72000122070312,1016895
2026-01-01 15:15:00+05:30,237.85000610351562,238.13999938964844,237.74000549316406,237.89999389648438,474019
2026-01-02 09:15:00+05:30,238.8800048828125,240.9499969482422,238.02999877929688,240.4499969482422,0
2026-01-02 10:15:00+05:30,240.42999267578125,242.5500030517578,240.42999267578125,241.52000427246094,1210433
2026-01-02 11:15:00+05:30,241.44000244140625,241.75999450683594,240.27000427246094,240.36000061035156,907224
2026-01-02 12:15:00+05:30,240.36000061035156,241.14999389648438,240.13999938964844,240.5399932861328,652859
2026-01-02 13:15:00+05:30,240.60000610351562,241.1699981689453,240.5,241.1199951171875,674841
2026-01-02 14:15:00+05:30,241.10000610351562,241.8300018310547,240.91000366210938,241.35000610351562,1075081
2026-01-02 15:15:00+05:30,241.35000610351562,242.0,241.32000732421875,242.0,503067
2026-01-05 09:15:00+05:30,245.8000030517578,245.89999389648438,236.3699951171875,236.85000610351562,3982284
2026-01-05 10:15:00+05:30,236.8300018310547,238.97000122070312,235.7100067138672,238.1999969482422,3952572
2026-01-05 11:15:00+05:30,238.1999969482422,238.22000122070312,236.64999389648438,237.11000061035156,1241080
2026-01-05 12:15:00+05:30,237.17999267578125,238.27999877929688,236.77000427246094,238.1300048828125,982008
2026-01-05 13:15:00+05:30,238.1699981689453,238.69000244140625,237.4199981689453,237.58999633789062,1140602
2026-01-05 14:15:00+05:30,237.52000427246094,238.6999969482422,237.1199951171875,238.0500030517578,2304127
2026-01-05 15:15:00+05:30,238.0399932861328,238.25,237.58999633789062,238.0500030517578,1666303
2026-01-06 09:15:00+05:30,238.1199951171875,241.8000030517578,238.1199951171875,241.0500030517578,0
2026-01-06 10:15:00+05:30,241.02999877929688,241.60000610351562,239.3000030517578,239.32000732421875,1208441
2026-01-06 11:15:00+05:30,239.30999755859375,241.0,239.25,240.88999938964844,1254705
2026-01-06 12:15:00+05:30,240.88999938964844,241.3000030517578,240.60000610351562,241.0,878549
2026-01-06 13:15:00+05:30,241.00999450683594,241.14999389648438,240.7100067138672,240.8800048828125,786663
2026-01-06 14:15:00+05:30,240.8699951171875,242.36000061035156,240.75999450683594,241.8699951171875,2174794
2026-01-06 15:15:00+05:30,241.8699951171875,241.9600067138672,241.39999389648438,241.7899932861328,1017941
2026-01-07 09:15:00+05:30,240.49000549316406,241.35000610351562,239.0500030517578,241.22000122070312,0
2026-01-07 10:15:00+05:30,241.3300018310547,241.63999938964844,240.89999389648438,241.2100067138672,1001385
2026-01-07 11:15:00+05:30,241.2100067138672,241.35000610351562,240.0800018310547,240.17999267578125,830237
2026-01-07 12:15:00+05:30,240.27999877929688,240.27999877929688,239.4199981689453,239.92999267578125,603000
2026-01-07 13:15:00+05:30,239.92999267578125,240.0,238.35000610351562,238.60000610351562,954776
2026-01-07 14:15:00+05:30,238.55999755859375,239.2899932861328,238.4499969482422,239.13999938964844,1152351
2026-01-07 15:15:00+05:30,239.19000244140625,239.2100067138672,238.97000122070312,239.05999755859375,1135664
2026-01-08 09:15:00+05:30,238.7899932861328,238.8699951171875,235.72000122070312,236.1999969482422,0
2026-01-08 10:15:00+05:30,236.1999969482422,236.25,234.39999389648438,234.47999572753906,1002115
2026-01-08 11:15:00+05:30,234.39999389648438,234.47999572753906,232.3699951171875,233.07000732421875,1479274
2026-01-08 12:15:00+05:30,233.07000732421875,233.1999969482422,231.41000366210938,231.5399932861328,976887
2026-01-08 13:15:00+05:30,231.52000427246094,232.25999450683594,231.10000610351562,231.5399932861328,1692778
2026-01-08 14:15:00+05:30,231.52999877929688,232.41000366210938,231.30999755859375,231.4600067138672,1470876
2026-01-08 15:15:00+05:30,231.42999267578125,231.67999267578125,231.00999450683594,231.1999969482422,1042034
2026-01-09 09:15:00+05:30,232.77999877929688,237.82000732421875,232.77999877929688,235.7899932861328,0
2026-01-09 10:15:00+05:30,235.8000030517578,236.1999969482422,234.5,234.5500030517578,1136290
2026-01-09 11:15:00+05:30,234.5500030517578,234.66000366210938,233.8000030517578,233.9600067138672,1117533
2026-01-09 12:15:00+05:30,233.9600067138672,234.75,233.11000061035156,234.22999572753906,1631737
2026-01-09 13:15:00+05:30,234.22999572753906,234.3300018310547,233.16000366210938,233.5500030517578,1497158
2026-01-09 14:15:00+05:30,233.5500030517578,234.36000061035156,233.5500030517578,234.3000030517578,2245541
2026-01-09 15:15:00+05:30,234.19000244140625,234.2899932861328,233.75,234.0,638380
2026-01-12 09:15:00+05:30,234.14999389648438,234.66000366210938,231.8300018310547,232.85000610351562,0
2026-01-12 10:15:00+05:30,232.9199981689453,234.3699951171875,232.44000244140625,233.66000366210938,1297577
2026-01-12 11:15:00+05:30,233.66000366210938,233.80999755859375,232.5800018310547,233.5,784190
2026-01-12 12:15:00+05:30,233.6300048828125,235.4499969482422,233.60000610351562,234.77999877929688,1564291
2026-01-12 13:15:00+05:30,234.77999877929688,235.92999267578125,234.5,235.3000030517578,1439787
2026-01-12 14:15:00+05:30,235.3000030517578,236.1199951171875,235.1199951171875,235.7100067138672,1512363
2026-01-12 15:15:00+05:30,235.7100067138672,235.85000610351562,235.1999969482422,235.7100067138672,910303
2026-01-13 09:15:00+05:30,236.8800048828125,241.3000030517578,235.8300018310547,240.0500030517578,0
2026-01-13 10:15:00+05:30,240.08999633789062,241.14999389648438,239.8000030517578,240.22999572753906,2380850
2026-01-13 11:15:00+05:30,240.22000122070312,241.6999969482422,240.0,241.5399932861328,2270743
2026-01-13 12:15:00+05:30,241.61000061035156,243.3000030517578,241.5,242.2899932861328,4088720
2026-01-13 13:15:00+05:30,242.32000732421875,244.0,241.74000549316406,243.75999450683594,3700769
2026-01-13 14:15:00+05:30,243.52000427246094,244.02000427246094,243.4600067138672,243.6199951171875,4984273
2026-01-13 15:15:00+05:30,243.67999267578125,244.0,243.5,243.50999450683594,1228536
2026-01-14 09:15:00+05:30,243.77999877929688,249.0,243.77999877929688,248.5,0
2026-01-14 10:15:00+05:30,248.52000427246094,249.83999633789062,247.55999755859375,249.82000732421875,6452478
2026-01-14 11:15:00+05:30,249.72999572753906,250.8000030517578,249.10000610351562,250.16000366210938,3745293
2026-01-14 12:15:00+05:30,250.1999969482422,251.0,250.14999389648438,250.63999938964844,1277257
2026-01-14 13:15:00+05:30,250.6199951171875,250.6999969482422,248.64999389648438,248.9199981689453,3592000
2026-01-14 14:15:00+05:30,248.9499969482422,249.11000061035156,247.8800048828125,248.41000366210938,3357152
2026-01-14 15:15:00+05:30,248.39999389648438,248.64999389648438,247.9199981689453,247.97999572753906,1236419
2026-01-16 09:15:00+05:30,245.0500030517578,246.17999267578125,242.72000122070312,246.14999389648438,0
2026-01-16 10:15:00+05:30,246.10000610351562,247.75,246.02999877929688,246.6699981689453,1600123
2026-01-16 11:15:00+05:30,246.72000122070312,247.60000610351562,245.72999572753906,245.75,1971369
2026-01-16 12:15:00+05:30,245.75,245.9199981689453,245.0,245.19000244140625,1425678
2026-01-16 13:15:00+05:30,245.25,245.47999572753906,244.61000061035156,245.0,1022114
2026-01-16 14:15:00+05:30,245.0,247.74000549316406,244.4499969482422,247.14999389648438,3125910
2026-01-16 15:15:00+05:30,247.10000610351562,247.5800018310547,246.5800018310547,247.22999572753906,1124252
2026-01-19 09:15:00+05:30,245.0,247.97999572753906,244.77000427246094,246.35000610351562,0
2026-01-19 10:15:00+05:30,246.35000610351562,246.35000610351562,244.25999450683594,244.64999389648438,810632
2026-01-19 11:15:00+05:30,244.64999389648438,244.69000244140625,243.11000061035156,243.64999389648438,884838
2026-01-19 12:15:00+05:30,243.5800018310547,243.85000610351562,242.39999389648438,243.0399932861328,810971
2026-01-19 13:15:00+05:30,242.9600067138672,243.44000244140625,242.82000732421875,243.10000610351562,641817
2026-01-19 14:15:00+05:30,243.0,243.89999389648438,242.6199951171875,243.10000610351562,1151601
2026-01-19 15:15:00+05:30,243.10000610351562,243.13999938964844,242.63999938964844,243.11000061035156,446278
2026-01-20 09:15:00+05:30,243.75999450683594,245.1699981689453,242.60000610351562,242.75,0
2026-01-20 10:15:00+05:30,242.6199951171875,243.36000061035156,241.25,241.25,594672
2026-01-20 11:15:00+05:30,241.3000030517578,241.74000549316406,240.63999938964844,241.13999938964844,695065
2026-01-20 12:15:00+05:30,241.13999938964844,241.74000549316406,240.9600067138672,241.0500030517578,514521
2026-01-20 13:15:00+05:30,241.05999755859375,241.49000549316406,239.75,240.99000549316406,980827
2026-01-20 14:15:00+05:30,241.0,241.69000244140625,240.0800018310547,240.2899932861328,1389888
2026-01-20 15:15:00+05:30,240.2899932861328,240.63999938964844,239.97999572753906,240.63999938964844,760934
2026-01-21 09:15:00+05:30,240.41000366210938,242.97999572753906,240.41000366210938,241.99000549316406,0
2026-01-21 10:15:00+05:30,241.92999267578125,242.0,239.52000427246094,240.5500030517578,1285265
2026-01-21 11:15:00+05:30,240.52000427246094,242.6300048828125,240.14999389648438,242.5399932861328,1204969
2026-01-21 12:15:00+05:30,242.5399932861328,244.47999572753906,242.5399932861328,243.5,1542299
2026-01-21 13:15:00+05:30,243.5,243.5500030517578,242.5399932861328,242.5399932861328,850952
2026-01-21 14:15:00+05:30,242.5500030517578,242.85000610351562,241.86000061035156,242.0399932861328,1744901
2026-01-21 15:15:00+05:30,242.02999877929688,242.83999633789062,241.8800048828125,242.4199981689453,945195
2026-01-22 09:15:00+05:30,244.5399932861328,246.47000122070312,244.19000244140625,245.57000732421875,0
2026-01-22 10:15:00+05:30,245.5800018310547,246.33999633789062,244.69000244140625,244.77000427246094,1157114
2026-01-22 11:15:00+05:30,244.83999633789062,245.16000366210938,243.8800048828125,244.55999755859375,906154
2026-01-22 12:15:00+05:30,244.47999572753906,244.5800018310547,243.52999877929688,243.6699981689453,1567795
2026-01-22 13:15:00+05:30,243.6699981689453,243.9499969482422,242.7100067138672,243.02000427246094,1275022
2026-01-22 14:15:00+05:30,243.02000427246094,244.1999969482422,242.60000610351562,243.9499969482422,2793376
2026-01-22 15:15:00+05:30,243.94000244140625,244.4499969482422,243.41000366210938,244.00999450683594,1201819
2026-01-23 09:15:00+05:30,244.74000549316406,245.1300048828125,241.57000732421875,244.74000549316406,0
2026-01-23 10:15:00+05:30,244.72999572753906,245.39999389648438,244.0,244.50999450683594,826496
2026-01-23 11:15:00+05:30,244.50999450683594,245.14999389648438,243.77999877929688,244.2899932861328,735746
2026-01-23 12:15:00+05:30,244.3000030517578,246.3000030517578,244.0800018310547,245.69000244140625,1626146
2026-01-23 13:15:00+05:30,245.69000244140625,245.83999633789062,244.72000122070312,245.3000030517578,1100643
2026-01-23 14:15:00+05:30,245.35000610351562,245.9600067138672,244.8699951171875,245.3000030517578,1596476
2026-01-23 15:15:00+05:30,245.27999877929688,246.25999450683594,245.1999969482422,245.7899932861328,696514
2026-01-27 09:15:00+05:30,246.61000061035156,248.77999877929688,245.99000549316406,247.02000427246094,0
2026-01-27 10:15:00+05:30,247.0,247.64999389648438,246.39999389648438,247.39999389648438,1891982
2026-01-27 11:15:00+05:30,247.39999389648438,248.67999267578125,246.8699951171875,248.36000061035156,1567135
2026-01-27 12:15:00+05:30,248.36000061035156,248.44000244140625,247.50999450683594,248.22999572753906,1100683
2026-01-27 13:15:00+05:30,248.22999572753906,248.75,246.94000244140625,247.0,1658973
2026-01-27 14:15:00+05:30,247.0399932861328,248.25999450683594,246.74000549316406,248.0,4222949
2026-01-27 15:15:00+05:30,247.97999572753906,248.5,247.69000244140625,247.9499969482422,1760609
2026-01-28 09:15:00+05:30,249.47999572753906,266.1000061035156,249.47999572753906,263.55999755859375,7744395
2026-01-28 10:15:00+05:30,263.7099914550781,264.3699951171875,261.8299865722656,263.30999755859375,9362103
2026-01-28 11:15:00+05:30,263.3599853515625,268.1499938964844,261.5400085449219,268.0,14339169
2026-01-28 12:15:00+05:30,268.0899963378906,269.489990234375,266.1499938964844,266.20001220703125,9637935
2026-01-28 13:15:00+05:30,266.25,266.6400146484375,265.0,266.1499938964844,6233811
2026-01-28 14:15:00+05:30,266.19000244140625,269.6000061035156,266.010009765625,268.29998779296875,7568159
2026-01-28 15:15:00+05:30,268.260009765625,269.1099853515625,268.1000061035156,268.2300109863281,2702607
2026-01-29 09:15:00+05:30,270.0400085449219,275.0,269.04998779296875,272.1000061035156,0
2026-01-29 10:15:00+05:30,272.1499938964844,273.9800109863281,270.8500061035156,271.3999938964844,5544025
2026-01-29 11:15:00+05:30,271.4700012207031,274.3900146484375,271.3999938964844,274.2900085449219,5747103
2026-01-29 12:15:00+05:30,274.20001220703125,275.1499938964844,272.5899963378906,273.989990234375,5125370
2026-01-29 13:15:00+05:30,273.9800109863281,275.1300048828125,273.6400146484375,275.010009765625,4854290
2026-01-29 14:15:00+05:30,275.0,277.7699890136719,274.739990234375,275.4599914550781,9597604
2026-01-29 15:15:00+05:30,275.42999267578125,276.0,274.6000061035156,274.8500061035156,2328501
2026-01-30 09:15:00+05:30,273.8599853515625,276.5,269.760009765625,270.44000244140625,0
2026-01-30 10:15:00+05:30,270.3999938964844,271.4700012207031,268.6199951171875,269.9200134277344,3010515
2026-01-30 11:15:00+05:30,269.9599914550781,271.70001220703125,269.2099914550781,269.82000732421875,1503359
2026-01-30 12:15:00+05:30,269.8699951171875,270.92999267578125,268.1499938964844,268.1499938964844,1970167
2026-01-30 13:15:00+05:30,268.1499938964844,269.79998779296875,268.010009765625,269.6000061035156,2246798
2026-01-30 14:15:00+05:30,269.6499938964844,269.67999267578125,268.30999755859375,268.9599914550781,4741997
2026-01-30 15:15:00+05:30,268.9599914550781,269.8800048828125,268.010009765625,268.05999755859375,3058437
2026-02-02 09:15:00+05:30,249.60000610351562,256.75,249.10000610351562,249.8000030517578,0
2026-02-02 10:15:00+05:30,249.8000030517578,251.60000610351562,248.64999389648438,248.89999389648438,2629479
2026-02-02 11:15:00+05:30,248.75,253.4499969482422,248.35000610351562,253.0500030517578,2346046
2026-02-02 12:15:00+05:30,253.0500030517578,253.4499969482422,251.4499969482422,251.5,1156387
2026-02-02 13:15:00+05:30,251.4499969482422,252.64999389648438,250.8000030517578,252.10000610351562,1549923
2026-02-02 14:15:00+05:30,252.1999969482422,254.85000610351562,252.0500030517578,253.75,1887468
2026-02-02 15:15:00+05:30,253.64999389648438,254.8000030517578,253.64999389648438,254.35000610351562,1046274
2026-02-03 09:15:00+05:30,262.0,262.0,249.39999389648438,251.25,0
2026-02-03 10:15:00+05:30,251.25,252.9499969482422,250.0,251.39999389648438,2052613
2026-02-03 11:15:00+05:30,251.39999389648438,255.89999389648438,251.35000610351562,255.4499969482422,2246095
2026-02-03 12:15:00+05:30,255.4499969482422,255.60000610351562,253.64999389648438,254.5500030517578,1679003
2026-02-03 13:15:00+05:30,254.6999969482422,256.54998779296875,254.5,256.3500061035156,1448516
2026-02-03 14:15:00+05:30,256.25,257.5,255.6999969482422,256.79998779296875,3327630
2026-02-03 15:15:00+05:30,256.79998779296875,258.1000061035156,256.3999938964844,256.3999938964844,1764034
2026-02-04 09:15:00+05:30,258.25,268.29998779296875,258.25,267.8999938964844,0
2026-02-04 10:15:00+05:30,268.04998779296875,269.1000061035156,267.6000061035156,268.3500061035156,3086135
2026-02-04 11:15:00+05:30,268.3500061035156,268.95001220703125,266.29998779296875,266.8999938964844,2862739
2026-02-04 12:15:00+05:30,266.8999938964844,268.1000061035156,266.75,267.8999938964844,1423686
2026-02-04 13:15:00+05:30,267.8999938964844,268.8999938964844,267.0,268.6000061035156,1635315
2026-02-04 14:15:00+05:30,268.8500061035156,269.95001220703125,266.8999938964844,267.1000061035156,4598011
2026-02-04 15:15:00+05:30,267.1000061035156,267.20001220703125,265.8999938964844,266.0,3281306
2026-02-05 09:15:00+05:30,267.79998779296875,270.3999938964844,266.45001220703125,268.8999938964844,0
2026-02-05 10:15:00+05:30,268.95001220703125,269.1000061035156,268.0,268.6000061035156,1079253
2026-02-05 11:15:00+05:30,268.6499938964844,269.6499938964844,267.6000061035156,268.54998779296875,1367136
2026-02-05 12:15:00+05:30,268.54998779296875,268.54998779296875,267.0,268.04998779296875,1454432
2026-02-05 13:15:00+05:30,268.25,269.3999938964844,267.3999938964844,267.79998779296875,2844770
2026-02-05 14:15:00+05:30,267.79998779296875,269.8999938964844,267.6499938964844,269.29998779296875,3848142
2026-02-05 15:15:00+05:30,269.5,269.5,268.6000061035156,268.6499938964844,965881
2026-02-06 09:15:00+05:30,267.8500061035156,267.8500061035156,264.75,265.79998779296875,0
2026-02-06 10:15:00+05:30,265.79998779296875,269.95001220703125,264.8500061035156,267.8999938964844,1965009
2026-02-06 11:15:00+05:30,268.0,269.29998779296875,267.1000061035156,267.79998779296875,1196738
2026-02-06 12:15:00+05:30,267.79998779296875,268.6499938964844,266.45001220703125,267.25,1055583
2026-02-06 13:15:00+05:30,267.3999938964844,267.6000061035156,266.45001220703125,267.04998779296875,1086842
2026-02-06 14:15:00+05:30,267.04998779296875,269.20001220703125,266.6000061035156,269.1000061035156,1954300
2026-02-06 15:15:00+05:30,269.04998779296875,269.29998779296875,267.8500061035156,268.0,1001008
2026-02-09 09:15:00+05:30,269.70001220703125,270.6000061035156,265.79998779296875,265.8999938964844,0
2026-02-09 10:15:00+05:30,266.0,268.3999938964844,265.8500061035156,267.54998779296875,1206094
2026-02-09 11:15:00+05:30,267.6000061035156,268.29998779296875,267.25,267.3999938964844,926661
2026-02-09 12:15:00+05:30,267.3999938964844,269.1000061035156,267.04998779296875,268.79998779296875,1362198
2026-02-09 13:15:00+05:30,268.79998779296875,269.0,266.20001220703125,266.3500061035156,1954937
2026-02-09 14:15:00+05:30,266.3500061035156,266.8999938964844,265.79998779296875,266.3500061035156,2108648
2026-02-09 15:15:00+05:30,266.3999938964844,267.0,266.20001220703125,266.70001220703125,1105178
2026-02-10 09:15:00+05:30,267.04998779296875,271.20001220703125,267.04998779296875,269.8999938964844,0
2026-02-10 10:15:00+05:30,269.95001220703125,270.45001220703125,268.79998779296875,269.70001220703125,997640
2026-02-10 11:15:00+05:30,269.75,269.75,268.70001220703125,268.75,879763
2026-02-10 12:15:00+05:30,268.75,270.1000061035156,268.70001220703125,269.95001220703125,891392
2026-02-10 13:15:00+05:30,269.8999938964844,269.95001220703125,268.75,269.6000061035156,1010084
2026-02-10 14:15:00+05:30,269.6499938964844,272.8999938964844,269.3999938964844,272.20001220703125,5075739
2026-02-10 15:15:00+05:30,272.20001220703125,272.25,271.25,272.1499938964844,1298367
2026-02-11 09:15:00+05:30,270.6499938964844,270.6499938964844,266.5,267.25,0
2026-02-11 10:15:00+05:30,267.25,269.75,266.79998779296875,269.20001220703125,1824760
2026-02-11 11:15:00+05:30,269.20001220703125,270.29998779296875,269.04998779296875,269.3500061035156,1162028
2026-02-11 12:15:00+05:30,269.25,269.6499938964844,267.8500061035156,268.3999938964844,1416890
2026-02-11 13:15:00+05:30,268.54998779296875,269.0,268.20001220703125,269.0,866673
2026-02-11 14:15:00+05:30,268.95001220703125,275.1000061035156,268.95001220703125,274.8999938964844,8193721
2026-02-11 15:15:00+05:30,274.8500061035156,274.8999938964844,273.95001220703125,274.6499938964844,1750972
2026-02-12 09:15:00+05:30,276.1000061035156,280.25,275.20001220703125,277.6499938964844,0
2026-02-12 10:15:00+05:30,277.5,278.8500061035156,276.5,277.79998779296875,2784901
2026-02-12 11:15:00+05:30,277.8500061035156,278.1499938964844,275.0,275.3500061035156,2704122
2026-02-12 12:15:00+05:30,275.3500061035156,276.6499938964844,275.1499938964844,275.29998779296875,2149181
2026-02-12 13:15:00+05:30,275.3500061035156,276.04998779296875,275.0,275.29998779296875,1594880
2026-02-12 14:15:00+05:30,275.29998779296875,276.3999938964844,273.70001220703125,276.3999938964844,2888908
2026-02-12 15:15:00+05:30,276.3999938964844,277.1499938964844,276.0,276.0,1449713
2026-02-13 09:15:00+05:30,269.5,271.1000061035156,266.54998779296875,267.0,0
2026-02-13 10:15:00+05:30,266.8500061035156,269.45001220703125,266.04998779296875,268.6000061035156,1911797
2026-02-13 11:15:00+05:30,268.54998779296875,268.8999938964844,267.1499938964844,268.5,1523414
2026-02-13 12:15:00+05:30,268.45001220703125,269.3999938964844,267.6499938964844,269.29998779296875,1915944
2026-02-13 13:15:00+05:30,269.29998779296875,269.3500061035156,267.04998779296875,267.79998779296875,2939344
2026-02-13 14:15:00+05:30,267.8500061035156,268.20001220703125,266.79998779296875,267.20001220703125,3556806
2026-02-13 15:15:00+05:30,267.20001220703125,267.8500061035156,267.1000061035156,267.5,2148628
2026-02-16 09:15:00+05:30,267.75,272.1000061035156,266.20001220703125,271.04998779296875,0
2026-02-16 10:15:00+05:30,271.04998779296875,271.8500061035156,270.20001220703125,270.8999938964844,1363408
2026-02-16 11:15:00+05:30,270.95001220703125,271.54998779296875,270.25,270.3999938964844,938534
2026-02-16 12:15:00+05:30,270.3999938964844,271.3999938964844,270.3999938964844,271.04998779296875,1781127
2026-02-16 13:15:00+05:30,271.20001220703125,271.8500061035156,271.0,271.25,2054941
2026-02-16 14:15:00+05:30,271.25,272.1499938964844,270.95001220703125,271.6000061035156,1941820
2026-02-16 15:15:00+05:30,271.54998779296875,271.79998779296875,271.29998779296875,271.79998779296875,1204404
2026-02-17 09:15:00+05:30,270.5,272.1000061035156,269.1499938964844,270.0,0
2026-02-17 10:15:00+05:30,270.0,270.79998779296875,268.3500061035156,269.1499938964844,2566000
2026-02-17 11:15:00+05:30,269.1499938964844,269.6000061035156,268.6000061035156,269.5,1164152
2026-02-17 12:15:00+05:30,269.5,272.25,269.5,271.5,8311750
2026-02-17 13:15:00+05:30,271.45001220703125,271.75,270.29998779296875,270.29998779296875,1324420
2026-02-17 14:15:00+05:30,270.29998779296875,272.25,270.29998779296875,272.20001220703125,2627096
2026-02-17 15:15:00+05:30,272.0,272.20001220703125,271.6000061035156,271.8500061035156,2011083
2026-02-18 09:15:00+05:30,265.0,265.8500061035156,263.20001220703125,264.20001220703125,0
2026-02-18 10:15:00+05:30,264.1499938964844,264.70001220703125,263.29998779296875,263.95001220703125,1148640
2026-02-18 11:15:00+05:30,264.0,264.0,263.04998779296875,263.29998779296875,1393677
2026-02-18 12:15:00+05:30,263.29998779296875,264.3999938964844,263.25,264.25,1067909
2026-02-18 13:15:00+05:30,264.1499938964844,265.1499938964844,263.75,265.0,2055772
2026-02-18 14:15:00+05:30,264.8999938964844,265.3500061035156,264.1000061035156,264.54998779296875,1448440
2026-02-18 15:15:00+05:30,264.5,264.79998779296875,264.3999938964844,264.79998779296875,898503
2026-02-19 09:15:00+05:30,269.70001220703125,271.79998779296875,268.0,268.1000061035156,0
2026-02-19 10:15:00+05:30,268.1499938964844,270.54998779296875,267.8500061035156,270.29998779296875,3875002
2026-02-19 11:15:00+05:30,270.3500061035156,270.95001220703125,270.0,270.04998779296875,2818795
2026-02-19 12:15:00+05:30,270.1499938964844,272.79998779296875,270.0,272.75,4040050
2026-02-19 13:15:00+05:30,272.70001220703125,275.95001220703125,272.5,275.3500061035156,7666053
2026-02-19 14:15:00+05:30,275.45001220703125,276.45001220703125,273.79998779296875,274.8500061035156,8637625
2026-02-19 15:15:00+05:30,274.6499938964844,275.20001220703125,273.6000061035156,274.5,3640494
2026-02-20 09:15:00+05:30,277.20001220703125,280.75,276.79998779296875,278.1499938964844,0
2026-02-20 10:15:00+05:30,278.1000061035156,278.79998779296875,277.0,278.1000061035156,2426369
2026-02-20 11:15:00+05:30,278.04998779296875,279.29998779296875,277.75,278.1499938964844,1785815
2026-02-20 12:15:00+05:30,278.1499938964844,278.29998779296875,274.3500061035156,275.1499938964844,2378996
2026-02-20 13:15:00+05:30,275.1499938964844,276.95001220703125,275.0,276.25,2182963
2026-02-20 14:15:00+05:30,276.25,279.1000061035156,275.3500061035156,279.0,5638881
2026-02-20 15:15:00+05:30,279.0,279.1000061035156,278.0,278.29998779296875,3522650
2026-02-23 09:15:00+05:30,279.45001220703125,279.45001220703125,272.3999938964844,273.79998779296875,0
2026-02-23 10:15:00+05:30,273.79998779296875,274.20001220703125,272.25,273.70001220703125,1563866
2026-02-23 11:15:00+05:30,273.70001220703125,274.0,272.5,272.75,823774
2026-02-23 12:15:00+05:30,272.75,273.6000061035156,272.5,272.6499938964844,1074046
2026-02-23 13:15:00+05:30,272.70001220703125,274.0,272.54998779296875,273.79998779296875,1363463
2026-02-23 14:15:00+05:30,273.79998779296875,275.8500061035156,273.5,275.79998779296875,3250089
2026-02-23 15:15:00+05:30,275.75,276.1499938964844,275.5,276.1000061035156,1144155
2026-02-24 09:15:00+05:30,275.6000061035156,278.0,273.6000061035156,273.70001220703125,0
2026-02-24 10:15:00+05:30,273.75,275.5,273.29998779296875,275.3500061035156,2103515
2026-02-24 11:15:00+05:30,275.3500061035156,276.25,274.8500061035156,275.04998779296875,1172474
2026-02-24 12:15:00+05:30,275.04998779296875,275.3999938964844,274.3999938964844,274.79998779296875,1177269
2026-02-24 13:15:00+05:30,274.70001220703125,276.3500061035156,273.6000061035156,275.8500061035156,2789527
2026-02-24 14:15:00+05:30,276.0,276.79998779296875,275.1000061035156,276.5,3576677
2026-02-24 15:15:00+05:30,276.54998779296875,277.5,276.3500061035156,277.0,1815162
2026-02-25 09:15:00+05:30,276.6499938964844,278.8999938964844,274.75,276.70001220703125,0
2026-02-25 10:15:00+05:30,276.6000061035156,278.5,276.5,278.0,780890
2026-02-25 11:15:00+05:30,278.0,278.04998779296875,276.5,276.75,475293
2026-02-25 12:15:00+05:30,276.75,277.45001220703125,274.3999938964844,274.3999938964844,1155628
2026-02-25 13:15:00+05:30,274.3999938964844,275.6000061035156,274.0,275.1499938964844,859249
2026-02-25 14:15:00+05:30,275.25,277.70001220703125,275.1499938964844,277.6000061035156,1981984
2026-02-25 15:15:00+05:30,277.6000061035156,277.75,276.8500061035156,277.45001220703125,918053
2026-02-26 09:15:00+05:30,277.3500061035156,278.75,275.6499938964844,275.8500061035156,0
2026-02-26 10:15:00+05:30,275.8500061035156,278.6000061035156,275.70001220703125,278.5,1361512
2026-02-26 11:15:00+05:30,278.29998779296875,278.5,276.8999938964844,278.20001220703125,1225960
2026-02-26 12:15:00+05:30,278.20001220703125,279.8999938964844,277.6499938964844,277.75,2192741
2026-02-26 13:15:00+05:30,277.8500061035156,278.45001220703125,277.29998779296875,277.95001220703125,1375131
2026-02-26 14:15:00+05:30,277.8999938964844,280.5,277.1000061035156,280.04998779296875,3310467
2026-02-26 15:15:00+05:30,280.04998779296875,280.95001220703125,279.75,280.0,2099269
2026-02-27 09:15:00+05:30,278.70001220703125,279.20001220703125,277.0,277.70001220703125,0
2026-02-27 10:15:00+05:30,277.79998779296875,282.1499938964844,277.54998779296875,281.75,2076762
2026-02-27 11:15:00+05:30,281.70001220703125,282.1000061035156,280.1000061035156,280.3500061035156,2692114
2026-02-27 12:15:00+05:30,280.3500061035156,280.95001220703125,279.54998779296875,280.1499938964844,1976489
2026-02-27 13:15:00+05:30,280.1499938964844,282.45001220703125,280.1000061035156,281.8999938964844,2398416
2026-02-27 14:15:00+05:30,282.0,282.29998779296875,279.1499938964844,279.6499938964844,5694052
2026-02-27 15:15:00+05:30,279.6000061035156,280.1000061035156,279.04998779296875,279.29998779296875,2472655
2026-03-02 09:15:00+05:30,288.70001220703125,292.8999938964844,277.8500061035156,279.3999938964844,11008960
2026-03-02 10:15:00+05:30,279.25,283.8999938964844,278.54998779296875,282.8999938964844,8158782
2026-03-02 11:15:00+05:30,282.79998779296875,283.3999938964844,280.20001220703125,280.25,5281364
2026-03-02 12:15:00+05:30,280.1499938964844,282.5,279.70001220703125,282.0,5217732
2026-03-02 13:15:00+05:30,282.04998779296875,283.25,281.0,282.8500061035156,6481961
2026-03-02 14:15:00+05:30,282.8500061035156,283.6499938964844,281.3500061035156,283.1499938964844,7256963
2026-03-02 15:15:00+05:30,283.1499938964844,283.20001220703125,281.0,282.20001220703125,3875930
2026-03-04 09:15:00+05:30,286.5,288.1499938964844,280.25,282.3500061035156,0
2026-03-04 10:15:00+05:30,282.3500061035156,283.8500061035156,280.8500061035156,282.29998779296875,5675547
2026-03-04 11:15:00+05:30,282.1000061035156,282.20001220703125,279.5,280.29998779296875,5363671
2026-03-04 12:15:00+05:30,280.29998779296875,280.54998779296875,277.04998779296875,280.45001220703125,5355576
2026-03-04 13:15:00+05:30,280.5,280.54998779296875,277.1000061035156,278.95001220703125,4221225
2026-03-04 14:15:00+05:30,279.1000061035156,279.20001220703125,277.1000061035156,277.20001220703125,7332121
2026-03-04 15:15:00+05:30,277.04998779296875,277.25,275.45001220703125,275.70001220703125,3741984
2026-03-05 09:15:00+05:30,277.1000061035156,287.6499938964844,277.1000061035156,284.79998779296875,0
2026-03-05 10:15:00+05:30,284.79998779296875,287.1000061035156,284.04998779296875,284.6000061035156,6500084
2026-03-05 11:15:00+05:30,284.54998779296875,286.5,284.3999938964844,286.3999938964844,2106041
2026-03-05 12:15:00+05:30,286.3999938964844,286.5,282.5,283.04998779296875,3871633
2026-03-05 13:15:00+05:30,283.1000061035156,283.5,281.04998779296875,281.20001220703125,2492928
2026-03-05 14:15:00+05:30,281.04998779296875,281.54998779296875,275.3500061035156,276.6499938964844,9199969
2026-03-05 15:15:00+05:30,276.6499938964844,277.5,275.79998779296875,276.3500061035156,3837147
2026-03-06 09:15:00+05:30,278.6499938964844,279.25,272.3999938964844,273.79998779296875,0
2026-03-06 10:15:00+05:30,273.8500061035156,274.20001220703125,271.3999938964844,273.25,3917380
2026-03-06 11:15:00+05:30,273.20001220703125,277.8999938964844,272.79998779296875,277.79998779296875,4901882
2026-03-06 12:15:00+05:30,277.79998779296875,280.1499938964844,277.3999938964844,279.6000061035156,5281393
2026-03-06 13:15:00+05:30,279.79998779296875,280.95001220703125,279.1499938964844,279.3999938964844,3294576
2026-03-06 14:15:00+05:30,279.3999938964844,280.20001220703125,277.54998779296875,278.95001220703125,4912377
2026-03-06 15:15:00+05:30,279.0,279.8999938964844,278.5,279.8999938964844,1820807
2026-03-09 09:15:00+05:30,288.5,288.5,275.1000061035156,277.29998779296875,0
2026-03-09 10:15:00+05:30,277.29998779296875,277.95001220703125,269.25,269.79998779296875,9281335
2026-03-09 11:15:00+05:30,269.8500061035156,272.3500061035156,268.79998779296875,270.29998779296875,4329805
2026-03-09 12:15:00+05:30,270.29998779296875,271.25,269.8999938964844,270.6000061035156,2563813
2026-03-09 13:15:00+05:30,270.6000061035156,271.8500061035156,270.0,270.1499938964844,3476003
2026-03-09 14:15:00+05:30,270.1499938964844,272.1499938964844,270.0,271.0,5553592
2026-03-09 15:15:00+05:30,271.04998779296875,272.04998779296875,267.70001220703125,270.79998779296875,6742699
2026-03-10 09:15:00+05:30,268.0,269.29998779296875,265.6000061035156,269.29998779296875,0
2026-03-10 10:15:00+05:30,269.04998779296875,270.70001220703125,268.8500061035156,269.70001220703125,2154128
2026-03-10 11:15:00+05:30,269.75,270.5,268.29998779296875,268.29998779296875,1538815
2026-03-10 12:15:00+05:30,268.20001220703125,270.6000061035156,268.1000061035156,270.04998779296875,2552923
2026-03-10 13:15:00+05:30,270.0,270.5,269.1499938964844,269.95001220703125,1471283
2026-03-10 14:15:00+05:30,270.0,270.3999938964844,268.1499938964844,269.04998779296875,2980084
2026-03-10 15:15:00+05:30,269.04998779296875,270.5,269.0,270.20001220703125,1593888
2026-03-11 09:15:00+05:30,269.0,270.6000061035156,268.5,269.04998779296875,0
2026-03-11 10:15:00+05:30,269.0,269.1000061035156,268.1000061035156,269.0,789819
2026-03-11 11:15:00+05:30,269.04998779296875,272.29998779296875,268.6000061035156,272.0,2960541
2026-03-11 12:15:00+05:30,272.0,272.3999938964844,271.1000061035156,271.54998779296875,2532623
2026-03-11 13:15:00+05:30,271.5,272.1000061035156,271.0,271.04998779296875,2571522
2026-03-11 14:15:00+05:30,271.20001220703125,271.70001220703125,270.3999938964844,270.6000061035156,3525344
2026-03-11 15:15:00+05:30,270.6000061035156,271.29998779296875,270.25,270.75,1622261
2026-03-12 09:15:00+05:30,271.6000061035156,272.25,269.79998779296875,271.0,0
2026-03-12 10:15:00+05:30,271.04998779296875,272.70001220703125,270.95001220703125,272.6000061035156,3693298
2026-03-12 11:15:00+05:30,272.54998779296875,272.75,268.3999938964844,269.54998779296875,2476710
2026-03-12 12:15:00+05:30,269.54998779296875,270.25,267.79998779296875,270.0,2053039
2026-03-12 13:15:00+05:30,269.8999938964844,270.75,269.04998779296875,269.54998779296875,1845062
2026-03-12 14:15:00+05:30,269.6499938964844,270.79998779296875,269.1000061035156,270.70001220703125,2827074
2026-03-12 15:15:00+05:30,270.75,270.8999938964844,270.0,270.6000061035156,1111205
2026-03-13 09:15:00+05:30,270.54998779296875,271.04998779296875,266.3999938964844,266.6000061035156,0
2026-03-13 10:15:00+05:30,266.6000061035156,268.20001220703125,266.45001220703125,267.0,1413101
2026-03-13 11:15:00+05:30,267.0,268.6000061035156,265.79998779296875,266.5,1437968
2026-03-13 12:15:00+05:30,266.5,266.6000061035156,264.1000061035156,264.1499938964844,2649995
2026-03-13 13:15:00+05:30,264.25,265.8500061035156,264.20001220703125,264.79998779296875,3250345
2026-03-13 14:15:00+05:30,264.8500061035156,266.1000061035156,263.54998779296875,264.25,5611098
2026-03-13 15:15:00+05:30,264.3500061035156,264.3999938964844,263.70001220703125,264.20001220703125,1842143
2026-03-16 09:15:00+05:30,264.5,265.8500061035156,259.5,264.8999938964844,0
2026-03-16 10:15:00+05:30,264.8500061035156,264.8500061035156,259.79998779296875,262.29998779296875,2703909
2026-03-16 11:15:00+05:30,262.20001220703125,263.79998779296875,260.95001220703125,261.04998779296875,1386600
2026-03-16 12:15:00+05:30,261.04998779296875,261.04998779296875,258.3999938964844,258.79998779296875,3720910
2026-03-16 13:15:00+05:30,258.6499938964844,260.95001220703125,258.54998779296875,260.1000061035156,3290586
2026-03-16 14:15:00+05:30,260.1000061035156,261.8999938964844,259.8500061035156,260.3500061035156,5028624
2026-03-16 15:15:00+05:30,260.29998779296875,260.3999938964844,259.6499938964844,260.1499938964844,1470863
2026-03-17 09:15:00+05:30,260.95001220703125,261.79998779296875,259.6499938964844,260.79998779296875,0
2026-03-17 10:15:00+05:30,260.79998779296875,263.29998779296875,260.79998779296875,261.70001220703125,2679227
2026-03-17 11:15:00+05:30,261.70001220703125,262.6000061035156,260.25,262.5,2592101
2026-03-17 12:15:00+05:30,262.3500061035156,262.79998779296875,261.5,261.70001220703125,1282125
2026-03-17 13:15:00+05:30,261.6499938964844,262.3500061035156,261.29998779296875,262.04998779296875,1688033
2026-03-17 14:15:00+05:30,262.04998779296875,265.1000061035156,261.75,264.75,3209221
2026-03-17 15:15:00+05:30,264.75,265.3999938964844,264.6499938964844,265.1000061035156,787098
2026-03-18 09:15:00+05:30,265.1000061035156,266.3999938964844,263.6499938964844,263.79998779296875,0
2026-03-18 10:15:00+05:30,263.8999938964844,264.70001220703125,263.29998779296875,264.3500061035156,769637
2026-03-18 11:15:00+05:30,264.45001220703125,264.45001220703125,263.1000061035156,263.5,789336
2026-03-18 12:15:00+05:30,263.54998779296875,264.04998779296875,263.0,263.79998779296875,742802
2026-03-18 13:15:00+05:30,263.79998779296875,265.70001220703125,263.70001220703125,265.6499938964844,1220787
2026-03-18 14:15:00+05:30,265.6000061035156,266.6000061035156,264.8999938964844,265.0,2328837
2026-03-18 15:15:00+05:30,265.1499938964844,265.1499938964844,264.5,265.0,945566
2026-03-19 09:15:00+05:30,264.29998779296875,268.8500061035156,263.3999938964844,265.3500061035156,0
2026-03-19 10:15:00+05:30,265.20001220703125,271.29998779296875,264.95001220703125,269.5,7695496
2026-03-19 11:15:00+05:30,269.3999938964844,270.6000061035156,268.54998779296875,269.25,3346760
2026-03-19 12:15:00+05:30,269.20001220703125,269.3500061035156,267.54998779296875,267.75,2268746
2026-03-19 13:15:00+05:30,267.6000061035156,269.0,267.20001220703125,267.3500061035156,1560711
2026-03-19 14:15:00+05:30,267.3500061035156,269.75,267.1499938964844,269.29998779296875,6143896
2026-03-19 15:15:00+05:30,269.3999938964844,269.3999938964844,269.0,269.0,1863179
2026-03-20 09:15:00+05:30,268.95001220703125,273.0,266.6000061035156,271.45001220703125,0
2026-03-20 10:15:00+05:30,271.3999938964844,271.5,269.6000061035156,270.04998779296875,1567992
2026-03-20 11:15:00+05:30,270.04998779296875,270.8999938964844,268.25,269.04998779296875,1489617
2026-03-20 12:15:00+05:30,269.04998779296875,269.20001220703125,268.25,268.54998779296875,1011722
2026-03-20 13:15:00+05:30,268.6499938964844,269.1000061035156,265.79998779296875,266.45001220703125,2285855
2026-03-20 14:15:00+05:30,266.45001220703125,266.45001220703125,264.0,265.45001220703125,5895714
2026-03-20 15:15:00+05:30,265.5,266.25,265.25,265.6499938964844,2386989
2026-03-23 09:15:00+05:30,266.70001220703125,269.70001220703125,264.1000061035156,267.95001220703125,0
2026-03-23 10:15:00+05:30,268.0,268.5,265.79998779296875,266.8999938964844,3691195
2026-03-23 11:15:00+05:30,266.8500061035156,267.95001220703125,266.29998779296875,267.04998779296875,1675253
2026-03-23 12:15:00+05:30,267.04998779296875,267.20001220703125,265.25,266.1000061035156,2216287
2026-03-23 13:15:00+05:30,266.1499938964844,267.45001220703125,265.0,266.1499938964844,3078154
2026-03-23 14:15:00+05:30,266.1499938964844,266.95001220703125,265.20001220703125,266.0,3492627
2026-03-23 15:15:00+05:30,265.8999938964844,265.8999938964844,264.29998779296875,265.45001220703125,1666877
2026-03-24 09:15:00+05:30,268.0,271.8500061035156,266.8999938964844,270.1000061035156,0
2026-03-24 10:15:00+05:30,270.20001220703125,271.8999938964844,269.5,271.20001220703125,2829165
2026-03-24 11:15:00+05:30,271.29998779296875,273.1000061035156,270.70001220703125,270.70001220703125,2912386
2026-03-24 12:15:00+05:30,270.70001220703125,272.6000061035156,269.70001220703125,270.25,2139593
2026-03-24 13:15:00+05:30,270.25,270.5,269.0,269.3999938964844,1529202
2026-03-24 14:15:00+05:30,269.3500061035156,270.0,267.6000061035156,267.95001220703125,3931927
2026-03-24 15:15:00+05:30,267.95001220703125,268.6000061035156,267.75,268.5,1074747
2026-03-25 09:15:00+05:30,267.8500061035156,268.95001220703125,266.5,268.6499938964844,0
2026-03-25 10:15:00+05:30,268.75,271.20001220703125,268.5,270.54998779296875,2189410
2026-03-25 11:15:00+05:30,270.45001220703125,270.8500061035156,269.6000061035156,270.70001220703125,1811045
2026-03-25 12:15:00+05:30,270.75,270.79998779296875,269.8999938964844,270.6499938964844,1475258
2026-03-25 13:15:00+05:30,270.6000061035156,271.45001220703125,270.25,270.75,1821831
2026-03-25 14:15:00+05:30,270.70001220703125,271.0,269.6499938964844,270.1499938964844,2240282
2026-03-25 15:15:00+05:30,270.1000061035156,270.79998779296875,269.70001220703125,270.20001220703125,866324
2026-03-27 09:15:00+05:30,270.5,277.1000061035156,270.5,276.8999938964844,0
2026-03-27 10:15:00+05:30,276.75,277.6499938964844,275.75,277.54998779296875,5171568
2026-03-27 11:15:00+05:30,277.6000061035156,280.20001220703125,277.6000061035156,280.20001220703125,5984053
2026-03-27 12:15:00+05:30,280.20001220703125,283.1499938964844,279.29998779296875,282.79998779296875,10050986
2026-03-27 13:15:00+05:30,282.79998779296875,285.0,282.6000061035156,284.29998779296875,10068227
2026-03-27 14:15:00+05:30,284.29998779296875,284.29998779296875,282.04998779296875,282.25,12930175
2026-03-27 15:15:00+05:30,282.20001220703125,282.5,280.8999938964844,281.95001220703125,5800177
2026-03-30 09:15:00+05:30,282.54998779296875,287.8500061035156,282.3999938964844,286.45001220703125,0
2026-03-30 10:15:00+05:30,286.3500061035156,286.5,284.25,284.3999938964844,6151981
2026-03-30 11:15:00+05:30,284.45001220703125,288.3500061035156,284.29998779296875,288.25,6071430
2026-03-30 12:15:00+05:30,288.25,288.29998779296875,285.04998779296875,285.6000061035156,3699340
2026-03-30 13:15:00+05:30,285.5,285.79998779296875,284.6000061035156,284.8500061035156,2160499
2026-03-30 14:15:00+05:30,284.8500061035156,285.45001220703125,283.95001220703125,285.20001220703125,6579104
2026-03-30 15:15:00+05:30,285.1499938964844,285.25,283.1000061035156,284.6499938964844,2973751
2026-04-01 09:15:00+05:30,288.3999938964844,293.0,283.0,290.8500061035156,0
2026-04-01 10:15:00+05:30,290.95001220703125,291.45001220703125,287.0,289.3999938964844,3813479
2026-04-01 11:15:00+05:30,289.3999938964844,290.75,288.8500061035156,289.54998779296875,2307268
2026-04-01 12:15:00+05:30,289.6499938964844,289.6499938964844,287.3500061035156,287.6000061035156,1702049
2026-04-01 13:15:00+05:30,287.5,287.8500061035156,285.25,286.8500061035156,2887458
2026-04-01 14:15:00+05:30,286.79998779296875,288.8500061035156,286.70001220703125,288.70001220703125,3893557
2026-04-01 15:15:00+05:30,288.6000061035156,289.0,286.3999938964844,286.3999938964844,2408564
2026-04-02 09:15:00+05:30,288.6499938964844,288.70001220703125,283.54998779296875,285.5,0
2026-04-02 10:15:00+05:30,285.25,285.79998779296875,284.29998779296875,285.45001220703125,1705608
2026-04-02 11:15:00+05:30,285.3999938964844,286.5,285.0,285.3999938964844,1507491
2026-04-02 12:15:00+05:30,285.3999938964844,286.0,284.5,285.5,1496559
2026-04-02 13:15:00+05:30,285.5,287.95001220703125,285.3999938964844,287.45001220703125,2035735
2026-04-02 14:15:00+05:30,287.45001220703125,288.0,286.0,287.6499938964844,4567709
2026-04-02 15:15:00+05:30,287.6000061035156,287.75,286.1000061035156,286.5,1794679
2026-04-06 09:15:00+05:30,287.29998779296875,288.04998779296875,284.3999938964844,285.29998779296875,0
2026-04-06 10:15:00+05:30,285.45001220703125,285.54998779296875,280.54998779296875,281.1499938964844,2539157
2026-04-06 11:15:00+05:30,281.1000061035156,283.0,281.0,281.8500061035156,2188423
2026-04-06 12:15:00+05:30,281.79998779296875,283.29998779296875,281.0,283.20001220703125,2939681
2026-04-06 13:15:00+05:30,283.20001220703125,284.0,281.6499938964844,281.8999938964844,3358281
2026-04-06 14:15:00+05:30,281.95001220703125,282.8999938964844,280.8500061035156,282.1000061035156,6923025
2026-04-06 15:15:00+05:30,282.1000061035156,282.1499938964844,280.8500061035156,281.8500061035156,2643554
2026-04-07 09:15:00+05:30,282.3500061035156,286.75,280.1000061035156,284.54998779296875,0
2026-04-07 10:15:00+05:30,284.6499938964844,285.70001220703125,283.75,285.6499938964844,2395788
2026-04-07 11:15:00+05:30,285.5,286.3999938964844,283.79998779296875,284.3999938964844,3302281
2026-04-07 12:15:00+05:30,284.3500061035156,285.70001220703125,283.3999938964844,285.54998779296875,2886483
2026-04-07 13:15:00+05:30,285.54998779296875,286.95001220703125,285.1000061035156,286.3500061035156,2702070
2026-04-07 14:15:00+05:30,286.3500061035156,287.5,285.6000061035156,286.45001220703125,4653613
2026-04-07 15:15:00+05:30,286.5,286.95001220703125,285.95001220703125,286.5,2417215
2026-04-08 09:15:00+05:30,279.20001220703125,281.6000061035156,274.75,277.8500061035156,0
2026-04-08 10:15:00+05:30,277.45001220703125,279.75,276.79998779296875,279.5,5126574
2026-04-08 11:15:00+05:30,279.5,282.6000061035156,279.45001220703125,282.45001220703125,3506439
2026-04-08 12:15:00+05:30,282.45001220703125,286.04998779296875,281.1000061035156,286.0,4141882
2026-04-08 13:15:00+05:30,286.1000061035156,287.75,285.04998779296875,285.6000061035156,4794918
2026-04-08 14:15:00+05:30,285.5,286.45001220703125,284.45001220703125,285.54998779296875,3560471
2026-04-08 15:15:00+05:30,285.6000061035156,286.1000061035156,284.8500061035156,285.5,1904510
2026-04-09 09:15:00+05:30,284.95001220703125,288.8500061035156,284.95001220703125,288.20001220703125,0
2026-04-09 10:15:00+05:30,288.0,289.25,287.1499938964844,287.29998779296875,1693067
2026-04-09 11:15:00+05:30,287.29998779296875,288.25,286.6000061035156,288.04998779296875,1354622
2026-04-09 12:15:00+05:30,288.04998779296875,289.6000061035156,288.04998779296875,289.20001220703125,1691826
2026-04-09 13:15:00+05:30,289.25,289.29998779296875,288.3500061035156,288.70001220703125,1182259
2026-04-09 14:15:00+05:30,288.70001220703125,289.79998779296875,288.04998779296875,288.1000061035156,2577570
2026-04-09 15:15:00+05:30,288.20001220703125,289.29998779296875,288.0,288.6000061035156,1631431
2026-04-10 09:15:00+05:30,288.8500061035156,291.70001220703125,288.79998779296875,289.04998779296875,0
2026-04-10 10:15:00+05:30,289.1000061035156,289.20001220703125,287.20001220703125,288.29998779296875,1771506
2026-04-10 11:15:00+05:30,288.1000061035156,289.6000061035156,288.1000061035156,289.54998779296875,1363644
2026-04-10 12:15:00+05:30,289.54998779296875,289.75,288.25,288.3500061035156,1264972
2026-04-10 13:15:00+05:30,288.45001220703125,288.45001220703125,285.6499938964844,285.8999938964844,1597340
2026-04-10 14:15:00+05:30,285.95001220703125,287.0,285.04998779296875,286.8999938964844,2433264
2026-04-10 15:15:00+05:30,286.79998779296875,287.0,286.0,286.5,1040747
2026-04-13 09:15:00+05:30,288.20001220703125,290.1499938964844,281.04998779296875,283.1499938964844,0
2026-04-13 10:15:00+05:30,283.20001220703125,286.3500061035156,283.04998779296875,284.45001220703125,3091697
2026-04-13 11:15:00+05:30,284.45001220703125,285.70001220703125,284.20001220703125,285.20001220703125,1151540
2026-04-13 12:15:00+05:30,285.25,286.5,285.0,285.95001220703125,1524495
2026-04-13 13:15:00+05:30,285.8999938964844,287.79998779296875,285.5,286.70001220703125,1805595
2026-04-13 14:15:00+05:30,286.6499938964844,288.0,286.29998779296875,287.79998779296875,4173992
2026-04-13 15:15:00+05:30,287.79998779296875,287.79998779296875,287.0,287.3999938964844,1808133
2026-04-15 09:15:00+05:30,284.45001220703125,288.1000061035156,283.3999938964844,286.8999938964844,0
2026-04-15 10:15:00+05:30,286.8999938964844,288.0,286.6000061035156,287.3500061035156,1419327
2026-04-15 11:15:00+05:30,287.25,289.29998779296875,287.04998779296875,288.70001220703125,1804005
2026-04-15 12:15:00+05:30,288.6499938964844,289.20001220703125,287.75,289.0,1700934
2026-04-15 13:15:00+05:30,289.0,289.79998779296875,287.04998779296875,287.1499938964844,2834935
2026-04-15 14:15:00+05:30,287.1499938964844,288.0,286.5,287.5,2721985
2026-04-15 15:15:00+05:30,287.3999938964844,288.04998779296875,287.0,287.5,1856561
2026-04-16 09:15:00+05:30,287.3500061035156,287.45001220703125,285.75,286.1000061035156,0
2026-04-16 10:15:00+05:30,286.0,286.5,283.8500061035156,283.8999938964844,3174125
2026-04-16 11:15:00+05:30,283.8999938964844,284.25,282.95001220703125,283.1499938964844,2974487
2026-04-16 12:15:00+05:30,283.1499938964844,283.70001220703125,283.04998779296875,283.3999938964844,851833
2026-04-16 13:15:00+05:30,283.3999938964844,283.6499938964844,282.0,282.3999938964844,1502187
2026-04-16 14:15:00+05:30,282.3999938964844,283.29998779296875,282.1000061035156,282.6499938964844,1809033
2026-04-16 15:15:00+05:30,282.6499938964844,282.95001220703125,282.5,282.8500061035156,948211
2026-04-17 09:15:00+05:30,283.04998779296875,285.0,282.29998779296875,283.1000061035156,0
2026-04-17 10:15:00+05:30,283.1000061035156,283.8500061035156,282.79998779296875,283.25,1910329
2026-04-17 11:15:00+05:30,283.3999938964844,284.70001220703125,283.25,284.45001220703125,3429549
2026-04-17 12:15:00+05:30,284.45001220703125,284.75,283.8999938964844,284.5,1858354
2026-04-17 13:15:00+05:30,284.5,285.3500061035156,284.3999938964844,284.75,1923484
2026-04-17 14:15:00+05:30,284.75,285.5,283.6499938964844,283.8500061035156,2873889
2026-04-17 15:15:00+05:30,283.95001220703125,284.79998779296875,283.45001220703125,284.04998779296875,2248686
2026-04-20 09:15:00+05:30,284.04998779296875,284.70001220703125,282.70001220703125,282.95001220703125,0
2026-04-20 14:15:00+05:30,284.04998779296875,284.04998779296875,283.3999938964844,283.3999938964844,8066006
2026-04-20 15:15:00+05:30,283.3999938964844,283.45001220703125,282.5,282.5,1150684
2026-04-21 09:15:00+05:30,283.1000061035156,284.8500061035156,282.6499938964844,284.29998779296875,0
2026-04-21 10:15:00+05:30,284.3500061035156,284.3999938964844,283.3500061035156,283.6000061035156,841604
2026-04-21 11:15:00+05:30,283.6000061035156,284.04998779296875,282.79998779296875,283.54998779296875,1334088
2026-04-21 12:15:00+05:30,283.54998779296875,284.29998779296875,283.29998779296875,283.79998779296875,1261422
2026-04-21 13:15:00+05:30,283.8500061035156,284.04998779296875,282.5,282.95001220703125,2191284
2026-04-21 14:15:00+05:30,283.0,283.8500061035156,282.8999938964844,283.04998779296875,3630264
2026-04-21 15:15:00+05:30,283.04998779296875,283.45001220703125,282.8500061035156,283.1000061035156,1914587
2026-04-22 09:15:00+05:30,283.45001220703125,284.79998779296875,283.0,283.6000061035156,0
2026-04-22 10:15:00+05:30,283.6000061035156,284.8999938964844,283.25,283.5,1110820
2026-04-22 11:15:00+05:30,283.5,283.6000061035156,283.04998779296875,283.25,476491
2026-04-22 12:15:00+05:30,283.20001220703125,283.3999938964844,282.6000061035156,283.3500061035156,504954
2026-04-22 13:15:00+05:30,283.3500061035156,283.6000061035156,282.8999938964844,283.6000061035156,582856
2026-04-22 14:15:00+05:30,283.6000061035156,283.95001220703125,283.3500061035156,283.70001220703125,957859
2026-04-22 15:15:00+05:30,283.3999938964844,283.8999938964844,283.20001220703125,283.25,1335755
2026-04-23 09:15:00+05:30,284.25,289.70001220703125,284.04998779296875,285.5,0
2026-04-23 10:15:00+05:30,285.5,287.20001220703125,285.3999938964844,286.54998779296875,1131135
2026-04-23 11:15:00+05:30,286.6000061035156,287.79998779296875,285.95001220703125,287.5,1431973
2026-04-23 12:15:00+05:30,287.3999938964844,287.5,286.5,286.6499938964844,797819
2026-04-23 13:15:00+05:30,286.75,286.8999938964844,285.1499938964844,285.3500061035156,1166346
2026-04-23 14:15:00+05:30,285.29998779296875,286.79998779296875,285.1000061035156,286.29998779296875,2780562
2026-04-23 15:15:00+05:30,286.25,286.45001220703125,286.0,286.20001220703125,1423048
2026-04-24 09:15:00+05:30,288.25,288.3999938964844,286.29998779296875,286.45001220703125,0
2026-04-24 10:15:00+05:30,286.45001220703125,287.0,285.6000061035156,286.8500061035156,2287484
2026-04-24 11:15:00+05:30,286.79998779296875,287.1499938964844,285.20001220703125,286.0,1093085
2026-04-24 12:15:00+05:30,286.0,286.0,284.6499938964844,285.6499938964844,921913
2026-04-24 13:15:00+05:30,285.6000061035156,285.75,283.95001220703125,284.70001220703125,1724605
2026-04-24 14:15:00+05:30,284.70001220703125,285.8500061035156,284.3999938964844,284.54998779296875,1279302
2026-04-24 15:15:00+05:30,284.3500061035156,285.0,284.3500061035156,284.70001220703125,791215
2026-04-27 09:15:00+05:30,286.0,286.70001220703125,284.25,285.20001220703125,0
2026-04-27 10:15:00+05:30,285.20001220703125,285.45001220703125,284.6000061035156,285.45001220703125,825724
2026-04-27 11:15:00+05:30,285.3999938964844,285.6499938964844,284.6499938964844,285.1000061035156,685003
2026-04-27 12:15:00+05:30,285.1000061035156,285.6000061035156,284.8999938964844,285.6000061035156,847841
2026-04-27 13:15:00+05:30,285.6000061035156,286.1000061035156,285.3500061035156,285.6499938964844,1068170
2026-04-27 14:15:00+05:30,285.54998779296875,286.20001220703125,285.20001220703125,285.95001220703125,946040
2026-04-27 15:15:00+05:30,285.8500061035156,286.0,285.1000061035156,285.1000061035156,546717
2026-04-28 09:15:00+05:30,286.5,294.25,286.20001220703125,293.95001220703125,3770027
2026-04-28 10:15:00+05:30,293.95001220703125,295.8500061035156,292.8999938964844,295.70001220703125,5222323
2026-04-28 11:15:00+05:30,295.75,296.54998779296875,294.79998779296875,296.5,5435440
2026-04-28 12:15:00+05:30,296.5,297.8500061035156,296.3999938964844,297.20001220703125,5503877
2026-04-28 13:15:00+05:30,297.20001220703125,298.6000061035156,297.0,297.95001220703125,5957769
2026-04-28 14:15:00+05:30,298.0,301.45001220703125,297.95001220703125,301.3500061035156,12274591
2026-04-28 15:15:00+05:30,301.3999938964844,302.29998779296875,301.1499938964844,302.04998779296875,6900070
2026-04-29 09:15:00+05:30,303.79998779296875,306.29998779296875,299.75,303.1499938964844,0
2026-04-29 10:15:00+05:30,303.1499938964844,307.45001220703125,302.70001220703125,304.79998779296875,6594979
2026-04-29 11:15:00+05:30,305.0,305.0,304.0,304.45001220703125,2850888
2026-04-29 12:15:00+05:30,304.5,305.6000061035156,304.1000061035156,305.04998779296875,2281216
2026-04-29 13:15:00+05:30,305.04998779296875,305.3500061035156,303.3999938964844,303.45001220703125,3519118
2026-04-29 14:15:00+05:30,303.45001220703125,303.6000061035156,300.6000061035156,300.6499938964844,1715553
2026-04-29 15:15:00+05:30,300.6499938964844,302.0,300.6000061035156,301.3999938964844,1160072
2026-04-30 09:15:00+05:30,304.70001220703125,307.45001220703125,300.79998779296875,301.0,0
2026-04-30 10:15:00+05:30,301.1000061035156,302.8500061035156,300.54998779296875,301.6000061035156,1422895
2026-04-30 11:15:00+05:30,301.6000061035156,301.95001220703125,299.1499938964844,300.0,1856649
2026-04-30 12:15:00+05:30,300.0,300.6499938964844,299.0,299.25,3242740
2026-04-30 13:15:00+05:30,299.25,299.3999938964844,297.25,297.45001220703125,1148393
2026-04-30 14:15:00+05:30,297.5,300.29998779296875,296.8999938964844,300.1000061035156,3119766
2026-04-30 15:15:00+05:30,300.0,300.1000061035156,298.6000061035156,299.0,1628843
2026-05-04 09:15:00+05:30,298.45001220703125,299.8999938964844,293.04998779296875,293.5,0
2026-05-04 10:15:00+05:30,293.6000061035156,294.79998779296875,293.1000061035156,293.3999938964844,2180611
2026-05-04 11:15:00+05:30,293.45001220703125,294.45001220703125,292.70001220703125,294.1499938964844,2551646
2026-05-04 12:15:00+05:30,294.1499938964844,294.75,293.29998779296875,293.5,1924234
2026-05-04 13:15:00+05:30,293.54998779296875,293.8999938964844,292.6000061035156,293.20001220703125,1723667
2026-05-04 14:15:00+05:30,293.1000061035156,294.1499938964844,292.75,292.8999938964844,2530557
2026-05-04 15:15:00+05:30,292.79998779296875,293.25,292.3999938964844,292.8999938964844,1491934
2026-05-05 09:15:00+05:30,294.8999938964844,295.79998779296875,289.70001220703125,290.20001220703125,0
2026-05-05 10:15:00+05:30,290.20001220703125,290.3500061035156,287.20001220703125,288.75,1744021
2026-05-05 11:15:00+05:30,288.75,289.6000061035156,287.75,288.8500061035156,991625
2026-05-05 12:15:00+05:30,288.79998779296875,289.6000061035156,288.25,289.29998779296875,819144
2026-05-05 13:15:00+05:30,289.29998779296875,290.5,289.0,289.95001220703125,1536514
2026-05-05 14:15:00+05:30,289.95001220703125,290.25,289.04998779296875,289.8999938964844,1592631
2026-05-05 15:15:00+05:30,289.8999938964844,290.5,289.8999938964844,290.3500061035156,1192450
2026-05-06 09:15:00+05:30,289.75,289.75,287.3500061035156,288.6499938964844,0
2026-05-06 10:15:00+05:30,288.5,289.45001220703125,285.6000061035156,285.6000061035156,2869214
2026-05-06 11:15:00+05:30,285.6000061035156,285.95001220703125,284.8500061035156,285.25,3516351
2026-05-06 12:15:00+05:30,285.25,285.3500061035156,283.3500061035156,283.75,1432503
2026-05-06 13:15:00+05:30,283.79998779296875,284.45001220703125,283.0,284.25,2302225
2026-05-06 14:15:00+05:30,284.3500061035156,285.0,280.6499938964844,280.95001220703125,7226702
2026-05-06 15:15:00+05:30,280.79998779296875,281.0,280.0,280.8999938964844,3381658
2026-05-07 09:15:00+05:30,282.1000061035156,282.70001220703125,279.8500061035156,281.5,0
2026-05-07 10:15:00+05:30,281.79998779296875,285.1499938964844,281.79998779296875,284.5,3171331
2026-05-07 11:15:00+05:30,284.5,285.1499938964844,280.79998779296875,285.0,2277327
2026-05-07 12:15:00+05:30,285.0,285.1000061035156,281.8500061035156,282.25,2579658
2026-05-07 13:15:00+05:30,282.25,283.29998779296875,282.1499938964844,283.1499938964844,1494911
2026-05-07 14:15:00+05:30,283.04998779296875,284.1000061035156,282.3999938964844,283.8999938964844,2078186
2026-05-07 15:15:00+05:30,283.8999938964844,284.25,283.6000061035156,283.8999938964844,1365312
2026-05-08 09:15:00+05:30,282.6499938964844,283.8500061035156,280.20001220703125,282.1499938964844,0
2026-05-08 10:15:00+05:30,282.20001220703125,282.20001220703125,280.70001220703125,281.8500061035156,1049340
2026-05-08 11:15:00+05:30,281.8500061035156,281.8500061035156,279.79998779296875,279.79998779296875,1459085
2026-05-08 12:15:00+05:30,279.8500061035156,280.0,278.8500061035156,278.95001220703125,2086052
2026-05-08 13:15:00+05:30,279.1499938964844,279.54998779296875,278.79998779296875,278.95001220703125,632335
2026-05-08 14:15:00+05:30,279.0,280.0,278.6000061035156,279.25,1291781
2026-05-08 15:15:00+05:30,279.25,279.45001220703125,278.95001220703125,279.20001220703125,789263
2026-05-11 09:15:00+05:30,280.79998779296875,281.70001220703125,277.79998779296875,280.1499938964844,0
2026-05-11 10:15:00+05:30,280.0,280.6499938964844,279.3500061035156,280.0,800353
2026-05-11 11:15:00+05:30,280.1000061035156,280.1499938964844,279.1000061035156,279.70001220703125,420436
2026-05-11 12:15:00+05:30,279.70001220703125,280.70001220703125,279.1000061035156,280.0,457353
2026-05-11 13:15:00+05:30,280.0,280.54998779296875,279.45001220703125,280.3999938964844,453286
2026-05-11 14:15:00+05:30,280.3999938964844,281.6000061035156,280.1000061035156,281.1499938964844,1419015
2026-05-11 15:15:00+05:30,281.1000061035156,281.6000061035156,280.20001220703125,280.5,807215
2026-05-12 09:15:00+05:30,288.20001220703125,299.0,288.20001220703125,297.54998779296875,13677202
2026-05-12 10:15:00+05:30,297.6000061035156,299.79998779296875,296.54998779296875,299.5,9112500
2026-05-12 11:15:00+05:30,299.6000061035156,299.75,296.1000061035156,297.0,6319700
2026-05-12 12:15:00+05:30,297.04998779296875,297.29998779296875,294.8500061035156,295.25,4257450
2026-05-12 13:15:00+05:30,295.3999938964844,297.79998779296875,295.0,296.79998779296875,3756778
2026-05-12 14:15:00+05:30,296.6499938964844,296.8999938964844,294.1499938964844,294.29998779296875,5300501
2026-05-12 15:15:00+05:30,294.45001220703125,294.6499938964844,293.6499938964844,294.1499938964844,2705338
2026-05-13 09:15:00+05:30,296.70001220703125,298.20001220703125,294.1499938964844,297.8999938964844,0
2026-05-13 10:15:00+05:30,297.70001220703125,299.25,297.54998779296875,297.8999938964844,4526402
2026-05-13 11:15:00+05:30,297.8500061035156,298.0,295.79998779296875,296.45001220703125,3113652
2026-05-13 12:15:00+05:30,296.54998779296875,296.54998779296875,294.20001220703125,295.45001220703125,1833021
2026-05-13 13:15:00+05:30,295.45001220703125,298.45001220703125,295.25,297.79998779296875,4162468
2026-05-13 14:15:00+05:30,297.79998779296875,298.3999938964844,296.79998779296875,297.20001220703125,3224134
2026-05-13 15:15:00+05:30,297.20001220703125,297.6000061035156,296.8500061035156,297.1499938964844,1600552
2026-05-14 09:15:00+05:30,299.1000061035156,303.3999938964844,298.70001220703125,300.29998779296875,0
2026-05-14 10:15:00+05:30,300.1499938964844,303.70001220703125,300.1499938964844,302.29998779296875,5980316
2026-05-14 11:15:00+05:30,302.20001220703125,303.45001220703125,300.20001220703125,300.75,4173905
2026-05-14 12:15:00+05:30,300.79998779296875,302.1000061035156,300.45001220703125,301.70001220703125,1608890
2026-05-14 13:15:00+05:30,301.6499938964844,302.5,300.8500061035156,302.20001220703125,1445501
2026-05-14 14:15:00+05:30,302.1000061035156,302.8999938964844,300.3500061035156,300.70001220703125,2362715
2026-05-14 15:15:00+05:30,300.70001220703125,301.29998779296875,300.5,301.0,1175116
2026-05-15 09:15:00+05:30,302.79998779296875,304.95001220703125,298.75,300.20001220703125,0
2026-05-15 10:15:00+05:30,300.20001220703125,301.8500061035156,300.20001220703125,301.0,2217699
2026-05-15 11:15:00+05:30,300.8500061035156,302.20001220703125,300.6000061035156,301.3999938964844,1131859
2026-05-15 12:15:00+05:30,301.3500061035156,301.95001220703125,300.8500061035156,301.1000061035156,743043
2026-05-15 13:15:00+05:30,301.0,301.04998779296875,299.3999938964844,300.1499938964844,2401330
2026-05-15 14:15:00+05:30,300.25,300.6000061035156,299.04998779296875,299.8500061035156,1937312
2026-05-15 15:15:00+05:30,299.8500061035156,299.8500061035156,298.8999938964844,299.5,2086701
2026-05-18 09:15:00+05:30,299.3500061035156,300.45001220703125,295.20001220703125,296.79998779296875,0
2026-05-18 10:15:00+05:30,296.79998779296875,298.70001220703125,296.6499938964844,298.54998779296875,877437
2026-05-18 11:15:00+05:30,298.5,299.0,296.8500061035156,297.29998779296875,1846038
2026-05-18 12:15:00+05:30,297.20001220703125,298.5,296.70001220703125,297.5,2215012
2026-05-18 13:15:00+05:30,297.45001220703125,298.29998779296875,297.04998779296875,297.79998779296875,942763
2026-05-18 14:15:00+05:30,297.79998779296875,298.0,296.54998779296875,296.95001220703125,1559337
2026-05-18 15:15:00+05:30,297.0,297.70001220703125,296.95001220703125,297.54998779296875,1058958
2026-05-19 09:15:00+05:30,295.8999938964844,296.5,293.79998779296875,294.8500061035156,0
2026-05-19 10:15:00+05:30,294.8500061035156,297.95001220703125,294.25,297.25,1128191
2026-05-19 11:15:00+05:30,297.20001220703125,297.8999938964844,295.70001220703125,296.25,1823557
2026-05-19 12:15:00+05:30,296.25,296.3999938964844,295.3500061035156,295.6499938964844,715811
2026-05-19 13:15:00+05:30,295.6499938964844,298.3999938964844,295.54998779296875,297.29998779296875,1477319
2026-05-19 14:15:00+05:30,297.29998779296875,297.5,296.25,296.6499938964844,2201777
2026-05-19 15:15:00+05:30,296.6499938964844,296.79998779296875,296.0,296.3999938964844,908572
2026-05-20 09:15:00+05:30,295.6499938964844,297.5,294.0,296.70001220703125,0
2026-05-20 10:15:00+05:30,296.70001220703125,301.75,296.54998779296875,300.20001220703125,3894202
2026-05-20 11:15:00+05:30,300.20001220703125,301.45001220703125,299.6000061035156,300.0,1307753
2026-05-20 12:15:00+05:30,300.04998779296875,300.1499938964844,298.75,299.3999938964844,1792178
2026-05-20 13:15:00+05:30,299.45001220703125,299.95001220703125,297.95001220703125,297.95001220703125,1448897
2026-05-20 14:15:00+05:30,298.0,298.29998779296875,297.1000061035156,298.04998779296875,1286963
2026-05-20 15:15:00+05:30,298.0,299.0,297.95001220703125,298.75,1105540
2026-05-21 09:15:00+05:30,296.75,299.5,296.04998779296875,299.20001220703125,0
2026-05-21 10:15:00+05:30,299.1000061035156,299.45001220703125,296.29998779296875,296.3999938964844,1820686
2026-05-21 11:15:00+05:30,296.3999938964844,297.04998779296875,296.20001220703125,296.70001220703125,2550057
2026-05-21 12:15:00+05:30,296.6499938964844,296.8500061035156,294.45001220703125,295.04998779296875,2548888
2026-05-21 13:15:00+05:30,295.0,295.8500061035156,294.95001220703125,295.5,1036757
2026-05-21 14:15:00+05:30,295.5,296.20001220703125,294.1499938964844,296.0,2836404
2026-05-21 15:15:00+05:30,295.8999938964844,296.0,295.45001220703125,295.8500061035156,921622
2026-05-22 09:15:00+05:30,295.79998779296875,296.79998779296875,294.54998779296875,295.0,0
2026-05-22 10:15:00+05:30,294.8500061035156,294.8500061035156,291.45001220703125,291.8999938964844,1971331
2026-05-22 11:15:00+05:30,291.8999938964844,292.6000061035156,291.54998779296875,291.6000061035156,1562524
2026-05-22 12:15:00+05:30,291.75,292.75,291.3999938964844,291.5,1340847
2026-05-22 13:15:00+05:30,291.45001220703125,291.8999938964844,290.95001220703125,291.3999938964844,948446
2026-05-22 14:15:00+05:30,291.5,291.5,289.6499938964844,290.1499938964844,2916302
2026-05-22 15:15:00+05:30,290.1499938964844,290.3999938964844,289.6499938964844,290.0,1802150
2026-05-25 09:15:00+05:30,289.6000061035156,289.75,285.29998779296875,286.20001220703125,0
2026-05-25 10:15:00+05:30,286.20001220703125,287.29998779296875,284.5,287.1000061035156,1790101
2026-05-25 11:15:00+05:30,287.0,287.20001220703125,284.6000061035156,284.8999938964844,883680
2026-05-25 12:15:00+05:30,284.8999938964844,285.45001220703125,284.29998779296875,284.79998779296875,1660922
2026-05-25 13:15:00+05:30,284.79998779296875,285.1000061035156,284.3500061035156,284.95001220703125,1071040
2026-05-25 14:15:00+05:30,284.95001220703125,286.04998779296875,284.5,284.95001220703125,1553467
2026-05-25 15:15:00+05:30,285.0,285.3999938964844,284.45001220703125,284.95001220703125,1067331
2026-05-26 09:15:00+05:30,284.95001220703125,289.25,284.3999938964844,286.70001220703125,0
2026-05-26 10:15:00+05:30,286.8500061035156,287.95001220703125,286.1499938964844,287.70001220703125,1442121
2026-05-26 11:15:00+05:30,287.70001220703125,288.45001220703125,286.8999938964844,287.8999938964844,1541309
2026-05-26 12:15:00+05:30,288.1000061035156,289.6000061035156,286.3500061035156,287.20001220703125,1161690
2026-05-26 13:15:00+05:30,287.20001220703125,287.45001220703125,286.25,287.3999938964844,781465
2026-05-26 14:15:00+05:30,287.45001220703125,288.1000061035156,287.1000061035156,287.3500061035156,1493922
2026-05-26 15:15:00+05:30,287.3500061035156,287.6000061035156,287.1499938964844,287.3500061035156,1695165
2026-05-27 09:15:00+05:30,283.0,283.0,275.6000061035156,277.5,2075928
2026-05-27 10:15:00+05:30,277.6499938964844,278.3500061035156,276.04998779296875,276.3500061035156,2820417
2026-05-27 11:15:00+05:30,276.3999938964844,277.70001220703125,276.0,276.8500061035156,2556141
2026-05-27 12:15:00+05:30,277.04998779296875,277.20001220703125,275.1499938964844,275.5,2179562
2026-05-27 13:15:00+05:30,275.5,275.54998779296875,274.3999938964844,274.79998779296875,2438833
2026-05-27 14:15:00+05:30,274.79998779296875,275.25,274.3500061035156,274.75,3607672
2026-05-27 15:15:00+05:30,274.70001220703125,274.79998779296875,272.5,273.3999938964844,2893137
2026-05-29 09:15:00+05:30,276.04998779296875,276.04998779296875,268.1499938964844,271.3500061035156,0
2026-05-29 10:15:00+05:30,271.3500061035156,272.04998779296875,269.3500061035156,269.79998779296875,2415968
2026-05-29 11:15:00+05:30,269.79998779296875,270.1000061035156,267.6000061035156,267.79998779296875,2282352
2026-05-29 12:15:00+05:30,267.75,268.3500061035156,267.5,267.6499938964844,2035029
2026-05-29 13:15:00+05:30,267.6499938964844,268.25,266.79998779296875,266.95001220703125,2582590
2026-05-29 14:15:00+05:30,267.0,268.5,264.70001220703125,265.79998779296875,33587212
2026-05-29 15:15:00+05:30,265.75,265.95001220703125,261.70001220703125,265.8500061035156,23727038
2026-06-01 09:15:00+05:30,266.54998779296875,268.1000061035156,263.29998779296875,264.70001220703125,0
2026-06-01 10:15:00+05:30,264.75,265.45001220703125,264.0,265.0,1324974
2026-06-01 11:15:00+05:30,265.1000061035156,265.1000061035156,264.0,264.79998779296875,882596
2026-06-01 12:15:00+05:30,264.70001220703125,265.20001220703125,264.1499938964844,264.54998779296875,757911
2026-06-01 13:15:00+05:30,264.54998779296875,264.95001220703125,264.1000061035156,264.6000061035156,1145808
2026-06-01 14:15:00+05:30,264.5,265.1000061035156,264.29998779296875,264.6000061035156,1503513
2026-06-01 15:15:00+05:30,264.6000061035156,264.6499938964844,263.95001220703125,264.04998779296875,1191551
2026-06-02 09:15:00+05:30,263.95001220703125,264.95001220703125,261.20001220703125,264.3999938964844,0
2026-06-02 10:15:00+05:30,264.3999938964844,266.20001220703125,264.1499938964844,264.25,2765253
2026-06-02 11:15:00+05:30,264.20001220703125,264.3500061035156,262.3500061035156,262.70001220703125,2131933
2026-06-02 12:15:00+05:30,262.70001220703125,263.8999938964844,262.3999938964844,263.04998779296875,1586691
2026-06-02 13:15:00+05:30,262.95001220703125,265.04998779296875,262.5,264.79998779296875,1634488
2026-06-02 14:15:00+05:30,264.8999938964844,265.6000061035156,264.29998779296875,265.20001220703125,3155335
2026-06-02 15:15:00+05:30,265.25,265.54998779296875,265.0,265.5,1356261
2026-06-03 09:15:00+05:30,268.1499938964844,268.70001220703125,264.29998779296875,266.3500061035156,0
2026-06-03 10:15:00+05:30,266.3500061035156,266.8500061035156,265.54998779296875,266.0,1724576
2026-06-03 11:15:00+05:30,266.04998779296875,267.25,266.0,267.1000061035156,1384043
2026-06-03 12:15:00+05:30,267.1000061035156,267.8999938964844,266.1499938964844,267.75,1443561
2026-06-03 13:15:00+05:30,267.8999938964844,268.0,267.25,268.0,1463655
2026-06-03 14:15:00+05:30,268.0,268.29998779296875,267.1499938964844,267.6000061035156,2387530
2026-06-03 15:15:00+05:30,267.54998779296875,268.29998779296875,267.54998779296875,268.25,1506405
2026-06-04 09:15:00+05:30,266.8500061035156,271.04998779296875,266.54998779296875,268.1000061035156,0
2026-06-04 10:15:00+05:30,267.8999938964844,268.5,266.8500061035156,267.5,1751354
2026-06-04 11:15:00+05:30,267.3500061035156,267.95001220703125,267.0,267.54998779296875,1238508
2026-06-04 12:15:00+05:30,267.5,267.70001220703125,265.8999938964844,267.04998779296875,2118942
2026-06-04 13:15:00+05:30,267.0,267.45001220703125,266.1499938964844,266.6499938964844,1224388
2026-06-04 14:15:00+05:30,266.6499938964844,267.5,266.1499938964844,267.3999938964844,3047995
2026-06-04 15:15:00+05:30,267.3999938964844,268.29998779296875,267.3500061035156,267.54998779296875,1611557
2026-06-05 09:15:00+05:30,268.45001220703125,268.45001220703125,265.6499938964844,266.25,0
2026-06-05 10:15:00+05:30,266.25,266.29998779296875,264.95001220703125,265.8500061035156,669667
2026-06-05 11:15:00+05:30,265.8999938964844,265.95001220703125,265.0,265.1000061035156,663690
2026-06-05 12:15:00+05:30,265.1000061035156,265.29998779296875,263.70001220703125,263.8500061035156,1309124
2026-06-05 13:15:00+05:30,263.75,265.25,263.70001220703125,265.1000061035156,673179
2026-06-05 14:15:00+05:30,265.1000061035156,265.8999938964844,264.45001220703125,264.8999938964844,1904997
2026-06-05 15:15:00+05:30,264.95001220703125,265.04998779296875,264.29998779296875,264.3999938964844,1089343
2026-06-08 09:15:00+05:30,263.5,265.6499938964844,262.75,264.8500061035156,0
2026-06-08 10:15:00+05:30,264.8500061035156,266.20001220703125,264.79998779296875,265.3500061035156,684040
2026-06-08 11:15:00+05:30,265.25,265.79998779296875,264.6499938964844,265.79998779296875,404693
2026-06-08 12:15:00+05:30,265.70001220703125,265.79998779296875,265.29998779296875,265.5,273792
2026-06-08 13:15:00+05:30,265.45001220703125,265.6000061035156,264.45001220703125,264.54998779296875,575113
2026-06-08 14:15:00+05:30,264.6000061035156,265.29998779296875,264.04998779296875,264.79998779296875,1394702
2026-06-08 15:15:00+05:30,264.6499938964844,265.0,264.3500061035156,264.54998779296875,1003875
2026-06-09 09:15:00+05:30,264.20001220703125,265.29998779296875,262.0,263.3999938964844,0
2026-06-09 10:15:00+05:30,263.3999938964844,264.1499938964844,263.0,263.25,974033
2026-06-09 11:15:00+05:30,263.20001220703125,263.6000061035156,262.0,262.8500061035156,1174294
2026-06-09 12:15:00+05:30,262.8500061035156,263.04998779296875,260.54998779296875,260.8500061035156,1503190
2026-06-09 13:15:00+05:30,260.8500061035156,260.8500061035156,259.20001220703125,259.75,1434395
2026-06-09 14:15:00+05:30,259.75,260.1000061035156,258.29998779296875,258.95001220703125,2552744
2026-06-09 15:15:00+05:30,258.8500061035156,259.79998779296875,258.8500061035156,259.70001220703125,1385499
2026-06-10 09:15:00+05:30,259.20001220703125,261.8500061035156,258.04998779296875,259.29998779296875,0
2026-06-10 10:15:00+05:30,259.45001220703125,259.54998779296875,258.6000061035156,259.04998779296875,777651
2026-06-10 11:15:00+05:30,259.0,259.1000061035156,256.79998779296875,257.70001220703125,938479
2026-06-10 12:15:00+05:30,257.79998779296875,257.8500061035156,254.14999389648438,254.5500030517578,1507767
2026-06-10 13:15:00+05:30,254.60000610351562,255.64999389648438,251.89999389648438,251.89999389648438,2083347
2026-06-10 14:15:00+05:30,252.10000610351562,252.89999389648438,251.60000610351562,252.14999389648438,1588962
2026-06-10 15:15:00+05:30,252.14999389648438,252.3000030517578,251.4499969482422,252.0,946746
2026-06-11 09:15:00+05:30,252.9499969482422,256.3999938964844,252.9499969482422,254.8000030517578,0
2026-06-11 10:15:00+05:30,254.85000610351562,254.89999389648438,253.1999969482422,253.75,1445541
2026-06-11 11:15:00+05:30,253.6999969482422,254.25,252.5500030517578,252.75,1433748
2026-06-11 12:15:00+05:30,252.85000610351562,253.0,251.1999969482422,251.25,1272760
2026-06-11 13:15:00+05:30,251.25,251.89999389648438,250.14999389648438,250.1999969482422,1348364
2026-06-11 14:15:00+05:30,250.25,253.10000610351562,250.14999389648438,252.85000610351562,2621370
2026-06-11 15:15:00+05:30,252.85000610351562,252.9499969482422,252.1999969482422,252.64999389648438,1100465
2026-06-12 09:15:00+05:30,249.1999969482422,250.0500030517578,247.1999969482422,249.60000610351562,0
2026-06-12 10:15:00+05:30,249.60000610351562,249.8000030517578,244.39999389648438,245.0500030517578,3936283
2026-06-12 11:15:00+05:30,245.10000610351562,247.0,244.35000610351562,245.3000030517578,8386110
2026-06-12 12:15:00+05:30,245.4499969482422,245.5,243.35000610351562,244.6999969482422,4130287
2026-06-12 13:15:00+05:30,244.6999969482422,246.6999969482422,244.5,245.85000610351562,3848981
2026-06-12 14:15:00+05:30,245.85000610351562,245.9499969482422,245.0,245.8000030517578,4346828
2026-06-12 15:15:00+05:30,245.64999389648438,247.0,245.60000610351562,246.89999389648438,1948658
2026-06-15 09:15:00+05:30,246.3000030517578,246.64999389648438,243.64999389648438,245.4499969482422,0
2026-06-15 10:15:00+05:30,245.5,245.64999389648438,242.85000610351562,243.85000610351562,4700596
2026-06-15 11:15:00+05:30,243.85000610351562,245.14999389648438,243.64999389648438,244.0500030517578,3600192
2026-06-15 12:15:00+05:30,244.0,244.35000610351562,243.3000030517578,243.6999969482422,1692085
2026-06-15 13:15:00+05:30,243.6999969482422,244.10000610351562,243.35000610351562,243.4499969482422,2060452
2026-06-15 14:15:00+05:30,243.4499969482422,243.9499969482422,243.3000030517578,243.60000610351562,3581425
2026-06-15 15:15:00+05:30,243.64999389648438,244.14999389648438,243.3000030517578,243.60000610351562,3023669
2026-06-16 09:15:00+05:30,244.1999969482422,246.8000030517578,243.60000610351562,246.1999969482422,4174076
2026-06-16 10:15:00+05:30,246.14999389648438,246.89999389648438,245.25,245.6999969482422,2549639
2026-06-16 11:15:00+05:30,245.6999969482422,246.1999969482422,244.89999389648438,246.14999389648438,1655300
2026-06-16 12:15:00+05:30,246.14999389648438,247.3000030517578,246.0,247.0500030517578,1514363
2026-06-16 13:15:00+05:30,247.0500030517578,247.8000030517578,246.60000610351562,247.1999969482422,2346728
2026-06-16 14:15:00+05:30,247.25,248.1999969482422,246.89999389648438,248.14999389648438,3383496
2026-06-16 15:15:00+05:30,248.0500030517578,248.60000610351562,248.0,248.1999969482422,1838907
2026-06-17 09:15:00+05:30,247.3000030517578,247.64999389648438,244.8000030517578,244.89999389648438,0
2026-06-17 10:15:00+05:30,244.9499969482422,245.60000610351562,244.60000610351562,245.14999389648438,1573560
2026-06-17 11:15:00+05:30,245.3000030517578,245.85000610351562,245.1999969482422,245.5,1368657
2026-06-17 12:15:00+05:30,245.5,246.10000610351562,245.10000610351562,245.25,1001691
2026-06-17 13:15:00+05:30,245.35000610351562,245.60000610351562,244.75,244.89999389648438,968653
2026-06-17 14:15:00+05:30,244.8000030517578,245.10000610351562,244.3000030517578,244.89999389648438,2711516
2026-06-17 15:15:00+05:30,244.8000030517578,245.5,244.6999969482422,245.4499969482422,982968
2026-06-18 09:15:00+05:30,246.10000610351562,246.8000030517578,245.6999969482422,246.64999389648438,0
2026-06-18 10:15:00+05:30,246.60000610351562,246.60000610351562,244.75,244.85000610351562,1012137
2026-06-18 11:15:00+05:30,244.85000610351562,245.35000610351562,244.5,244.5,1273971
2026-06-18 12:15:00+05:30,244.5,244.89999389648438,244.14999389648438,244.25,842673
2026-06-18 13:15:00+05:30,244.1999969482422,244.39999389648438,243.0500030517578,243.60000610351562,3540016
2026-06-18 14:15:00+05:30,243.60000610351562,245.6999969482422,243.25,245.5,4074084
2026-06-18 15:15:00+05:30,245.39999389648438,245.5500030517578,245.1999969482422,245.5,1811518
2026-06-19 09:15:00+05:30,244.4499969482422,245.0500030517578,243.89999389648438,244.5500030517578,0
2026-06-19 10:15:00+05:30,244.5500030517578,244.6999969482422,243.35000610351562,244.35000610351562,888130
2026-06-19 11:15:00+05:30,244.35000610351562,244.75,244.0,244.1999969482422,297909
2026-06-19 12:15:00+05:30,244.1999969482422,244.39999389648438,243.39999389648438,243.60000610351562,513477
2026-06-19 13:15:00+05:30,243.64999389648438,245.3000030517578,243.39999389648438,245.25,746724
2026-06-19 14:15:00+05:30,245.1999969482422,246.64999389648438,244.5500030517578,246.14999389648438,2300538
2026-06-19 15:15:00+05:30,246.1999969482422,246.5,245.6999969482422,246.4499969482422,1442214
2026-06-22 09:15:00+05:30,244.8000030517578,247.75,244.0,246.89999389648438,0
2026-06-22 10:15:00+05:30,246.89999389648438,247.10000610351562,246.3000030517578,246.3000030517578,700488
2026-06-22 11:15:00+05:30,246.3000030517578,246.89999389648438,245.0,245.1999969482422,1133387
2026-06-22 12:15:00+05:30,245.35000610351562,245.4499969482422,244.5500030517578,245.1999969482422,1098815
2026-06-22 13:15:00+05:30,245.35000610351562,245.5,244.85000610351562,245.14999389648438,610812
2026-06-22 14:15:00+05:30,245.14999389648438,245.75,245.14999389648438,245.4499969482422,919737
2026-06-22 15:15:00+05:30,245.39999389648438,245.60000610351562,245.3000030517578,245.60000610351562,606990
2026-06-23 09:15:00+05:30,245.0,246.1999969482422,244.60000610351562,244.85000610351562,0
2026-06-23 10:15:00+05:30,244.9499969482422,245.64999389648438,243.5500030517578,244.5,787708
2026-06-23 11:15:00+05:30,244.5,245.3000030517578,244.5,244.5,891742
2026-06-23 12:15:00+05:30,244.5500030517578,245.0,244.35000610351562,244.5,521340
2026-06-23 13:15:00+05:30,244.5,245.25,244.4499969482422,245.14999389648438,403396
2026-06-23 14:15:00+05:30,245.0500030517578,245.35000610351562,244.10000610351562,244.60000610351562,1453323
2026-06-23 15:15:00+05:30,244.5,244.5500030517578,244.0,244.35000610351562,1157610
2026-06-24 09:15:00+05:30,244.35000610351562,245.5,243.10000610351562,243.4499969482422,0
2026-06-24 10:15:00+05:30,243.4499969482422,243.6999969482422,243.0500030517578,243.35000610351562,738342
2026-06-24 11:15:00+05:30,243.35000610351562,243.35000610351562,242.60000610351562,243.1999969482422,817782
2026-06-24 12:15:00+05:30,243.1999969482422,243.25,241.35000610351562,242.1999969482422,1354598
2026-06-24 13:15:00+05:30,242.14999389648438,242.3000030517578,241.5,241.85000610351562,858890
2026-06-24 14:15:00+05:30,241.85000610351562,241.9499969482422,239.75,240.35000610351562,3596624
2026-06-24 15:15:00+05:30,240.3000030517578,240.4499969482422,239.64999389648438,240.35000610351562,1284641
2026-06-25 09:15:00+05:30,240.5,240.5,237.0500030517578,237.10000610351562,0
2026-06-25 10:15:00+05:30,237.14999389648438,237.1999969482422,235.5,235.64999389648438,3802597
2026-06-25 11:15:00+05:30,235.64999389648438,236.4499969482422,235.39999389648438,235.64999389648438,4014490
2026-06-25 12:15:00+05:30,235.64999389648438,235.75,234.10000610351562,234.10000610351562,5029415
2026-06-25 13:15:00+05:30,234.25,235.14999389648438,233.60000610351562,233.9499969482422,5376419
2026-06-25 14:15:00+05:30,234.0,234.85000610351562,232.5,232.75,7139691
2026-06-25 15:15:00+05:30,232.6999969482422,233.4499969482422,232.14999389648438,233.0,4442179
2026-06-29 09:15:00+05:30,234.10000610351562,237.14999389648438,234.0500030517578,235.85000610351562,0
2026-06-29 10:15:00+05:30,235.85000610351562,236.0,234.4499969482422,234.75,2586573
2026-06-29 11:15:00+05:30,234.8000030517578,235.75,234.75,235.10000610351562,3678532
2026-06-29 12:15:00+05:30,235.0500030517578,235.8000030517578,232.14999389648438,232.5,4559349
2026-06-29 13:15:00+05:30,232.4499969482422,233.35000610351562,230.85000610351562,231.25,3080878
2026-06-29 14:15:00+05:30,231.25,233.39999389648438,229.85000610351562,232.64999389648438,9651329
2026-06-29 15:15:00+05:30,232.5500030517578,236.89999389648438,232.5500030517578,234.0500030517578,9978387
2026-06-30 09:15:00+05:30,234.0500030517578,235.75,227.8000030517578,229.0500030517578,0
2026-06-30 10:15:00+05:30,229.0500030517578,234.75,228.89999389648438,234.1999969482422,4474761
2026-06-30 11:15:00+05:30,234.1999969482422,234.35000610351562,233.10000610351562,233.85000610351562,1940720
2026-06-30 12:15:00+05:30,233.85000610351562,235.14999389648438,233.75,234.60000610351562,2381317
2026-06-30 13:15:00+05:30,234.60000610351562,235.1999969482422,234.4499969482422,235.0,1931039
2026-06-30 14:15:00+05:30,235.0500030517578,235.64999389648438,234.3000030517578,234.85000610351562,4662632
2026-06-30 15:15:00+05:30,234.85000610351562,235.5,234.75,235.25,2835525
2026-07-01 09:15:00+05:30,236.10000610351562,236.10000610351562,233.5399932861328,234.27000427246094,0
2026-07-01 10:15:00+05:30,234.30999755859375,234.41000366210938,233.8000030517578,234.2899932861328,962357
2026-07-01 11:15:00+05:30,234.38999938964844,235.77999877929688,234.22000122070312,235.5800018310547,1612316
2026-07-01 12:15:00+05:30,235.60000610351562,235.94000244140625,233.8699951171875,234.1699981689453,2107538
2026-07-01 13:15:00+05:30,234.22999572753906,234.67999267578125,234.00999450683594,234.4199981689453,1204569
2026-07-01 14:15:00+05:30,234.42999267578125,235.2899932861328,233.7100067138672,234.86000061035156,2872667
2026-07-01 15:15:00+05:30,234.91000366210938,235.08999633789062,234.52000427246094,234.52000427246094,1303182
2026-07-02 09:15:00+05:30,234.27999877929688,235.75999450683594,231.14999389648438,234.4199981689453,0
2026-07-02 10:15:00+05:30,234.35000610351562,236.1999969482422,233.82000732421875,235.36000061035156,2979648
2026-07-02 11:15:00+05:30,235.3300018310547,235.3300018310547,233.9199981689453,234.1699981689453,1744385
2026-07-02 12:15:00+05:30,234.1999969482422,235.6999969482422,234.1699981689453,235.47000122070312,1782156
2026-07-02 13:15:00+05:30,235.4499969482422,235.5,234.94000244140625,235.1999969482422,1158633
2026-07-02 14:15:00+05:30,235.2100067138672,235.99000549316406,235.0,235.9499969482422,2283262
2026-07-02 15:15:00+05:30,235.9499969482422,236.22999572753906,235.8699951171875,236.17999267578125,1294100
2026-07-03 09:15:00+05:30,237.1999969482422,237.60000610351562,236.47000122070312,237.22999572753906,0
2026-07-03 10:15:00+05:30,237.32000732421875,239.69000244140625,237.10000610351562,238.1699981689453,1559944
2026-07-03 11:15:00+05:30,238.2899932861328,238.9199981689453,238.05999755859375,238.36000061035156,628732
2026-07-03 12:15:00+05:30,238.36000061035156,239.1699981689453,238.08999633789062,238.6999969482422,1718016
2026-07-03 13:15:00+05:30,238.72999572753906,239.14999389648438,237.83999633789062,238.0,1446183
2026-07-03 14:15:00+05:30,238.0,238.0,236.9199981689453,237.91000366210938,3398685
2026-07-03 15:15:00+05:30,237.9499969482422,237.9600067138672,237.10000610351562,237.8000030517578,875941
2026-07-06 09:15:00+05:30,238.19000244140625,241.27000427246094,236.86000061035156,240.1999969482422,0
2026-07-06 10:15:00+05:30,240.30999755859375,241.14999389648438,239.99000549316406,240.57000732421875,3714557
2026-07-06 11:15:00+05:30,240.5500030517578,242.77000427246094,240.5,242.60000610351562,7705190
2026-07-06 12:15:00+05:30,242.60000610351562,243.3000030517578,241.8000030517578,242.66000366210938,1294226
2026-07-06 13:15:00+05:30,242.66000366210938,243.85000610351562,242.5,243.5,2738760
2026-07-06 14:15:00+05:30,243.50999450683594,244.36000061035156,243.1999969482422,244.1199951171875,2525841
2026-07-06 15:15:00+05:30,244.0,244.16000366210938,243.36000061035156,243.50999450683594,1200633
2026-07-07 09:15:00+05:30,244.1999969482422,245.13999938964844,242.9600067138672,244.0,0
2026-07-07 10:15:00+05:30,244.0,244.60000610351562,243.32000732421875,244.27999877929688,1099763
2026-07-07 11:15:00+05:30,244.3000030517578,244.60000610351562,243.82000732421875,244.5500030517578,927928
2026-07-07 12:15:00+05:30,244.5,244.5500030517578,242.8000030517578,243.22000122070312,1490967
2026-07-07 13:15:00+05:30,243.22000122070312,244.60000610351562,242.7899932861328,244.5500030517578,2148057
2026-07-07 14:15:00+05:30,244.55999755859375,245.10000610351562,243.86000061035156,244.08999633789062,4914365
2026-07-07 15:15:00+05:30,244.10000610351562,244.27000427246094,243.10000610351562,243.27000427246094,2660764
2026-07-08 09:15:00+05:30,246.85000610351562,248.10000610351562,244.64999389648438,244.6699981689453,0
2026-07-08 10:15:00+05:30,244.6699981689453,244.9199981689453,242.86000061035156,243.25,1899335
2026-07-08 11:15:00+05:30,243.1999969482422,243.4499969482422,241.75,241.8000030517578,2005698
2026-07-08 12:15:00+05:30,241.7899932861328,242.2899932861328,241.5800018310547,242.19000244140625,1178196
2026-07-08 13:15:00+05:30,242.19000244140625,247.25999450683594,241.50999450683594,247.25999450683594,5399310
2026-07-08 14:15:00+05:30,247.25999450683594,248.35000610351562,246.02000427246094,247.02999877929688,6800032
2026-07-08 15:15:00+05:30,247.05999755859375,247.38999938964844,246.77999877929688,247.0,2334294
2026-07-09 09:15:00+05:30,249.5,249.5,245.10000610351562,246.1999969482422,0
2026-07-09 10:15:00+05:30,246.32000732421875,246.8000030517578,244.72999572753906,244.72999572753906,1536350
2026-07-09 11:15:00+05:30,244.72999572753906,245.72000122070312,244.5,244.75999450683594,1231723
2026-07-09 12:15:00+05:30,244.75999450683594,245.0800018310547,244.3699951171875,244.74000549316406,1446233
2026-07-09 13:15:00+05:30,244.72000122070312,244.75,243.6699981689453,243.94000244140625,1594149
2026-07-09 14:15:00+05:30,243.9600067138672,244.24000549316406,243.0800018310547,244.17999267578125,3298666
2026-07-09 15:15:00+05:30,244.2100067138672,244.22000122070312,243.0500030517578,243.64999389648438,1768567
2026-07-10 09:15:00+05:30,243.69000244140625,245.24000549316406,243.49000549316406,244.55999755859375,0
2026-07-10 10:15:00+05:30,244.5,244.8800048828125,244.05999755859375,244.05999755859375,705077
2026-07-10 11:15:00+05:30,244.17999267578125,244.4499969482422,243.9499969482422,244.30999755859375,875614
2026-07-10 12:15:00+05:30,244.3000030517578,244.8000030517578,244.14999389648438,244.35000610351562,496334
2026-07-10 13:15:00+05:30,244.39999389648438,244.92999267578125,244.05999755859375,244.8000030517578,1282859
2026-07-10 14:15:00+05:30,244.8000030517578,245.38999938964844,244.5800018310547,244.6999969482422,2046840
2026-07-10 15:15:00+05:30,244.6999969482422,245.1999969482422,244.69000244140625,244.9499969482422,1178543
2026-07-13 09:15:00+05:30,246.69000244140625,248.8000030517578,245.61000061035156,246.75,0
2026-07-13 10:15:00+05:30,246.6699981689453,247.3800048828125,246.4199981689453,246.9499969482422,1031223
2026-07-13 11:15:00+05:30,246.9499969482422,248.1999969482422,246.94000244140625,247.1300048828125,1382948
2026-07-13 12:15:00+05:30,247.10000610351562,247.75999450683594,246.80999755859375,247.52000427246094,938098
2026-07-13 13:15:00+05:30,247.52000427246094,248.0,246.8000030517578,247.3000030517578,666238
2026-07-13 14:15:00+05:30,247.3000030517578,249.25,247.22999572753906,248.57000732421875,2664950
2026-07-13 15:15:00+05:30,248.5500030517578,248.5800018310547,247.9600067138672,247.99000549316406,1137052
2026-07-14 09:15:00+05:30,251.47999572753906,251.75,248.85000610351562,249.2100067138672,0
2026-07-14 10:15:00+05:30,249.1999969482422,249.47000122070312,248.07000732421875,248.50999450683594,1310375
2026-07-14 11:15:00+05:30,248.5,248.89999389648438,247.35000610351562,248.25999450683594,2479417
2026-07-14 12:15:00+05:30,248.1999969482422,248.1999969482422,247.3000030517578,247.82000732421875,681798
2026-07-14 13:15:00+05:30,247.8300018310547,248.1199951171875,247.5,248.0800018310547,1715660
2026-07-14 14:15:00+05:30,248.08999633789062,249.1999969482422,247.8000030517578,249.00999450683594,3548851
2026-07-14 15:15:00+05:30,249.1199951171875,249.1199951171875,247.91000366210938,248.89999389648438,2105449
2026-07-15 09:15:00+05:30,249.00999450683594,249.44000244140625,247.75,248.27999877929688,0
2026-07-15 10:15:00+05:30,248.27999877929688,248.8800048828125,247.6699981689453,247.83999633789062,1722565
2026-07-15 11:15:00+05:30,247.85000610351562,247.92999267578125,247.0,247.36000061035156,1517130
2026-07-15 12:15:00+05:30,247.3699951171875,247.50999450683594,246.3000030517578,246.91000366210938,1424073
2026-07-15 13:15:00+05:30,246.91000366210938,248.5500030517578,246.5,247.39999389648438,2510991
2026-07-15 14:15:00+05:30,247.39999389648438,247.77000427246094,246.8300018310547,247.1300048828125,2655848
2026-07-15 15:15:00+05:30,247.13999938964844,247.49000549316406,246.97000122070312,247.10000610351562,1486231
2026-07-16 09:15:00+05:30,247.6699981689453,247.6699981689453,245.99000549316406,246.7100067138672,0
2026-07-16 10:15:00+05:30,246.75,247.25,246.13999938964844,246.13999938964844,612067
2026-07-16 11:15:00+05:30,246.19000244140625,246.22999572753906,245.63999938964844,246.02000427246094,544838
2026-07-16 12:15:00+05:30,246.05999755859375,247.80999755859375,246.05999755859375,246.6300048828125,1352007
2026-07-16 13:15:00+05:30,246.61000061035156,247.1699981689453,246.13999938964844,246.9499969482422,865673
2026-07-16 14:15:00+05:30,246.9199981689453,247.02000427246094,246.41000366210938,246.75999450683594,1239053
2026-07-16 15:15:00+05:30,246.75999450683594,247.10000610351562,246.4499969482422,246.4499969482422,721481
2026-07-17 09:15:00+05:30,246.5,247.63999938964844,245.6199951171875,247.3000030517578,0
2026-07-17 10:15:00+05:30,247.47999572753906,247.5,246.44000244140625,246.5800018310547,369086
2026-07-17 11:15:00+05:30,246.5,247.17999267578125,246.11000061035156,246.66000366210938,1565722
2026-07-17 12:15:00+05:30,246.72999572753906,247.22999572753906,246.27000427246094,246.86000061035156,833679
2026-07-17 13:15:00+05:30,246.8300018310547,246.99000549316406,246.39999389648438,246.8800048828125,724063
2026-07-17 14:15:00+05:30,246.86000061035156,247.4499969482422,246.77999877929688,247.24000549316406,1156949
2026-07-17 15:15:00+05:30,247.2100067138672,247.49000549316406,247.05999755859375,247.47000122070312,782381
2026-07-20 09:15:00+05:30,248.5,252.39999389648438,248.5,250.97999572753906,0
2026-07-20 10:15:00+05:30,250.92999267578125,251.0,249.5800018310547,250.00999450683594,948650
2026-07-20 11:15:00+05:30,249.99000549316406,251.6999969482422,249.85000610351562,251.4499969482422,1004612
2026-07-20 12:15:00+05:30,251.39999389648438,252.0,250.72000122070312,251.27999877929688,1862672
2026-07-20 13:15:00+05:30,251.25,251.25999450683594,250.00999450683594,250.0500030517578,714864
2026-07-20 14:15:00+05:30,250.05999755859375,250.5800018310547,249.75,249.80999755859375,1455071
2026-07-20 15:15:00+05:30,249.7899932861328,250.0,249.00999450683594,249.8000030517578,1021195
2026-07-21 09:15:00+05:30,250.42999267578125,251.5500030517578,250.0,250.9499969482422,0
2026-07-21 10:15:00+05:30,251.0,251.3000030517578,249.60000610351562,249.8699951171875,1653862
2026-07-21 11:15:00+05:30,249.8699951171875,249.8699951171875,248.86000061035156,249.10000610351562,1491811
2026-07-21 12:15:00+05:30,249.0500030517578,249.63999938964844,248.82000732421875,249.47999572753906,1025859
2026-07-21 13:15:00+05:30,249.5,251.25999450683594,249.0399932861328,250.25999450683594,2386858
2026-07-21 14:15:00+05:30,250.25999450683594,250.6999969482422,249.52000427246094,249.6699981689453,3039378
2026-07-21 15:15:00+05:30,249.6699981689453,250.0,249.6300048828125,249.75,1299916
2026-07-22 09:15:00+05:30,251.1999969482422,252.75,251.1999969482422,251.5500030517578,0
2026-07-22 10:15:00+05:30,251.5500030517578,251.6999969482422,250.83999633789062,251.05999755859375,804083
2026-07-22 11:15:00+05:30,251.07000732421875,251.99000549316406,250.14999389648438,251.4499969482422,2763302
2026-07-22 12:15:00+05:30,251.44000244140625,252.0,251.3000030517578,251.69000244140625,1175212
2026-07-22 13:15:00+05:30,251.64999389648438,252.6999969482422,251.64999389648438,252.0399932861328,1591171
2026-07-22 14:15:00+05:30,252.10000610351562,252.25,251.5,252.14999389648438,1311354
2026-07-22 15:15:00+05:30,252.08999633789062,252.16000366210938,251.5500030517578,251.89999389648438,1064240
2026-07-23 09:15:00+05:30,253.77000427246094,253.99000549316406,252.39999389648438,252.49000549316406,0
2026-07-23 10:15:00+05:30,252.49000549316406,252.97999572753906,252.05999755859375,252.30999755859375,788526
2026-07-23 11:15:00+05:30,252.30999755859375,253.22999572753906,252.22999572753906,252.77999877929688,1021856
2026-07-23 12:15:00+05:30,252.7899932861328,253.5,252.75,252.9499969482422,1599984
2026-07-23 13:15:00+05:30,252.99000549316406,253.1300048828125,252.4499969482422,252.5399932861328,1535653
2026-07-23 14:15:00+05:30,252.52999877929688,252.5800018310547,252.16000366210938,252.30999755859375,1501106
2026-07-23 15:15:00+05:30,252.41000366210938,252.47999572753906,252.1199951171875,252.25,867985
2026-07-24 09:15:00+05:30,253.0,253.52999877929688,249.4499969482422,249.86000061035156,0
2026-07-24 10:15:00+05:30,249.8699951171875,250.3000030517578,249.52999877929688,249.97999572753906,1083534
2026-07-24 11:15:00+05:30,249.97999572753906,250.72000122070312,249.82000732421875,250.5,1265248
2026-07-24 12:15:00+05:30,250.5,251.25,249.5,249.58999633789062,904700
2026-07-24 13:15:00+05:30,249.5500030517578,249.77999877929688,248.3000030517578,248.52000427246094,755179
2026-07-24 14:15:00+05:30,248.52000427246094,249.0399932861328,248.39999389648438,248.7899932861328,923590
2026-07-24 15:15:00+05:30,248.8000030517578,249.0,248.6999969482422,249.0,724238
2026-07-27 09:15:00+05:30,247.9600067138672,248.08999633789062,242.35000610351562,242.80999755859375,0
2026-07-27 10:15:00+05:30,242.80999755859375,242.89999389648438,241.7100067138672,242.00999450683594,1486629
2026-07-27 11:15:00+05:30,242.1300048828125,243.0,241.0,241.7100067138672,2568867
2026-07-27 12:15:00+05:30,241.7100067138672,241.75,241.02000427246094,241.11000061035156,1296988
2026-07-27 13:15:00+05:30,241.10000610351562,241.11000061035156,239.80999755859375,239.86000061035156,3012361
2026-07-27 14:15:00+05:30,239.86000061035156,239.94000244140625,238.4600067138672,238.52999877929688,4770975
2026-07-27 15:15:00+05:30,238.57000732421875,238.8000030517578,238.1999969482422,238.38999938964844,2081188
