Date,Open,High,Low,Close,Volume
1996-01-01 00:00:00+05:30,5.105325604274955,5.127849273197525,5.075294389392818,5.081300735473633,10800
1996-01-02 00:00:00+05:30,5.081299464307335,5.210434068413039,5.0933121534638035,5.159380912780762,27000
1996-01-03 00:00:00+05:30,5.225449611957793,5.225449611957793,5.1053242683410645,5.1053242683410645,10800
1996-01-04 00:00:00+05:30,5.105325066983917,5.108328497469207,5.00021582595827,5.1068267822265625,41400
1996-01-05 00:00:00+05:30,5.106824720452752,5.109828149725471,5.045260606622105,5.108326435089111,46800
1996-01-08 00:00:00+05:30,5.045261918584504,5.135356056325555,5.045261918584504,5.099318504333496,54000
1996-01-09 00:00:00+05:30,5.099318439353759,5.1053242683410645,5.018233561763521,5.1053242683410645,41400
1996-01-10 00:00:00+05:30,5.105325230475071,5.105325230475071,5.048265720167999,5.075294017791748,18900
1996-01-11 00:00:00+05:30,5.075294017791748,5.133855243389556,5.045262805108426,5.075294017791748,38700
1996-01-12 00:00:00+05:30,5.075291627924473,5.097815284591913,5.045260429382324,5.045260429382324,1800
1996-01-15 00:00:00+05:30,5.045261703241233,5.097816571720201,5.076794624328614,5.076794624328613,9900
1996-01-16 00:00:00+05:30,5.0767947805389175,5.105324272578603,5.045261858481285,5.060277462005615,41400
1996-01-17 00:00:00+05:30,5.003217958251655,5.208932808960002,5.003217958251655,5.1053242683410645,21600
1996-01-18 00:00:00+05:30,5.10532528986429,5.10532528986429,5.046764579107156,5.04976749420166,32400
1996-01-19 00:00:00+05:30,5.0452618542936,5.1083276983565185,5.0452618542936,5.1053242683410645,35100
1996-01-22 00:00:00+05:30,5.0632822127531245,5.08280245087432,5.0632822127531245,5.081300735473633,42300
1996-01-23 00:00:00+05:30,5.081297970737235,5.090307227195548,5.045260429382324,5.045260429382324,54900
1996-01-24 00:00:00+05:30,4.95516891674241,5.090309896572147,4.862071843128318,5.072291374206543,49500
1996-01-25 00:00:00+05:30,5.072289673052311,4.985198974609374,4.955167254868919,4.985198974609375,28800
1996-01-26 00:00:00+05:30,4.985198974609374,4.985198974609374,4.985198974609374,4.985198974609375,0
1996-01-29 00:00:00+05:30,4.985200292495537,5.021237850189208,4.880090534421541,5.021237850189209,28800
1996-01-30 00:00:00+05:30,5.021237631391973,5.082801768289298,4.955168348897593,5.078297138214111,78300
1996-01-31 00:00:00+05:30,4.985199290992005,5.081299253695128,4.985199290992005,5.076794624328613,30600
1996-02-01 00:00:00+05:30,5.076796099484666,5.097818052984566,5.015231954384082,5.096316337585449,25200
1996-02-02 00:00:00+05:30,5.096315541833562,5.120340922380312,5.046764096619136,5.079798221588135,49500
1996-02-05 00:00:00+05:30,5.0452623814545,5.079798221588135,4.992707505910803,5.079798221588135,30600
1996-02-06 00:00:00+05:30,5.0797981660741724,5.2179425561427255,5.045262326317959,5.169892311096191,67500
1996-02-07 00:00:00+05:30,5.169892737594245,5.165388107299805,5.045262742534473,5.165388107299805,15300
1996-02-08 00:00:00+05:30,5.135356355693003,5.555794830457839,5.10532463101407,5.2509765625,76500
1996-02-09 00:00:00+05:30,5.250976391479032,5.7660136222839355,5.555794649509134,5.7660136222839355,64800
1996-02-12 00:00:00+05:30,5.8260778813984135,6.306578868290419,5.8260778813984135,6.234503746032715,70200
1996-02-13 00:00:00+05:30,6.234503316374091,6.366641375088046,6.201469188337029,6.338111877441406,38700
1996-02-14 00:00:00+05:30,6.6068927202751375,6.967268340029923,6.488268541770488,6.49127197265625,81900
1996-02-15 00:00:00+05:30,6.491270810323247,6.725515178980818,6.306577887188499,6.503283500671387,36900
1996-02-16 00:00:00+05:30,6.503284450339148,6.366641753121311,5.953710746203183,6.036296844482422,33300
1996-02-19 00:00:00+05:30,6.036295745489182,6.066327470277332,5.8636160344469825,6.057318210601807,45900
1996-02-20 00:00:00+05:30,6.126390449362846,6.276547024955271,6.00626508578453,6.156421661376953,103500
1996-02-21 00:00:00+05:30,6.156421661376954,6.156421661376954,6.156421661376954,6.156421661376953,0
1996-02-22 00:00:00+05:30,6.156421661376954,6.186452873391061,6.156421661376954,6.156421661376953,50400
1996-02-23 00:00:00+05:30,6.156421329060357,6.456734464034645,6.186452539453414,6.393669128417969,101700
1996-02-26 00:00:00+05:30,6.3936701923686075,6.847142885121573,6.456735538479791,6.790083885192871,135000
1996-02-27 00:00:00+05:30,6.790084812278932,7.447770787423843,6.681971597276906,7.222535610198975,112500
1996-02-28 00:00:00+05:30,7.222532066716888,7.327641798888223,7.147454054824337,7.189497947692871,168300
1996-02-29 00:00:00+05:30,7.1895000263218884,7.177487334737265,7.087393178896408,7.093399524688721,182700
1996-03-01 00:00:00+05:30,7.093396819329216,7.117421677813682,6.907202748389892,7.106910705566406,131400
1996-03-04 00:00:00+05:30,7.106911502830638,7.2075166078436945,7.11742247625705,7.1534600257873535,126000
1996-03-05 00:00:00+05:30,7.1534600257873535,7.1534600257873535,7.1534600257873535,7.1534600257873535,0
1996-03-06 00:00:00+05:30,7.058861842936377,7.207516671624126,7.058861842936377,7.177485466003418,87300
1996-03-07 00:00:00+05:30,7.177485946247032,7.1624703424319875,7.088893522873004,7.147454738616943,141300
1996-03-08 00:00:00+05:30,7.1474573659841285,7.207519803322936,7.117425631792723,7.204516887664795,416700
1996-03-11 00:00:00+05:30,7.057360600204868,7.1549622827635595,7.057360600204868,7.147454738616943,75600
1996-03-12 00:00:00+05:30,7.147455048400849,7.207517466264242,7.0648684505559345,7.14445161819458,311400
1996-03-13 00:00:00+05:30,7.087389637249985,7.10240523646635,6.938734844142821,7.09039306640625,53100
1996-03-14 00:00:00+05:30,7.09039432934944,7.088892614503822,6.998798487636389,7.087390899658203,90900
1996-03-15 00:00:00+05:30,7.087393760117922,7.207519139249643,6.997299596888642,7.121930122375488,486900
1996-03-18 00:00:00+05:30,7.121927247976955,7.087390899658203,6.99729677279077,7.087390899658203,88200
1996-03-19 00:00:00+05:30,7.087393418588666,7.0573622041333754,6.907205616334998,6.956757068634033,83700
1996-03-20 00:00:00+05:30,6.956757068634033,6.956757068634033,6.956757068634033,6.956757068634033,0
1996-03-21 00:00:00+05:30,6.9567560613483534,6.982282641491486,6.7570480501671515,6.967267036437988,132300
1996-03-22 00:00:00+05:30,6.967266610545868,6.99729781881713,6.937235402274605,6.971771240234375,91800
1996-03-25 00:00:00+05:30,6.97177166053995,7.001803386143552,6.967267030579873,6.997298240661621,59400
1996-03-26 00:00:00+05:30,6.997299098864654,7.0033059602439565,6.967267885099646,6.973274230957031,98100
1996-03-27 00:00:00+05:30,6.973273393443039,6.997298258465193,6.877173417832566,6.907204627990723,43200
1996-03-28 00:00:00+05:30,6.907201303252653,6.877170107549824,6.787076004919729,6.817107200622559,13500
1996-03-29 00:00:00+05:30,6.817110246243218,6.817110246243218,6.396671772003174,6.396671772003174,21600
1996-04-01 00:00:00+05:30,6.396672034359873,6.3816564291842095,6.276546677432709,6.374148368835449,69300
1996-04-02 00:00:00+05:30,6.374147944853591,6.471750145286096,6.396671608879834,6.458235740661621,90000
1996-04-03 00:00:00+05:30,6.458236326956997,6.54682876050856,6.458236326956997,6.486766338348389,36000
1996-04-04 00:00:00+05:30,6.441719527369884,6.4867668631564115,6.441719527369884,6.456735134124756,56700
1996-04-05 00:00:00+05:30,6.456735134124756,6.456735134124756,6.456735134124756,6.456735134124756,0
1996-04-08 00:00:00+05:30,6.4567351202076955,6.603888787818937,6.48676684917462,6.585870265960693,112500
1996-04-09 00:00:00+05:30,6.585871100896245,6.636924273329506,6.516798888798432,6.621908664703369,76500
1996-04-10 00:00:00+05:30,6.621908671232496,6.621908671232496,6.456735945138174,6.606893062591553,85500
1996-04-11 00:00:00+05:30,6.606890253077612,6.636921457589027,6.501780521765898,6.611394882202148,70200
1996-04-12 00:00:00+05:30,6.6113958747189,6.712000476487295,6.561843915866636,6.690978527069092,87300
1996-04-15 00:00:00+05:30,6.6909778944990705,6.7555454517569515,6.666953032658954,6.707495212554932,66600
1996-04-16 00:00:00+05:30,6.707493536761144,6.794584219134922,6.666951366994184,6.775063991546631,75600
1996-04-17 00:00:00+05:30,6.775066631585835,6.87717346860804,6.787079321946532,6.847141742706299,57600
1996-04-18 00:00:00+05:30,6.847140963397272,7.206015794022327,6.787078549473525,7.054357528686523,97200
1996-04-19 00:00:00+05:30,7.054357725596327,7.177485986889995,7.057360640167615,7.132438659667969,97200
1996-04-22 00:00:00+05:30,7.132438717213821,7.207517252841737,7.132438717213821,7.186495304107666,120600
1996-04-23 00:00:00+05:30,7.1864977837032935,7.252566567297087,7.117425568955874,7.230043411254883,90900
1996-04-24 00:00:00+05:30,7.23004076495628,7.507830206803856,7.29911243890048,7.392210006713867,82800
1996-04-25 00:00:00+05:30,7.392213790399976,7.657990679111095,7.327646197444889,7.3381571769714355,49500
1996-04-26 00:00:00+05:30,7.338153046991039,7.447767412429881,7.246557714394455,7.446265697479248,149400
1996-04-29 00:00:00+05:30,7.446265902121182,7.327642274762027,7.207516932410968,7.3096232414245605,36900
1996-04-30 00:00:00+05:30,7.309624760638943,7.492815984462456,7.118925991339151,7.4477691650390625,176400
1996-05-01 00:00:00+05:30,7.44776789840988,7.581407134170148,7.357673759363346,7.371188163757324,48600
1996-05-02 00:00:00+05:30,7.371190780714509,7.4627861518065,7.276591978458979,7.423745155334473,106200
1996-05-03 00:00:00+05:30,7.423742888044442,7.417737058595604,7.329144630202225,7.342658519744873,41400
1996-05-06 00:00:00+05:30,7.282598241892289,7.444767026162964,7.1624728537318685,7.38470458984375,155700
1996-05-07 00:00:00+05:30,7.384703360179842,7.417738003967842,7.267580907129231,7.402721881866455,107100
1996-05-08 00:00:00+05:30,7.402722021868931,7.657988369591573,7.321637641701868,7.530355453491211,84600
1996-05-09 00:00:00+05:30,7.530353542018387,7.539362800745208,7.372688936690101,7.390707969665527,55800
1996-05-10 00:00:00+05:30,7.390709617109592,7.417737914836647,7.207518394206105,7.398217678070068,143100
1996-05-13 00:00:00+05:30,7.398215654731447,7.417735886159436,7.335149300268407,7.399716854095459,72900
1996-05-14 00:00:00+05:30,7.3997178632240574,7.417736897745361,7.057360847015756,7.200009346008301,33300
1996-05-15 00:00:00+05:30,7.200010925854142,7.3576755793038915,6.910208719008172,7.039343357086182,51300
1996-05-16 00:00:00+05:30,7.03934140129318,7.17448234798233,6.940238006019683,7.004805564880371,42300
1996-05-17 00:00:00+05:30,7.004806790238344,6.9747755780588765,6.923722414249402,6.95225191116333,44100
1996-05-20 00:00:00+05:30,6.952252452241441,6.757049042360766,6.306578762522095,6.464243412017822,72900
1996-05-21 00:00:00+05:30,6.464242794100239,6.742032790630845,6.366641098489657,6.669957160949707,112500
1996-05-22 00:00:00+05:30,6.669955954617348,6.847140793013879,6.606890627775442,6.787078380584717,112500
1996-05-23 00:00:00+05:30,6.787080647241678,6.847143079729674,6.772065039119679,6.823118209838867,86400
1996-05-24 00:00:00+05:30,6.823118547108608,7.05736297333013,6.764557311672731,6.904202938079834,90000
1996-05-27 00:00:00+05:30,6.904200990957922,6.817110277897921,6.659445656005112,6.68046760559082,73800
1996-05-28 00:00:00+05:30,6.546826656035513,6.757046097064959,6.546826656035513,6.653438091278076,82800
1996-05-29 00:00:00+05:30,6.653441917579293,6.967269029351491,6.563347745965963,6.896695613861084,65700
1996-05-30 00:00:00+05:30,6.896692534560507,6.907203507963657,6.727015245189158,6.874168872833252,37800
1996-05-31 00:00:00+05:30,6.874171405138622,6.9657672851888925,6.802096279686516,6.922221660614014,76500
1996-06-03 00:00:00+05:30,6.922220761371159,6.922220761371159,6.8771739426959675,6.911709785461426,39600
1996-06-04 00:00:00+05:30,6.911709604393711,7.192502516042389,6.90720497419639,7.018320560455322,196200
1996-06-05 00:00:00+05:30,6.997297920670995,7.462783717738547,6.95675573736247,7.154962539672852,175500
1996-06-06 00:00:00+05:30,7.109914932679198,7.175983687564458,7.109914932679198,7.1534600257873535,37800
1996-06-07 00:00:00+05:30,7.132440500018502,7.236049070049714,7.103910999903578,7.207519054412842,130500
1996-06-10 00:00:00+05:30,7.162471453495385,7.808144579788214,7.145954132080078,7.145954132080078,74700
1996-06-11 00:00:00+05:30,7.102408781451198,7.117424388162216,6.83212682960904,6.854650497436523,42300
1996-06-12 00:00:00+05:30,7.027329924562361,7.177486489601864,6.967266989233449,7.012314319610596,81900
1996-06-13 00:00:00+05:30,6.862158260287355,7.0873933991274125,6.862158260287355,7.051355838775635,128700
1996-06-14 00:00:00+05:30,6.967266456339638,7.147454733022758,6.967266456339638,7.082887172698975,163800
1996-06-17 00:00:00+05:30,7.057360128687095,7.20601547291112,7.057360128687095,7.162469863891602,245700
1996-06-18 00:00:00+05:30,6.997299645786604,7.177487973504341,6.997299645786604,7.126434803009033,119700
1996-06-19 00:00:00+05:30,7.221030989444969,7.297611238515757,7.147454685949954,7.157965660095215,200700
1996-06-20 00:00:00+05:30,7.145952224706868,7.1774851438498235,7.064867354544229,7.160967826843262,69300
1996-06-21 00:00:00+05:30,7.117422795458473,7.177485724383856,6.9702696764109655,7.16997766494751,123300
1996-06-24 00:00:00+05:30,7.037837456941988,7.064865223321113,6.982279178723388,7.048348426818848,97200
1996-06-25 00:00:00+05:30,7.072376462808557,7.087392067173044,6.908706014370368,6.950749397277832,89100
1996-06-26 00:00:00+05:30,7.012310889458415,7.057357682278556,6.81710708952794,7.048348426818848,220500
1996-06-27 00:00:00+05:30,6.967266461792793,7.175984231208984,6.967266461792793,7.147454738616943,190800
1996-06-28 00:00:00+05:30,7.094901722585889,7.160970499751248,7.028832429898584,7.0783843994140625,63900
1996-07-01 00:00:00+05:30,7.02732854290909,7.100905353571991,6.892187609391607,7.046848773956299,102600
1996-07-02 00:00:00+05:30,6.9852850665723745,7.034836504565854,6.817109489340141,6.917714595794678,73800
1996-07-03 00:00:00+05:30,6.907204627990723,7.055859479138898,6.907204627990723,6.907204627990723,51300
1996-07-04 00:00:00+05:30,6.817109531769921,6.93423195679185,6.80209392878384,6.8426361083984375,48600
1996-07-05 00:00:00+05:30,6.877173367357909,6.937235787233399,6.854649702143676,6.902699947357178,126000
1996-07-08 00:00:00+05:30,6.869665881822488,6.967267580046352,6.8486439300030195,6.911709785461426,110700
1996-07-09 00:00:00+05:30,6.877173361689589,7.207517701776204,6.877173361689589,6.9327311515808105,191700
1996-07-10 00:00:00+05:30,6.914713976218224,6.9342347318819675,6.863660802529643,6.913212776184082,77400
1996-07-11 00:00:00+05:30,6.907204949804632,6.922220555583303,6.907204949804632,6.9087066650390625,45900
1996-07-12 00:00:00+05:30,6.910203524756844,6.922216208043895,6.910203524756844,6.91921329498291,92700
1996-07-15 00:00:00+05:30,6.824616861638985,6.937234129759448,6.824616861638985,6.910205841064453,109800
1996-07-16 00:00:00+05:30,6.907204627990723,6.914712172769334,6.883179247446713,6.907204627990723,250200
1996-07-17 00:00:00+05:30,7.057362019861308,7.3576751876167,6.877174222312456,6.878675937652588,50400
1996-07-18 00:00:00+05:30,6.907204627990723,6.959759503528425,6.907204627990723,6.907204627990723,68400
1996-07-19 00:00:00+05:30,6.878674877402746,6.907204371336354,6.8171102286877,6.820113658905029,27900
1996-07-22 00:00:00+05:30,6.84714208363316,6.905703307655062,6.758549647736087,6.773565769195557,11700
1996-07-23 00:00:00+05:30,6.926721528907331,6.926721528907331,6.752540181413637,6.817107200622559,213300
1996-07-24 00:00:00+05:30,6.788582492864226,6.892190551757813,6.644431724189781,6.757049560546875,63900
1996-07-25 00:00:00+05:30,6.7120025494097195,6.75704989237354,6.7044950025970795,6.7089996337890625,70200
1996-07-26 00:00:00+05:30,6.63692167152304,6.785576499511507,6.606890466043601,6.7540435791015625,123300
1996-07-29 00:00:00+05:30,6.755547130140844,6.877174215568241,6.755547130140844,6.859155178070068,131400
1996-07-30 00:00:00+05:30,6.767559677442193,6.847142340342882,6.7270169728166325,6.830625534057617,249300
1996-07-31 00:00:00+05:30,6.7570448092169,6.877170107549824,6.7570448092169,6.817107200622559,98100
1996-08-01 00:00:00+05:30,6.787082167839676,6.907207575250882,6.787082167839676,6.851649761199951,109800
1996-08-02 00:00:00+05:30,6.794586078445052,6.967266291377108,6.794586078445052,6.940237998962402,93600
1996-08-05 00:00:00+05:30,6.8171118396757,6.944745281549852,6.8171118396757,6.883180618286133,121500
1996-08-06 00:00:00+05:30,6.863655021421466,7.057357090697774,6.696981231780245,6.91921329498291,491400
1996-08-07 00:00:00+05:30,6.934232917409851,7.02732997813361,6.862157291361335,6.9372358322143555,91800
1996-08-08 00:00:00+05:30,6.90720497419639,7.0873927596986315,6.892189368364694,7.018320560455322,229500
1996-08-09 00:00:00+05:30,6.937237473982617,7.207519460183525,6.916215518810459,7.103911399841309,182700
1996-08-12 00:00:00+05:30,6.99729791413324,7.357673964862846,6.937235496772554,7.200009346008301,519300
1996-08-13 00:00:00+05:30,7.154964996959869,7.417739452209701,7.154964996959869,7.372692108154297,193500
1996-08-14 00:00:00+05:30,7.267579714857886,7.507830411759425,7.209019013461571,7.425244331359863,281700
1996-08-15 00:00:00+05:30,7.425244331359863,7.425244331359863,7.425244331359863,7.425244331359863,0
1996-08-16 00:00:00+05:30,7.380197146778736,7.417736412936586,7.240551571572456,7.279592037200928,363600
1996-08-19 00:00:00+05:30,7.222534804119549,7.267581628328213,6.824619901471457,6.883180618286133,167400
1996-08-20 00:00:00+05:30,6.847140960750732,7.117422854346729,6.6744612630258,7.084388732910156,315000
1996-08-21 00:00:00+05:30,6.914711128017779,7.207516671624126,6.905701869435923,7.177485466003418,351000
1996-08-22 00:00:00+05:30,7.066368327535194,7.237546792544632,7.06486661282269,7.118923187255859,172800
1996-08-23 00:00:00+05:30,7.154959040439981,7.190996576369767,6.982278901535563,7.02131986618042,505800
1996-08-26 00:00:00+05:30,7.027326601585576,7.057357797288405,6.788577719361353,6.817107200622559,145800
1996-08-27 00:00:00+05:30,6.758548469695981,6.758548469695981,6.366640037335764,6.392166614532471,179100
1996-08-28 00:00:00+05:30,6.666952471758517,6.8771719283801644,6.666952471758517,6.853146553039551,388800
1996-08-29 00:00:00+05:30,6.902700798715882,6.904201998532627,6.84864420174328,6.859155178070068,104400
1996-08-30 00:00:00+05:30,6.899696544700823,7.132439195933836,6.853148014454221,7.091897010803223,544500
1996-09-02 00:00:00+05:30,7.177487331896773,7.423743900630727,7.132439996233217,7.396716117858887,1127700
1996-09-03 00:00:00+05:30,7.432749330527796,7.476294925398648,7.0573578356377515,7.181987762451172,1331100
1996-09-04 00:00:00+05:30,7.103911786713373,7.293109393566314,7.088896177275807,7.20902156829834,455400
1996-09-05 00:00:00+05:30,7.297614837754401,7.536363930794279,7.207520655571067,7.503329277038574,1909800
1996-09-06 00:00:00+05:30,7.522846773878929,7.537862379508023,7.408728274202194,7.422242164611816,659700
1996-09-09 00:00:00+05:30,7.4177385883512175,7.4177385883512175,7.239051979590901,7.257071018218994,1053900
1996-09-10 00:00:00+05:30,7.245056313064866,7.252563857099455,7.132438512849803,7.183492183685303,1066500
1996-09-11 00:00:00+05:30,7.180490838728664,7.237550355152086,7.102409368069143,7.121930122375488,767700
1996-09-12 00:00:00+05:30,7.064868135461841,7.175984222179523,7.042344987528521,7.112918376922607,838800
1996-09-13 00:00:00+05:30,7.094901728348883,7.1174248822178985,7.015318543286501,7.02883243560791,754200
1996-09-16 00:00:00+05:30,7.003301046949155,7.019817842066907,6.820109946668628,6.91921329498291,1391400
1996-09-17 00:00:00+05:30,6.907202640820822,7.0513528205261276,6.907202640820822,7.022823333740234,640800
1996-09-18 00:00:00+05:30,7.027328087049788,7.177484612826216,7.0123124860243164,7.141447067260742,849600
1996-09-19 00:00:00+05:30,7.162471534387433,7.162471534387433,6.982283227576924,6.995797634124756,494100
1996-09-20 00:00:00+05:30,6.982278593436039,7.030328811062687,6.880172332060773,6.91921329498291,617400
1996-09-23 00:00:00+05:30,6.91020811106148,7.024327131464584,6.862157861543885,6.995797634124756,945000
1996-09-24 00:00:00+05:30,7.018317229645645,7.027327001286238,6.513791669681186,6.537816524505615,1449000
1996-09-25 00:00:00+05:30,6.755546179280606,6.817110313237369,6.383157945285448,6.405681610107422,545400
1996-09-26 00:00:00+05:30,6.426701530824507,6.426701530824507,5.958212918402682,5.982238292694092,859500
1996-09-27 00:00:00+05:30,5.856108943039114,5.856108943039114,5.564805030822754,5.564805030822754,628200
1996-09-30 00:00:00+05:30,5.345573719691033,5.404134920713365,5.237461090087891,5.237461090087891,362700
1996-10-01 00:00:00+05:30,5.235962390899658,5.235962390899658,5.235962390899658,5.235962390899658,193500
1996-10-02 00:00:00+05:30,5.235962390899658,5.235962390899658,5.235962390899658,5.235962390899658,0
1996-10-03 00:00:00+05:30,5.0182326946194475,5.022737323342434,4.869577884674072,4.869577884674072,166500
1996-10-04 00:00:00+05:30,4.566263951391386,4.59779688555298,4.528724670410156,4.528724670410156,91800
1996-10-07 00:00:00+05:30,4.2194008839832,4.2194008839832,4.211893081665039,4.211893081665039,58500
1996-10-08 00:00:00+05:30,4.193874835968018,4.193874835968018,4.193874835968018,4.193874835968018,72000
1996-10-09 00:00:00+05:30,3.901069563335096,4.486680551102568,3.901069563335096,4.4716644287109375,858600
1996-10-10 00:00:00+05:30,4.624824384821886,4.785491943359375,4.564761442584691,4.785491943359375,179100
1996-10-11 00:00:00+05:30,5.022737392438131,5.027242536744805,4.6848850783493905,4.908618927001953,393300
1996-10-14 00:00:00+05:30,4.594792308018055,4.735939602901087,4.566262299824272,4.650350093841553,419400
1996-10-15 00:00:00+05:30,4.542238934857683,4.8650758130667136,4.431122811041065,4.678881645202637,300600
1996-10-16 00:00:00+05:30,4.687889260667979,4.9251365182508255,4.633832675524691,4.750955104827881,194400
1996-10-17 00:00:00+05:30,4.693894022026134,4.771975443385631,4.504696553359098,4.732934474945068,270000
1996-10-18 00:00:00+05:30,4.684888266580725,5.0587783809161975,4.654857043895915,4.9882049560546875,510300
1996-10-21 00:00:00+05:30,4.9882049560546875,4.9882049560546875,4.9882049560546875,4.9882049560546875,0
1996-10-22 00:00:00+05:30,5.0422590531560205,5.338067531585693,5.0422590531560205,5.338067531585693,234900
1996-10-23 00:00:00+05:30,5.495729790132049,5.711955547332764,5.495729790132049,5.711955547332764,220500
1996-10-24 00:00:00+05:30,6.006264574298174,6.006264574298174,5.312541264448264,5.320048809051514,381600
1996-10-25 00:00:00+05:30,5.16538816376565,5.495732533840078,5.045262797687158,5.423657417297363,301500
1996-10-28 00:00:00+05:30,5.555796058330191,5.705952652823229,5.375607732520985,5.5167555809021,321300
1996-10-29 00:00:00+05:30,5.495732229931378,5.525763956431699,5.169892508219255,5.267494201660156,245700
1996-10-30 00:00:00+05:30,5.267494201660157,5.267494201660157,5.267494201660157,5.267494201660156,0
1996-10-31 00:00:00+05:30,5.108327556091139,5.150371450962175,4.955167579700684,5.111330986022949,84600
1996-11-01 00:00:00+05:30,5.135356048428636,5.344073815969332,5.135356048428636,5.174396514892578,164700
1996-11-04 00:00:00+05:30,5.106827655536911,5.106827655536911,4.866576889635344,5.05277156829834,204300
1996-11-05 00:00:00+05:30,5.142864126066227,5.1954190021599675,5.009224878583207,5.133854866027832,155700
1996-11-06 00:00:00+05:30,4.95666815413645,5.045260552869323,4.812517985188613,4.934144496917725,158400
1996-11-07 00:00:00+05:30,5.105323908191488,5.135355628618465,5.031747610830246,5.07379150390625,74700
1996-11-08 00:00:00+05:30,5.105323583328216,5.135355301844208,5.016731689151671,5.057273864746094,54900
1996-11-11 00:00:00+05:30,4.958172405669029,5.0752943489856674,4.913125068182533,5.012228488922119,103500
1996-11-12 00:00:00+05:30,7.5183420181274405,7.5183420181274405,7.5183420181274405,7.518342018127441,0
1996-11-13 00:00:00+05:30,5.045263246057925,5.075294461365937,5.018234946071937,5.025743007659912,37800
1996-11-14 00:00:00+05:30,4.977690395576353,5.060276456307607,4.964176509746797,5.055771827697754,129600
1996-11-15 00:00:00+05:30,5.0167340049653015,5.064783745728039,4.988203988085579,5.05277156829834,68400
1996-11-18 00:00:00+05:30,5.088807106018066,5.129349284189566,5.052769557029872,5.088807106018066,135900
1996-11-19 00:00:00+05:30,5.103822061893632,5.15037057825314,5.075292059984669,5.085803031921387,50400
1996-11-20 00:00:00+05:30,5.045261855681261,5.103823070258906,5.018233563143747,5.090308666229248,90900
1996-11-21 00:00:00+05:30,5.000215780078869,5.1053250201400875,5.000215780078869,5.087306499481201,87300
1996-11-22 00:00:00+05:30,5.0077233251794455,5.100820905497243,5.0077233251794455,5.087306499481201,63000
1996-11-25 00:00:00+05:30,5.018233571599184,5.018233571599184,4.928139950351406,5.00021505355835,21600
1996-11-26 00:00:00+05:30,4.985198894670667,5.036252044128163,4.69389508427252,4.82152795791626,90900
1996-11-27 00:00:00+05:30,4.654854406081709,4.654854406081709,4.504697862226342,4.543738842010498,54900
1996-11-28 00:00:00+05:30,4.372558696245874,4.5482422862156895,4.249430733542447,4.491182804107666,150300
1996-11-29 00:00:00+05:30,4.504698178028364,4.57977671298032,4.369557227532295,4.465657711029053,110700
1996-12-02 00:00:00+05:30,4.414604249936786,4.444635974664325,4.354541831525385,4.423614025115967,50400
1996-12-03 00:00:00+05:30,4.444635433229311,4.444635433229311,4.264447168901541,4.369556903839111,87300
1996-12-04 00:00:00+05:30,4.174354769315363,4.204386243233865,4.064740366370643,4.181862831115723,51300
1996-12-05 00:00:00+05:30,4.129307306518119,4.264448282286383,4.129307306518119,4.220902919769287,52200
1996-12-06 00:00:00+05:30,4.286970548982815,4.286970548982815,4.189368879609644,4.195374965667725,66600
1996-12-09 00:00:00+05:30,4.21940056547893,4.357544942540105,4.198378617470568,4.304989814758301,83700
1996-12-10 00:00:00+05:30,4.250932606646217,4.353039159468911,4.250932606646217,4.313998699188232,108900
1996-12-11 00:00:00+05:30,4.428117350479095,4.534728266409699,4.42511443665188,4.512205123901367,68400
1996-12-12 00:00:00+05:30,4.504697321765472,4.7704745426244575,4.482173662456869,4.489681720733643,96300
1996-12-13 00:00:00+05:30,4.4446348711345465,4.560255564943797,4.354540750364496,4.545239448547363,128700
1996-12-16 00:00:00+05:30,4.65485450783582,4.773478649199476,4.536230881993953,4.597795009613037,48600
1996-12-17 00:00:00+05:30,4.6022997014844265,4.653352856031247,4.534729228579094,4.621820449829102,135000
1996-12-18 00:00:00+05:30,4.711912947430208,4.744947576276884,4.603800319643369,4.668367862701416,75600
1996-12-19 00:00:00+05:30,4.6248244517508805,4.737441761232757,4.6248244517508805,4.729934215545654,86400
1996-12-20 00:00:00+05:30,4.758462055133694,4.805010574940866,4.693895019541418,4.752455711364746,61200
1996-12-23 00:00:00+05:30,4.7149186455024275,4.968683280417638,4.678881085565672,4.814022064208984,87300
1996-12-24 00:00:00+05:30,4.78549099570053,4.865074159308346,4.714917606733351,4.850058555603027,105300
1996-12-25 00:00:00+05:30,4.850058555603027,4.850058555603027,4.850058555603027,4.850058555603027,0
1996-12-26 00:00:00+05:30,4.955167241773014,5.015230165573432,4.853060941490581,4.875584602355957,28800
1996-12-27 00:00:00+05:30,4.875584602355957,4.875584602355957,4.875584602355957,4.875584602355957,0
1996-12-30 00:00:00+05:30,4.875584602355957,4.875584602355957,4.875584602355957,4.875584602355957,0
1996-12-31 00:00:00+05:30,4.835043793064139,4.835043793064139,4.687890629252877,4.696899890899658,46800
1997-01-01 00:00:00+05:30,4.805010755761211,5.015230217976588,4.805010755761211,4.955167293548584,91800
1997-01-02 00:00:00+05:30,4.955166462813864,5.030244976881501,4.88759600636166,4.998712062835693,120600
1997-01-03 00:00:00+05:30,4.895107423776575,5.067787712235417,4.895107423776575,5.042261123657227,156600
1997-01-06 00:00:00+05:30,5.087306398364484,5.087306398364484,4.934146398198813,5.078297138214111,93600
1997-01-07 00:00:00+05:30,4.985201060217671,5.103824727374158,4.985201060217671,5.082802772521973,129600
1997-01-08 00:00:00+05:30,5.192415186030504,5.195418100348109,5.076794478693521,5.187910556793213,92700
1997-01-09 00:00:00+05:30,5.225450520851406,5.551290771851808,5.165388096356928,5.543782711029053,209700
1997-01-10 00:00:00+05:30,5.7509988467838475,5.9326888681444085,5.7509988467838475,5.931187152862549,377100
1997-01-13 00:00:00+05:30,5.9912476185299495,5.9912476185299495,5.6308716397497935,5.8020501136779785,180900
1997-01-14 00:00:00+05:30,5.766013013341268,5.871122746389049,5.3966277482889,5.398129463195801,185400
1997-01-15 00:00:00+05:30,5.645889268214499,5.7750244140625,5.527266129676,5.7750244140625,177300
1997-01-16 00:00:00+05:30,6.061823931672954,6.171438338519183,5.414648983699006,5.4747114181518555,210600
1997-01-17 00:00:00+05:30,5.46570145931288,5.615858041824803,5.162385379157999,5.312541961669922,128700
1997-01-20 00:00:00+05:30,5.285513489401561,5.465701279379626,5.275002513506095,5.339569568634033,125100
1997-01-21 00:00:00+05:30,5.284012209210962,5.284012209210962,5.045263174510681,5.081300735473633,167400
1997-01-22 00:00:00+05:30,5.210434019228609,5.315543759550991,5.196920130696505,5.264490604400635,80100
1997-01-23 00:00:00+05:30,5.264490604400635,5.264490604400635,5.264490604400635,5.264490604400635,0
1997-01-24 00:00:00+05:30,5.345575563589045,5.345575563589045,5.076795353768081,5.163886070251465,60300
1997-01-27 00:00:00+05:30,5.108329792018211,5.246474225781101,5.108329792018211,5.172896862030029,49500
1997-01-28 00:00:00+05:30,5.187912546782899,5.187912546782899,4.880091285956745,5.082802772521973,159300
1997-01-29 00:00:00+05:30,5.165388783135851,5.2404668237361625,5.154877805899612,5.183407306671143,121500
1997-01-30 00:00:00+05:30,5.136857933476577,5.225450367877735,5.120341128089445,5.196920871734619,152100
1997-01-31 00:00:00+05:30,5.13535640790327,5.2765037110028405,5.13535640790327,5.2404656410217285,158400
1997-02-03 00:00:00+05:30,5.135357657553288,5.255483040156391,5.1053259252610355,5.241968631744385,151200
1997-02-04 00:00:00+05:30,5.213437141748438,5.342571737018474,5.195418109246638,5.297524929046631,594000
1997-02-05 00:00:00+05:30,5.344073823838355,5.435669161078481,5.21043407450146,5.2239484786987305,62100
1997-02-06 00:00:00+05:30,5.225449251955453,5.262988515909787,5.210433649478073,5.25848388671875,70200
1997-02-07 00:00:00+05:30,5.372605104553755,5.375608020085035,5.226953133086114,5.255483150482178,75600
1997-02-10 00:00:00+05:30,5.255482289180253,5.345575926617276,5.2254505611793505,5.294522762298584,155700
1997-02-11 00:00:00+05:30,5.264491591368502,5.3515823144537285,5.256984045950446,5.329058647155762,401400
1997-02-12 00:00:00+05:30,5.345574754034371,5.495731299013594,5.105324075858903,5.321549892425537,243900
1997-02-13 00:00:00+05:30,5.405638716389955,5.405638716389955,5.235961906644384,5.265993118286133,55800
1997-02-14 00:00:00+05:30,5.2599877815400875,5.284012652356263,5.229956564139373,5.255483150482178,213300
1997-02-17 00:00:00+05:30,5.315543593510844,5.315543593510844,5.15037144417614,5.216440200805664,114300
1997-02-18 00:00:00+05:30,5.1683913766545695,5.256983811073949,5.165387946204017,5.2464728355407715,174600
1997-02-19 00:00:00+05:30,5.184909383203288,5.554294812141341,5.184909383203288,5.512250900268555,281700
1997-02-20 00:00:00+05:30,5.353082655684652,5.435668727215975,5.345574596671911,5.398129463195801,280800
1997-02-21 00:00:00+05:30,5.4056377922984025,5.429662654400385,5.363593896978589,5.410142421722412,184500
1997-02-24 00:00:00+05:30,5.368098320783749,5.555794127551502,5.368098320783749,5.437170505523682,207000
1997-02-25 00:00:00+05:30,5.398133431288031,5.45819640097611,5.276506806945371,5.332064628601074,154800
1997-02-26 00:00:00+05:30,5.471704669962466,5.473206384428499,5.362090339895996,5.399629592895508,122400
1997-02-27 00:00:00+05:30,5.435669902625692,5.465701114127077,5.384616739968964,5.420654296875,122400
1997-02-28 00:00:00+05:30,5.856109192162499,5.860613822937012,5.856109192162499,5.860613822937012,54900
1997-03-03 00:00:00+05:30,6.712001800537109,6.712001800537109,6.576860817767612,6.712001800537109,332100
1997-03-04 00:00:00+05:30,6.713500976562499,6.713500976562499,6.666952456349824,6.7135009765625,191700
1997-03-05 00:00:00+05:30,7.183492183685304,7.183492183685304,7.057360494894898,7.183492183685303,650700
1997-03-06 00:00:00+05:30,7.207520282069532,7.656488938430458,6.907207044383726,7.413234710693359,1908900
1997-03-07 00:00:00+05:30,11.119850158691406,11.119850158691406,11.119850158691406,11.119850158691406,0
1997-03-10 00:00:00+05:30,7.447768358087666,7.5678937123899335,7.327643003785398,7.491313457489014,2021400
1997-03-11 00:00:00+05:30,7.507831141669773,7.657987712950982,7.449270434580194,7.5919189453125,1704600
1997-03-12 00:00:00+05:30,7.748083609398621,7.913255823508009,7.509334550507636,7.539365768432617,933300
1997-03-13 00:00:00+05:30,7.569398825193193,7.612944462628359,7.485311497680291,7.500327110290527,833400
1997-03-14 00:00:00+05:30,7.468791121591494,7.515339656346226,7.387706227955509,7.432753562927246,755100
1997-03-17 00:00:00+05:30,7.507832293268793,7.627957671823728,7.368186676023193,7.579907417297363,1502100
1997-03-18 00:00:00+05:30,7.539360037259342,7.596419514150866,7.4702878761206755,7.509328842163086,1227600
1997-03-19 00:00:00+05:30,7.6730061779629155,7.776614771435002,7.5078339395523965,7.537865161895752,588600
1997-03-20 00:00:00+05:30,7.492815437432287,7.582909585223447,7.44776862129764,7.518342018127441,687600
1997-03-21 00:00:00+05:30,7.536359943858798,7.551375547025356,7.48230336004176,7.50482702255249,391500
1997-03-24 00:00:00+05:30,7.504827022552491,7.504827022552491,7.504827022552491,7.50482702255249,0
1997-03-25 00:00:00+05:30,7.507829238560731,7.507829238560731,7.357672705341691,7.407224655151367,676800
1997-03-26 00:00:00+05:30,7.357673477246045,7.386203484466876,6.889184797002366,6.890686511993408,420300
1997-03-27 00:00:00+05:30,6.727016849401537,6.99729879249648,6.546829059178874,6.911709785461426,642600
1997-03-28 00:00:00+05:30,6.911709785461425,6.911709785461425,6.911709785461425,6.911709785461426,0
1997-03-31 00:00:00+05:30,6.428205856184378,6.428205856184378,6.220989754137021,6.225494384765625,276300
1997-04-01 00:00:00+05:30,5.946203626581976,6.410187319394609,5.76601529421636,6.3546295166015625,690300
1997-04-02 00:00:00+05:30,6.569349994443053,6.66695165207971,6.5258043936332815,6.63692045211792,270000
1997-04-03 00:00:00+05:30,6.636923463583353,6.78708004704666,6.606892249995075,6.650437355041504,175500
1997-04-04 00:00:00+05:30,6.456733350564003,6.722511114826659,6.24651439854323,6.609893321990967,262800
1997-04-07 00:00:00+05:30,6.60689040767826,6.6519372154994745,6.561843084335274,6.609893321990967,360900
1997-04-08 00:00:00+05:30,6.609893321990966,6.609893321990966,6.609893321990966,6.609893321990967,0
1997-04-09 00:00:00+05:30,6.7555458910792545,6.7870788142760405,6.653439577216416,6.7225117683410645,132300
1997-04-10 00:00:00+05:30,6.636925044710777,6.689479938771475,6.48676842547537,6.534818172454834,276300
1997-04-11 00:00:00+05:30,6.456736499673544,6.6669560697453525,6.426705279812434,6.630918502807617,211500
1997-04-14 00:00:00+05:30,9.946374893188477,9.946374893188477,9.946374893188477,9.946374893188477,0
1997-04-15 00:00:00+05:30,6.61590141290029,6.66695457834799,6.576860423396697,6.591876029968262,194400
1997-04-16 00:00:00+05:30,6.591876029968262,6.591876029968262,6.591876029968262,6.591876029968262,0
1997-04-17 00:00:00+05:30,6.60689386077494,6.681971913049883,6.60689386077494,6.608395576477051,123300
1997-04-18 00:00:00+05:30,6.608395576477051,6.608395576477051,6.608395576477051,6.608395576477051,0
1997-04-21 00:00:00+05:30,6.6669531948960525,6.799091227036674,6.606890781073279,6.755545616149902,187200
1997-04-22 00:00:00+05:30,6.757048583991929,7.222533923990531,6.72551565623184,7.215026378631592,433800
1997-04-23 00:00:00+05:30,7.2390503371639,7.447768114094301,7.2390503371639,7.408727645874023,668700
1997-04-24 00:00:00+05:30,7.357675923659921,7.928271102580444,7.329146422474879,7.860700607299805,2549700
1997-04-25 00:00:00+05:30,7.748082810091797,8.257113808838998,7.7345689180762704,8.099449157714844,4753800
1997-04-28 00:00:00+05:30,8.01836526812862,8.138490650352198,7.734569394158719,7.860700607299805,1717200
1997-04-29 00:00:00+05:30,7.77961443108897,7.980824155194067,7.32764302278372,7.386204242706299,2324700
1997-04-30 00:00:00+05:30,7.654982648262725,7.805139177374826,7.419237139851936,7.479299545288086,1307700
1997-05-01 00:00:00+05:30,7.479299545288086,7.479299545288086,7.479299545288086,7.479299545288086,0
1997-05-02 00:00:00+05:30,7.477798116103536,7.710540719340605,7.46278251417099,7.660989284515381,1813500
1997-05-05 00:00:00+05:30,7.567893453116053,7.627955870448542,7.395213230002404,7.4838056564331055,775800
1997-05-06 00:00:00+05:30,7.483806776021934,7.5198443349170665,7.329145564283577,7.402721881866455,797400
1997-05-07 00:00:00+05:30,7.522846702135063,7.552878428628718,7.38770573724016,7.50783109664917,589500
1997-05-08 00:00:00+05:30,7.507831096649171,7.546872083329987,7.477799885677385,7.50783109664917,298800
1997-05-09 00:00:00+05:30,7.468790625490223,7.536361107937675,7.468790625490223,7.50783109664917,559800
1997-05-12 00:00:00+05:30,7.507831096649171,7.522846702135063,7.486809661386416,7.50783109664917,357300
1997-05-13 00:00:00+05:30,7.507827736832243,7.64296864125044,7.507827736832243,7.582906246185303,864900
1997-05-14 00:00:00+05:30,7.597924031242747,7.868205917852345,7.552877221981743,7.719551086425781,1121400
1997-05-15 00:00:00+05:30,7.868208091811475,7.943286127990287,7.793129540110733,7.851690769195557,921600
1997-05-16 00:00:00+05:30,7.838178725313114,7.86670823113076,7.524351068186691,7.748084545135498,773100
1997-05-19 00:00:00+05:30,7.835171541127925,7.898237385494171,7.719551341978278,7.742074489593506,450900
1997-05-20 00:00:00+05:30,7.718053052088558,7.725560599451406,7.612943264832422,7.65648889541626,441000
1997-05-21 00:00:00+05:30,7.627958866990421,7.733068654135084,7.627958866990421,7.671504497528076,167400
1997-05-22 00:00:00+05:30,7.665494493251375,7.6835130107243925,7.665494493251375,7.669999122619629,196200
1997-05-23 00:00:00+05:30,7.673001251264491,7.733064172907927,7.665493708260145,7.68801736831665,606600
1997-05-26 00:00:00+05:30,7.670002781848287,7.688021823439671,7.663996434651158,7.671504497528076,480600
1997-05-27 00:00:00+05:30,7.680514241309787,7.680514241309787,7.455279042690492,7.537865161895752,788400
1997-05-28 00:00:00+05:30,7.539362238683494,7.718048778067751,7.477798116103536,7.660989284515381,827100
1997-05-29 00:00:00+05:30,7.567893544191661,7.868206665511875,7.567893544191661,7.806642532348633,1856700
1997-05-30 00:00:00+05:30,7.737568184341536,7.89823567496941,7.737568184341536,7.839674472808838,1075500
1997-06-02 00:00:00+05:30,7.838173374504813,7.92676577846972,7.787120229614195,7.818652629852295,705600
1997-06-03 00:00:00+05:30,7.808143361034565,7.95679871504719,7.808143361034565,7.89523458480835,1106100
1997-06-04 00:00:00+05:30,7.886224146581896,8.22858163720366,7.869707344656233,8.141490936279297,3583800
1997-06-05 00:00:00+05:30,8.20906510148303,8.279638516734733,8.112964583350927,8.237594604492188,2242800
1997-06-06 00:00:00+05:30,8.20756011646876,8.363723009585463,8.201553772037842,8.336694717407227,2801700
1997-06-09 00:00:00+05:30,8.378738609289409,8.431293478635045,8.258613267288215,8.381741523742676,1942200
1997-06-10 00:00:00+05:30,8.859239761415521,8.859239761415521,8.411773040909358,8.578446388244629,1608300
1997-06-11 00:00:00+05:30,8.739114966114034,9.001888822768846,8.739114966114034,8.965851783752441,2927700
1997-06-12 00:00:00+05:30,8.964348082076896,9.159552458543537,8.964348082076896,9.131022453308105,1770300
1997-06-13 00:00:00+05:30,9.158053323745106,9.158053323745106,8.89678062125988,9.039429664611816,1293300
1997-06-16 00:00:00+05:30,8.92230929653419,9.107001237647864,8.92230929653419,9.057450294494629,1504800
1997-06-17 00:00:00+05:30,9.039427651471104,9.099490067597557,9.039427651471104,9.060449600219727,1081800
1997-06-18 00:00:00+05:30,9.159552458543537,9.159552458543537,9.099489018299598,9.131022453308105,972900
1997-06-19 00:00:00+05:30,9.129521488888551,9.640053011273992,9.129521488888551,9.38779067993164,1521900
1997-06-20 00:00:00+05:30,9.287184161711995,9.760177378692722,9.287184161711995,9.63254451751709,2384100
1997-06-23 00:00:00+05:30,9.700118190673322,10.306750297546388,9.64155696884039,10.306750297546387,1151100
1997-06-24 00:00:00+05:30,10.48093200010094,10.862329483032227,10.228668610897419,10.862329483032227,1148400
1997-06-25 00:00:00+05:30,10.841309059606566,11.622123685325828,10.841309059606566,11.105584144592285,1359900
1997-06-26 00:00:00+05:30,10.99146461888857,11.411903640757329,10.709171025398122,11.189672470092773,2088000
1997-06-27 00:00:00+05:30,11.081559062318297,11.321809779855803,11.081559062318297,11.21219539642334,962100
1997-06-30 00:00:00+05:30,11.309795907232875,11.31129710675125,11.201682734775579,11.204686164855957,549000
1997-07-01 00:00:00+05:30,11.246732003697863,11.246732003697863,10.923894661146013,11.065042495727539,1554300
1997-07-02 00:00:00+05:30,11.065037147055936,11.110084460089885,10.871335041366255,10.931397438049316,870300
1997-07-03 00:00:00+05:30,10.87284177245199,10.899870586441772,10.167105674743652,10.167105674743652,463500
1997-07-04 00:00:00+05:30,9.760181753701145,9.790212967966138,9.455363949419814,9.746667861938477,1628100
1997-07-07 00:00:00+05:30,9.677593697484918,10.429878234863281,9.677593697484918,10.429878234863281,324900
1997-07-08 00:00:00+05:30,10.808276367822826,11.156640354989491,10.285730902594818,10.895367622375488,1575900
1997-07-09 00:00:00+05:30,10.811274860760452,11.171650345771294,10.811274860760452,11.117593765258789,819000
1997-07-10 00:00:00+05:30,11.126603763812593,11.261744708563706,10.997469678986713,11.050024032592773,374400
1997-07-11 00:00:00+05:30,10.967438895108298,11.104081044584266,10.9614320349516,11.045519828796387,1763100
1997-07-14 00:00:00+05:30,11.012488139603615,11.171653464772012,10.856324182948917,11.035011291503906,1017900
1997-07-15 00:00:00+05:30,11.01999252325083,11.141619576393047,10.871337694318589,10.932902336120605,712800
1997-07-16 00:00:00+05:30,10.96143118281154,11.051525829809082,10.874340996702404,10.91488265991211,190800
1997-07-17 00:00:00+05:30,10.721182320387493,10.721182320387493,10.210650712692228,10.596552848815918,333900
1997-07-18 00:00:00+05:30,10.59655284881592,10.59655284881592,10.59655284881592,10.596552848815918,0
1997-07-21 00:00:00+05:30,10.060490175602899,10.510960238898512,10.060490175602899,10.474922180175781,184500
1997-07-22 00:00:00+05:30,10.51096206757563,10.751212741062087,10.51096206757563,10.68514347076416,283500
1997-07-23 00:00:00+05:30,10.751214743645205,10.961433219939256,10.751214743645205,10.833800315856934,377100
1997-07-24 00:00:00+05:30,10.81127675303495,10.892361122473972,10.662621903889457,10.69865894317627,153900
1997-07-25 00:00:00+05:30,10.60105630311976,10.811275783588108,10.60105630311976,10.758720397949219,222300
1997-07-28 00:00:00+05:30,10.721183382333624,10.781246840109235,10.676137077806692,10.704667091369629,180900
1997-07-29 00:00:00+05:30,10.586042576327888,10.856324531996579,10.586042576327888,10.812779426574707,506700
1997-07-30 00:00:00+05:30,10.811277374119591,11.048524666532769,10.722684939391804,10.82178783416748,249300
1997-07-31 00:00:00+05:30,10.826292255371213,10.868336156838769,10.78575058462704,10.833800315856934,169200
1997-08-01 00:00:00+05:30,10.961434067055595,11.021497524539427,10.797764109663124,10.835302352905273,226800
1997-08-04 00:00:00+05:30,10.781246462580198,11.036512282773524,10.781246462580198,10.947919845581055,520200
1997-08-05 00:00:00+05:30,10.991468153856427,11.56206444734324,10.946421837771531,11.390885353088379,710100
1997-08-06 00:00:00+05:30,11.111587871565279,11.742245224393944,11.111587871565279,11.347333908081055,117900
1997-08-07 00:00:00+05:30,11.562060632864,12.102624495896148,11.562060632864,11.75876522064209,716400
1997-08-08 00:00:00+05:30,11.682184767440804,11.71221597677901,11.441934061691466,11.566564559936523,341100
1997-08-11 00:00:00+05:30,11.535029850373075,11.604102552187916,11.458450120332689,11.520014762878418,175500
1997-08-12 00:00:00+05:30,11.63113128836646,11.772278071475963,11.584582760516726,11.629630088806152,364500
1997-08-13 00:00:00+05:30,11.49298712450435,11.607106131452129,11.471965175039136,11.5275239944458,185400
1997-08-14 00:00:00+05:30,11.488479693800846,11.501993579938723,11.306790252942477,11.357843399047852,613800
1997-08-15 00:00:00+05:30,11.357843399047852,11.357843399047852,11.357843399047852,11.357843399047852,0
1997-08-18 00:00:00+05:30,11.381875220805853,11.389383283261417,11.17165565831408,11.191176414489746,216900
1997-08-19 00:00:00+05:30,11.209192729864217,11.209192729864217,10.992967378659198,11.065042495727539,451800
1997-08-20 00:00:00+05:30,11.022993559845274,11.261741953951343,11.02149236075295,11.147624015808105,688500
1997-08-21 00:00:00+05:30,11.20468507380567,11.261744053514981,10.916384683384152,10.956926345825195,1097100
1997-08-22 00:00:00+05:30,10.961431831586472,10.961431831586472,10.293235153864414,10.359304428100586,869400
1997-08-25 00:00:00+05:30,10.16560526659064,10.210652606052525,9.637054009816435,9.691110610961914,765900
1997-08-26 00:00:00+05:30,9.755674193137295,10.360804989370077,9.656570287887785,10.17611312866211,1097100
1997-08-27 00:00:00+05:30,10.479431328280114,10.65361277628712,10.060494514565232,10.09953498840332,769500
1997-08-28 00:00:00+05:30,10.211312305788452,10.211312305788452,9.730957715693085,9.800443649291992,812700
1997-08-29 00:00:00+05:30,9.70074774784188,9.727938259068798,9.114654541015625,9.114654541015625,1166400
1997-09-01 00:00:00+05:30,8.82916146004434,9.184141048020773,8.489287827816696,8.715869903564453,2069100
1997-09-02 00:00:00+05:30,9.014961098682505,9.214353738027894,8.202285101181586,8.227964401245117,2326500
1997-09-03 00:00:00+05:30,8.459078681163513,8.803483963012695,8.288386739843537,8.803483963012695,882900
1997-09-04 00:00:00+05:30,8.80347979817448,9.419783749769586,8.80347979817448,9.416762351989746,1151100
1997-09-05 00:00:00+05:30,9.637304525342318,9.862376404655185,9.520992615618841,9.792891502380371,987300
1997-09-08 00:00:00+05:30,9.582924311677193,9.865396499633789,9.582924311677193,9.865396499633789,400500
1997-09-09 00:00:00+05:30,9.68866354943585,9.868419647216797,9.68866354943585,9.868419647216797,503100
1997-09-10 00:00:00+05:30,10.211314037622376,10.23850455093322,9.679600775286639,9.78533935546875,738900
1997-09-11 00:00:00+05:30,9.712830612454972,9.847269852940016,9.607092058794562,9.7974214553833,347400
1997-09-12 00:00:00+05:30,9.878992073040541,10.483211562351935,9.81857033155178,10.437895774841309,1604700
1997-09-15 00:00:00+05:30,10.453002985593201,10.634269287051552,10.022496686493254,10.161467552185059,3075300
1997-09-16 00:00:00+05:30,10.22641689263557,10.483209768630402,10.128231320213326,10.30496597290039,920700
1997-09-17 00:00:00+05:30,10.661458702344184,10.815535524416163,10.456024322531027,10.527020454406738,244800
1997-09-18 00:00:00+05:30,10.634269841439705,10.962058967112743,10.498320367561623,10.835172653198242,1138500
1997-09-19 00:00:00+05:30,10.936379060460766,11.310995183271395,10.845746428648809,11.233957290649414,1393200
1997-09-22 00:00:00+05:30,11.310998776909294,11.449969686276686,10.634272629176138,10.70828914642334,1881000
1997-09-23 00:00:00+05:30,10.576866610034973,10.750578857512188,10.362368079374413,10.437895774841309,1275300
1997-09-24 00:00:00+05:30,10.664475811025726,10.78229891073709,10.543632350858365,10.634264945983887,299700
1997-09-25 00:00:00+05:30,10.591971958765715,10.709795085522217,10.363878682549808,10.418258666992188,374400
1997-09-26 00:00:00+05:30,10.48170180218432,10.724899995617237,10.415237261554134,10.471128463745117,391500
1997-09-29 00:00:00+05:30,10.453002482153929,10.54363614712405,10.301948102557176,10.356327056884766,198900
1997-09-30 00:00:00+05:30,10.422788961750998,10.422788961750998,9.87899125875161,10.048172950744629,461700
1997-10-01 00:00:00+05:30,10.120684265317632,10.419773772745058,10.120684265317632,10.256633758544922,279000
1997-10-02 00:00:00+05:30,10.25663375854492,10.25663375854492,10.25663375854492,10.256633758544922,0
1997-10-03 00:00:00+05:30,10.25663375854492,10.25663375854492,10.25663375854492,10.256633758544922,0
1997-10-06 00:00:00+05:30,10.25663375854492,10.25663375854492,10.25663375854492,10.256633758544922,0
1997-10-07 00:00:00+05:30,10.25663375854492,10.25663375854492,10.25663375854492,10.256633758544922,0
1997-10-08 00:00:00+05:30,10.25663375854492,10.25663375854492,10.25663375854492,10.256633758544922,0
1997-10-09 00:00:00+05:30,10.333667986303137,10.55873986798529,10.333667986303137,10.51040267944336,324900
1997-10-10 00:00:00+05:30,10.604058306838546,10.723391634334257,10.513424638382281,10.68864917755127,336600
1997-10-13 00:00:00+05:30,10.845744353264235,10.845744353264235,10.528528646804942,10.582908630371094,246600
1997-10-14 00:00:00+05:30,10.573849341954466,10.724903754678392,10.513426539652597,10.635781288146973,404100
1997-10-15 00:00:00+05:30,10.634270099041505,10.693181677444022,10.573848339679198,10.604059219360352,75600
1997-10-16 00:00:00+05:30,10.64333325922463,10.724902738084962,10.573848339679198,10.604059219360352,173700
1997-10-17 00:00:00+05:30,10.604061517943665,10.634272404173462,10.514939040541412,10.573850631713867,96300
1997-10-20 00:00:00+05:30,10.573846535983602,10.604057410511357,10.433365502684124,10.569314956665039,162900
1997-10-21 00:00:00+05:30,10.575360457607534,10.634272046800216,10.543639391156605,10.572339057922363,341100
1997-10-22 00:00:00+05:30,10.558744928591906,10.564787728313316,10.199234647603676,10.451496124267578,111600
1997-10-23 00:00:00+05:30,10.45300206276923,10.45300206276923,10.362369438647448,10.397111892700195,102600
1997-10-24 00:00:00+05:30,10.362370481205481,10.392581358952258,10.33971258219843,10.341222763061523,153900
1997-10-27 00:00:00+05:30,10.271737595904707,10.301948472910134,9.845761844540364,9.907694816589355,111600
1997-10-28 00:00:00+05:30,9.66751779350799,9.70075007229724,9.214353561401367,9.214353561401367,139500
1997-10-29 00:00:00+05:30,9.427342136419158,9.859359741210938,9.427342136419158,9.859359741210938,112500
1997-10-30 00:00:00+05:30,9.697728120119233,9.839720387355277,9.576884608372263,9.70830249786377,49500
1997-10-31 00:00:00+05:30,9.70830249786377,9.70830249786377,9.70830249786377,9.70830249786377,0
1997-11-03 00:00:00+05:30,9.682619804338707,9.803463273709324,9.43337885224709,9.527032852172852,90900
1997-11-04 00:00:00+05:30,9.522505655744222,9.56933267725471,9.217375444013214,9.342750549316406,115200
1997-11-05 00:00:00+05:30,9.425828042617182,9.516461702688893,9.312537523345561,9.401659965515137,67500
1997-11-06 00:00:00+05:30,9.286859579448397,9.286859579448397,8.919795380900528,9.07236099243164,85500
1997-11-07 00:00:00+05:30,9.064807584704683,9.138825115604556,9.03308652661339,9.091998100280762,90000
1997-11-10 00:00:00+05:30,9.04063983994756,9.576884746161296,9.033086861051668,9.395618438720703,225900
1997-11-11 00:00:00+05:30,9.380510596095592,9.471143202977595,9.153927523072836,9.36389446258545,148500
1997-11-12 00:00:00+05:30,9.347280864002856,9.365407182852643,9.221904738463579,9.274774551391602,318600
1997-11-13 00:00:00+05:30,9.200757020734791,9.330664725986516,9.200757020734791,9.274774551391602,373500
1997-11-14 00:00:00+05:30,9.274774551391602,9.274774551391602,9.274774551391602,9.274774551391602,0
1997-11-17 00:00:00+05:30,9.184142856283147,9.274775496984473,9.123720058603379,9.25362777709961,191700
1997-11-18 00:00:00+05:30,9.161481885782086,9.30649449361897,9.161481885782086,9.27779483795166,138600
1997-11-19 00:00:00+05:30,9.063293987576413,9.211327956364581,8.806501109115514,9.17054271697998,243900
1997-11-20 00:00:00+05:30,9.02099950066105,9.093505793676997,8.950003388070412,9.061784744262695,279000
1997-11-21 00:00:00+05:30,9.004386118091137,9.62975347536589,9.004386118091137,9.28987979888916,537300
1997-11-24 00:00:00+05:30,9.306493300946695,9.715852814845391,9.304983120487842,9.65996265411377,379800
1997-11-25 00:00:00+05:30,9.516459696945967,9.576881432784274,9.321598717237407,9.457548141479492,1515600
1997-11-26 00:00:00+05:30,9.545163960465787,9.569332041528293,9.366919046917372,9.474167823791504,338400
1997-11-27 00:00:00+05:30,9.546674284464014,9.727940599816158,9.397130066974292,9.428851127624512,624600
1997-11-28 00:00:00+05:30,9.486252233812303,9.545163810423198,9.252117145494754,9.40317153930664,189900
1997-12-01 00:00:00+05:30,9.667515768151604,9.6826217234228,9.277794776140883,9.301962852478027,130500
1997-12-02 00:00:00+05:30,9.27477475057125,9.365407383978665,8.859373365666036,8.937922477722168,421200
1997-12-03 00:00:00+05:30,9.18112102222399,9.285349435724028,9.10257190756695,9.156951904296875,56700
1997-12-04 00:00:00+05:30,8.915264778752148,9.116168647978302,8.915264778752148,8.963603019714355,124200
1997-12-05 00:00:00+05:30,8.912242202440005,9.060276213487647,8.912242202440005,9.025532722473145,79200
1997-12-08 00:00:00+05:30,9.002876465420165,9.093509105394165,8.998344885282076,9.063298225402832,98100
1997-12-09 00:00:00+05:30,9.033082157624976,9.063293020265919,8.912238707061206,8.942449569702148,135000
1997-12-10 00:00:00+05:30,8.91224175546621,9.004384555014184,8.851818972305285,9.002874374389648,64800
1997-12-11 00:00:00+05:30,8.942450416862261,9.002872147868178,8.928854645755974,8.956045150756836,59400
1997-12-12 00:00:00+05:30,8.91526325103766,8.972664643040941,8.912242889404297,8.912242889404297,52200
1997-12-15 00:00:00+05:30,8.922812042240311,8.95604430230883,8.882026807208652,8.942449569702148,245700
1997-12-16 00:00:00+05:30,8.912244168605007,8.9666231323559,8.912244168605007,8.927349090576172,117900
1997-12-17 00:00:00+05:30,8.999852087198382,9.063295225343404,8.950003684967607,9.034594535827637,66600
1997-12-18 00:00:00+05:30,9.063295032951338,9.362384402775168,9.0028732942516,9.048190116882324,109800
1997-12-19 00:00:00+05:30,9.007404735042252,9.063294894345367,8.942451418793965,8.966619491577148,46800
1997-12-22 00:00:00+05:30,8.942453454193737,9.060276595722463,8.942453454193737,8.995322227478027,103500
1997-12-23 00:00:00+05:30,8.94245345216333,9.02855449993228,8.47418280350082,8.545178413391113,128700
1997-12-24 00:00:00+05:30,8.519499933221915,9.063297823368254,8.46209957494824,9.051213264465332,186300
1997-12-25 00:00:00+05:30,9.051213264465332,9.051213264465332,9.051213264465332,9.051213264465332,0
1997-12-26 00:00:00+05:30,9.063296714570539,9.063296714570539,8.836714633800188,8.850309371948242,52200
1997-12-29 00:00:00+05:30,8.812541555775114,8.821604710464603,8.527048034209965,8.647891998291016,77400
1997-12-30 00:00:00+05:30,8.55273096409898,8.610131832610932,8.308022052927603,8.360891342163086,115200
1997-12-31 00:00:00+05:30,8.517987453947143,8.685658459407497,8.517987453947143,8.578409194946289,79200
1998-01-01 00:00:00+05:30,8.6252365273702,8.655447399017117,8.504392522176573,8.592004776000977,90000
1998-01-02 00:00:00+05:30,8.604091065785903,8.610133345418165,8.428867549480824,8.45605754852295,80100
1998-01-05 00:00:00+05:30,8.57991989405305,8.67055250555177,8.519497634447962,8.578409194946289,163800
1998-01-06 00:00:00+05:30,8.52856336213778,8.52856336213778,8.076908820675893,8.232495307922363,191700
1998-01-07 00:00:00+05:30,8.413760330459056,8.489287513375464,8.326148590833627,8.389591217041016,93600
1998-01-08 00:00:00+05:30,8.292915821470132,8.36542212016066,8.166029539458727,8.175092697143555,56700
1998-01-09 00:00:00+05:30,8.099566503693403,8.111650542540646,7.854857067597967,8.034612655639648,99000
1998-01-12 00:00:00+05:30,7.857875071618426,7.857875071618426,7.320119757745861,7.419816017150879,136800
1998-01-13 00:00:00+05:30,7.462115302617039,7.567853374388263,7.4167984675375935,7.493836879730225,220500
1998-01-14 00:00:00+05:30,7.673591699065948,7.703802575668812,7.49232592084272,7.531600475311279,61200
1998-01-15 00:00:00+05:30,7.492324195921838,7.58295680486453,7.492324195921838,7.54972505569458,36000
1998-01-16 00:00:00+05:30,7.918299915266484,7.930383952862854,7.492324754496789,7.558788776397705,40500
1998-01-19 00:00:00+05:30,7.493835901326827,7.552746949468913,7.4062236415352185,7.516493797302246,41400
1998-01-20 00:00:00+05:30,7.628276406932028,7.628276406932028,7.462116044732081,7.466647624969482,154800
1998-01-21 00:00:00+05:30,7.492325142316446,7.99684890730468,7.492325142316446,7.808029651641846,422100
1998-01-22 00:00:00+05:30,7.711351226238659,7.7944313495720445,7.613165673081545,7.628271102905273,74700
1998-01-23 00:00:00+05:30,7.6358256291977815,7.6358256291977815,7.564830037913094,7.581446170806885,108900
1998-01-26 00:00:00+05:30,7.581446170806885,7.581446170806885,7.581446170806885,7.581446170806885,0
1998-01-27 00:00:00+05:30,7.4923241801017335,7.55274591926928,7.161513757923415,7.36694860458374,164700
1998-01-28 00:00:00+05:30,7.311057588189948,7.371479843176653,7.282357418990837,7.288399696350098,144900
1998-01-29 00:00:00+05:30,7.190214799495041,7.190214799495041,6.9485267937661765,7.025564670562744,70200
1998-01-30 00:00:00+05:30,7.028590092532408,7.031610973925872,6.585998555499447,6.765754222869873,343800
1998-02-02 00:00:00+05:30,6.79445107687199,7.036139102353818,6.76877178250772,6.990822792053223,86400
1998-02-03 00:00:00+05:30,6.978738393985142,7.220426424966118,6.978738393985142,7.126772403717041,117000
1998-02-04 00:00:00+05:30,7.2657422228719994,7.398670786100085,7.199278200560941,7.2672529220581055,74700
1998-02-05 00:00:00+05:30,7.280848603311194,7.280848603311194,7.129793704680442,7.246106147766113,175500
1998-02-06 00:00:00+05:30,7.199279482828758,7.40169298418613,7.199279482828758,7.398672103881836,88200
1998-02-09 00:00:00+05:30,7.342779314362732,7.401690871633741,7.2249567184266255,7.285378456115723,273600
1998-02-10 00:00:00+05:30,7.474200227377712,7.474200227377712,7.280849861485528,7.303508281707764,72000
1998-02-11 00:00:00+05:30,7.250638045679981,7.311059800342972,7.1977687510468344,7.2491278648376465,56700
1998-02-12 00:00:00+05:30,7.280849296443538,7.386587891133123,7.253659298008204,7.369971752166748,52200
1998-02-13 00:00:00+05:30,7.3714800431058025,7.4016909121155825,7.274804639947407,7.338247776031494,156600
1998-02-16 00:00:00+05:30,7.338247776031494,7.338247776031494,7.338247776031494,7.338247776031494,0
1998-02-17 00:00:00+05:30,7.282360561128644,7.386588464381127,7.280849861485528,7.303508281707764,37800
1998-02-18 00:00:00+05:30,7.311057608727538,7.401690732159243,7.305015849957207,7.363926887512207,32400
1998-02-19 00:00:00+05:30,7.282359912942074,7.383566926506241,7.280849213433423,7.360908508300781,31500
1998-02-20 00:00:00+05:30,7.386584351654889,7.386584351654889,7.160001831408255,7.244592666625977,29700
1998-02-23 00:00:00+05:30,7.190215109871148,7.379033321478613,7.160003718896458,7.372991561889648,44100
1998-02-24 00:00:00+05:30,7.238550485879155,7.7037990151932,7.235529088451645,7.588997840881348,119700
1998-02-25 00:00:00+05:30,7.734013543574643,7.854857043309512,7.705312849363399,7.7778191566467285,56700
1998-02-26 00:00:00+05:30,7.823135864936954,8.060291799913147,7.767245176719678,7.844283580780029,71100
1998-02-27 00:00:00+05:30,7.8548572260438885,8.073887370923872,7.8548572260438885,7.966638088226318,76500
1998-03-02 00:00:00+05:30,8.081441713703915,8.202285763015727,7.990808547068521,8.063315391540527,76500
1998-03-03 00:00:00+05:30,7.885066933412677,8.00591092871238,7.433412520427761,7.498366355895996,80100
1998-03-04 00:00:00+05:30,7.643382572126602,7.945492444523966,7.643382572126602,7.866943836212158,72900
1998-03-05 00:00:00+05:30,7.7642274752938025,7.945493314866697,7.7642274752938025,7.794438362121582,42300
1998-03-06 00:00:00+05:30,7.734016115193079,7.734016115193079,7.601087495236533,7.623745918273926,36000
1998-03-09 00:00:00+05:30,7.5527474415913005,7.824646359860708,7.5527474415913005,7.76271390914917,70200
1998-03-10 00:00:00+05:30,7.853346912372296,7.853346912372296,7.311059266426026,7.368460655212402,87300
1998-03-11 00:00:00+05:30,7.582959101537286,7.64338137773861,7.34127155255024,7.508942604064941,78300
1998-03-12 00:00:00+05:30,7.445498270874429,7.533110012985387,7.371481266492309,7.385076522827148,30600
1998-03-13 00:00:00+05:30,7.385076522827148,7.385076522827148,7.385076522827148,7.385076522827148,0
1998-03-16 00:00:00+05:30,7.5527458804368095,7.62072059595377,7.447007318831331,7.4757080078125,32400
1998-03-17 00:00:00+05:30,7.4621160532670245,7.4621160532670245,7.051246208928502,7.167558670043945,57600
1998-03-18 00:00:00+05:30,7.250638901665031,7.551238566837513,7.250638901665031,7.412267684936523,61200
1998-03-19 00:00:00+05:30,7.507430115220131,7.507430115220131,7.376012253305962,7.388096809387207,20700
1998-03-20 00:00:00+05:30,7.42132980646382,7.42132980646382,7.2536587667662165,7.327676296234131,40500
1998-03-23 00:00:00+05:30,7.327676296234131,7.327676296234131,7.327676296234131,7.327676296234131,0
1998-03-24 00:00:00+05:30,7.490814055320006,7.749118202857646,7.308037606138014,7.558788776397705,142200
1998-03-25 00:00:00+05:30,7.703802098920336,8.315574645996094,7.703802098920336,8.315574645996094,183600
1998-03-26 00:00:00+05:30,8.76118905603313,8.76118905603313,8.119205473559454,8.237028121948242,168300
1998-03-27 00:00:00+05:30,8.125247343403423,8.323129286623349,8.125247343403423,8.29896068572998,53100
1998-03-30 00:00:00+05:30,8.368441837074224,8.517986511124699,8.005910393994645,8.049715995788574,75600
1998-03-31 00:00:00+05:30,7.945488699260922,8.459075551410832,7.829176282074058,8.327657699584961,332100
1998-04-01 00:00:00+05:30,8.459076881408691,8.607110890194233,8.30802199266275,8.459076881408691,252900
1998-04-02 00:00:00+05:30,8.57689815109916,9.06329501357341,8.459075553444217,8.489286422729492,329400
1998-04-03 00:00:00+05:30,8.549711410394673,8.57992228932828,8.40167737757147,8.513458251953125,81900
1998-04-06 00:00:00+05:30,8.428862850985674,8.610128545880205,8.156964049340974,8.552727699279785,180900
1998-04-07 00:00:00+05:30,8.493820068683512,8.912242836414235,8.43792989504132,8.806504249572754,497700
1998-04-08 00:00:00+05:30,8.806504249572754,8.806504249572754,8.806504249572754,8.806504249572754,0
1998-04-09 00:00:00+05:30,9.15392811887788,9.687152531908827,9.078401460166294,9.67204761505127,493200
1998-04-10 00:00:00+05:30,9.516463340907046,9.969627570427827,9.36540790625866,9.375982284545898,240300
1998-04-13 00:00:00+05:30,9.138827228913756,9.304987610834477,8.655451006664922,8.75816822052002,279000
1998-04-14 00:00:00+05:30,8.75816822052002,8.75816822052002,8.75816822052002,8.75816822052002,0
1998-04-15 00:00:00+05:30,9.350305253750161,9.604077947669504,9.129764846493462,9.197739601135254,179100
1998-04-16 00:00:00+05:30,9.395616480986533,9.395616480986533,8.974173415283728,9.019490242004395,81000
1998-04-17 00:00:00+05:30,8.972667954435401,8.972667954435401,8.67660031886016,8.8291654586792,100800
1998-04-20 00:00:00+05:30,8.76269754986661,9.002875418093712,8.761187369066999,8.946985244750977,152100
1998-04-21 00:00:00+05:30,8.89562848425223,8.89562848425223,8.45907931035457,8.735509872436523,256500
1998-04-22 00:00:00+05:30,8.972665074514868,8.972665074514868,8.625238418579102,8.625238418579102,87300
1998-04-23 00:00:00+05:30,8.549712049695245,8.640344693273082,8.338234844134707,8.403188705444336,45000
1998-04-24 00:00:00+05:30,8.187176236032045,8.247597971232624,7.924340546976561,8.197750091552734,45900
1998-04-27 00:00:00+05:30,8.09654450779305,8.277810781796957,8.046696619535863,8.166029930114746,54900
1998-04-28 00:00:00+05:30,8.123737809706144,8.247602749796759,7.975703746647279,8.113163948059082,188100
1998-04-29 00:00:00+05:30,8.332190361331518,8.335211759815666,8.11165005344031,8.152435302734375,66600
1998-04-30 00:00:00+05:30,8.138845792310194,8.308027631463135,8.098061032830497,8.247605323791504,41400
1998-05-01 00:00:00+05:30,8.247605323791504,8.247605323791504,8.247605323791504,8.247605323791504,0
1998-05-04 00:00:00+05:30,8.304999822424,8.504392402251442,8.00591147128879,8.240046501159668,73800
1998-05-05 00:00:00+05:30,8.306512874751883,8.610133409329453,8.241559535086662,8.508926391601562,99900
1998-05-06 00:00:00+05:30,8.576899430070927,8.576899430070927,8.41376050416109,8.481735229492188,142200
1998-05-07 00:00:00+05:30,8.481735229492188,8.481735229492188,8.481735229492188,8.481735229492188,0
1998-05-08 00:00:00+05:30,8.456054814620666,8.459075694157077,8.315573284756042,8.410737991333008,52200
1998-05-11 00:00:00+05:30,8.610133784891998,8.640344665989213,8.385061839087339,8.436420440673828,51300
1998-05-12 00:00:00+05:30,8.428867723548324,8.430377904533005,8.073888584928598,8.1856689453125,104400
1998-05-13 00:00:00+05:30,8.096545758052837,8.096545758052837,7.889600676959221,7.977212429046631,77400
1998-05-14 00:00:00+05:30,7.8926220007598875,7.942470418121641,7.401693399266198,7.817094802856445,87300
1998-05-15 00:00:00+05:30,7.854859100465016,7.975703150454466,7.764226451927543,7.945492267608643,50400
1998-05-18 00:00:00+05:30,7.945489707431903,8.005911972260586,7.915278834320555,7.981742858886719,1816200
1998-05-19 00:00:00+05:30,7.90168439966633,7.94397931247868,7.7642242475566725,7.82464599609375,89100
1998-05-20 00:00:00+05:30,8.00591371752196,8.036124597219175,7.854858281823684,7.963618278503418,42300
1998-05-21 00:00:00+05:30,7.859391278396695,8.005914632134026,7.859391278396695,7.943981647491455,309600
1998-05-22 00:00:00+05:30,7.9605971438679,7.975702584218399,7.854858542808287,7.925854682922363,103500
1998-05-25 00:00:00+05:30,7.885069318518163,7.915280196829909,7.735525107850766,7.854857921600342,84600
1998-05-26 00:00:00+05:30,7.915280781958439,7.915280781958439,7.590512519583837,7.712867259979248,236700
1998-05-27 00:00:00+05:30,7.854857286045496,7.854857286045496,7.622232919539939,7.632806777954102,32400
1998-05-28 00:00:00+05:30,7.587490229679495,7.854857043309512,7.462114631959151,7.7778191566467285,29700
1998-05-29 00:00:00+05:30,7.582958025022646,7.7340134347783325,7.465135406996181,7.7264604568481445,38700
1998-06-01 00:00:00+05:30,7.711353778775567,7.95908405081863,7.54972505569458,7.54972505569458,72900
1998-06-02 00:00:00+05:30,7.401692644183275,7.5950429771399985,6.97873882325332,7.052755832672119,40500
1998-06-03 00:00:00+05:30,7.371480183160714,7.4016910527444875,7.2884000325023734,7.36694860458374,27900
1998-06-04 00:00:00+05:30,7.280847193062718,7.484771344506476,7.250636322909407,7.395649433135986,18900
1998-06-05 00:00:00+05:30,7.250636079346433,7.279336768052121,6.691732925861067,6.906230926513672,44100
1998-06-08 00:00:00+05:30,6.676628302185922,6.676628302185922,6.223463135647099,6.285396099090576,37800
1998-06-09 00:00:00+05:30,6.344307509082847,6.374518902227935,6.253674885465613,6.288417339324951,70200
1998-06-10 00:00:00+05:30,6.344306262505103,6.46364007511706,6.283884525299072,6.283884525299072,38700
1998-06-11 00:00:00+05:30,5.9213563507589475,6.178149936088113,5.833744568076642,6.172108173370361,23400
1998-06-12 00:00:00+05:30,6.285397030424262,6.465152113289092,6.2310170364279776,6.318628787994385,42300
1998-06-15 00:00:00+05:30,6.306544864847817,6.312586625531505,6.057303826130292,6.058814525604248,33300
1998-06-16 00:00:00+05:30,5.936458622836277,5.936458622836277,5.6841972722414145,5.752171993255615,46800
1998-06-17 00:00:00+05:30,6.011986471274848,6.132830480385587,6.011986471274848,6.0391764640808105,49500
1998-06-18 00:00:00+05:30,6.1026191527324,6.253674023206288,5.906247458092188,5.963648319244385,54900
1998-06-19 00:00:00+05:30,5.891144275522177,5.891144275522177,5.635861441621886,5.773321628570557,47700
1998-06-22 00:00:00+05:30,5.43797882997274,5.740088649725431,5.43797882997274,5.714409351348877,161100
1998-06-23 00:00:00+05:30,5.528611092385674,5.619244239649813,5.289944444204222,5.433446884155273,187200
1998-06-24 00:00:00+05:30,5.589032703547502,5.7295137281267525,5.589032703547502,5.673623561859131,237600
1998-06-25 00:00:00+05:30,5.830722581979195,5.888123465772112,5.711388715304376,5.740089416503906,180900
1998-06-26 00:00:00+05:30,5.741599127663064,6.238569974607615,5.6796661554442265,5.912291049957275,281700
1998-06-29 00:00:00+05:30,6.042197920163625,6.042197920163625,5.7702990033841415,5.854889869689941,360900
1998-06-30 00:00:00+05:30,5.919841816446737,5.919841816446737,5.2718157889985875,5.379065036773682,217800
1998-07-01 00:00:00+05:30,5.377555211970055,5.5225683248676285,5.347344341260289,5.434956073760986,229500
1998-07-02 00:00:00+05:30,5.496889488956062,5.496889488956062,5.286923537269786,5.380577564239502,78300
1998-07-03 00:00:00+05:30,5.347345933463735,5.392662253021582,5.286924174053274,5.31260347366333,71100
1998-07-06 00:00:00+05:30,5.362450933136796,5.436467945363157,5.347345494524119,5.397193908691406,43200
1998-07-07 00:00:00+05:30,5.4047463377258715,5.453084052173102,5.256712314121376,5.3337507247924805,309600
1998-07-08 00:00:00+05:30,5.483293767358244,5.759724219164372,5.456103776330146,5.758213520050049,56700
1998-07-09 00:00:00+05:30,5.800509753471642,6.007455335295995,5.740088003763112,5.7718095779418945,60300
1998-07-10 00:00:00+05:30,5.800511181083336,5.88963416546844,5.734047136324734,5.740089416503906,110700
1998-07-13 00:00:00+05:30,5.684198717846246,5.797489775480097,5.634350299835206,5.634350299835205,36900
1998-07-14 00:00:00+05:30,5.619244626439555,5.619244626439555,5.437978838040238,5.468189716339111,41400
1998-07-15 00:00:00+05:30,5.528608926694042,5.589031174069938,5.286921493007961,5.32015323638916,181800
1998-07-16 00:00:00+05:30,5.377555269531679,5.466677702103619,5.333749662115405,5.347344398498535,129600
1998-07-17 00:00:00+05:30,5.4334462974495485,5.513505058925489,5.347344739054992,5.447041034698486,784800
1998-07-20 00:00:00+05:30,5.318645057271882,5.437978379514603,5.256712087793429,5.274838924407959,78300
1998-07-21 00:00:00+05:30,5.347344443192171,5.348855142338239,5.1041462551549515,5.120761871337891,125100
1998-07-22 00:00:00+05:30,5.218948094146292,5.314112288900007,5.214415996609765,5.289943695068359,18000
1998-07-23 00:00:00+05:30,5.303536351991613,5.303536351991613,5.196287643078424,5.20686149597168,33300
1998-07-24 00:00:00+05:30,5.1962892653425445,5.221968556299473,5.138888405802482,5.20233154296875,27000
1998-07-27 00:00:00+05:30,5.196290108485094,5.196290108485094,5.108678365204176,5.150973796844482,31500
1998-07-28 00:00:00+05:30,5.105654544192555,5.256709363265163,5.078464562666218,5.20686149597168,43200
1998-07-29 00:00:00+05:30,5.229521203371135,5.437976916003829,5.229521203371135,5.436466217041016,74700
1998-07-30 00:00:00+05:30,5.317134036634938,5.366981926752471,5.111699160446374,5.141910552978516,251100
1998-07-31 00:00:00+05:30,5.1358690639608,5.150975023377326,5.114721861711154,5.134358882904053,72900
1998-08-03 00:00:00+05:30,4.984811693069541,5.1358665457135375,4.984811693069541,5.11622953414917,195300
1998-08-04 00:00:00+05:30,5.120761131970559,5.135866565432367,4.999917145670213,5.093571662902832,853200
1998-08-05 00:00:00+05:30,5.084509240679875,5.144930983251174,5.075445564409416,5.120761871337891,80100
1998-08-06 00:00:00+05:30,5.135868131909207,5.196290402791549,5.0905518177019795,5.1766533851623535,3211200
1998-08-07 00:00:00+05:30,5.150973563911524,5.172121278775354,5.120762172244635,5.157015323638916,18000
1998-08-10 00:00:00+05:30,5.135869434535809,5.1872285593242875,4.9923674771797195,5.179675579071045,3128400
1998-08-11 00:00:00+05:30,5.135868162243065,5.135868162243065,5.016535356374364,5.079977989196777,3319200
1998-08-12 00:00:00+05:30,5.256713109050083,5.357920132946467,5.1056581823400125,5.134358882904053,428400
1998-08-13 00:00:00+05:30,5.132847262549386,5.28692356094816,5.0784672705013385,5.197801113128662,334800
1998-08-14 00:00:00+05:30,5.226501369674159,5.27937066313688,5.185716634318931,5.196290493011475,148500
1998-08-17 00:00:00+05:30,5.303587948144329,5.671467072605604,5.214683997432415,5.5411763191223145,705600
1998-08-18 00:00:00+05:30,5.366434401384473,5.561103515650414,5.366434401384473,5.4630022048950195,149400
1998-08-19 00:00:00+05:30,5.4721996440999545,5.51665188768424,5.337310984697842,5.432346343994141,120600
1998-08-20 00:00:00+05:30,5.435412742752767,5.54730879876775,5.426215381312433,5.53351354598999,135900
1998-08-21 00:00:00+05:30,5.571833408194914,5.571833408194914,5.444608614379998,5.521249771118164,113400
1998-08-24 00:00:00+05:30,5.48752906754098,5.639279500112055,5.463003994943594,5.608623027801514,153900
1998-08-25 00:00:00+05:30,5.581031359213058,5.821685744691504,5.579498377894833,5.7971601486206055,279000
1998-08-26 00:00:00+05:30,5.7971601486206055,5.7971601486206055,5.7971601486206055,5.7971601486206055,0
1998-08-27 00:00:00+05:30,5.827815618329362,6.039345408416161,5.778764965281319,5.953507423400879,182700
1998-08-28 00:00:00+05:30,6.0378122469937185,6.045476624426424,5.671466162315831,5.734312057495117,505800
1998-08-31 00:00:00+05:30,5.702123557824351,5.706721974538658,5.397090863649886,5.4630022048950195,623700
1998-09-01 00:00:00+05:30,5.364900931978886,5.513585339310611,5.334243946249397,5.4967241287231445,110700
1998-09-02 00:00:00+05:30,5.531979384354225,5.533512365309717,5.426214223526262,5.516651153564453,360900
1998-09-03 00:00:00+05:30,5.395558374141051,5.5641694582146535,5.395558374141051,5.542709827423096,109800
1998-09-04 00:00:00+05:30,5.410886900192202,5.5794979934123825,5.410886900192202,5.550374507904053,82800
1998-09-07 00:00:00+05:30,5.610153626956296,5.671467077547463,5.536577907250942,5.654605865478516,256500
1998-09-08 00:00:00+05:30,5.5810313073078435,5.702124726452388,5.567235528082475,5.671468257904053,113400
1998-09-09 00:00:00+05:30,5.702121986734811,5.8247483282646355,5.679129383243308,5.7864274978637695,199800
1998-09-10 00:00:00+05:30,5.7021219579306806,5.797157280041616,5.7021219579306806,5.77416467666626,83700
1998-09-11 00:00:00+05:30,5.6561372426534655,5.763434829817193,5.6561372426534655,5.740442752838135,86400
1998-09-14 00:00:00+05:30,5.691392167925871,5.778763640076865,5.691392167925871,5.763434886932373,81000
1998-09-15 00:00:00+05:30,5.732780751012261,5.884531153207649,5.732780751012261,5.807889461517334,298800
1998-09-16 00:00:00+05:30,5.947373818043227,6.273866004338538,5.907520539037439,6.114452362060547,215100
1998-09-17 00:00:00+05:30,6.192631606950506,6.250879119721825,5.827818292883336,5.961174011230469,279000
1998-09-18 00:00:00+05:30,5.832412847382472,5.978031809101622,5.832412847382472,5.970367431640625,102600
1998-09-21 00:00:00+05:30,6.005623541641821,6.033214567008337,5.948909036239286,6.0102219581604,59400
1998-09-22 00:00:00+05:30,5.948909863515206,5.978033347601236,5.6883288566031,5.882997989654541,125100
1998-09-23 00:00:00+05:30,5.9780339843035915,5.9780339843035915,5.8247511156040295,5.886064052581787,123300
1998-09-24 00:00:00+05:30,5.9719012712649935,6.131315503834986,5.9719012712649935,6.059272766113281,55800
1998-09-25 00:00:00+05:30,6.184966174409326,6.28459996396653,5.947377745079013,6.005625247955322,407700
1998-09-28 00:00:00+05:30,5.9473773547213185,5.9565741897678395,5.902925108237881,5.950442790985107,42300
1998-09-29 00:00:00+05:30,6.00869066649608,6.00869066649608,5.528915391441569,5.596359729766846,267300
1998-09-30 00:00:00+05:30,5.67913152761515,5.67913152761515,5.364901967941515,5.386361598968506,376200
1998-10-01 00:00:00+05:30,5.386361598968506,5.386361598968506,5.386361598968506,5.386361598968506,0
1998-10-02 00:00:00+05:30,5.386361598968506,5.386361598968506,5.386361598968506,5.386361598968506,0
1998-10-05 00:00:00+05:30,5.214684466050016,5.214684466050016,4.96636625838194,5.111984729766846,99900
1998-10-06 00:00:00+05:30,5.269867082458599,5.377164720968846,5.088993183641243,5.340376853942871,112500
1998-10-07 00:00:00+05:30,5.364902345709593,5.380230579486046,5.302055903094438,5.3603034019470215,28800
1998-10-08 00:00:00+05:30,5.395558209756488,5.395558209756488,5.242275362881853,5.256070613861084,178200
1998-10-09 00:00:00+05:30,5.381763290140656,5.383296271467669,5.249940052396897,5.34497594833374,59400
1998-10-12 00:00:00+05:30,5.272932442950709,5.364902372320773,5.259137190360018,5.349573612213135,43200
1998-10-13 00:00:00+05:30,5.242275949242814,5.3924928507541185,5.196290721658303,5.3603034019470215,78300
1998-10-14 00:00:00+05:30,5.269866989875788,5.31891712754525,5.119649561843287,5.292859077453613,37800
1998-10-15 00:00:00+05:30,5.2422769587050855,5.364903378785028,5.2422769587050855,5.351107597351074,27000
1998-10-16 00:00:00+05:30,5.295926177668702,5.3924940187511305,5.257605321799818,5.343443870544434,35100
1998-10-19 00:00:00+05:30,5.318914890289306,5.60555384698563,5.318914890289306,5.318914890289307,11700
1998-10-20 00:00:00+05:30,5.303589136290609,5.3649026005642115,5.260669869175639,5.34497594833374,38700
1998-10-21 00:00:00+05:30,5.34497594833374,5.34497594833374,5.34497594833374,5.34497594833374,0
1998-10-22 00:00:00+05:30,5.309720726089161,5.309720726089161,5.245341823103968,5.269867420196533,11700
1998-10-23 00:00:00+05:30,5.242274579592992,5.409352652482429,5.242274579592992,5.395557403564453,31500
1998-10-26 00:00:00+05:30,5.4584033725341685,5.574898341275928,5.456870391661114,5.554971694946289,30600
1998-10-27 00:00:00+05:30,5.398624461920839,5.60862237805629,5.36950097447628,5.593294143676758,57600
1998-10-28 00:00:00+05:30,5.518183725189919,5.579496643800914,5.426213821018417,5.461468696594238,148500
1998-10-29 00:00:00+05:30,5.395561202358801,5.518187653123249,5.364904721231534,5.508990287780762,118800
1998-10-30 00:00:00+05:30,5.443075061515304,5.551906176781213,5.3664339128291125,5.4967241287231445,193500
1998-11-02 00:00:00+05:30,5.371031461826588,5.518183405219423,5.349571836306069,5.510519027709961,45900
1998-11-03 00:00:00+05:30,5.487526175619061,5.581029051022075,5.432344659791748,5.527379989624023,205200
1998-11-04 00:00:00+05:30,5.527379989624023,5.527379989624023,5.527379989624023,5.527379989624023,0
1998-11-05 00:00:00+05:30,5.518183837778103,5.5932925329875305,5.46760020526246,5.554971694946289,66600
1998-11-06 00:00:00+05:30,5.564170278832131,5.607089546745084,5.556505898309738,5.596359729766846,19800
1998-11-09 00:00:00+05:30,5.668400372862006,5.760370273570653,5.5794964337214745,5.726647853851318,63900
1998-11-10 00:00:00+05:30,5.71745050734717,5.794092172085953,5.6469402389380825,5.77109956741333,71100
1998-11-11 00:00:00+05:30,5.878400342992777,5.878400342992777,5.748109559331638,5.787963390350342,100800
1998-11-12 00:00:00+05:30,5.674532149885925,5.794093081442173,5.674532149885925,5.79256010055542,167400
1998-11-13 00:00:00+05:30,5.694460812995007,5.824751604388863,5.694460812995007,5.818620204925537,71100
1998-11-16 00:00:00+05:30,5.824749546934954,5.852340571646446,5.749640850986181,5.838545322418213,63900
1998-11-17 00:00:00+05:30,5.794094749727392,5.886064156822788,5.774167571227063,5.866137504577637,90000
1998-11-18 00:00:00+05:30,5.863070890766459,5.932048195363712,5.863070890766459,5.918252944946289,35100
1998-11-19 00:00:00+05:30,5.971901490534213,5.971901490534213,5.830881445585282,5.872267723083496,74700
1998-11-20 00:00:00+05:30,5.844677691889716,5.913655008224989,5.840079274301385,5.896794319152832,150300
1998-11-23 00:00:00+05:30,5.869204546008883,5.9412473141007744,5.8569417456401585,5.9381818771362305,120600
1998-11-24 00:00:00+05:30,5.889128587948129,5.978032535521992,5.8860626260891795,5.9320478439331055,81900
1998-11-25 00:00:00+05:30,8.89807415008545,8.89807415008545,8.89807415008545,8.89807415008545,0
1998-11-26 00:00:00+05:30,5.826280612585426,5.886060532511707,5.824747632201208,5.870732307434082,48600
1998-11-27 00:00:00+05:30,5.8247495416471,5.827815503420608,5.702123174572368,5.79256010055542,45900
1998-11-30 00:00:00+05:30,5.456869975059227,5.702122688293457,5.456869975059227,5.702122688293457,36000
1998-12-01 00:00:00+05:30,5.7174513978923605,5.760370652630353,5.671466707639521,5.725115776062012,42300
1998-12-02 00:00:00+05:30,5.6101535540016325,5.734312908299255,5.6101535540016325,5.686795234680176,188100
1998-12-03 00:00:00+05:30,5.679131680192631,5.717452526092529,5.64081136054786,5.717452526092529,180000
1998-12-04 00:00:00+05:30,5.729713300006561,5.824748627479489,5.686794051953633,5.77109956741333,176400
1998-12-07 00:00:00+05:30,5.748108735061595,5.824750423431397,5.732780502638656,5.8247504234313965,78300
1998-12-08 00:00:00+05:30,5.778764901782779,5.82168415694633,5.686794994110165,5.794093132019043,46800
1998-12-09 00:00:00+05:30,5.720517713147076,5.7864290539568,5.6714670580934055,5.7787652015686035,47700
1998-12-10 00:00:00+05:30,5.794091866966442,5.824748320745595,5.703654959939498,5.763434886932373,35100
1998-12-11 00:00:00+05:30,5.723585375321151,5.821686723589832,5.723585375321151,5.809423923492432,35100
1998-12-14 00:00:00+05:30,5.725117001086109,5.76650328379474,5.671467921184129,5.764970302581787,70200
1998-12-15 00:00:00+05:30,5.732780455899861,5.7634369204958,5.587161985941596,5.755773067474365,72000
1998-12-16 00:00:00+05:30,5.778765528236281,5.778765528236281,5.6714673786956284,5.752707481384277,27000
1998-12-17 00:00:00+05:30,5.732779145883991,5.732779145883991,5.579496331676342,5.702122688293457,36000
1998-12-18 00:00:00+05:30,5.702124862887309,5.705190299313422,5.489061506744615,5.617819309234619,93600
1998-12-21 00:00:00+05:30,5.671465680050895,5.671465680050895,5.596356997868028,5.610152244567871,22500
1998-12-22 00:00:00+05:30,5.613221330438697,5.6377464025310795,5.539645587906329,5.571835041046143,40500
1998-12-23 00:00:00+05:30,5.6714670037954775,5.702123465564874,5.588693925512045,5.686795234680176,46800
1998-12-24 00:00:00+05:30,5.617816835387515,5.668399934802415,5.594824230423497,5.660736083984375,49500
1998-12-25 00:00:00+05:30,8.491105079650879,8.491105079650879,8.491105079650879,8.491105079650879,0
1998-12-28 00:00:00+05:30,5.792561608447802,6.10066032409668,5.792561608447802,6.10066032409668,100800
1998-12-29 00:00:00+05:30,6.284597759737686,6.433282164372206,6.131314938890914,6.361239433288574,107100
1998-12-30 00:00:00+05:30,6.315255495875112,6.373503516357268,6.0700032486726165,6.24474573135376,241200
1998-12-31 00:00:00+05:30,6.191096832971247,6.192629814147949,6.100659889882914,6.192629814147949,86400
1999-01-01 00:00:00+05:30,6.220220014649021,6.220220014649021,6.103725554764969,6.207957744598389,40500
1999-01-04 00:00:00+05:30,6.138979962418967,6.2539419585814935,6.131315583755772,6.1619720458984375,67500
1999-01-05 00:00:00+05:30,6.100658534795345,6.18496406070592,6.008688630958805,6.047009468078613,180000
1999-01-06 00:00:00+05:30,6.207957696378902,6.238614160650011,6.115987777310479,6.138980388641357,148500
1999-01-07 00:00:00+05:30,6.246278811104313,6.246278811104313,6.03015002626642,6.10066032409668,43200
1999-01-08 00:00:00+05:30,6.0393483650012785,6.070005367073951,6.016356271265891,6.068472385406494,172800
1999-01-11 00:00:00+05:30,6.220218748678726,6.220218748678726,5.996426182304665,6.008688449859619,234000
1999-01-12 00:00:00+05:30,6.008689198790346,6.008689198790346,5.860004778768758,5.91365385055542,104400
1999-01-13 00:00:00+05:30,5.932048215305306,5.932048215305306,5.453805498322652,5.545775413513184,198900
1999-01-14 00:00:00+05:30,5.456870956478156,5.472199188030207,5.2422751884943635,5.331179141998291,57600
1999-01-15 00:00:00+05:30,5.334245255481093,5.334245255481093,4.90505313873291,4.90505313873291,125100
1999-01-18 00:00:00+05:30,4.874395660243931,5.027678489685058,4.782425752077242,5.027678489685059,54000
1999-01-19 00:00:00+05:30,5.058336450020337,5.125781314924344,4.822281001621879,4.859068870544434,133200
1999-01-20 00:00:00+05:30,4.859068870544434,4.859068870544434,4.859068870544434,4.859068870544434,0
1999-01-21 00:00:00+05:30,5.012351739918307,5.092058876872044,4.9970235050720335,5.00622034072876,90900
1999-01-22 00:00:00+05:30,5.085927100896782,5.171765630680806,4.901987770113266,4.963300704956055,133200
1999-01-25 00:00:00+05:30,4.981694349399176,4.981694349399176,4.782426280720359,4.883593559265137,69300
1999-01-26 00:00:00+05:30,4.883593559265137,4.883593559265137,4.883593559265137,4.883593559265137,0
1999-01-27 00:00:00+05:30,4.957167910761168,4.981693498798367,4.851402759552001,4.851402759552002,252900
1999-01-28 00:00:00+05:30,4.905052139681079,4.949504376153944,4.537173558114394,4.667463779449463,235800
1999-01-29 00:00:00+05:30,4.779361743692633,4.800821377797807,4.615349051426739,4.688924789428711,128700
1999-02-01 00:00:00+05:30,4.704253246741314,4.705786228179932,4.5371751100988895,4.705786228179932,124200
1999-02-02 00:00:00+05:30,4.575494171686486,4.659799707431047,4.330241680145264,4.330241680145264,221400
1999-02-03 00:00:00+05:30,4.518779729231026,4.534107960840817,4.445204007001996,4.506516933441162,54900
1999-02-04 00:00:00+05:30,4.550969534895883,4.550969534895883,4.337906467093635,4.4252777099609375,168300
1999-02-05 00:00:00+05:30,4.4406073613488015,4.445205780040381,4.261266137973125,4.276594638824463,174600
1999-02-08 00:00:00+05:30,4.287321575822947,4.291920254833071,4.173892317577058,4.2091474533081055,42300
1999-02-09 00:00:00+05:30,4.201484226736582,4.253600585814673,3.8979842221900007,4.016012191772461,80100
1999-02-10 00:00:00+05:30,4.04360368857281,4.291922206038982,3.9240432425043155,4.288856506347656,81000
1999-02-11 00:00:00+05:30,4.337906096442994,4.4758604432266225,4.147835130994312,4.291921138763428,217800
1999-02-12 00:00:00+05:30,4.337907601054733,4.337907601054733,4.1723619064904724,4.23060941696167,63900
1999-02-15 00:00:00+05:30,4.2919213938392975,4.2919213938392975,4.115645931530901,4.207615852355957,67500
1999-02-16 00:00:00+05:30,4.138637519792375,4.16776099632726,4.025207996368408,4.025207996368408,125100
1999-02-17 00:00:00+05:30,4.138639958921996,4.278127342735474,4.107983220451662,4.184624671936035,55800
1999-02-18 00:00:00+05:30,4.215278930281645,4.252067049723116,4.129440686591558,4.149367332458496,125100
1999-02-19 00:00:00+05:30,4.199950791305117,4.230607249265176,4.078857150856901,4.106448173522949,135000
1999-02-22 00:00:00+05:30,4.169293407128026,4.169293407128026,4.077323521619867,4.141702651977539,28800
1999-02-23 00:00:00+05:30,4.048200823795773,4.077324301923044,3.942435408907654,3.9853546619415283,64800
1999-02-24 00:00:00+05:30,4.104915506330873,4.126375133793254,4.019076996481351,4.107981204986572,103500
1999-02-25 00:00:00+05:30,4.1233091965778845,4.192286491394043,4.107980967313737,4.192286491394043,72000
1999-02-26 00:00:00+05:30,4.204548860954122,4.3532332579954565,4.193819311382648,4.26739501953125,168300
1999-03-01 00:00:00+05:30,3.99455183100462,4.048201164945599,3.832072163866047,3.931706190109253,143100
1999-03-02 00:00:00+05:30,5.897560119628906,5.897560119628906,5.897560119628906,5.897560119628906,0
1999-03-03 00:00:00+05:30,4.107980891169954,4.123309120149984,3.9853545330747338,4.106448173522949,78300
1999-03-04 00:00:00+05:30,4.0773262430595265,4.0773262430595265,3.9393715858459473,3.9393715858459473,54000
1999-03-05 00:00:00+05:30,4.107981646156383,4.107981646156383,3.830539703369141,3.8305397033691406,171900
1999-03-08 00:00:00+05:30,3.864261234766166,3.922508716583252,3.802948054464891,3.922508716583252,86400
1999-03-09 00:00:00+05:30,3.9853563930295635,3.9853563930295635,3.770760297775268,3.7707602977752686,249300
1999-03-10 00:00:00+05:30,3.9071804449372394,3.9853545713629215,3.8320717538350197,3.8933849334716797,579600
1999-03-11 00:00:00+05:30,3.9087142289454704,3.924042725382064,3.8014160695271517,3.816744565963745,296100
1999-03-12 00:00:00+05:30,3.7722920070993466,3.845867463102913,3.678789377212525,3.6787893772125244,258300
1999-03-15 00:00:00+05:30,3.531638353394559,3.617476614744936,3.4059462658558055,3.422807216644287,522900
1999-03-16 00:00:00+05:30,3.4335375292892674,3.5224417658163283,3.3461662741369946,3.395216941833496,307800
1999-03-17 00:00:00+05:30,3.4028807704431494,3.668060213010012,3.4028807704431494,3.586820363998413,214200
1999-03-18 00:00:00+05:30,3.675723457024025,3.8703925574284077,3.6496651502008888,3.836670398712158,171900
1999-03-19 00:00:00+05:30,3.9547005043284593,3.9853569811195615,3.8075489947269228,3.8182785511016846,610200
1999-03-22 00:00:00+05:30,3.887253536569765,3.9393696208535527,3.8029480132421685,3.8933849334716797,205200
1999-03-23 00:00:00+05:30,3.8014151188509957,4.107981024001884,3.8014151188509957,3.9853546619415283,669600
1999-03-24 00:00:00+05:30,4.016011665923575,4.046668127026837,3.84740034047307,3.8627288341522217,247500
1999-03-25 00:00:00+05:30,3.9838211048345964,3.9838211048345964,3.893384458759335,3.943967819213867,49500
1999-03-26 00:00:00+05:30,3.939369388363291,3.9761575044761543,3.7125108739109334,3.76462721824646,88200
1999-03-29 00:00:00+05:30,5.646941661834716,5.646941661834716,5.646941661834716,5.646941661834717,0
1999-03-30 00:00:00+05:30,3.617475450681839,3.6787886251322486,3.557695256890987,3.6328036785125732,147600
1999-03-31 00:00:00+05:30,3.7646267558058697,3.779954982145638,3.617475098812725,3.6634597778320312,93600
1999-04-01 00:00:00+05:30,3.6757240437458703,3.6757240437458703,3.5960169190554523,3.6481332778930664,37800
1999-04-02 00:00:00+05:30,3.648133277893066,3.648133277893066,3.648133277893066,3.6481332778930664,0
1999-04-05 00:00:00+05:30,3.4979161812658712,3.5714919144097172,3.387552318422525,3.428938865661621,63000
1999-04-06 00:00:00+05:30,3.3446328756442334,3.5316381464027797,3.301713615920794,3.4412012100219727,95400
1999-04-07 00:00:00+05:30,3.510177930723214,3.510177930723214,3.433536257935012,3.461127281188965,39600
1999-04-08 00:00:00+05:30,3.510179209596854,3.6159441355973145,3.344633536014406,3.3722245693206787,131400
1999-04-09 00:00:00+05:30,3.3185736002917685,3.38295273427549,3.310909749716461,3.3614931106567383,65700
1999-04-12 00:00:00+05:30,3.220472911509409,3.372222997716509,3.220472911509409,3.3124425411224365,42300
1999-04-13 00:00:00+05:30,3.145365287263156,3.341567405316071,3.145365287263156,3.157627820968628,191700
1999-04-14 00:00:00+05:30,3.157627820968628,3.157627820968628,3.157627820968628,3.157627820968628,0
1999-04-15 00:00:00+05:30,3.0733219074135523,3.1668242748252013,3.0733219074135523,3.0809860229492188,157500
1999-04-16 00:00:00+05:30,3.148430522968996,3.3277716636657715,3.148430522968996,3.3277716636657715,45000
1999-04-19 00:00:00+05:30,2.930769298290211,3.2495975494384766,2.930769298290211,3.2495975494384766,55800
1999-04-20 00:00:00+05:30,3.2189396000738024,3.2802527678909867,3.1576264322566177,3.203611373901367,89100
1999-04-21 00:00:00+05:30,3.2204732390667057,3.461127281188965,3.2036120289529015,3.461127281188965,77400
1999-04-22 00:00:00+05:30,3.3155087786539688,3.4488649606324264,3.188283994022973,3.307844400405884,139500
1999-04-23 00:00:00+05:30,3.3170420227829753,3.3936837124053896,3.2971153729329883,3.343100070953369,33300
1999-04-26 00:00:00+05:30,3.103979708136314,3.2495982168947357,3.0779213905334473,3.0779213905334473,133200
1999-04-27 00:00:00+05:30,4.61688232421875,4.61688232421875,4.61688232421875,4.61688232421875,0
1999-04-28 00:00:00+05:30,3.1269709714475917,3.1882841587066655,3.065657784188518,3.188284158706665,76500
1999-04-29 00:00:00+05:30,3.255728237384099,3.4074783325195312,3.1928820789174126,3.4074783325195312,124200
1999-04-30 00:00:00+05:30,3.4182070520940386,3.5193737576199426,3.4182070520940386,3.438133955001831,68400
1999-05-03 00:00:00+05:30,3.464192888682067,3.579155131717166,3.433536167746545,3.5147759914398193,121500
1999-05-04 00:00:00+05:30,3.4749239639703746,3.540835582705138,3.4749239639703746,3.5347044467926025,111600
1999-05-05 00:00:00+05:30,3.648134683906822,3.818278551101685,3.6174779439880655,3.8182785511016846,256500
1999-05-06 00:00:00+05:30,4.107981431764395,4.124842643737793,3.9332389668906456,4.124842643737793,657000
1999-05-07 00:00:00+05:30,4.45440106658374,4.455934047698975,4.3256435461541,4.455934047698975,1247400
1999-05-10 00:00:00+05:30,4.718046497372351,4.718046497372351,4.322576441145123,4.567829132080078,1249200
1999-05-11 00:00:00+05:30,4.905051786158726,4.932642809351415,4.7824254257228835,4.918847560882568,891900
1999-05-12 00:00:00+05:30,5.0552700476325345,5.1503054013785325,4.72111332845158,4.8483381271362305,892800
1999-05-13 00:00:00+05:30,4.8437379321052125,5.0537352113989495,4.8437379321052125,4.997020721435547,764100
1999-05-14 00:00:00+05:30,4.938775229473241,5.3035884247512834,4.938775229473241,5.111984729766846,985500
1999-05-17 00:00:00+05:30,5.043010260839408,5.5166548573869125,5.043010260839408,5.410889625549316,1201500
1999-05-18 00:00:00+05:30,5.4875278975884,5.732780676294785,5.420083567633437,5.489060878753662,856800
1999-05-19 00:00:00+05:30,5.639276844904064,5.640809825674369,5.395557110154834,5.579496383666992,651600
1999-05-20 00:00:00+05:30,5.518186272321143,5.579499219233488,5.211619958993661,5.351107597351074,315900
1999-05-21 00:00:00+05:30,5.27293130574872,5.285194100688078,4.9265118218796875,5.018481731414795,252900
1999-05-24 00:00:00+05:30,4.787025125333757,4.903520107236441,4.635274736897971,4.813083171844482,203400
1999-05-25 00:00:00+05:30,4.693522324543085,4.883593559265137,4.693522324543085,4.883593559265137,367200
1999-05-26 00:00:00+05:30,4.963299948930841,4.963299948930841,4.69045669368355,4.810017108917236,233100
1999-05-27 00:00:00+05:30,4.751768940533929,4.813082383535557,4.4452033042907715,4.4452033042907715,754200
1999-05-28 00:00:00+05:30,4.478926405283135,4.480458860056317,4.129441200547992,4.291921138763428,377100
1999-05-31 00:00:00+05:30,4.413014900486684,4.606151580810547,4.324110939843766,4.606151580810547,156600
1999-06-01 00:00:00+05:30,4.455934149628277,4.531042858421413,4.357833091728643,4.436007499694824,286200
1999-06-02 00:00:00+05:30,4.5187795524739665,4.5187795524739665,4.353233920806611,4.4911885261535645,79200
1999-06-03 00:00:00+05:30,4.488124568522964,4.718049161907067,4.478927732139065,4.6751298904418945,199800
1999-06-04 00:00:00+05:30,4.659800274867501,4.7287775876267,4.659800274867501,4.6996541023254395,117000
1999-06-07 00:00:00+05:30,4.615347454119198,4.8437389696574895,4.615347454119198,4.751769065856934,147600
1999-06-08 00:00:00+05:30,4.782427164533003,5.131912708282471,4.675129520613143,5.131912708282471,223200
1999-06-09 00:00:00+05:30,5.211617615496958,5.3219817123204,5.064466188072388,5.170231342315674,171000
1999-06-10 00:00:00+05:30,5.188626553827926,5.364902020969839,5.0905257583456756,5.341909408569336,270900
1999-06-11 00:00:00+05:30,5.272933340021157,5.363370303515232,5.062935921635127,5.087460994720459,151200
1999-06-14 00:00:00+05:30,4.75177061486227,4.905053486994423,4.681260314754719,4.788558483123779,192600
1999-06-15 00:00:00+05:30,5.043007684919751,5.043007684919751,4.629143808364552,4.6996541023254395,477000
1999-06-16 00:00:00+05:30,4.866732444586857,4.872864369685215,4.630677009782172,4.71651554107666,166500
1999-06-17 00:00:00+05:30,4.751768800780223,4.774761407011475,4.644470673374352,4.678193092346191,161100
1999-06-18 00:00:00+05:30,4.71191634336994,4.721113176984469,4.509582846319881,4.550969123840332,172800
1999-06-21 00:00:00+05:30,4.570893775723492,4.598484790771599,4.475858466533776,4.538704872131348,105300
1999-06-22 00:00:00+05:30,4.506517181624289,4.583158870149137,4.2934543821358275,4.314913749694824,205200
1999-06-23 00:00:00+05:30,4.442138768188723,4.543304996049004,4.383891011858688,4.5341081619262695,131400
1999-06-24 00:00:00+05:30,4.463596968812764,4.463596968812764,4.409948166659459,4.4452033042907715,70200
1999-06-25 00:00:00+05:30,4.511118086555797,4.511118086555797,4.416082162008754,4.4574689865112305,65700
1999-06-28 00:00:00+05:30,4.462065920173103,4.521845874959944,4.462065920173103,4.478927135467529,44100
1999-06-29 00:00:00+05:30,4.4743286407035,4.4758616221355325,4.356300911179279,4.38695764541626,117000
1999-06-30 00:00:00+05:30,4.445204415009996,4.71804822571974,4.420679347434285,4.664399147033691,147600
1999-07-01 00:00:00+05:30,4.698119830351805,4.747170479033318,4.610748872197383,4.6352739334106445,193500
1999-07-02 00:00:00+05:30,4.659799776884659,4.690456766366493,4.630676294695763,4.6873908042907715,207900
1999-07-05 00:00:00+05:30,4.782425501334756,4.898920466652385,4.72264556410295,4.76249885559082,340200
1999-07-06 00:00:00+05:30,4.8207458725484695,4.845271458407135,4.679725858880954,4.728775978088379,297900
1999-07-07 00:00:00+05:30,4.813082411788496,4.90505178744831,4.75790036538861,4.771695613861084,486900
1999-07-08 00:00:00+05:30,4.632208406138665,4.72111234330854,4.632208406138665,4.678193092346191,88200
1999-07-09 00:00:00+05:30,4.659799098968506,4.731842355950985,4.644470869585106,4.659799098968506,176400
1999-07-12 00:00:00+05:30,4.78549312318699,5.033811369484437,4.782427160467345,5.029212951660156,2668500
1999-07-13 00:00:00+05:30,5.334244602751262,5.432345916649232,5.12731268644828,5.253005027770996,2495700
1999-07-14 00:00:00+05:30,5.4875262332918915,5.6745314598083505,5.42468086589291,5.67453145980835,1323900
1999-07-15 00:00:00+05:30,6.129782676696777,6.129782676696777,6.129782676696777,6.129782676696777,211500
1999-07-16 00:00:00+05:30,6.428687927708366,6.620291709899902,6.284601845609946,6.620291709899902,1828800
1999-07-19 00:00:00+05:30,7.041814682533022,7.1506452560424805,6.928385167127938,7.1506452560424805,1022400
1999-07-20 00:00:00+05:30,7.694801023325543,7.694801023325543,6.578901895227664,6.6386823654174805,1755000
1999-07-21 00:00:00+05:30,6.713789176623086,7.063274567016838,6.621819807905481,6.775102615356445,1238400
1999-07-22 00:00:00+05:30,6.775104460822939,6.8977308454368265,6.330584145507032,6.422553539276123,500400
1999-07-23 00:00:00+05:30,6.376566859813951,6.491528829409332,6.092993334889092,6.184963226318359,655200
1999-07-26 00:00:00+05:30,6.1926301598407685,6.1926301598407685,5.947377365613279,6.053142547607422,387000
1999-07-27 00:00:00+05:30,5.982632663398672,6.039347185207098,5.582564521748522,5.620885372161865,698400
1999-07-28 00:00:00+05:30,5.717454456728599,6.071537971496581,5.686797980158834,6.071537971496582,221400
1999-07-29 00:00:00+05:30,6.46853966009741,6.46853966009741,5.809422948673479,6.070003986358643,903600
1999-07-30 00:00:00+05:30,5.947375451966209,5.947375451966209,5.748107423427827,5.827815055847168,393300
1999-08-02 00:00:00+05:30,5.855404402200472,6.1313135211786065,5.840076176285562,5.922848701477051,541800
1999-08-03 00:00:00+05:30,5.9289832550664165,6.0393468561899954,5.855407520984031,5.97650146484375,483300
1999-08-04 00:00:00+05:30,6.0975944042571815,6.253942695357173,6.054675141699117,6.191096782684326,339300
1999-08-05 00:00:00+05:30,6.376568333407216,6.376568333407216,6.025550420985033,6.1619720458984375,263700
1999-08-06 00:00:00+05:30,6.088396748964443,6.161972473717142,6.088396748964443,6.138980388641357,104400
1999-08-09 00:00:00+05:30,6.0700049297408825,6.299929008060897,6.0700049297408825,6.252411842346191,328500
1999-08-10 00:00:00+05:30,6.431750019198355,6.431750019198355,6.100658773439277,6.154307842254639,300600
1999-08-11 00:00:00+05:30,6.214090179131389,6.284599954011151,6.008690674901999,6.050076961517334,275400
1999-08-12 00:00:00+05:30,6.161974945756101,6.207960186866053,5.981100997237062,6.071537971496582,199800
1999-08-13 00:00:00+05:30,6.200293780359211,6.557443141937256,6.200293780359211,6.557443141937256,252900
1999-08-16 00:00:00+05:30,7.237100210866725,7.270139182895555,6.859512190598846,7.196195125579834,1024200
1999-08-17 00:00:00+05:30,7.270142120066017,7.488828583232765,6.876821174234826,7.064042091369629,1194300
1999-08-18 00:00:00+05:30,7.443202018737793,7.443202018737793,7.443202018737793,7.443202018737793,10800
1999-08-19 00:00:00+05:30,8.039473533630371,8.039473533630371,8.039473533630371,8.039473533630371,87300
1999-08-20 00:00:00+05:30,8.303786325230755,8.303786325230755,7.6493005971054195,8.019021987915039,724500
1999-08-23 00:00:00+05:30,8.102410159279215,8.283337887490019,7.960814639834941,8.089823722839355,579600
1999-08-24 00:00:00+05:30,8.181069301235611,8.181069301235611,7.976542798265805,8.048913955688477,276300
1999-08-25 00:00:00+05:30,8.05520777240733,8.165337145238361,7.551757050318972,7.654020309448242,463500
1999-08-26 00:00:00+05:30,7.856973287936946,7.929344444864131,7.64615357183327,7.679192543029785,258300
1999-08-27 00:00:00+05:30,7.67762070929574,7.709086248400364,7.551758012733401,7.575357437133789,166500
1999-08-30 00:00:00+05:30,7.425893011503417,7.551755669003572,7.142702167163987,7.254405498504639,299700
1999-08-31 00:00:00+05:30,7.120679619323258,7.317340082658783,6.9255925952558695,7.229236125946045,351000
1999-09-01 00:00:00+05:30,7.237101442458055,7.268566981132501,7.079773208941992,7.119104862213135,197100
1999-09-02 00:00:00+05:30,7.048306799707037,7.079772877050219,6.894125451372564,6.941323757171631,147600
1999-09-03 00:00:00+05:30,6.890976125145941,7.174166939607928,6.812312310097396,7.103369235992432,334800
1999-09-06 00:00:00+05:30,7.137980897751036,7.331494348812293,7.048303563746561,7.142700672149658,194400
1999-09-07 00:00:00+05:30,7.2371017765733185,7.71537971496582,7.048307455522912,7.71537971496582,595800
1999-09-08 00:00:00+05:30,8.275466382949084,8.333677672138492,7.614687499162499,7.679192543029785,824400
1999-09-09 00:00:00+05:30,8.02059701565018,8.099261409771456,7.614689692637622,7.698073863983154,591300
1999-09-10 00:00:00+05:30,7.834948249128844,7.897879321749088,7.592662971368355,7.6209821701049805,599400
1999-09-13 00:00:00+05:30,7.620982170104981,7.620982170104981,7.620982170104981,7.6209821701049805,0
1999-09-14 00:00:00+05:30,7.772017606007129,7.798763367363141,7.268566836648236,7.350377559661865,1966500
1999-09-15 00:00:00+05:30,7.661887154035927,7.661887154035927,7.054600259045844,7.1757426261901855,779400
1999-09-16 00:00:00+05:30,7.142702847541282,7.142702847541282,6.796580911553807,6.861085414886475,417600
1999-09-17 00:00:00+05:30,6.736796423963006,6.985374894473704,6.609360311275724,6.700611114501953,1134000
1999-09-20 00:00:00+05:30,6.788713526195699,7.155288504793923,6.645544667319985,7.0105462074279785,1788300
1999-09-21 00:00:00+05:30,6.9240188496066,7.079773653935639,6.86738044431757,6.955484390258789,1548000
1999-09-22 00:00:00+05:30,7.158438315144604,7.512427037875489,6.9948173772198565,7.424323081970215,1885500
1999-09-23 00:00:00+05:30,7.50456111273197,7.709087695446857,7.244969016032075,7.373978614807129,828000
1999-09-24 00:00:00+05:30,7.411737376849014,7.476241906164572,7.237102899851316,7.373978614807129,721800
1999-09-27 00:00:00+05:30,7.331497176804313,7.331497176804313,6.985375212721953,7.015267848968506,405900
1999-09-28 00:00:00+05:30,6.953912020759428,7.016843111743193,6.705332915028084,6.84535551071167,1310400
1999-09-29 00:00:00+05:30,7.068761401609967,7.303180622284149,6.98537722401222,7.137985706329346,512100
1999-09-30 00:00:00+05:30,7.158437983551933,7.252835151955486,7.019989379380218,7.092360019683838,171000
1999-10-01 00:00:00+05:30,7.145851432759866,7.145851432759866,6.890979155545712,6.990096092224121,206100
1999-10-04 00:00:00+05:30,7.111239766437205,7.111239766437205,6.829622236709312,6.908286094665527,220500
1999-10-05 00:00:00+05:30,6.859512936941751,6.922444550572149,6.639253639594851,6.728930473327637,522000
1999-10-06 00:00:00+05:30,6.884684456489583,7.237099587638187,6.859511599886595,7.109663486480713,493200
1999-10-07 00:00:00+05:30,7.235527560894684,7.331497610024549,7.126971081007401,7.2150750160217285,351900
1999-10-08 00:00:00+05:30,7.315766576342339,7.4856812712819485,7.174171087249984,7.424323081970215,469800
1999-10-11 00:00:00+05:30,7.394429119890967,7.674473689378546,7.334644384847977,7.520291805267334,549900
1999-10-12 00:00:00+05:30,7.5501856040889255,7.583224044193179,7.333072073825297,7.474667549133301,1005300
1999-10-13 00:00:00+05:30,7.551760878278542,7.677623622599989,7.504562551712015,7.6178388595581055,479700
1999-10-14 00:00:00+05:30,7.614688767525406,7.6776203832056105,7.583223229757211,7.619409084320068,362700
1999-10-15 00:00:00+05:30,7.551756463117956,7.709084666501274,7.520290930470037,7.573782444000244,477000
1999-10-18 00:00:00+05:30,7.551759688466012,7.669755756363558,7.5202941423791945,7.614690780639648,412200
1999-10-19 00:00:00+05:30,7.6146907806396475,7.6146907806396475,7.6146907806396475,7.614690780639648,0
1999-10-20 00:00:00+05:30,7.677618601999351,8.225120668634526,7.614687000919267,8.163763046264648,1228500
1999-10-21 00:00:00+05:30,8.244001073535848,8.369863747194076,7.866413052561166,8.07723331451416,762300
1999-10-22 00:00:00+05:30,7.992273805489965,8.17320138915154,7.957661943149013,8.129149436950684,265500
1999-10-25 00:00:00+05:30,8.306931760150302,8.306931760150302,8.023740892414638,8.025314331054688,522900
1999-10-26 00:00:00+05:30,8.181066302637513,8.181066302637513,7.960807114027851,8.026885032653809,773100
1999-10-27 00:00:00+05:30,8.181069981135368,8.335251860588217,7.992276228846818,8.019021987915039,1176300
1999-10-28 00:00:00+05:30,7.932491636473101,8.086673518663869,7.554903585047126,7.693352699279785,207900
1999-10-29 00:00:00+05:30,7.677618109828411,7.709083638279522,7.079770908682685,7.683911323547363,630000
1999-11-01 00:00:00+05:30,7.4573581068374795,7.512423050048094,7.070330606088331,7.160007953643799,330300
1999-11-02 00:00:00+05:30,6.766689485515488,7.048306968436009,6.6266674635256155,6.938177585601807,970200
1999-11-03 00:00:00+05:30,7.076624142293693,7.095503783745467,6.8752440008597535,7.0105462074279785,618300
1999-11-04 00:00:00+05:30,7.237100124587572,7.237100124587572,6.870525099366198,6.994814872741699,282600
1999-11-05 00:00:00+05:30,6.9539090394479635,7.078198268955819,6.941322610589742,7.04987907409668,122400
1999-11-08 00:00:00+05:30,10.574824333190918,10.574824333190918,10.574824333190918,10.574824333190918,0
1999-11-09 00:00:00+05:30,6.979083268521732,6.979083268521732,6.843781011740928,6.917725086212158,201600
1999-11-10 00:00:00+05:30,6.997962284665664,6.997962284665664,6.862660040110355,6.927164554595947,224100
1999-11-11 00:00:00+05:30,7.010550401831322,7.010550401831322,6.890980888196124,6.96177864074707,445500
1999-11-12 00:00:00+05:30,6.897271717797962,6.94604346199641,6.834340644049178,6.887832164764404,99900
1999-11-15 00:00:00+05:30,6.933456322774751,6.933456322774751,6.7021835340929705,6.7792744636535645,114300
1999-11-16 00:00:00+05:30,6.686451188644674,6.765115021608075,6.607786815537538,6.667571544647217,312300
1999-11-17 00:00:00+05:30,6.733651638031007,6.828048807865578,6.702186094800785,6.733651638031006,81900
1999-11-18 00:00:00+05:30,6.710052750680295,6.766690620465911,6.702186094800785,6.733651638031006,168300
1999-11-19 00:00:00+05:30,6.85636435098862,6.91142929230442,6.607785395885347,6.651837348937988,413100
1999-11-22 00:00:00+05:30,6.615654907391554,6.669146433466432,6.450460012033385,6.604641914367676,338400
1999-11-23 00:00:00+05:30,9.906963348388672,9.906963348388672,9.906963348388672,9.906963348388672,0
1999-11-24 00:00:00+05:30,6.639254399730955,7.133265111620795,6.639254399730955,7.038867950439453,617400
1999-11-25 00:00:00+05:30,7.221369516061636,7.515573471311789,7.210356522225665,7.435335636138916,599400
1999-11-26 00:00:00+05:30,7.55018186712446,7.768867647962301,7.457357648437872,7.702790260314941,485100
1999-11-29 00:00:00+05:30,7.866415176309737,8.023743425821543,7.11123947062429,7.122252464294434,451800
1999-11-30 00:00:00+05:30,7.053027289108177,7.174169664306306,6.765116050267395,6.922444820404053,702900
1999-12-01 00:00:00+05:30,7.042012567277252,7.076624434485792,6.890977049857831,7.008973598480225,194400
1999-12-02 00:00:00+05:30,7.048307394973601,7.171023756616542,6.953910775403178,6.990096092224121,711900
1999-12-03 00:00:00+05:30,7.108090336755655,7.108090336755655,6.890976886877196,6.996387004852295,1846800
1999-12-06 00:00:00+05:30,7.013695312475375,7.07977326833232,6.862660293455974,7.051454067230225,1542600
1999-12-07 00:00:00+05:30,6.953913636357221,7.123828377691083,6.868955995618254,7.0546040534973145,497700
1999-12-08 00:00:00+05:30,7.111240366456447,7.142705912293875,7.0199900674703235,7.068761825561523,336600
1999-12-09 00:00:00+05:30,6.988522444985682,7.0781998250641465,6.988522444985682,7.0671868324279785,131400
1999-12-10 00:00:00+05:30,7.0766251599252925,7.109664132109214,7.016840430279684,7.075052261352539,99900
1999-12-13 00:00:00+05:30,7.048308510274963,7.048308510274963,6.900420341517855,7.018416404724121,297900
1999-12-14 00:00:00+05:30,6.9948157759119765,7.048306756709558,6.829620896407291,6.946043491363525,302400
1999-12-15 00:00:00+05:30,7.016839238149506,7.1269691267186595,6.960201395559405,7.071904182434082,118800
1999-12-16 00:00:00+05:30,7.048308056107454,7.109666242684345,6.969644199086737,7.06089448928833,73800
1999-12-17 00:00:00+05:30,6.985377622575721,7.045162375549932,6.972791728363854,7.026283264160156,89100
1999-12-20 00:00:00+05:30,7.079769873247539,7.079769873247539,6.9381744757825885,7.040437698364258,146700
1999-12-21 00:00:00+05:30,6.955485776937758,6.98223154583867,6.63925578800725,6.960205554962158,234900
1999-12-22 00:00:00+05:30,7.001107739705003,7.0955048812778925,6.861085736151153,6.94918966293335,109800
1999-12-23 00:00:00+05:30,6.927164188997186,7.048306557058665,6.8595128002180985,6.8909783363342285,68400
1999-12-24 00:00:00+05:30,6.865805953101365,6.865805953101365,6.702184518611276,6.774555683135986,95400
1999-12-27 00:00:00+05:30,6.609361171722413,6.639253810498685,6.450459504891454,6.609361171722412,82800
1999-12-28 00:00:00+05:30,6.481925636185924,6.607788338071769,6.4536069738802935,6.595202445983887,148500
1999-12-29 00:00:00+05:30,6.5763229264472125,6.859513876201282,6.548004263586902,6.70218563079834,43200
1999-12-30 00:00:00+05:30,6.576322170562476,6.637680346661694,6.466192249395627,6.535417079925537,91800
1999-12-31 00:00:00+05:30,6.535417079925538,6.535417079925538,6.535417079925538,6.535417079925537,0
2000-01-03 00:00:00+05:30,6.450462388143994,6.746239869697619,6.450462388143994,6.7163472175598145,86400
2000-01-04 00:00:00+05:30,6.340326816678153,6.59834530034369,6.324594054766587,6.4992289543151855,161100
2000-01-05 00:00:00+05:30,6.32459667104204,7.019988059997558,6.308863902622352,7.019988059997559,243000
2000-01-06 00:00:00+05:30,7.362963889820167,7.391283089732853,6.8469266962711215,6.900418758392334,320400
2000-01-07 00:00:00+05:30,7.016841812167278,7.016841812167278,6.702185335237486,6.788715839385986,102600
2000-01-10 00:00:00+05:30,6.450459853944097,6.859513484703066,6.450459853944097,6.592055320739746,360000
2000-01-11 00:00:00+05:30,6.607787740828234,6.607787740828234,6.10433751893296,6.138949394226074,262800
2000-01-12 00:00:00+05:30,6.448886266164532,6.601494709411393,6.293130945241943,6.3623552322387695,150300
2000-01-13 00:00:00+05:30,6.3560615650988845,6.385953657489938,6.23019890102187,6.25694465637207,405000
2000-01-14 00:00:00+05:30,6.107483239775314,6.1987335056318305,6.076017705361861,6.1169233322143555,293400
2000-01-17 00:00:00+05:30,6.135803699493409,6.151536469937786,6.080738732866155,6.135803699493408,229500
2000-01-18 00:00:00+05:30,6.102763628814757,6.102763628814757,5.827439385029043,5.865198135375977,335700
2000-01-19 00:00:00+05:30,6.009939562465829,6.1043367027629,6.009939562465829,6.046125411987305,446400
2000-01-20 00:00:00+05:30,6.0414072679981725,6.118498230608222,6.0414072679981725,6.0539937019348145,162900
2000-01-21 00:00:00+05:30,5.821146128111074,6.104337023749688,5.821146128111074,6.002073764801025,142200
2000-01-24 00:00:00+05:30,5.978475119052234,6.057138966855011,5.8840779615450645,6.036686420440674,165600
2000-01-25 00:00:00+05:30,5.923408157505193,6.041404159480278,5.884075976798947,5.956447124481201,158400
2000-01-26 00:00:00+05:30,5.956447124481202,5.956447124481202,5.956447124481202,5.956447124481201,0
2000-01-27 00:00:00+05:30,6.069723609873366,6.433151721954346,6.009938887103688,6.433151721954346,193500
2000-01-28 00:00:00+05:30,6.513391739711203,6.60464202335315,6.19873471381616,6.463046550750732,202500
2000-01-31 00:00:00+05:30,6.765115920882076,6.765115920882076,6.4661922355983235,6.598348140716553,521100
2000-02-01 00:00:00+05:30,6.4819241526813425,6.824900301421134,6.334036038452585,6.768261909484863,415800
2000-02-02 00:00:00+05:30,6.922443906993353,7.0703320239664835,6.733649623798138,6.75410270690918,357300
2000-02-03 00:00:00+05:30,6.654986540094026,6.765115920882076,6.590482026446454,6.598348140716553,117000
2000-02-04 00:00:00+05:30,6.765116071593107,6.765116071593107,6.395394648922886,6.673865795135498,156600
2000-02-07 00:00:00+05:30,6.795007352150545,6.985374521589687,6.544855456277158,6.812313556671143,267300
2000-02-08 00:00:00+05:30,6.673864932461562,6.922443947420075,6.513390384966588,6.601494312286377,325800
2000-02-09 00:00:00+05:30,6.763543607738365,6.763543607738365,6.581042502943099,6.694318771362305,81000
2000-02-10 00:00:00+05:30,6.450460188453556,6.607788433035949,6.418994647565851,6.500805377960205,207000
2000-02-11 00:00:00+05:30,6.264812199309226,6.29470429594742,5.98162129993543,6.024099826812744,266400
2000-02-14 00:00:00+05:30,6.132657849429411,6.132657849429411,5.915544303676291,5.961169719696045,91800
2000-02-15 00:00:00+05:30,5.978474056579365,6.022526019577699,5.5222221999751815,5.5977396965026855,150300
2000-02-16 00:00:00+05:30,5.91554281822162,5.9769009905299075,5.824292549239919,5.860478401184082,104400
2000-02-17 00:00:00+05:30,5.9312773181651375,5.9312773181651375,5.8211473816688555,5.87306547164917,67500
2000-02-18 00:00:00+05:30,5.492329528141447,5.882503977771891,5.492329528141447,5.766080856323242,70200
2000-02-21 00:00:00+05:30,5.635497176696132,5.742480182680045,5.600884773516104,5.641790390014648,97200
2000-02-22 00:00:00+05:30,5.660670517293201,5.6638173945954575,5.380626524865685,5.515928745269775,157500
2000-02-23 00:00:00+05:30,5.663819932514519,5.695285478774275,5.506491661071778,5.506491661071777,92700
2000-02-24 00:00:00+05:30,5.5379543084981275,5.608752020595609,5.368039691435437,5.405798435211182,45900
2000-02-25 00:00:00+05:30,5.45142560914569,5.456145386138757,5.069117731124884,5.139915466308594,74700
2000-02-28 00:00:00+05:30,5.223299180301777,5.552114963531493,5.100582828555715,5.552114963531494,88200
2000-02-29 00:00:00+05:30,5.915542210860811,5.928128639822487,5.128901203630471,5.262629985809326,248400
2000-03-01 00:00:00+05:30,5.226447561307435,5.467160042181179,5.226447561307435,5.427827835083008,65700
2000-03-02 00:00:00+05:30,5.460864410420307,5.506489815304154,5.00303908332819,5.0423712730407715,162900
2000-03-03 00:00:00+05:30,4.719848909730327,5.076983929462808,4.719848909730327,4.8866167068481445,79200
2000-03-06 00:00:00+05:30,4.719848375255495,5.034504825577101,4.719848375255495,4.94954776763916,270000
2000-03-07 00:00:00+05:30,4.940108111476307,5.028211505218518,4.6364646594567285,4.737154483795166,86400
2000-03-08 00:00:00+05:30,4.936962380254186,4.936962380254186,4.625452201734763,4.638038635253906,152100
2000-03-09 00:00:00+05:30,4.7827772616794215,4.9086398922688215,4.593983585867099,4.845708847045898,90000
2000-03-10 00:00:00+05:30,4.719848829911572,4.782779909980431,4.499589239454786,4.553081035614014,117900
2000-03-13 00:00:00+05:30,4.534199941966234,4.606571093087977,4.287194667213142,4.420923709869385,159300
2000-03-14 00:00:00+05:30,4.436657814937632,4.656917671773897,4.252583814663808,4.531054973602295,363600
2000-03-15 00:00:00+05:30,4.565668274704675,4.877177932308809,4.565668274704675,4.81581974029541,287037
2000-03-16 00:00:00+05:30,4.845710802641069,4.877176337951152,4.633317629082349,4.677369594573975,67698
2000-03-17 00:00:00+05:30,4.677369594573975,4.677369594573975,4.677369594573975,4.677369594573975,0
2000-03-20 00:00:00+05:30,4.677369594573975,4.677369594573975,4.677369594573975,4.677369594573975,0
2000-03-21 00:00:00+05:30,4.593984489999867,4.609717254401931,4.315513425781645,4.361138820648193,144414
2000-03-22 00:00:00+05:30,4.373724121914399,4.652194861544759,4.373724121914399,4.5200395584106445,32985
2000-03-23 00:00:00+05:30,4.562519826964493,4.828404514057004,4.502735094834631,4.515321254730225,88263
2000-03-24 00:00:00+05:30,4.592412163964718,4.593985602829166,4.468122916980502,4.573533058166504,46566
2000-03-27 00:00:00+05:30,4.719848553363954,4.719848553363954,4.3579935138103645,4.3831658363342285,76914
2000-03-28 00:00:00+05:30,4.405193282014182,4.543641903537663,4.279330555083038,4.335968971252441,96093
2000-03-29 00:00:00+05:30,4.405191705440928,4.560946483947787,4.279329023554756,4.318661212921143,153090
2000-03-30 00:00:00+05:30,4.405190515575837,4.405190515575837,4.21796998213074,4.263595104217529,80955
2000-03-31 00:00:00+05:30,4.279331196765629,4.342262569667715,4.251012254506506,4.2950639724731445,99279
2000-04-03 00:00:00+05:30,4.323381072378062,4.342260448016925,4.129867269525795,4.208531379699707,150984
2000-04-04 00:00:00+05:30,4.34226125725343,4.34226125725343,4.059070299822294,4.106268882751465,296514
2000-04-05 00:00:00+05:30,4.2163968063758315,4.2163968063758315,4.137732714062624,4.169198513031006,100719
2000-04-06 00:00:00+05:30,4.2478639738900315,4.2478639738900315,3.838810346017973,3.9646730422973633,298539
2000-04-07 00:00:00+05:30,3.9804067677245345,4.2163991773689515,3.9646739944293032,4.1660542488098145,228519
2000-04-10 00:00:00+05:30,4.027602894581958,4.307647114248195,4.027602894581958,4.184930801391602,155070
2000-04-11 00:00:00+05:30,4.02760381341047,4.1849317561117765,3.9977111775102476,4.029176712036133,101250
2000-04-12 00:00:00+05:30,4.059070339531883,4.184932778454402,4.02760479731924,4.109415531158447,140580
2000-04-13 00:00:00+05:30,3.964673149279113,4.074802808941352,3.964673149279113,4.021311283111572,133434
2000-04-14 00:00:00+05:30,4.021311283111572,4.021311283111572,4.021311283111572,4.021311283111572,0
2000-04-17 00:00:00+05:30,3.8702764190985492,3.8702764190985492,3.7003617286682124,3.700361728668213,339435
2000-04-18 00:00:00+05:30,3.8073445864077566,3.8388103959226196,3.4045841691353456,3.4391965866088867,1171107
2000-04-19 00:00:00+05:30,3.4612214028438335,3.5524716524562074,3.0490213009607916,3.1654441356658936,3774924
2000-04-20 00:00:00+05:30,3.206350710529697,3.288161440792645,3.036436303879528,3.2661354541778564,1303992
2000-04-21 00:00:00+05:30,3.2661354541778564,3.2661354541778564,3.2661354541778564,3.2661354541778564,0
2000-04-24 00:00:00+05:30,3.436314799768761,3.5181317920588304,3.343043692600752,3.493586778640747,548955
2000-04-25 00:00:00+05:30,3.4363144776174672,3.5164949596249437,3.3708608337423382,3.4739503860473633,399618
2000-04-26 00:00:00+05:30,3.5999478783565597,3.678491839219497,3.4690403405971124,3.624492883682251,503460
2000-04-27 00:00:00+05:30,3.565584139017738,3.5999475931857803,3.4363133946210707,3.5508573055267334,293274
2000-04-28 00:00:00+05:30,3.452677380082053,3.5999479779012096,3.452677380082053,3.588493585586548,187623
2000-05-01 00:00:00+05:30,3.588493585586548,3.588493585586548,3.588493585586548,3.588493585586548,0
2000-05-02 00:00:00+05:30,3.7308557122572137,3.7308557122572137,3.4690411383251276,3.527949333190918,254493
2000-05-03 00:00:00+05:30,3.4477693582912226,3.5672222681781602,3.410133444556434,3.545949697494507,154890
2000-05-04 00:00:00+05:30,3.5590393920092405,3.629401968030377,3.534494385740391,3.6163110733032227,282438
2000-05-05 00:00:00+05:30,3.5754031680438696,3.649038476778142,3.5410399865150213,3.557403326034546,444915
2000-05-08 00:00:00+05:30,3.565584033170865,3.565584033170865,3.2726793798009117,3.3463146686553955,468198
2000-05-09 00:00:00+05:30,3.1744994505756203,3.3315885106072742,3.1123185398733355,3.287407159805298,725157
2000-05-10 00:00:00+05:30,3.2743170147842173,3.467405238869732,3.272680792926059,3.434678554534912,254556
2000-05-11 00:00:00+05:30,3.403587768083569,3.429769281597179,3.3054074435280683,3.3986785411834717,356490
2000-05-12 00:00:00+05:30,3.446132469194569,3.452677917506453,3.377406104609037,3.433041572570801,110403
2000-05-15 00:00:00+05:30,3.387224515925559,3.4363145390370002,3.2399538847983607,3.4183146953582764,164151
2000-05-16 00:00:00+05:30,3.4363150036159156,3.534495624905382,3.3479525568139863,3.4641330242156982,159228
2000-05-17 00:00:00+05:30,3.562312928953338,3.7423102444770135,3.5050409536880083,3.7259469032287598,480708
2000-05-18 00:00:00+05:30,3.6392198905985516,3.986124109616434,3.5835844302016593,3.7913997173309326,413541
2000-05-19 00:00:00+05:30,3.7881264198884446,3.7881264198884446,3.599947503525509,3.757035970687866,259524
2000-05-22 00:00:00+05:30,3.730854468910447,3.796308090580356,3.603219948788575,3.7586724758148193,210105
2000-05-23 00:00:00+05:30,3.7014030128107955,3.763583957829813,3.6408585710744896,3.7554025650024414,264762
2000-05-24 00:00:00+05:30,3.7635806693746896,3.8486703388315995,3.7112182280109014,3.8404886722564697,156861
2000-05-25 00:00:00+05:30,3.9010346248889913,4.123577040144886,3.845399161523215,3.987760543823242,196308
2000-05-26 00:00:00+05:30,3.788127819263547,4.084305306659917,3.788127819263547,4.028669834136963,239031
2000-05-29 00:00:00+05:30,4.0417600527900355,4.185757936989365,4.028669157292392,4.072850227355957,101871
2000-05-30 00:00:00+05:30,4.087577612585624,4.221757614863536,4.005760914838181,4.177576541900635,172782
2000-05-31 00:00:00+05:30,4.287212414051249,4.4148467217914495,4.123578412485183,4.202122688293457,215757
2000-06-01 00:00:00+05:30,4.1906658155304495,4.2544832168720355,3.8699434303293914,4.069576740264893,242964
2000-06-02 00:00:00+05:30,4.090850445967954,4.1677584809809565,4.009033465138237,4.095759391784668,179730
2000-06-05 00:00:00+05:30,4.123576542204371,4.156303215315547,4.067941085556827,4.144848823547363,123345
2000-06-06 00:00:00+05:30,4.087577344342609,4.131758414406175,4.0270329358033825,4.072850227355957,102807
2000-06-07 00:00:00+05:30,4.058122544512773,4.2053931320513955,4.058122544512773,4.126849174499512,73134
2000-06-08 00:00:00+05:30,4.139938941821873,4.251210110830775,4.094121385118425,4.229937553405762,92880
2000-06-09 00:00:00+05:30,4.159574907986148,4.254482461205796,4.139938852806349,4.239755630493164,82197
2000-06-12 00:00:00+05:30,4.2610307598270545,4.411573856713107,4.254485310085408,4.280666828155518,154845
2000-06-13 00:00:00+05:30,4.2544842789613355,4.311756248079019,4.195576088253038,4.216848373413086,81576
2000-06-14 00:00:00+05:30,4.270847792810352,4.4181184063555365,4.2544841728303515,4.283938407897949,102798
2000-06-15 00:00:00+05:30,4.319937832107025,4.319937832107025,4.172667217810277,4.185758113861084,41085
2000-06-16 00:00:00+05:30,4.123575979442265,4.218483543229322,4.058122080359967,4.210301876068115,112266
2000-06-19 00:00:00+05:30,4.234848603945307,4.247939501456977,4.156304342461028,4.213576316833496,128880
2000-06-20 00:00:00+05:30,4.189031211597092,4.236485011773834,4.157940471150875,4.190667152404785,70794
2000-06-21 00:00:00+05:30,4.139940048117906,4.526116098750852,4.139940048117906,4.352663993835449,377181
2000-06-22 00:00:00+05:30,4.287210274688553,4.701204299926758,4.221756650544871,4.701204299926758,328401
2000-06-23 00:00:00+05:30,4.67993332451226,5.077563867784709,4.67993332451226,5.056291580200195,1003464
2000-06-26 00:00:00+05:30,4.943384060719222,5.170835457365683,4.655388245741335,4.995747089385986,451512
2000-06-27 00:00:00+05:30,4.909020221766962,5.039927495095884,4.83047597012817,4.984292030334473,179964
2000-06-28 00:00:00+05:30,4.941746242533151,4.941746242533151,4.745385639546789,4.858293056488037,96066
2000-06-29 00:00:00+05:30,4.909020546027686,4.909020546027686,4.778113264051807,4.833749294281006,157203
2000-06-30 00:00:00+05:30,4.696296044465814,4.745386342937052,4.570297995614725,4.616115570068359,220851
2000-07-03 00:00:00+05:30,4.549024772295283,4.612842179171439,4.459026138856135,4.575206279754639,41643
2000-07-04 00:00:00+05:30,4.581753523541384,4.635752500063046,4.509754700914852,4.611207485198975,98595
2000-07-05 00:00:00+05:30,4.612842465206627,4.670114147648817,4.549025054373251,4.576842784881592,26514
2000-07-06 00:00:00+05:30,4.532662355620988,4.676660254535144,4.522844182994458,4.658660411834717,54909
2000-07-07 00:00:00+05:30,4.67338884146875,4.802659939055392,4.62266230424115,4.709388256072998,57474
2000-07-10 00:00:00+05:30,4.598116453070584,4.74047814444551,4.598116453070584,4.719205856323242,49797
2000-07-11 00:00:00+05:30,4.663568591378139,4.7388401076934095,4.630841918431419,4.69793176651001,59688
2000-07-12 00:00:00+05:30,4.648842484616068,4.843567185936166,4.640660814604628,4.833749294281006,82395
2000-07-13 00:00:00+05:30,4.810840836884929,4.810840836884929,4.712660778527567,4.742115020751953,39600
2000-07-14 00:00:00+05:30,4.729023943262145,4.729023943262145,4.663570292595598,4.6995697021484375,15480
2000-07-17 00:00:00+05:30,4.696296411607319,4.696296411607319,4.614479428356669,4.679933071136475,23508
2000-07-18 00:00:00+05:30,4.549026004699415,4.676660572133616,4.549026004699415,4.578480243682861,65358
2000-07-19 00:00:00+05:30,4.601388064382098,4.7339315500904195,4.601388064382098,4.678296089172363,39159
2000-07-20 00:00:00+05:30,4.549023827191675,4.6144774417932615,4.483570493486394,4.603023052215576,35568
2000-07-21 00:00:00+05:30,4.499936247744226,4.616116715155372,4.499936247744226,4.612843990325928,32715
2000-07-24 00:00:00+05:30,4.401756095068823,4.4181197199139195,4.270849062583456,4.405028820037842,63702
2000-07-25 00:00:00+05:30,4.221758009409965,4.5097541045192715,4.189031327252499,4.429573059082031,102195
2000-07-26 00:00:00+05:30,4.565387435187357,4.581750768590999,4.418116872761958,4.560478210449219,101736
2000-07-27 00:00:00+05:30,4.581752693392748,4.675024070052537,4.470481473889405,4.532662391662598,260073
2000-07-28 00:00:00+05:30,4.61447917239835,4.61447917239835,4.467208554536777,4.5637526512146,168453
2000-07-31 00:00:00+05:30,4.454118255180076,4.508117504288144,4.4181188494068415,4.439391136169434,19530
2000-08-01 00:00:00+05:30,4.378845021665617,4.385390468196261,4.241392610796479,4.254483222961426,223623
2000-08-02 00:00:00+05:30,4.28721064493551,4.352663993835449,4.270847307710526,4.352663993835449,27594
2000-08-03 00:00:00+05:30,4.319938063010382,4.4181186650536315,4.319938063010382,4.413209438323975,30384
2000-08-04 00:00:00+05:30,4.319938346034181,4.319938346034181,4.094123452153841,4.113759517669678,82845
2000-08-07 00:00:00+05:30,4.025396308157198,4.053214319775864,3.927215999461974,3.9664881229400635,21330
2000-08-08 00:00:00+05:30,3.927215624036916,3.992669250542106,3.863398218813403,3.9157612323760986,510651
2000-08-09 00:00:00+05:30,3.9272163440415553,3.9926699825468286,3.904307556519889,3.917398452758789,68940
2000-08-10 00:00:00+05:30,3.9435776138760543,3.9435776138760543,3.8617606789056396,3.907578229904175,143550
2000-08-11 00:00:00+05:30,3.8748532905922217,3.9272163133457254,3.796309037358373,3.8126723766326904,30906
2000-08-14 00:00:00+05:30,3.76358227374394,3.779945894766113,3.5688578520960843,3.6097664833068848,87840
2000-08-15 00:00:00+05:30,3.6097664833068848,3.6097664833068848,3.6097664833068848,3.6097664833068848,0
2000-08-16 00:00:00+05:30,3.730855843122602,3.7635825255638355,3.673584148850444,3.73903751373291,111249
2000-08-17 00:00:00+05:30,3.7635821948108124,3.9861246270807973,3.699765338196656,3.735764741897583,435600
2000-08-18 00:00:00+05:30,3.7946728482287986,3.804490739518756,3.63267511387682,3.6719472408294678,268479
2000-08-21 00:00:00+05:30,3.6981283747331792,3.7210371599319076,3.606493233938266,3.621220350265503,231543
2000-08-22 00:00:00+05:30,3.604857037401248,3.655583838141508,3.469040817000653,3.5099494457244873,335574
2000-08-23 00:00:00+05:30,3.629402764906419,3.688310961423438,3.5999488070961285,3.6637656688690186,183456
2000-08-24 00:00:00+05:30,3.649038695904749,3.6915835497481995,3.599948674398294,3.6588568687438965,77589
2000-08-25 00:00:00+05:30,3.82903673893058,3.82903673893058,3.6081307732230465,3.640857458114624,126153
2000-08-28 00:00:00+05:30,3.774772644042969,3.8082519430482464,3.7161843736528097,3.7747726440429688,152856
2000-08-29 00:00:00+05:30,3.7664029065184965,3.7915121634440405,3.7178579408338788,3.7496631145477295,257994
2000-08-30 00:00:00+05:30,3.749664335628179,3.846754011260989,3.749664335628179,3.8249924182891846,201429
2000-08-31 00:00:00+05:30,3.8501022814976986,3.8701900415248045,3.7831442308228476,3.8333630561828613,125955
2000-09-01 00:00:00+05:30,3.8333630561828613,3.8333630561828613,3.8333630561828613,3.8333630561828613,0
2000-09-04 00:00:00+05:30,3.824991647045339,3.883580207824707,3.8166218936988257,3.883580207824707,104355
2000-09-05 00:00:00+05:30,3.8835798685083156,3.982343351663288,3.8551226521457806,3.8969717025756836,60489
2000-09-06 00:00:00+05:30,3.853447555654724,3.950537178698904,3.853447555654724,3.91538405418396,115974
2000-09-07 00:00:00+05:30,3.980669258686345,4.04093164603161,3.917058913040721,3.9656035900115967,185301
2000-09-08 00:00:00+05:30,3.883580700019878,4.014149386010225,3.8501013950369685,3.8886024951934814,151596
2000-09-11 00:00:00+05:30,3.913712443610601,4.014150088789694,3.8852555035267993,3.893625259399414,95571
2000-09-12 00:00:00+05:30,3.823318438195086,3.908690689863534,3.8199707659390043,3.8584718704223633,169947
2000-09-13 00:00:00+05:30,3.9840175614340407,3.9840175614340407,3.853448613200069,3.908689498901367,68859
2000-09-14 00:00:00+05:30,3.8835790684038742,3.917058359321061,3.846752107013289,3.8852531909942627,84042
2000-09-15 00:00:00+05:30,3.948864647087672,3.9505387702744708,3.819970092624752,3.838383436203003,100368
2000-09-18 00:00:00+05:30,3.850099948615199,3.850099948615199,3.716183641055232,3.7948596477508545,64692
2000-09-19 00:00:00+05:30,3.8484275339955047,3.8484275339955047,3.599007877282608,3.689401626586914,274122
2000-09-20 00:00:00+05:30,3.881907154816635,3.881907154816635,3.7530122951125975,3.8249924182891846,63180
2000-09-21 00:00:00+05:30,3.8668403286820587,4.084454756792359,3.8501005362476164,3.930450677871704,172593
2000-09-22 00:00:00+05:30,3.8501012878333687,3.9672784209801155,3.8501012878333687,3.9321255683898926,120042
2000-09-25 00:00:00+05:30,3.9153858206200325,3.917059943887653,3.6827059620789853,3.6944236755371094,197928
2000-09-26 00:00:00+05:30,3.6860531602152533,3.7496635144266137,3.6324866822574715,3.649226188659668,202950
2000-09-27 00:00:00+05:30,3.679357290846873,3.747989147692152,3.639182075798387,3.7094886302948,90693
2000-09-28 00:00:00+05:30,3.6994448081303517,3.7111625204002214,3.649226287562717,3.6810314655303955,134388
2000-09-29 00:00:00+05:30,3.63750938597097,3.6994456326119747,3.5521374222134185,3.5688772201538086,191997
2000-10-02 00:00:00+05:30,3.5688772201538086,3.5688772201538086,3.5688772201538086,3.5688772201538086,0
2000-10-03 00:00:00+05:30,3.582268003329538,3.5956598388114465,3.5236794414806343,3.5370709896087646,105858
2000-10-04 00:00:00+05:30,3.5571599741234285,3.6324880690453547,3.5236806611837515,3.5839433670043945,51039
2000-10-05 00:00:00+05:30,3.58226784740966,3.58226784740966,3.528701369874867,3.548788547515869,20439
2000-10-06 00:00:00+05:30,3.5153087526514843,3.557157796366867,3.4650902450174668,3.4985692501068115,51309
2000-10-09 00:00:00+05:30,3.5153090074687463,3.5236787593477876,3.4818299999525792,3.488525629043579,24588
2000-10-10 00:00:00+05:30,3.4885278876112333,3.4885278876112333,3.3211321669464207,3.3512635231018066,81351
2000-10-11 00:00:00+05:30,3.408175802674248,3.4450027655406665,3.356282885305326,3.37971830368042,81216
2000-10-12 00:00:00+05:30,3.3043910364106166,3.4232419916848786,3.3027172007111627,3.4065024852752686,38718
2000-10-13 00:00:00+05:30,3.339543582970744,3.4148716358749995,3.316108163191312,3.354609251022339,116262
2000-10-16 00:00:00+05:30,3.381394879257193,3.445005264603978,3.347915562711885,3.3512635231018066,97461
2000-10-17 00:00:00+05:30,3.414872226207984,3.414872226207984,3.285977395138906,3.311086654663086,156951
2000-10-18 00:00:00+05:30,3.3479145922782716,3.445004266027746,3.332849205921372,3.409850835800171,80775
2000-10-19 00:00:00+05:30,3.3529352185950825,3.48183003085448,3.3479134248938327,3.439980983734131,32976
2000-10-20 00:00:00+05:30,3.4148717278741563,3.48183003085448,3.4148717278741563,3.439980983734131,174276
2000-10-23 00:00:00+05:30,3.4148717278741563,3.47011232064908,3.383066268156307,3.439980983734131,28251
2000-10-24 00:00:00+05:30,3.394785971016765,3.433287079225284,3.3311755943351438,3.341219186782837,255726
2000-10-25 00:00:00+05:30,3.4014804810980372,3.5102878499512453,3.3813933028310896,3.461742877960205,252576
2000-10-26 00:00:00+05:30,3.481831434723612,3.6140739712013485,3.481831434723612,3.573899030685425,51327
2000-10-27 00:00:00+05:30,3.5805954492693925,3.5805954492693925,3.4734618764800556,3.4952237606048584,269658
2000-10-30 00:00:00+05:30,3.451700494274243,3.5153108721803332,3.4483525342759425,3.468440294265747,193590
2000-10-31 00:00:00+05:30,3.505267353457683,3.5153109463105077,3.4366348904298967,3.4952237606048584,155277
2000-11-01 00:00:00+05:30,3.6827068947779313,3.6827068947779313,3.532050704934079,3.5839433670043945,206775
2000-11-02 00:00:00+05:30,3.5973334472931136,3.67600976367881,3.5973334472931136,3.6341609954833984,169236
2000-11-03 00:00:00+05:30,3.7496640230209133,3.7747732860299603,3.6324871749582197,3.6391828060150146,158850
2000-11-06 00:00:00+05:30,3.6827049035445523,3.7647285868212212,3.620768394875154,3.63248610496521,146088
2000-11-07 00:00:00+05:30,3.5655276797594957,3.645877812187953,3.54878788924083,3.5805933475494385,155718
2000-11-08 00:00:00+05:30,3.6157476845812937,3.6994452283682957,3.6157476845812937,3.645879030227661,135351
2000-11-09 00:00:00+05:30,3.6157472443612786,3.746315914009021,3.5822679435688,3.6408565044403076,214659
2000-11-10 00:00:00+05:30,3.6425291217234372,3.6425291217234372,3.5538095359050703,3.6057021617889404,80757
2000-11-13 00:00:00+05:30,3.5153110678070183,3.5655298958684525,3.5153110678070183,3.5571601390838623,63378
2000-11-14 00:00:00+05:30,3.54878788924083,3.664291150727917,3.515308882910924,3.5805933475494385,401922
2000-11-15 00:00:00+05:30,3.6157467531952188,3.655921678805779,3.582267456950596,3.6207685470581055,324207
2000-11-16 00:00:00+05:30,3.6157477700557044,3.630813443235033,3.525354018333549,3.562180995941162,93879
2000-11-17 00:00:00+05:30,3.4567212630308006,3.5889637648591712,3.4567212630308006,3.548788547515869,103167
2000-11-20 00:00:00+05:30,3.465089894735381,3.6642906445288848,3.465089894735381,3.6442031860351562,166896
2000-11-21 00:00:00+05:30,3.6157488384711853,3.677685098109978,3.583943646740646,3.5990090370178223,111888
2000-11-22 00:00:00+05:30,3.615747846419118,3.639182987316131,3.59900804955865,3.604030132293701,27000
2000-11-23 00:00:00+05:30,3.5839428946232403,3.6040303647978686,3.5487894626253405,3.5688772201538086,56052
2000-11-24 00:00:00+05:30,3.6157468891378937,3.6157468891378937,3.5688760450454406,3.588963508605957,82764
2000-11-27 00:00:00+05:30,3.614072667383811,3.8149475848493766,3.5655279890529306,3.7496631145477295,295812
2000-11-28 00:00:00+05:30,3.749663661830243,3.999083294030755,3.726228237004387,3.880232334136963,242253
2000-11-29 00:00:00+05:30,3.915385259409869,3.915385259409869,3.6157471222500277,3.7078146934509277,584289
2000-11-30 00:00:00+05:30,3.7128364150169064,3.7998821901353668,3.686053033283436,3.7747726440429688,147636
2000-12-01 00:00:00+05:30,3.6860525032908416,3.8166211471949487,3.6860525032908416,3.7697505950927734,147006
2000-12-04 00:00:00+05:30,3.749662850123247,4.071062810344672,3.7228794722125094,4.00075626373291,592785
2000-12-05 00:00:00+05:30,4.1648066629834455,4.271939950577677,4.0509774551164845,4.186568260192871,889308
2000-12-06 00:00:00+05:30,4.486205034672654,4.5196843375547955,4.117934427091842,4.136347770690918,468648
2000-12-07 00:00:00+05:30,4.151413176390413,4.204979942625092,4.0844551496277255,4.097846984863281,172989
2000-12-08 00:00:00+05:30,4.101193912014713,4.20163122128469,4.101193912014713,4.16145658493042,221661
2000-12-11 00:00:00+05:30,4.216697745016388,4.235111375182441,4.117934251132608,4.218371868133545,313434
2000-12-12 00:00:00+05:30,4.245155366429451,4.248503612980799,4.126304395362649,4.176523208618164,386316
2000-12-13 00:00:00+05:30,4.194936474847399,4.241807037465772,4.151413296427156,4.228415489196777,264132
2000-12-14 00:00:00+05:30,4.248503867218337,4.281982886489583,4.184893213366086,4.196610927581787,327357
2000-12-15 00:00:00+05:30,4.143043279317127,4.268589853787878,4.084454724642114,4.2166972160339355,535716
2000-12-18 00:00:00+05:30,4.184893021510455,4.218372326600672,4.117934698683831,4.211676120758057,153189
2000-12-19 00:00:00+05:30,4.169828018843514,4.251852027777542,4.161458550417918,4.181545734405518,295434
2000-12-20 00:00:00+05:30,4.211673969301218,4.235109672040336,4.168151383418132,4.1832170486450195,76896
2000-12-21 00:00:00+05:30,4.15141382857789,4.198284971912023,4.1011953006165385,4.169827461242676,113904
2000-12-22 00:00:00+05:30,4.154761051586135,4.213349611178185,4.019170590354367,4.0409321784973145,170685
2000-12-25 00:00:00+05:30,4.0409321784973145,4.0409321784973145,4.0409321784973145,4.0409321784973145,0
2000-12-26 00:00:00+05:30,3.9505388491137174,3.9739739880124683,3.766403685533755,3.8952982425689697,214263
2000-12-27 00:00:00+05:30,4.025867103635662,4.025867103635662,3.888602499042117,3.9538869857788086,39690
2000-12-28 00:00:00+05:30,4.017497888412643,4.049302787048048,3.9354741691901554,3.9890403747558594,22167
2000-12-29 00:00:00+05:30,3.9974101041937518,4.017497573382666,3.9170602274380935,4.012475490570068,29880
2001-01-01 00:00:00+05:30,4.101194636152308,4.181544497755462,4.0174968157567275,4.1062164306640625,54837
2001-01-02 00:00:00+05:30,4.19828397871695,4.201631649906021,4.084454825029768,4.159782886505127,84726
2001-01-03 00:00:00+05:30,4.087803871497109,4.481184103934697,4.084456199181765,4.399160385131836,652050
2001-01-04 00:00:00+05:30,4.4025080574471795,4.477836144265507,4.3020704167868455,4.399160385131836,407628
2001-01-05 00:00:00+05:30,4.352287166868819,4.364004876460311,4.285329154750244,4.300394535064697,344835
2001-01-08 00:00:00+05:30,4.335549051111845,4.352288559497733,4.220046040953891,4.313787460327148,422694
2001-01-09 00:00:00+05:30,4.285330648729046,4.285330648729046,4.089477475470783,4.14806604385376,326502
2001-01-10 00:00:00+05:30,4.20163230189606,4.266916785227252,4.134674270064389,4.168153285980225,305712
2001-01-11 00:00:00+05:30,4.218370345304681,4.283654514169347,4.176521305436136,4.191586971282959,391158
2001-01-12 00:00:00+05:30,4.122957230202956,4.415899529358341,3.85847186933933,4.271939277648926,498078
2001-01-15 00:00:00+05:30,4.335549670540188,4.439334982185267,4.220046643880094,4.4125518798828125,776070
2001-01-16 00:00:00+05:30,4.4493776658504975,4.469465130858267,4.302069205988501,4.323831081390381,315972
2001-01-17 00:00:00+05:30,4.417573455874198,4.435987089225683,4.365680515279451,4.402507781982422,319887
2001-01-18 00:00:00+05:30,4.419245075652021,4.553161662757521,4.390787865546681,4.509638786315918,333207
2001-01-19 00:00:00+05:30,4.519684896086724,4.6167742830000496,4.464443996401582,4.571577548980713,356625
2001-01-22 00:00:00+05:30,4.553164500034383,4.820997841144107,4.506293636604796,4.764083385467529,472113
2001-01-23 00:00:00+05:30,4.782497139620844,4.8578255246361035,4.69210336495642,4.737300395965576,391464
2001-01-24 00:00:00+05:30,4.764081691593813,4.866192850783853,4.764081691593813,4.846105098724365,382545
2001-01-25 00:00:00+05:30,4.9113894357138,4.938172529661908,4.764081556937947,4.892975807189941,437607
2001-01-26 00:00:00+05:30,4.892975807189941,4.892975807189941,4.892975807189941,4.892975807189941,0
2001-01-29 00:00:00+05:30,4.705494424534817,4.705494424534817,4.519685385504103,4.611752986907959,185130
2001-01-30 00:00:00+05:30,4.556510600410627,4.653599960161176,4.556510600410627,4.6184468269348145,268110
2001-01-31 00:00:00+05:30,4.653600851416952,4.817648550537908,4.653600851416952,4.722233295440674,493353
2001-02-01 00:00:00+05:30,4.653600234851809,4.954912782098685,4.653600234851809,4.886280059814453,617373
2001-02-02 00:00:00+05:30,4.948218944742507,5.122310571404712,4.897999830511791,5.010155200958252,563913
2001-02-05 00:00:00+05:30,5.122309827056512,5.2227468915073985,5.02187218789794,5.105570316314697,459261
2001-02-06 00:00:00+05:30,5.155787521599985,5.189266534467151,4.995087800071553,5.127330303192139,535095
2001-02-07 00:00:00+05:30,5.055349657186029,5.187592153737981,5.055349657186029,5.152439594268799,301770
2001-02-08 00:00:00+05:30,5.097199493043011,5.187592952148169,5.065394599916232,5.177549362182617,248409
2001-02-09 00:00:00+05:30,5.189264154785903,5.35665971706539,5.055347590020859,5.175872325897217,555642
2001-02-12 00:00:00+05:30,5.247854821693939,5.591016122522807,5.247854821693939,5.537449359893799,874377
2001-02-13 00:00:00+05:30,5.540798184190393,5.5876690394063875,5.36001125659456,5.49225378036499,557658
2001-02-14 00:00:00+05:30,5.490578950644928,5.6244955805030425,5.159135909556714,5.2495293617248535,680445
2001-02-15 00:00:00+05:30,5.339921881049294,5.349965468489537,5.214375313923895,5.289703369140625,354825
2001-02-16 00:00:00+05:30,5.2244208337715765,5.231116752777574,4.921434378026914,5.011828422546387,1177821
2001-02-19 00:00:00+05:30,4.939846812532814,5.122308406002327,4.722232658553053,4.837735652923584,420237
2001-02-20 00:00:00+05:30,4.921433288627118,4.995087806681395,4.5632068734715885,4.596685886383057,740835
2001-02-21 00:00:00+05:30,4.7540390770335605,4.884608071189628,4.5531643645331235,4.814301490783691,665460
2001-02-22 00:00:00+05:30,4.787517688236594,4.854476011743503,4.6368615321845015,4.834388256072998,358119
2001-02-23 00:00:00+05:30,4.887954830455661,4.887954830455661,4.687080155481797,4.722233295440674,294615
2001-02-26 00:00:00+05:30,4.8025816442888605,4.8025816442888605,4.556510302500277,4.672013282775879,307467
2001-02-27 00:00:00+05:30,4.695448348579649,4.820995194213529,4.558183793521892,4.7088398933410645,483516
2001-02-28 00:00:00+05:30,4.620123045357292,5.01852511526755,4.586644019873446,4.807606220245361,428967
2001-03-01 00:00:00+05:30,4.95156462497377,5.192614782041892,4.887954270625209,5.097198963165283,712971
2001-03-02 00:00:00+05:30,5.185920990396815,5.323185344284374,4.963284371557348,5.041960716247559,520542
2001-03-05 00:00:00+05:30,4.954912595967653,5.0888286400384635,4.6703398529021705,4.784168720245361,409230
2001-03-06 00:00:00+05:30,4.784168720245361,4.784168720245361,4.784168720245361,4.784168720245361,0
2001-03-07 00:00:00+05:30,4.824342977937024,4.98839091371544,4.690426377769991,4.928128242492676,302013
2001-03-08 00:00:00+05:30,4.946542589665955,4.951564383882181,4.804256217160777,4.88460636138916,201780
2001-03-09 00:00:00+05:30,4.720560736598221,4.784171119312882,4.586644338020023,4.754039764404297,266076
2001-03-12 00:00:00+05:30,4.787517641255504,4.787517641255504,4.561533409395005,4.675362586975098,245070
2001-03-13 00:00:00+05:30,4.385768265138191,4.385768265138191,4.302070140838623,4.302070140838623,480519
2001-03-14 00:00:00+05:30,4.283655708528849,4.419246164247942,4.084454901368517,4.3640055656433105,194922
2001-03-15 00:00:00+05:30,4.3121128608562955,4.417571967868445,4.166478253860271,4.400832176208496,147942
2001-03-16 00:00:00+05:30,4.387442437308845,4.4828577023749325,4.21502439128853,4.318809986114502,420975
2001-03-19 00:00:00+05:30,4.166480646760712,4.486206684462227,4.151414969291078,4.45440149307251,83781
2001-03-20 00:00:00+05:30,4.410877865936468,4.55483812196431,4.330527982325937,4.534750938415527,171351
2001-03-21 00:00:00+05:30,4.320483440510179,4.620121909266373,4.320483440510179,4.588316440582275,40383
2001-03-22 00:00:00+05:30,4.534751677125924,4.620123370530687,4.3522899983937675,4.45440149307251,139410
2001-03-23 00:00:00+05:30,4.318809342219722,4.385767660008453,4.220045845032878,4.295373916625977,194364
2001-03-26 00:00:00+05:30,4.184892460486629,4.308765499154145,4.184892460486629,4.260220527648926,101241
2001-03-27 00:00:00+05:30,4.199958864440377,4.292026747948987,4.199958864440377,4.271939277648926,52137
2001-03-28 00:00:00+05:30,4.302069485686124,4.476161051974473,4.218371948840322,4.384093761444092,31113
2001-03-29 00:00:00+05:30,4.511314981772926,4.62012207919552,4.353962905255072,4.533076286315918,86265
2001-03-30 00:00:00+05:30,4.486204678542327,4.486204678542327,4.355636011109925,4.442681789398193,59418
2001-04-02 00:00:00+05:30,4.154761612180409,4.285330583947989,4.149739817067442,4.2066545486450195,51669
2001-04-03 00:00:00+05:30,4.151413323120847,4.352288272570095,4.050975992073115,4.283656120300293,241731
2001-04-04 00:00:00+05:30,4.218372807743882,4.44435706530159,4.1848934988350495,4.4125518798828125,60183
2001-04-05 00:00:00+05:30,4.4125518798828125,4.4125518798828125,4.4125518798828125,4.4125518798828125,0
2001-04-06 00:00:00+05:30,4.419246325257695,4.516335691582706,4.285329987639102,4.308765411376953,106659
2001-04-09 00:00:00+05:30,4.452724739635457,4.501269416276368,4.335547924041748,4.335547924041748,236799
2001-04-10 00:00:00+05:30,4.417573118111244,4.432638790851115,4.293700351696165,4.385767936706543,94068
2001-04-11 00:00:00+05:30,4.534749370523339,4.551488588575113,4.28532976297826,4.521357536315918,179127
2001-04-12 00:00:00+05:30,4.404181610328463,4.484531775159388,4.288678589616681,4.432639122009277,112032
2001-04-13 00:00:00+05:30,4.432639122009277,4.432639122009277,4.432639122009277,4.432639122009277,0
2001-04-16 00:00:00+05:30,4.419246249321471,4.419246249321471,4.335548431990374,4.40585470199585,87381
2001-04-17 00:00:00+05:30,4.355635906556254,4.566554429698347,4.355635906556254,4.529727458953857,109809
2001-04-18 00:00:00+05:30,4.583294587505473,4.668666247476606,4.461095666507937,4.646904945373535,138402
2001-04-19 00:00:00+05:30,4.62849179602788,4.7824959119693675,4.586643023266169,4.616774082183838,194409
2001-04-20 00:00:00+05:30,4.569901172332946,4.650251297149568,4.507964959019302,4.623467922210693,46404
2001-04-23 00:00:00+05:30,4.5531633059977095,4.685406105616236,4.519684290815574,4.6669921875,63072
2001-04-24 00:00:00+05:30,4.586642706757992,4.720559057708181,4.554837239358536,4.700471878051758,89802
2001-04-25 00:00:00+05:30,4.6217973477068215,4.820998546424391,4.6217973477068215,4.792541027069092,83880
2001-04-26 00:00:00+05:30,4.8327146600398905,4.8327146600398905,4.636861486681838,4.675362586975098,59724
2001-04-27 00:00:00+05:30,4.623469519952533,4.623469519952533,4.318809279044202,4.523032188415527,95310
2001-04-30 00:00:00+05:30,4.4192474770237995,4.645231732804125,4.405855925977898,4.615100383758545,103419
2001-05-01 00:00:00+05:30,4.615100383758545,4.615100383758545,4.615100383758545,4.615100383758545,0
2001-05-02 00:00:00+05:30,4.628490568539083,4.688753245100217,4.621794651731459,4.680383205413818,53703
2001-05-03 00:00:00+05:30,4.687080300657664,4.687080300657664,4.620121977807833,4.675362586975098,36324
2001-05-04 00:00:00+05:30,4.620120647792746,4.683730993085215,4.605054979201639,4.672013282775879,164331
2001-05-07 00:00:00+05:30,4.6870804236476715,4.6870804236476715,4.646905486354337,4.6519269943237305,20466
2001-05-08 00:00:00+05:30,4.653600439504751,4.666991987533058,4.6284911791940075,4.6335129737854,42822
2001-05-09 00:00:00+05:30,4.636859946317736,4.673687198431112,4.556510100531669,4.638534069061279,162810
2001-05-10 00:00:00+05:30,4.620120916315252,4.677035348352058,4.586641906259188,4.593337535858154,78966
2001-05-11 00:00:00+05:30,4.600034374379307,4.628491596098815,4.569903029409356,4.598360538482666,206352
2001-05-14 00:00:00+05:30,4.620122182755763,4.620122182755763,4.526380469136869,4.600034713745117,24849
2001-05-15 00:00:00+05:30,4.519684784751923,4.553163803592832,4.486205478557194,4.549816131591797,95967
2001-05-16 00:00:00+05:30,4.533076616786469,4.586643395088498,4.519685065887881,4.564881801605225,125595
2001-05-17 00:00:00+05:30,4.586642714992561,4.65360074691097,4.569902919659163,4.640209197998047,62253
2001-05-18 00:00:00+05:30,4.653600060039567,4.8544749882070395,4.653600060039567,4.784168720245361,168858
2001-05-21 00:00:00+05:30,4.921430795881194,5.082131010933807,4.7908624817773955,5.005128860473633,214659
2001-05-22 00:00:00+05:30,5.105568942361211,5.150765666672043,4.954912811520085,4.986717700958252,231309
2001-05-23 00:00:00+05:30,5.021870912367861,5.038610418857925,4.854475272759686,4.919759750366211,124128
2001-05-24 00:00:00+05:30,4.91138806152127,4.988390225299914,4.827690557159568,4.856147766113281,79749
2001-05-25 00:00:00+05:30,4.836062451993167,4.837736575334416,4.625144175178287,4.682058334350586,238725
2001-05-28 00:00:00+05:30,4.6335131082525995,4.83773601757206,4.6335131082525995,4.785843372344971,130950
2001-05-29 00:00:00+05:30,4.7707779197032805,4.938173288334763,4.720559107966177,4.889628887176514,255888
2001-05-30 00:00:00+05:30,4.872889772315133,4.98839279001372,4.822670669171302,4.877911567687988,110205
2001-05-31 00:00:00+05:30,4.826016770882419,5.018521906386936,4.797559559946128,4.941519737243652,149913
2001-06-01 00:00:00+05:30,5.018523141269564,5.256225048239039,5.018523141269564,5.115612506866455,293301
2001-06-04 00:00:00+05:30,5.162483189208713,5.162483189208713,4.854475021384297,4.88460636138916,96183
2001-06-05 00:00:00+05:30,4.837734785815241,5.088827906985174,4.837734785815241,4.978347301483154,332235
2001-06-06 00:00:00+05:30,5.055350603844027,5.232790430927082,4.991740240761404,5.092177867889404,327825
2001-06-07 00:00:00+05:30,5.13904726255033,5.252876119511419,5.00513065598628,5.130677223205566,343530
2001-06-08 00:00:00+05:30,5.222746910128971,5.2830096087805165,5.139049356121477,5.194289684295654,560223
2001-06-11 00:00:00+05:30,5.289704574031879,5.289704574031879,5.155787937064386,5.216050624847412,233064
2001-06-12 00:00:00+05:30,5.172527999171214,5.2562261217609185,5.162484408366896,5.227768898010254,289044
2001-06-13 00:00:00+05:30,5.390140558750604,5.524057169333581,5.239484443683189,5.472165107727051,354114
2001-06-14 00:00:00+05:30,5.42361917706724,5.567579349775658,5.408553798125001,5.549165725708008,230373
2001-06-15 00:00:00+05:30,5.4872311754681435,5.67471399396098,5.423620820590521,5.614451885223389,318105
2001-06-18 00:00:00+05:30,5.591015348769326,5.6412338585111925,5.431989205858939,5.522383213043213,143622
2001-06-19 00:00:00+05:30,5.507320692676815,5.858852204238249,5.507320692676815,5.843786239624023,478809
2001-06-20 00:00:00+05:30,5.691454023825407,6.160162549920619,5.657975007592205,6.051354885101318,581130
2001-06-21 00:00:00+05:30,6.076466898756251,6.089858740563223,5.6244982722031125,5.642911911010742,416187
2001-06-22 00:00:00+05:30,5.591016719874473,5.84210990486772,5.26459488973417,5.311465740203857,412326
2001-06-25 00:00:00+05:30,5.306444696805882,5.420273592802063,5.192615800809702,5.30811882019043,249912
2001-06-26 00:00:00+05:30,5.289703556534546,5.4068806631800275,5.289703556534546,5.361683368682861,352584
2001-06-27 00:00:00+05:30,5.356662963966239,5.411903860585469,5.267943624247136,5.33322811126709,199737
2001-06-28 00:00:00+05:30,5.348293653858925,5.353315449206694,5.256226064831998,5.304770469665527,30303
2001-06-29 00:00:00+05:30,5.237812781116533,5.272965925601052,5.098874326641819,5.212703227996826,210465
2001-07-02 00:00:00+05:30,4.772451359955509,5.356662271603753,4.687079703168615,5.187592506408691,111780
2001-07-03 00:00:00+05:30,5.172528006230689,5.21772473961945,5.088829883526753,5.197637557983398,34398
2001-07-04 00:00:00+05:30,5.088829061070585,5.256225279423893,5.088829061070585,5.2495293617248535,21096
2001-07-05 00:00:00+05:30,5.15913548632752,5.373401386874156,5.15913548632752,5.338248252868652,26343
2001-07-06 00:00:00+05:30,5.354988493115774,5.488904541282256,5.160809188800833,5.222745418548584,36675
2001-07-09 00:00:00+05:30,5.227765519164058,5.227765519164058,5.147415120539213,5.175872325897217,207405
2001-07-10 00:00:00+05:30,5.147417085493606,5.289703741306836,5.140721743200682,5.286355495452881,45711
2001-07-11 00:00:00+05:30,5.289704928351246,5.356662963966239,5.207680932427544,5.33322811126709,37179
2001-07-12 00:00:00+05:30,5.351640073140885,5.351640073140885,5.197636277930555,5.229441165924072,10926
2001-07-13 00:00:00+05:30,5.227767299145109,6.02624459274192,5.22609317628719,5.718236446380615,60660
2001-07-16 00:00:00+05:30,5.768455355040319,5.768455355040319,5.597712053056255,5.676387786865234,69912
2001-07-17 00:00:00+05:30,5.591016187800519,5.691453222356612,5.527405836031988,5.617799282073975,144495
2001-07-18 00:00:00+05:30,5.657973105608778,5.753388901976799,5.530752426923018,5.547492504119873,64674
2001-07-19 00:00:00+05:30,5.641234705078565,5.6579742108379145,5.50899220728445,5.617799282073975,54000
2001-07-20 00:00:00+05:30,5.524058856446426,5.624496488735366,5.498949879404925,5.585995674133301,22185
2001-07-23 00:00:00+05:30,5.365031719207764,5.365031719207764,5.365031719207764,5.365031719207764,450
2001-07-24 00:00:00+05:30,5.356663706258823,5.524059393200564,5.356663706258823,5.408556938171387,19593
2001-07-25 00:00:00+05:30,5.3131405117169015,5.3566631212026605,5.226094718037745,5.304770469665527,32085
2001-07-26 00:00:00+05:30,5.1557865759972685,5.289703177612352,5.1557865759972685,5.274637222290039,61713
2001-07-27 00:00:00+05:30,5.2830085141552345,5.490579094734973,5.222745827989957,5.371728420257568,53145
2001-07-30 00:00:00+05:30,5.691453500538508,5.952590837621518,5.574276954495813,5.614451885223389,70776
2001-07-31 00:00:00+05:30,5.674714685354554,5.674714685354554,5.52405853309368,5.5876688957214355,77814
2001-08-01 00:00:00+05:30,5.507319449972571,5.519037164380564,5.222746632081733,5.279661655426025,45855
2001-08-02 00:00:00+05:30,5.418598294296614,5.487230434407848,5.408554706648011,5.440359592437744,12870
2001-08-03 00:00:00+05:30,5.524057200988233,5.524057200988233,5.408554791795983,5.452077388763428,109332
2001-08-06 00:00:00+05:30,5.57260233992232,5.57260233992232,5.4370116014836425,5.4453816413879395,79947
2001-08-07 00:00:00+05:30,5.488906283647897,5.490580407193659,5.390142764478949,5.437013626098633,74250
2001-08-08 00:00:00+05:30,4.6870792886970545,5.554188764578998,4.6870792886970545,5.416924476623535,68868
2001-08-09 00:00:00+05:30,5.423622006113795,5.4621228221870615,5.373402900696518,5.380098819732666,17145
2001-08-10 00:00:00+05:30,5.431991473878229,5.452079230986673,5.356663390459982,5.380098819732666,70542
2001-08-13 00:00:00+05:30,5.681987823762011,5.847308518626187,5.6065154130984505,5.802384376525879,224244
2001-08-14 00:00:00+05:30,5.827452062543076,5.9392957851489525,5.756102921567695,5.866018772125244,111897
2001-08-15 00:00:00+05:30,5.866018772125244,5.866018772125244,5.866018772125244,5.866018772125244,0
2001-08-16 00:00:00+05:30,5.927727878593081,5.927727878593081,5.852522306433913,5.894946098327637,107757
2001-08-17 00:00:00+05:30,5.920012504824784,6.045354643565475,5.9122990304025285,5.999074459075928,101700
2001-08-20 00:00:00+05:30,5.977863049172041,5.977863049172041,5.813954187223454,5.869876384735107,135540
2001-08-21 00:00:00+05:30,5.804311723678423,5.842878433819466,5.785028368607901,5.7965989112854,45684
2001-08-22 00:00:00+05:30,5.7965989112854,5.7965989112854,5.7965989112854,5.7965989112854,0
2001-08-23 00:00:00+05:30,5.835167012805226,5.835167012805226,5.746463028694432,5.767674922943115,79596
2001-08-24 00:00:00+05:30,5.76188939069481,5.765745797415617,5.727179082031261,5.758032321929932,20763
2001-08-27 00:00:00+05:30,5.765744162299511,5.8235942189702605,5.746460810075928,5.808167934417725,51678
2001-08-28 00:00:00+05:30,5.788884457053838,5.804311405081067,5.707894635020753,5.740676403045654,87165
2001-08-29 00:00:00+05:30,5.742603992990114,5.785027766959539,5.632688814315026,5.715607166290283,128079
2001-08-30 00:00:00+05:30,5.744531540233332,5.785026773327648,5.657756135323199,5.78117036819458,58500
2001-08-31 00:00:00+05:30,5.594121147342873,5.819737067700461,5.594121147342873,5.78117036819458,56961
2001-09-03 00:00:00+05:30,5.744531540233332,5.785026773327648,5.630759313260321,5.78117036819458,67320
2001-09-04 00:00:00+05:30,5.781173345938441,5.781173345938441,5.630762213531013,5.640404224395752,27450
2001-09-05 00:00:00+05:30,5.659687006730161,5.686683839944484,5.5941234580793955,5.605693340301514,12267
2001-09-06 00:00:00+05:30,5.501563195663206,5.553628328837237,5.437927517971765,5.439856052398682,8505
2001-09-07 00:00:00+05:30,5.349223263184188,5.511203916531497,5.3222264324559685,5.351151466369629,17640
2001-09-10 00:00:00+05:30,5.435996446036751,5.435996446036751,5.343436111005328,5.366576194763184,7767
2001-09-11 00:00:00+05:30,5.247020408993498,5.378147813449627,5.245092205981456,5.262447357177734,26586
2001-09-12 00:00:00+05:30,5.2836603166743314,6.093564336828367,5.245093269416304,5.312585353851318,73737
2001-09-13 00:00:00+05:30,5.773458749027911,5.773458749027911,5.341509788398409,5.351151466369629,34038
2001-09-14 00:00:00+05:30,5.399359476259863,5.399359476259863,4.897990301644685,5.056114196777344,51948
2001-09-17 00:00:00+05:30,4.936558935607956,4.936558935607956,4.628023857310304,4.743724346160889,54414
2001-09-18 00:00:00+05:30,4.784217859719425,5.0811826155978554,4.784217859719425,5.058042526245117,63675
2001-09-19 00:00:00+05:30,5.185313832984644,5.20266898603744,5.083112110952209,5.098538398742676,44064
2001-09-20 00:00:00+05:30,5.1255339495341765,5.127462152146274,4.89798949021135,4.919201374053955,20016
2001-09-21 00:00:00+05:30,4.859424106273592,4.975124569891821,4.824713801677125,4.924987316131592,41760
2001-09-24 00:00:00+05:30,4.948128636015788,5.12939267334212,4.948128636015788,5.094682693481445,23868
2001-09-25 00:00:00+05:30,5.0715421206116345,5.129392191957651,5.017548455871065,5.054187297821045,22266
2001-09-26 00:00:00+05:30,4.938485473820262,5.108179919647773,4.938485473820262,5.1062517166137695,22338
2001-09-27 00:00:00+05:30,5.0619005528325225,5.129392304213249,5.013691827967111,5.081183910369873,10620
2001-09-28 00:00:00+05:30,5.281730665414318,5.281730665414318,5.129391374041799,5.20845365524292,29349
2001-10-01 00:00:00+05:30,5.206523514923371,5.206523514923371,5.032972731092592,5.112034320831299,25398
2001-10-02 00:00:00+05:30,5.112034320831299,5.112034320831299,5.112034320831299,5.112034320831299,0
2001-10-03 00:00:00+05:30,5.206525449680704,5.3607926129504495,5.206525449680704,5.256662368774414,69993
2001-10-04 00:00:00+05:30,5.2103833848489725,5.322227128765299,5.208454850389213,5.283660411834717,20430
2001-10-05 00:00:00+05:30,5.245091768647919,5.262446918397131,5.206525063446955,5.227736949920654,15255
2001-10-08 00:00:00+05:30,5.013692033410693,5.187242920402426,5.013692033410693,5.102396011352539,27270
2001-10-09 00:00:00+05:30,5.185313096944129,5.279802323712876,5.12939123928708,5.231593608856201,26487
2001-10-10 00:00:00+05:30,5.090824861619023,5.283659402501035,5.090824861619023,5.254734039306641,21159
2001-10-11 00:00:00+05:30,5.341508123500287,5.399358504318192,5.314511632208627,5.38778829574585,28881
2001-10-12 00:00:00+05:30,5.418642968132576,5.445639464973765,5.370434583392626,5.428284645080566,44037
2001-10-15 00:00:00+05:30,5.466851319366459,5.466851319366459,5.331867189051359,5.341508865356445,29817
2001-10-16 00:00:00+05:30,5.360791500970269,5.397430329459945,5.3550065621653316,5.378146648406982,12816
2001-10-17 00:00:00+05:30,5.362721105787425,5.49384817700871,5.245092117466592,5.291372299194336,82989
2001-10-18 00:00:00+05:30,5.322226727693116,5.372363323515861,5.245092968622547,5.279803276062012,42939
2001-10-19 00:00:00+05:30,5.071541996954445,5.283659913117273,5.071541996954445,5.245092868804932,27108
2001-10-22 00:00:00+05:30,5.32029799011228,5.3511515587661265,5.129391968532995,5.322226524353027,42345
2001-10-23 00:00:00+05:30,5.515060902248823,5.515060902248823,5.331868350503088,5.362721920013428,22410
2001-10-24 00:00:00+05:30,5.345365757582903,5.399359411279652,5.322225667573147,5.382004261016846,16245
2001-10-25 00:00:00+05:30,5.397432227090313,5.397432227090313,5.347294969747248,5.362721920013428,35685
2001-10-26 00:00:00+05:30,5.362721920013428,5.362721920013428,5.362721920013428,5.362721920013428,0
2001-10-29 00:00:00+05:30,5.455282208714916,5.455282208714916,5.3607932984498365,5.414787292480469,16875
2001-10-30 00:00:00+05:30,5.437925422789316,5.437925422789316,5.391645248683269,5.409000396728516,31266
2001-10-31 00:00:00+05:30,5.360793184487079,5.457210626965351,5.360793184487079,5.405145168304443,29241
2001-11-01 00:00:00+05:30,5.399360071101793,5.4475684599208805,5.360793029024523,5.412858486175537,39798
2001-11-02 00:00:00+05:30,5.437927395993482,5.580625037458573,5.399360680584778,5.542057991027832,86184
2001-11-05 00:00:00+05:30,5.580624698712111,5.580624698712111,5.4475687441757525,5.518917560577393,47619
2001-11-06 00:00:00+05:30,5.515060592191359,5.594122880305589,5.515060592191359,5.570982456207275,48717
2001-11-07 00:00:00+05:30,5.5960512571752075,5.6307608992809115,5.522773911634528,5.578695774078369,21852
2001-11-08 00:00:00+05:30,5.553625652178645,5.966290773914693,5.553625652178645,5.779241561889648,72369
2001-11-09 00:00:00+05:30,5.792740940321696,5.858304469753045,5.6307599885191575,5.632688522338867,103419
2001-11-12 00:00:00+05:30,5.746462101565701,5.746462101565701,5.65775813176632,5.69439697265625,27018
2001-11-13 00:00:00+05:30,5.669327318580455,5.773458225683332,5.592193901802578,5.650043964385986,34578
2001-11-14 00:00:00+05:30,5.746460345536806,5.746460345536806,5.669326280834044,5.709822177886963,18585
2001-11-15 00:00:00+05:30,5.599908094764097,5.84480745272058,5.597979560483894,5.725250244140625,34335
2001-11-16 00:00:00+05:30,5.725250244140625,5.725250244140625,5.725250244140625,5.725250244140625,0
2001-11-19 00:00:00+05:30,5.84095170888371,5.84095170888371,5.592195254144398,5.669328689575195,60948
2001-11-20 00:00:00+05:30,5.7657457024389425,5.7657457024389425,5.488064561792815,5.530488014221191,323244
2001-11-21 00:00:00+05:30,5.553627634666545,5.592194346119728,5.478422083902034,5.570982456207275,38223
2001-11-22 00:00:00+05:30,5.630760996081823,5.6577578262130315,5.559412514468199,5.59026575088501,41355
2001-11-23 00:00:00+05:30,5.611478945365345,5.657759141773783,5.580625701774436,5.628833770751953,131436
2001-11-26 00:00:00+05:30,5.599907675952693,5.630760911908283,5.5536274909973145,5.5536274909973145,32994
2001-11-27 00:00:00+05:30,5.580623947433302,5.609549309362071,5.5150600806137975,5.588337421417236,52803
2001-11-28 00:00:00+05:30,5.59026705075228,5.661616211000242,5.553628865365835,5.628833770751953,79767
2001-11-29 00:00:00+05:30,5.5574846267700195,5.592194935554058,5.538201269010903,5.5574846267700195,16470
2001-11-30 00:00:00+05:30,5.5574846267700195,5.5574846267700195,5.5574846267700195,5.5574846267700195,0
2001-12-03 00:00:00+05:30,5.4803502870658924,5.64040306645821,5.4803502870658924,5.570982456207275,29466
2001-12-04 00:00:00+05:30,5.536270531202547,5.592192375512419,5.48034835587079,5.491918563842773,35208
2001-12-05 00:00:00+05:30,5.515061901832177,5.59219567407721,5.484208657751829,5.520846843719482,54468
2001-12-06 00:00:00+05:30,5.476491619880129,5.592192375512419,5.410928101104547,5.491918563842773,43362
2001-12-07 00:00:00+05:30,5.482278045463356,5.532414630848945,5.476492774746441,5.489991188049316,21429
2001-12-10 00:00:00+05:30,5.553626395118728,5.572909746541351,5.476492327384381,5.480349063873291,40923
2001-12-11 00:00:00+05:30,5.530486179268464,5.530486179268464,5.437925498741644,5.478420734405518,47133
2001-12-12 00:00:00+05:30,5.592194006048476,5.669327424264222,5.515060256810747,5.547842025756836,139689
2001-12-13 00:00:00+05:30,5.588339266833728,5.59219567407721,5.399361408975668,5.520846843719482,83070
2001-12-14 00:00:00+05:30,5.476493413573002,5.515060455089428,5.409001670207746,5.50541877746582,46080
2001-12-17 00:00:00+05:30,5.50541877746582,5.50541877746582,5.50541877746582,5.50541877746582,0
2001-12-18 00:00:00+05:30,5.476493229611441,5.476493229611441,5.360792770992658,5.385861396789551,32895
2001-12-19 00:00:00+05:30,5.399357942768101,5.461064722337187,5.283657524187399,5.293299198150635,23598
2001-12-20 00:00:00+05:30,5.279802264532506,5.3376523244857275,5.245091963743006,5.2508769035339355,23103
2001-12-21 00:00:00+05:30,5.245092283891465,5.316440761726445,5.171815271993822,5.2585906982421875,31356
2001-12-24 00:00:00+05:30,5.204597128571814,5.206525662666987,5.100466549114077,5.14096212387085,23670
2001-12-25 00:00:00+05:30,5.14096212387085,5.14096212387085,5.14096212387085,5.14096212387085,0
2001-12-26 00:00:00+05:30,5.129393803294185,5.16796086066226,5.059973497258206,5.125537395477295,26901
2001-12-27 00:00:00+05:30,5.0985389743216185,5.194956428605807,5.090825829555641,5.092754364013672,14058
2001-12-28 00:00:00+05:30,5.090824990482788,5.102395202257819,4.982837671337143,5.031046390533447,17433
2001-12-31 00:00:00+05:30,5.185313212089429,5.256662349997504,5.112036202215906,5.241235733032227,19071
2002-01-01 00:00:00+05:30,5.2528062820405665,5.310656682317106,5.24509280706449,5.264376163482666,14841
2002-01-02 00:00:00+05:30,5.337652679268902,5.395503074089285,5.21809548352583,5.385861396789551,37593
2002-01-03 00:00:00+05:30,5.397431782931809,5.407073129521748,5.341509589351814,5.3935747146606445,42210
2002-01-04 00:00:00+05:30,5.434068467991413,5.434068467991413,5.349221595881848,5.38778829574585,49383
2002-01-07 00:00:00+05:30,5.3800755531106565,5.399358904471772,5.318368431528775,5.391645431518555,29952
2002-01-08 00:00:00+05:30,5.326082780801864,5.395503055737006,5.312584366423754,5.370434761047363,18540
2002-01-09 00:00:00+05:30,5.399359811213574,5.437926520412507,5.360792770992658,5.385861396789551,11907
2002-01-10 00:00:00+05:30,5.341508123500287,5.399358504318192,5.341508123500287,5.38778829574585,16227
2002-01-11 00:00:00+05:30,5.380076456614107,5.399359811213574,5.349222890641771,5.385861396789551,15174
2002-01-14 00:00:00+05:30,5.4379270104848,5.505419088687381,5.3993602978101904,5.449497222900391,31950
2002-01-15 00:00:00+05:30,5.439856448283256,5.455283069711034,5.389719183843322,5.420572757720947,21753
2002-01-16 00:00:00+05:30,5.424428912687946,5.472637637378005,5.399360614184979,5.457211017608643,13878
2002-01-17 00:00:00+05:30,5.437927583477713,5.543986716552338,5.403217273595538,5.484208106994629,40248
2002-01-18 00:00:00+05:30,5.534343301441599,5.5497699180164615,5.4842067148178035,5.515059947967529,21213
2002-01-21 00:00:00+05:30,5.553627694718274,5.8621620517239466,5.51506065182606,5.752246856689453,66015
2002-01-22 00:00:00+05:30,5.713679553035335,5.785028028809832,5.5150600806137975,5.588337421417236,531333
2002-01-23 00:00:00+05:30,5.785029059872749,6.0125736037562385,5.688611610955043,5.746462345123291,687699
2002-01-24 00:00:00+05:30,5.8409499130675036,5.881445152831533,5.46685140974871,5.474564552307129,543132
2002-01-25 00:00:00+05:30,5.478424497208972,5.480352701222226,5.289446600979901,5.31644344329834,454689
2002-01-28 00:00:00+05:30,5.497703907968359,5.497703907968359,5.383932008469517,5.397430419921875,23895
2002-01-29 00:00:00+05:30,5.55362755792048,5.592194268840706,5.399360052195578,5.486135482788086,41418
2002-01-30 00:00:00+05:30,5.515059792071157,5.515059792071157,5.443711320029544,5.474564552307129,19017
2002-01-31 00:00:00+05:30,5.5150600806137975,5.626904129292968,5.129391346746626,5.588337421417236,72117
2002-02-01 00:00:00+05:30,5.785028210480667,6.188052107957117,5.592194003002375,5.958579063415527,542691
2002-02-04 00:00:00+05:30,6.051138869190268,6.459947668934805,6.051138869190268,6.124415874481201,504513
2002-02-05 00:00:00+05:30,6.29025346503326,6.633498047226542,5.920011396394954,6.2998948097229,613296
2002-02-06 00:00:00+05:30,6.6334985465711025,7.561031328677696,6.6334985465711025,7.1657209396362305,2124918
2002-02-07 00:00:00+05:30,7.327703329493125,7.404836756057795,6.666281614729343,6.7588419914245605,926919
2002-02-08 00:00:00+05:30,6.749198207694623,6.903465005134316,6.213118835642782,6.606500625610352,633951
2002-02-11 00:00:00+05:30,6.633498983918563,6.741486296771721,6.517798196998187,6.569863319396973,325017
2002-02-12 00:00:00+05:30,6.594932797163555,6.942034523330057,6.575649441492527,6.895754337310791,310878
2002-02-13 00:00:00+05:30,7.115585461559581,8.276447854705498,6.986386248950846,8.183887481689453,3284307
2002-02-14 00:00:00+05:30,8.484710811888412,9.526016220683205,8.484710811888412,9.240621566772461,7692498
2002-02-15 00:00:00+05:30,9.410311401474004,9.988813939927645,8.8780890396149,9.036212921142578,6319107
2002-02-18 00:00:00+05:30,9.240617363236904,9.244473768652123,8.683326065041227,8.839521408081055,2131155
2002-02-19 00:00:00+05:30,8.870378224351494,8.966795011961322,8.677543987087773,8.692970275878906,1374480
2002-02-20 00:00:00+05:30,8.583053724845993,9.25604524631192,8.561841836287428,8.970650672912598,2801223
2002-02-21 00:00:00+05:30,9.082494375595248,9.117204678435671,8.737321205337848,8.81831169128418,716508
2002-02-22 00:00:00+05:30,8.870377757996286,9.410313726356682,8.723823718899093,9.067069053649902,2293425
2002-02-25 00:00:00+05:30,9.016929422176538,9.140343003732337,8.725749292894397,9.018857955932617,608202
2002-02-26 00:00:00+05:30,9.10177833765906,9.919396063851703,9.04392827042577,9.40645694732666,5000580
2002-02-27 00:00:00+05:30,9.487445820936498,9.687994156973536,8.870376513141995,9.01114559173584,3199311
2002-02-28 00:00:00+05:30,9.178911234951068,9.618573277938431,8.484707869803877,8.611978530883789,5437710
2002-03-01 00:00:00+05:30,8.407578339979674,9.446955415659463,8.253310768543573,9.310043334960938,2491200
2002-03-04 00:00:00+05:30,9.44888112477625,9.82683679347551,9.44888112477625,9.54529857635498,2215665
2002-03-05 00:00:00+05:30,9.64171358565,9.834547791158604,9.520227857427711,9.562651634216309,2643021
2002-03-06 00:00:00+05:30,9.448881581789745,9.641715832229933,9.373676018884398,9.46623706817627,740835
2002-03-07 00:00:00+05:30,9.448881468949937,9.502875137873684,9.2560472208126,9.35246467590332,470457
2002-03-08 00:00:00+05:30,9.371743731452533,9.522154124361577,9.236759621121466,9.4508056640625,573363
2002-03-11 00:00:00+05:30,9.553012885201284,9.564582768545826,9.21940950642862,9.329324722290039,382941
2002-03-12 00:00:00+05:30,9.364032702667009,9.410312886565267,9.026572338779745,9.084423065185547,447120
2002-03-13 00:00:00+05:30,8.947509570971933,9.352461970770438,8.874232564633715,9.248331069946289,522351
2002-03-14 00:00:00+05:30,9.25604607659029,9.391030232213062,9.25604607659029,9.283042907714844,301428
2002-03-15 00:00:00+05:30,9.333180084889054,9.834549364224541,9.30618391412105,9.597363471984863,2507364
2002-03-18 00:00:00+05:30,9.813336772859952,10.28963702560794,9.776697935394122,9.90589714050293,2839194
2002-03-19 00:00:00+05:30,10.168151249222543,10.168151249222543,9.547224845527765,9.626287460327148,663894
2002-03-20 00:00:00+05:30,9.786337017184046,9.786337017184046,9.487443452751423,9.560720443725586,526329
2002-03-21 00:00:00+05:30,9.641710931204429,9.950245839893476,9.58386088409165,9.63206958770752,671697
2002-03-22 00:00:00+05:30,9.718845259315373,10.324344554452132,9.64556826611992,9.929034233093262,3800718
2002-03-25 00:00:00+05:30,9.929034233093262,9.929034233093262,9.929034233093262,9.929034233093262,0
2002-03-26 00:00:00+05:30,9.95217968582912,10.278069583997105,9.950251151282789,9.97917652130127,1540998
2002-03-27 00:00:00+05:30,10.14308288518948,10.702302152904162,10.06594946704013,10.467044830322266,5773320
2002-03-28 00:00:00+05:30,10.6058846591904,11.014693468903936,10.528750584240944,10.592386245727539,3204819
2002-03-29 00:00:00+05:30,10.592386245727539,10.592386245727539,10.592386245727539,10.592386245727539,0
2002-04-01 00:00:00+05:30,10.789077199229567,12.71163558959961,10.789077199229567,12.71163558959961,10878813
2002-04-02 00:00:00+05:30,12.896762077287777,14.786538219974856,12.896762077287777,13.33835220336914,30899160
2002-04-03 00:00:00+05:30,13.666163642515198,14.181031182417673,13.239999387537505,13.446331977844238,16398612
2002-04-04 00:00:00+05:30,13.471406243912796,13.941921002837361,12.669215323395296,12.838909149169922,10787634
2002-04-05 00:00:00+05:30,12.78491526304824,14.065335059036109,12.499521286887227,13.166728019714355,35896509
2002-04-08 00:00:00+05:30,13.409697220496874,13.99591472969384,13.344133672748239,13.623744010925293,14976684
2002-04-09 00:00:00+05:30,13.845502996896851,14.225386512060451,12.555441343123347,12.80612564086914,21987171
2002-04-10 00:00:00+05:30,12.91989440120154,13.182148509307378,12.306681577063465,12.447450637817383,13615812
2002-04-11 00:00:00+05:30,12.559298786354306,13.918779769965646,12.559298786354306,13.203364372253418,16520967
2002-04-12 00:00:00+05:30,13.266997122967318,13.610241731770387,12.958462152190425,13.197576522827148,7401168
2002-04-15 00:00:00+05:30,13.452118176942067,13.45983231275485,12.57472195599209,12.736702919006348,6414066
2002-04-16 00:00:00+05:30,12.83504782682942,13.070306452420022,12.572793698984484,12.690423011779785,6823602
2002-04-17 00:00:00+05:30,12.95846462023607,13.058739133778374,12.578581105106013,12.653786659240723,5027067
2002-04-18 00:00:00+05:30,12.738629596505445,13.39812187372066,12.437807489213785,12.914108276367188,15022917
2002-04-19 00:00:00+05:30,13.035595986383374,13.266997552988379,12.727061005605986,12.844690322875977,6034752
2002-04-22 00:00:00+05:30,12.92375553110275,12.970035059274537,12.534229989912273,12.657644271850586,4422978
2002-04-23 00:00:00+05:30,12.715492622621799,13.137799902443733,12.69235286046389,12.752131462097168,4640931
2002-04-24 00:00:00+05:30,12.83119429049203,13.297853230076973,12.82926509422212,12.973891258239746,6781716
2002-04-25 00:00:00+05:30,13.105019952634104,13.110804893977546,12.730921341375948,12.781059265136719,2923830
2002-04-26 00:00:00+05:30,12.919892214245648,13.027879493207282,11.996216728935407,12.237258911132812,3659418
2002-04-29 00:00:00+05:30,12.37995962406099,12.707778628536662,12.264259499939637,12.530370712280273,3364101
2002-04-30 00:00:00+05:30,12.599794033370696,13.421267607539436,12.599794033370696,13.270857810974121,10253673
2002-05-01 00:00:00+05:30,13.27085781097412,13.27085781097412,13.27085781097412,13.270857810974121,0
2002-05-02 00:00:00+05:30,13.50611384650087,13.903352177494885,13.498401033625122,13.585176467895508,10590543
2002-05-03 00:00:00+05:30,13.533105138367324,13.610238531904976,13.213000363507318,13.365339279174805,4153437
2002-05-06 00:00:00+05:30,16.039951820797814,16.039951820797814,13.270852827893195,13.444403648376465,5236551
2002-05-07 00:00:00+05:30,13.494540994795212,13.494540994795212,13.272781453351445,13.334487915039062,2001636
2002-05-08 00:00:00+05:30,13.46754196993231,13.78378968607228,13.270851414095562,13.346056938171387,4582377
2002-05-09 00:00:00+05:30,13.57167721434838,13.614100994835248,13.276641271288296,13.465619087219238,5020848
2002-05-10 00:00:00+05:30,13.610241945459878,14.208029205525145,13.344130744150961,13.91491985321045,19920582
2002-05-13 00:00:00+05:30,13.995914500562602,14.381582967394623,13.691235206845128,13.803079605102539,7668558
2002-05-14 00:00:00+05:30,13.922633034812566,14.030620335083809,13.596743262239622,13.758724212646484,5212305
2002-05-15 00:00:00+05:30,13.820434702141233,14.462572427479058,13.724017252498061,14.341087341308594,14007915
2002-05-16 00:00:00+05:30,14.493425604639652,15.36503702841167,14.19453258495758,15.122065544128418,19842471
2002-05-17 00:00:00+05:30,15.23390948124777,15.386248456892325,14.269737710162513,14.71904182434082,12910059
2002-05-20 00:00:00+05:30,14.655402249624991,14.985149071679528,13.498397226998074,13.78186321258545,6358059
2002-05-21 00:00:00+05:30,13.511894635225413,13.612169116325928,12.594003980659844,13.448260307312012,7113240
2002-05-22 00:00:00+05:30,13.459832200401076,13.999767415187065,13.243857584851543,13.565890312194824,5694408
2002-05-23 00:00:00+05:30,13.606385129128642,13.783791699958291,13.160936858051945,13.255426406860352,2396268
2002-05-24 00:00:00+05:30,13.729794661436056,13.729794661436056,12.470587538083976,12.971957206726074,12393801
2002-05-27 00:00:00+05:30,12.727063669553868,12.958465284594386,11.762893142409341,11.967296600341797,14290371
2002-05-28 00:00:00+05:30,12.106138774941535,12.742491610643228,11.722398141773025,11.855454444885254,16703775
2002-05-29 00:00:00+05:30,11.99429083185782,12.495660668352881,11.926799425990637,12.341392517089844,8979138
2002-05-30 00:00:00+05:30,12.484093434691752,12.917970633190826,12.102280705559691,12.266189575195312,11397636
2002-05-31 00:00:00+05:30,12.41852714670022,12.484090680087931,12.019359682521776,12.320181846618652,7267860
2002-06-03 00:00:00+05:30,12.727064056536156,12.917971089895621,12.553513171000771,12.60943603515625,6341751
2002-06-04 00:00:00+05:30,12.653782064424398,12.719345585434425,12.325964459374259,12.374173164367676,3839265
2002-06-05 00:00:00+05:30,12.484086284988841,12.997024491978818,12.3741711440749,12.840829849243164,4061700
2002-06-06 00:00:00+05:30,12.997030016870264,13.033668854112127,12.534228181484407,12.622931480407715,2031615
2002-06-07 00:00:00+05:30,12.495659890235316,12.595933056837506,12.302825044186504,12.354890823364258,1442088
2002-06-10 00:00:00+05:30,12.534231376402385,12.688498252823612,12.50144959895846,12.603652000427246,1197621
2002-06-11 00:00:00+05:30,12.75791310977365,13.411621814714177,12.727059218801259,13.245783805847168,3779550
2002-06-12 00:00:00+05:30,13.421265618303442,13.475260602105985,13.228432065099991,13.361488342285156,2832480
2002-06-13 00:00:00+05:30,13.50033171898554,13.691237449343209,13.201438641337004,13.278572082519531,1958841
2002-06-14 00:00:00+05:30,13.305565447300893,13.344132157828307,12.966177865024461,13.11658763885498,1235115
2002-06-17 00:00:00+05:30,13.216862014518956,13.494543122017332,13.074163730484875,13.145513534545898,1601334
2002-06-18 00:00:00+05:30,13.293992505699986,13.301706640482129,12.962317812259691,13.002812385559082,1258884
2002-06-19 00:00:00+05:30,13.151303892451232,13.459839024799868,12.738638467405954,12.798417091369629,3200373
2002-06-20 00:00:00+05:30,12.91989918146754,12.985462732752023,12.728993468957535,12.781059265136719,1498977
2002-06-21 00:00:00+05:30,12.746347218917137,12.804197951564971,12.57279634506172,12.667285919189453,950985
2002-06-24 00:00:00+05:30,12.723206007559957,12.761772716906828,12.505303503910566,12.572794914245605,635625
2002-06-25 00:00:00+05:30,12.607505718413686,12.678854195998063,12.495661335875413,12.509159088134766,642024
2002-06-26 00:00:00+05:30,12.524583507489142,12.534225513777688,12.341390684357386,12.39345645904541,849501
2002-06-27 00:00:00+05:30,12.418527202706551,12.649927442499301,12.418527202706551,12.5284423828125,495306
2002-06-28 00:00:00+05:30,12.607509069564259,12.881333172438415,12.572798095507691,12.603652000427246,647064
2002-07-01 00:00:00+05:30,12.696208340296709,13.299779221649862,12.65764163349634,12.736702919006348,2028303
2002-07-02 00:00:00+05:30,12.842765256660224,12.842765256660224,12.582438933890085,12.630647659301758,736200
2002-07-03 00:00:00+05:30,12.67884977899323,12.997025347216395,12.540008616217241,12.692347526550293,2200905
2002-07-04 00:00:00+05:30,12.723203601334395,13.112729013384655,12.688492642625228,13.010526657104492,1466595
2002-07-05 00:00:00+05:30,13.078018668359434,13.189863036423072,12.649926534167923,12.78683853149414,2852145
2002-07-08 00:00:00+05:30,12.89868608384845,13.035598114974055,12.661499538654574,12.715493202209473,2173491
2002-07-09 00:00:00+05:30,12.840834815841703,12.919896103395706,12.730918308326707,12.767557144165039,1024974
2002-07-10 00:00:00+05:30,12.82347834032914,12.869759182942293,12.700064084115251,12.736702919006348,2232459
2002-07-11 00:00:00+05:30,12.688494939183414,12.910254509191923,12.688494939183414,12.763700485229492,868203
2002-07-12 00:00:00+05:30,12.97388876583287,13.84550000276957,12.890970416621089,13.253499031066895,4397544
2002-07-15 00:00:00+05:30,13.311355144577686,14.574420331045221,13.305570202135685,14.294811248779297,14510142
2002-07-16 00:00:00+05:30,14.285165698495527,14.424005606803803,13.585177243680606,13.77029800415039,8639739
2002-07-17 00:00:00+05:30,13.841647458870504,14.038338115088605,13.228434400476022,13.317137718200684,4520115
2002-07-18 00:00:00+05:30,13.421263765370847,13.687376283001823,13.421263765370847,13.569746971130371,3976524
2002-07-19 00:00:00+05:30,13.459832212628529,13.571675264291255,13.270854423851013,13.313278198242188,2011644
2002-07-22 00:00:00+05:30,13.228432872420749,13.228432872420749,12.939181862918824,13.049097061157227,856521
2002-07-23 00:00:00+05:30,13.03945390406126,13.554321529550503,12.958463416675988,13.477188110351562,1742130
2002-07-24 00:00:00+05:30,13.459833859291262,13.479116552863106,13.236145080424269,13.28821086883545,1076823
2002-07-25 00:00:00+05:30,13.498400641115119,13.641097605827422,13.305565759860212,13.3499174118042,608256
2002-07-26 00:00:00+05:30,13.459833241518563,14.07304617290707,13.305565079584332,13.471403121948242,7598412
2002-07-29 00:00:00+05:30,13.53503912823247,13.644954319162062,13.05488113381756,13.405839920043945,1530468
2002-07-30 00:00:00+05:30,13.535040432106129,13.619886673590212,13.09344910558121,13.141657829284668,1105488
2002-07-31 00:00:00+05:30,13.189863711295049,13.382697240475721,12.808052396655846,13.197576522827148,1562436
2002-08-01 00:00:00+05:30,13.575532314267578,13.575532314267578,13.112730512628312,13.17057991027832,760788
2002-08-02 00:00:00+05:30,13.11272603487236,13.783788087071926,12.958457937613778,13.72400951385498,2574594
2002-08-05 00:00:00+05:30,13.822363523623931,13.884070001195965,13.30942371174255,13.440550804138184,1540791
2002-08-06 00:00:00+05:30,13.373054626971731,13.664233412622368,13.228428507894012,13.344128608703613,1811556
2002-08-07 00:00:00+05:30,13.479119795808112,13.691237420659833,13.382702332487787,13.43091106414795,2310507
2002-08-08 00:00:00+05:30,13.502257027869756,13.509969840131873,13.305565088174427,13.374985694885254,711675
2002-08-09 00:00:00+05:30,13.459833653032113,13.515755184847917,13.266998775740682,13.361488342285156,951489
2002-08-12 00:00:00+05:30,13.236145605580093,13.455977324819536,13.228432792662943,13.3884859085083,395865
2002-08-13 00:00:00+05:30,13.421263554546048,13.710515826005528,13.421263554546048,13.5967435836792,1239696
2002-08-14 00:00:00+05:30,13.600603957443726,14.074975732371756,13.600603957443726,13.893712043762207,3658752
2002-08-15 00:00:00+05:30,13.893712043762209,13.893712043762209,13.893712043762209,13.893712043762207,0
2002-08-16 00:00:00+05:30,13.988196834314225,14.211884250309105,13.941915994407816,14.086542129516602,2925171
2002-08-19 00:00:00+05:30,13.88407520400068,14.100049942567553,13.69124023768352,14.001703262329102,4541310
2002-08-20 00:00:00+05:30,14.042195979184362,14.53970891340196,14.042195979184362,14.215746879577637,7187976
2002-08-21 00:00:00+05:30,14.466432074691209,14.711331487092021,14.082692728218628,14.514640808105469,4686030
2002-08-22 00:00:00+05:30,14.580732918875427,14.801046047431594,14.504625397308958,14.598759651184082,2088594
2002-08-23 00:00:00+05:30,14.736946626134232,14.770994960880719,14.444530868784039,14.514631271362305,764028
2002-08-26 00:00:00+05:30,14.354406597508717,14.92922372610861,14.354406597508717,14.752973556518555,1819935
2002-08-27 00:00:00+05:30,14.911203613797614,15.321787617798707,14.750975005402577,14.811060905456543,4286358
2002-08-28 00:00:00+05:30,14.781013281363146,14.941240456390487,14.544677235525533,14.82307243347168,1500201
2002-08-29 00:00:00+05:30,14.620786687017928,14.813059872870959,14.232234222826424,14.390459060668945,1843362
2002-08-30 00:00:00+05:30,14.380442934891192,14.380442934891192,14.142103172587477,14.172146797180176,991467
2002-09-02 00:00:00+05:30,14.2923178989533,14.380443668527429,13.989887530865802,14.244250297546387,1353285
2002-09-03 00:00:00+05:30,14.472575683250632,15.397890860522306,14.472575683250632,14.817065238952637,4689909
2002-09-04 00:00:00+05:30,14.74096045642753,14.895179222675146,14.4605614493896,14.762991905212402,1742625
2002-09-05 00:00:00+05:30,14.7409576822648,14.941241667280686,14.644821094407927,14.809054374694824,1162206
2002-09-06 00:00:00+05:30,14.86113020590331,15.021357416909236,14.62078801414799,14.957266807556152,3199356
2002-09-09 00:00:00+05:30,14.608767013796633,14.608767013796633,14.05998745723631,14.282302856445312,2010987
2002-09-10 00:00:00+05:30,14.28230285644531,14.28230285644531,14.28230285644531,14.282302856445312,0
2002-09-11 00:00:00+05:30,14.420505023659352,14.568715341881376,13.503200462393783,13.743542671203613,1996362
2002-09-12 00:00:00+05:30,13.939818900099263,14.168144176813374,13.785600148673613,13.891751289367676,2329164
2002-09-13 00:00:00+05:30,13.879737561760185,14.100050703586115,13.841683111061585,13.875731468200684,935307
2002-09-16 00:00:00+05:30,14.124082420760569,14.420504420043462,13.711496102691797,13.783598899841309,1285713
2002-09-17 00:00:00+05:30,13.873727932672677,13.873727932672677,13.399051956883449,13.689465522766113,1907244
2002-09-18 00:00:00+05:30,13.619366680454878,14.017932392643516,13.599337589271169,13.923799514770508,1293489
2002-09-19 00:00:00+05:30,13.939820914397794,13.943827007619758,13.619366462558055,13.737534523010254,664020
2002-09-20 00:00:00+05:30,13.62136754116828,13.77959239322767,13.503199491823608,13.657418251037598,475227
2002-09-23 00:00:00+05:30,13.701478693600116,14.208199151329662,13.665427990185012,13.735527038574219,739395
2002-09-24 00:00:00+05:30,13.779590085658764,13.955840263137464,13.699476493645374,13.837672233581543,817191
2002-09-25 00:00:00+05:30,13.699475103981127,14.015924723005954,13.663424403805916,13.971861839294434,488880
2002-09-26 00:00:00+05:30,14.007918950875974,14.059992661599406,13.869721800027246,13.899764060974121,283320
2002-09-27 00:00:00+05:30,13.899760666984122,13.955840457222642,13.781592635784827,13.815642356872559,290907
2002-09-30 00:00:00+05:30,13.823650817302468,13.949829636276915,13.621363135116207,13.66943073272705,782136
2002-10-01 00:00:00+05:30,13.65941926376805,13.803623449762489,13.503196801631768,13.549262046813965,683820
2002-10-02 00:00:00+05:30,13.549262046813965,13.549262046813965,13.549262046813965,13.549262046813965,0
2002-10-03 00:00:00+05:30,13.659415949218804,13.739529519247412,13.625367613194355,13.683449745178223,386676
2002-10-04 00:00:00+05:30,13.735537119824675,13.735537119824675,13.459144065043919,13.611360549926758,384624
2002-10-07 00:00:00+05:30,14.216216271857034,14.216216271857034,13.739537901457242,14.001910209655762,654894
2002-10-08 00:00:00+05:30,14.260272604910424,14.260272604910424,13.789604233865846,13.807629585266113,481698
2002-10-09 00:00:00+05:30,13.89575717397951,14.220217667299345,13.66342718334685,13.723511695861816,1650861
2002-10-10 00:00:00+05:30,13.895759761107348,14.532665339070144,13.78360014986896,14.340392112731934,2099052
2002-10-11 00:00:00+05:30,14.560698879709726,15.319778282936932,14.460556216968113,15.197604179382324,4459176
2002-10-14 00:00:00+05:30,14.98130488777345,15.30176077644602,14.626802013533874,15.167571067810059,1580274
2002-10-15 00:00:00+05:30,15.167571067810057,15.167571067810057,15.167571067810057,15.167571067810059,0
2002-10-16 00:00:00+05:30,15.141530709546755,15.221644323034537,14.88516549608997,15.127510070800781,1126071
2002-10-17 00:00:00+05:30,14.94124238583226,15.199609907887416,14.821071989043514,14.881157875061035,545085
2002-10-18 00:00:00+05:30,15.01134484104124,15.70232643487622,14.901187597685425,15.500040054321289,5871915
2002-10-21 00:00:00+05:30,14.78101099437065,15.538086617154686,14.78101099437065,15.389876365661621,2000592
2002-10-22 00:00:00+05:30,15.34181203280341,15.385874925010999,14.180160716721682,14.300331115722656,3705651
2002-10-23 00:00:00+05:30,14.41249073024685,14.700901888750753,14.176156024369677,14.338385581970215,1215090
2002-10-24 00:00:00+05:30,14.500619342931579,14.62078976558131,14.246257858604016,14.340392112731934,469134
2002-10-25 00:00:00+05:30,14.340384413322282,14.420497985408806,14.100042321816849,14.254261016845703,445194
2002-10-28 00:00:00+05:30,14.100048526129456,14.670859697471975,14.01993491879129,14.482592582702637,1428048
2002-10-29 00:00:00+05:30,14.660842520063044,14.813058896770313,14.446539277777262,14.678869247436523,1336329
2002-10-30 00:00:00+05:30,14.877148148456335,14.877148148456335,14.546677918955528,14.588738441467285,392148
2002-10-31 00:00:00+05:30,14.62279099716565,15.20161293615559,14.540673661832498,15.14553451538086,1493433
2002-11-01 00:00:00+05:30,15.261696919505248,15.702323047378258,15.261696919505248,15.586158752441406,2876670
2002-11-04 00:00:00+05:30,15.622211545479152,15.758404944101784,15.391883908001194,15.457978248596191,568701
2002-11-05 00:00:00+05:30,15.381869138772055,15.417921221862684,14.911200701877663,15.309767723083496,721719
2002-11-06 00:00:00+05:30,15.309767723083496,15.309767723083496,15.309767723083496,15.309767723083496,0
2002-11-07 00:00:00+05:30,15.221637843743215,15.602179408697488,15.061410684970458,15.508045196533203,1155402
2002-11-08 00:00:00+05:30,15.421931259404406,15.858551458828732,15.421931259404406,15.688309669494629,2008566
2002-11-11 00:00:00+05:30,15.782440626838317,15.822497429163182,15.484016280558636,15.630224227905273,1355868
2002-11-12 00:00:00+05:30,16.062844184736264,16.423356914259607,15.554121094263477,15.676295280456543,3861540
2002-11-13 00:00:00+05:30,15.706329868976995,16.04280861872376,15.506045881208387,15.648247718811035,4070655
2002-11-14 00:00:00+05:30,15.582155346508008,15.702325754304244,14.642819406115132,14.700902938842773,5287869
2002-11-15 00:00:00+05:30,14.821069532567178,14.935231459357356,14.578725045299818,14.66084098815918,1629441
2002-11-18 00:00:00+05:30,14.70090421215253,14.981301854630214,14.70090421215253,14.91320514678955,1194282
2002-11-19 00:00:00+05:30,14.91320514678955,14.91320514678955,14.91320514678955,14.91320514678955,0
2002-11-20 00:00:00+05:30,14.90118385436849,14.981297442912988,13.82765846728147,13.917786598205566,3458223
2002-11-21 00:00:00+05:30,14.292323627635074,14.292323627635074,13.571298315559636,13.663430213928223,3336768
2002-11-22 00:00:00+05:30,13.811632546643263,14.039956363118126,13.679443915845525,13.861703872680664,1156743
2002-11-25 00:00:00+05:30,13.93981926985594,14.272291962138302,13.867717851846056,14.200190544128418,1557792
2002-11-26 00:00:00+05:30,14.42050132022542,14.56871160038448,14.10204794095556,14.150116920471191,1138185
2002-11-27 00:00:00+05:30,14.180156204975505,14.260269778819495,14.019929057287529,14.114063262939453,515691
2002-11-28 00:00:00+05:30,14.290317189335807,14.50061572024565,13.939817804157737,13.989889144897461,1117413
2002-11-29 00:00:00+05:30,14.140107459345764,14.2162163604518,13.819651606484916,14.134099006652832,1344924
2002-12-02 00:00:00+05:30,14.206197706869673,14.496609837054233,14.12007428442683,14.388456344604492,1302084
2002-12-03 00:00:00+05:30,14.420497266552116,14.660837970830794,14.170140647204594,14.240241050720215,1520631
2002-12-04 00:00:00+05:30,14.290318691887169,14.290318691887169,14.100047852119495,14.200190544128418,519948
2002-12-05 00:00:00+05:30,14.26027456417406,14.374437889219985,14.200190051251306,14.286312103271484,448569
2002-12-06 00:00:00+05:30,14.42650918578,15.05540373460971,14.42650918578,14.612773895263672,1488888
2002-12-09 00:00:00+05:30,14.811058718578595,15.021357274846608,14.260275279273436,14.348401069641113,1848618
2002-12-10 00:00:00+05:30,14.380445195943818,14.420501993119569,14.26027342917033,14.366424560546875,505485
2002-12-11 00:00:00+05:30,14.570715576276614,14.777009401489726,14.356412316457714,14.396469116210938,586062
2002-12-12 00:00:00+05:30,14.384454942580458,14.456556370666306,14.029949378258774,14.294326782226562,240444
2002-12-13 00:00:00+05:30,14.456550115105594,14.596749567794921,14.340385836624431,14.370428085327148,258579
2002-12-16 00:00:00+05:30,14.424505784784955,14.562701506712932,14.304334037178172,14.316350936889648,438300
2002-12-17 00:00:00+05:30,14.460552209577127,14.50060898852381,14.22822234158812,14.306333541870117,232650
2002-12-18 00:00:00+05:30,14.320356677800143,14.360413467605971,14.280299887994314,14.304333686828613,153117
2002-12-19 00:00:00+05:30,14.456554558197954,14.456554558197954,14.070005796852078,14.110062599182129,461484
2002-12-20 00:00:00+05:30,14.218215727086644,14.32036077661465,14.12007539501327,14.260274887084961,241875
2002-12-23 00:00:00+05:30,14.360415467340129,14.530657191533106,14.280301876572395,14.350400924682617,397899
2002-12-24 00:00:00+05:30,14.420501453449699,14.456552156984849,14.192176205321859,14.214207649230957,580428
2002-12-25 00:00:00+05:30,14.214207649230957,14.214207649230957,14.214207649230957,14.214207649230957,0
2002-12-26 00:00:00+05:30,14.45654798561033,14.540667644832835,14.019928076047055,14.065993309020996,932400
2002-12-27 00:00:00+05:30,14.100051789829513,14.324371042496109,13.961854616223563,14.025946617126465,1581714
2002-12-30 00:00:00+05:30,14.023941093614868,14.216214302447696,13.919792303269979,14.031951904296875,1281609
2002-12-31 00:00:00+05:30,14.100042922508736,14.19017103875719,13.991889458059774,14.029942512512207,639891
2003-01-01 00:00:00+05:30,14.07801528226432,14.124080531846117,13.983881049262633,14.059989929199219,314199
2003-01-02 00:00:00+05:30,14.14010326090038,14.740957978515969,13.939817896613096,14.524649620056152,6221556
2003-01-03 00:00:00+05:30,14.781013077708002,14.981297043732633,14.428511372160107,14.52064323425293,3943242
2003-01-06 00:00:00+05:30,14.426514062773496,14.82107505793741,14.402480253488497,14.732949256896973,1401336
2003-01-07 00:00:00+05:30,14.825077789200737,14.937237374090607,14.630800874214255,14.877151489257812,1442952
2003-01-08 00:00:00+05:30,14.881159635792741,14.89918499115686,14.250262571323367,14.482592582702637,2259891
2003-01-09 00:00:00+05:30,14.580729050370543,15.57814700421938,14.500615456741304,15.19360065460205,3386169
2003-01-10 00:00:00+05:30,15.542101201270425,15.542101201270425,14.823078239856574,14.907197952270508,2860731
2003-01-13 00:00:00+05:30,14.901182958892434,15.035373968025732,14.644819215906807,14.79903793334961,817191
2003-01-14 00:00:00+05:30,14.861126541962436,15.013342904988411,14.74696461350448,14.859124183654785,410166
2003-01-15 00:00:00+05:30,14.903183087008536,14.921209809609408,14.783012729395864,14.815058708190918,424044
2003-01-16 00:00:00+05:30,14.831088465967468,14.981301137723543,14.736954219826151,14.851116180419922,599454
2003-01-17 00:00:00+05:30,14.94124456567414,15.179584410660071,14.905193853951815,15.037381172180176,1024380
2003-01-20 00:00:00+05:30,14.991312706699079,15.301753908682555,14.991312706699079,15.035375595092773,1484226
2003-01-21 00:00:00+05:30,15.143534899177974,15.22164616310736,15.041389823346229,15.091461181640625,559215
2003-01-22 00:00:00+05:30,15.091459482473777,15.141530835130574,14.90118861742726,14.953262329101562,608166
2003-01-23 00:00:00+05:30,15.093464266505178,15.333806522823439,14.979302279233895,15.13352108001709,1318176
2003-01-24 00:00:00+05:30,15.221647151963444,15.261703966151856,14.785026914636967,15.071433067321777,1155780
2003-01-27 00:00:00+05:30,14.961271183220251,14.98129889467409,14.584735630277605,14.656838417053223,536985
2003-01-28 00:00:00+05:30,14.62479442795361,14.821073728415927,14.562706176039256,14.740960121154785,423009
2003-01-29 00:00:00+05:30,14.740953533116368,15.4179155498436,14.684873758047495,15.143525123596191,2027277
2003-01-30 00:00:00+05:30,15.181583529040113,15.301753917710558,14.98530426487271,15.025361061096191,1213470
2003-01-31 00:00:00+05:30,15.860337208956777,15.986212420913695,15.409281845178443,15.560333251953125,2348262
2003-02-03 00:00:00+05:30,15.734462492706134,15.851946614536384,15.23096014238588,15.298094749450684,2227707
2003-02-04 00:00:00+05:30,15.375721874779403,15.432365093612939,15.107186257790138,15.22467041015625,1585188
2003-02-05 00:00:00+05:30,15.346345334560233,15.478514238318809,15.06941870906002,15.18480396270752,1146555
2003-02-06 00:00:00+05:30,15.189005343630738,15.478519443948404,15.189005343630738,15.430267333984375,769617
2003-02-07 00:00:00+05:30,15.472217055604892,15.56662380569405,15.23305261646377,15.365222930908203,751680
2003-02-10 00:00:00+05:30,15.109279500375004,15.47641661982039,15.105083227768873,15.241448402404785,496467
2003-02-11 00:00:00+05:30,15.394601187530013,15.394601187530013,15.151241802825611,15.189003944396973,474246
2003-02-12 00:00:00+05:30,15.262428365941162,15.262428365941162,15.082007353292285,15.113475799560547,404658
2003-02-13 00:00:00+05:30,15.113475799560547,15.113475799560547,15.113475799560547,15.113475799560547,0
2003-02-14 00:00:00+05:30,15.18271171279585,15.272922242238769,15.084108635175193,15.130263328552246,695673
2003-02-17 00:00:00+05:30,15.566628165589965,15.566628165589965,15.233056882933152,15.306485176086426,497007
2003-02-18 00:00:00+05:30,15.375720799765107,15.398798145261647,15.277117727237474,15.325369834899902,450513
2003-02-19 00:00:00+05:30,14.314160900521252,15.482706576777389,14.265908819046041,15.402984619140625,1247400
2003-02-20 00:00:00+05:30,15.314873151983585,15.516274042024715,15.188997955841078,15.474315643310547,875673
2003-02-21 00:00:00+05:30,15.522575151916957,15.648450396565122,15.356837468410184,15.54145622253418,1735686
2003-02-24 00:00:00+05:30,15.398797323826257,15.629569325947902,15.398797323826257,15.54145622253418,467946
2003-02-25 00:00:00+05:30,15.526763685908218,15.566624668062092,15.402985908033488,15.48690414428711,1465290
2003-02-26 00:00:00+05:30,15.535155505841951,15.566623942637612,15.447042442281404,15.526762962341309,431181
2003-02-27 00:00:00+05:30,15.482705374948534,15.898094455136578,15.423963339312595,15.698792457580566,1621548
2003-02-28 00:00:00+05:30,15.86033723120854,16.070129251431073,15.692502174497536,15.763833045959473,1889424
2003-03-03 00:00:00+05:30,15.927466386196825,16.38271646821202,15.927466386196825,16.183414459228516,4868838
2003-03-04 00:00:00+05:30,16.23795810072248,16.275720217767002,16.03026357591275,16.06382942199707,1853847
2003-03-05 00:00:00+05:30,16.072226421720394,16.14145842937001,15.828865687048909,15.958938598632812,1227267
2003-03-06 00:00:00+05:30,15.975715351596547,15.975715351596547,15.608578399675297,15.67990779876709,845820
2003-03-07 00:00:00+05:30,15.587601930606573,15.593895617186341,15.295989170457997,15.398788452148438,683586
2003-03-10 00:00:00+05:30,15.48271448639494,15.491105593338514,15.251942479312817,15.47012710571289,455949
2003-03-11 00:00:00+05:30,15.482707712131184,15.585505569745598,15.316971538111009,15.53305721282959,469296
2003-03-12 00:00:00+05:30,15.818379807197859,15.818379807197859,15.482711113512346,15.49110221862793,464850
2003-03-13 00:00:00+05:30,15.818383130456262,15.818383130456262,15.319075537587063,15.484811782836914,307809
2003-03-14 00:00:00+05:30,15.484811782836914,15.484811782836914,15.484811782836914,15.484811782836914,0
2003-03-17 00:00:00+05:30,15.440752910321118,15.598096577176275,15.333758755889022,15.375717163085938,301914
2003-03-18 00:00:00+05:30,15.375717163085936,15.375717163085936,15.375717163085936,15.375717163085938,0
2003-03-19 00:00:00+05:30,15.105078612843027,15.39459252355368,14.727451647521951,15.168015480041504,568980
2003-03-20 00:00:00+05:30,14.30787050513616,15.147041466253905,13.972201832582465,14.897388458251953,875340
2003-03-21 00:00:00+05:30,14.979205394428318,15.262425682649017,14.937246993269646,15.046339988708496,612081
2003-03-24 00:00:00+05:30,15.09669179212924,15.105084337958342,14.958229191280068,14.991796493530273,437094
2003-03-25 00:00:00+05:30,14.895290279936312,15.02116693820863,14.853331874023219,14.947738647460938,258714
2003-03-26 00:00:00+05:30,14.979211311799093,15.021171170066419,14.872217130497685,14.893197059631348,252738
2003-03-27 00:00:00+05:30,14.907872693834092,15.312773264849996,14.895285320304643,14.95612621307373,830943
2003-03-28 00:00:00+05:30,14.998085621642536,15.071512452385656,14.91626624762253,14.983399391174316,321804
2003-03-31 00:00:00+05:30,15.06312443446195,15.06312443446195,14.895289380412072,14.916269302368164,212364
2003-04-01 00:00:00+05:30,15.02116693820863,15.02116693820863,14.901583968796622,14.947738647460938,142641
2003-04-02 00:00:00+05:30,15.016969758584908,15.037949680541002,14.897388236927455,14.916269302368164,113148
2003-04-03 00:00:00+05:30,14.901578984039498,15.144939673674617,14.8952852972845,15.10507869720459,474390
2003-04-04 00:00:00+05:30,15.344249637444644,15.50159476903473,14.94144771397133,15.000189781188965,991692
2003-04-07 00:00:00+05:30,15.176414027660053,15.415578539244018,15.084104665200783,15.321171760559082,1047537
2003-04-08 00:00:00+05:30,15.298090341943741,15.495294952180718,15.201584732225445,15.254033088684082,336024
2003-04-09 00:00:00+05:30,15.35263915987652,15.35263915987652,15.000186826007234,15.052635192871094,275427
2003-04-10 00:00:00+05:30,15.100880981725293,15.100880981725293,14.895283872814442,14.977103233337402,373338
2003-04-11 00:00:00+05:30,15.021162215851685,15.079904253769286,14.882698223389092,14.964517593383789,794322
2003-04-15 00:00:00+05:30,15.075714583241636,15.075714583241636,14.895292119058832,14.930956840515137,268326
2003-04-16 00:00:00+05:30,15.008579656028724,15.008579656028724,14.691792032755293,14.89529037475586,469809
2003-04-17 00:00:00+05:30,14.79039283474227,14.895289564755018,14.79039283474227,14.811372756958008,499455
2003-04-18 00:00:00+05:30,14.811372756958008,14.811372756958008,14.811372756958008,14.811372756958008,0
2003-04-21 00:00:00+05:30,14.895290438399895,14.958228768205624,14.834450965258627,14.912074089050293,129150
2003-04-22 00:00:00+05:30,14.874310312731485,15.033752815501462,14.853330391602297,14.872211456298828,510030
2003-04-23 00:00:00+05:30,14.899488151058058,14.916271803330401,14.70647831072591,14.805081367492676,654354
2003-04-24 00:00:00+05:30,14.80927735414113,14.853333180037025,14.727457951229876,14.807178497314453,986175
2003-04-25 00:00:00+05:30,14.809274101439799,14.853329917659295,14.733748404530667,14.813468933105469,387216
2003-04-28 00:00:00+05:30,14.706473579215189,14.97500904811042,14.706473579215189,14.922560691833496,183402
2003-04-29 00:00:00+05:30,14.937249047048605,14.937249047048605,14.811373826265527,14.855429649353027,83331
2003-04-30 00:00:00+05:30,14.888998817591235,14.89529250739271,14.798788303414572,14.876411437988281,89910
2003-05-01 00:00:00+05:30,14.876411437988281,14.876411437988281,14.876411437988281,14.876411437988281,0
2003-05-02 00:00:00+05:30,14.794588495724124,15.100886128001374,14.794588495724124,14.836546897888184,190944
2003-05-05 00:00:00+05:30,14.958228726122178,15.22466539804838,14.93724880273494,15.147042274475098,327672
2003-05-06 00:00:00+05:30,15.18900239561331,15.432361755502981,15.149141400996932,15.300192832946777,844182
2003-05-07 00:00:00+05:30,15.39879628122181,15.902298666257245,15.39879628122181,15.642155647277832,1222722
2003-05-08 00:00:00+05:30,15.65054647051512,15.67152639642336,15.314877739715882,15.34424877166748,844398
2003-05-09 00:00:00+05:30,15.396693301298532,15.650542562521782,15.272915514734041,15.295992851257324,430479
2003-05-12 00:00:00+05:30,15.398793324581764,15.75544047872619,15.31487507607751,15.560333251953125,989154
2003-05-13 00:00:00+05:30,15.650545898957311,15.734462718459174,15.482712259953589,15.589706420898438,745209
2003-05-14 00:00:00+05:30,15.721873693854924,15.818379322659917,15.528865317310983,15.598095893859863,865053
2003-05-15 00:00:00+05:30,15.80998802455897,16.57363480772131,15.73446231274148,16.3239803314209,5925096
2003-05-16 00:00:00+05:30,16.485519917655928,17.161052096173368,16.485519917655928,16.68901824951172,4680216
2003-05-19 00:00:00+05:30,16.657549284726468,17.08972212977829,16.657549284726468,16.768739700317383,2604951
2003-05-20 00:00:00+05:30,16.69950668166788,17.622594368162964,16.575728896753354,17.553363800048828,5601654
2003-05-21 00:00:00+05:30,17.66455371838496,17.907913009271216,17.477837618019063,17.74007797241211,3651768
2003-05-22 00:00:00+05:30,17.832393583863972,18.692544668762817,17.832393583863972,18.298133850097656,6476391
2003-05-23 00:00:00+05:30,18.377842613717213,18.961066640721498,17.958257304048693,18.80582046508789,3954744
2003-05-26 00:00:00+05:30,18.92331433323725,19.69954705428471,18.92331433323725,19.204437255859375,4342248
2003-05-27 00:00:00+05:30,19.4687677227325,19.4687677227325,18.94848192347039,19.091140747070312,2721780
2003-05-28 00:00:00+05:30,18.965269561795324,19.300938215339734,18.671559309877352,18.74079132080078,2066976
2003-05-29 00:00:00+05:30,18.545681785700218,19.29673952979314,18.346378322499582,18.77855110168457,3634794
2003-05-30 00:00:00+05:30,19.040800444085377,20.224031437427097,17.832393250488195,20.031023025512695,8004006
2003-06-02 00:00:00+05:30,20.559703960017817,20.811455925096748,19.972284628878377,20.142215728759766,5246910
2003-06-03 00:00:00+05:30,20.098158994620643,20.685579740090212,19.6827696392768,20.524038314819336,6411717
2003-06-04 00:00:00+05:30,20.89536046604928,21.14291601116279,20.526126004528155,20.836618423461914,6835896
2003-06-05 00:00:00+05:30,20.769488736080607,21.07998264724557,20.31213969399525,20.4799747467041,4169610
2003-06-06 00:00:00+05:30,20.433822390996735,20.727532686181714,20.22612776816346,20.356199264526367,3498111
2003-06-09 00:00:00+05:30,20.559702021206313,20.660402509634963,19.7624892209239,19.90095329284668,4749408
2003-06-10 00:00:00+05:30,19.97227767101713,20.34570849403861,19.435208055675485,19.533809661865234,3693996
2003-06-11 00:00:00+05:30,19.59884901003978,19.93032146348733,19.116325125397623,19.6009464263916,3324870
2003-06-12 00:00:00+05:30,19.930315817957734,20.55549841022943,19.720522383006838,20.20094871520996,7164891
2003-06-13 00:00:00+05:30,20.228225594190874,20.477878629889524,20.014237277877747,20.18416976928711,4726557
2003-06-16 00:00:00+05:30,20.341505937567437,20.672979692586104,20.035208370882188,20.127517700195312,6333453
2003-06-17 00:00:00+05:30,20.324727707438672,20.349902460162674,20.03311487309837,20.17157745361328,2942541
2003-06-18 00:00:00+05:30,20.30794171458457,21.35270967789246,20.26808073368422,20.865989685058594,15353928
2003-06-19 00:00:00+05:30,21.111452090710763,21.583485948010235,20.899561208942288,21.063199996948242,9715392
2003-06-20 00:00:00+05:30,21.105161368757205,21.394675412562645,20.81564732495177,21.310758590698242,7304976
2003-06-23 00:00:00+05:30,21.600276390083526,21.60447122353284,20.140117097422955,20.354106903076172,23948811
2003-06-24 00:00:00+05:30,20.391866790486137,20.71075188614905,20.228227969136316,20.387670516967773,9297216
2003-06-25 00:00:00+05:30,20.55969835470051,20.788372909937795,20.06878338109129,20.626832962036133,9204498
2003-06-26 00:00:00+05:30,20.979280175362067,21.176486248841154,20.354098978796674,20.47368049621582,15950232
2003-06-27 00:00:00+05:30,20.63942924167273,20.735933480669345,20.26180195442158,20.490476608276367,5908329
2003-06-30 00:00:00+05:30,20.597462192734064,20.618440677392684,20.150603039054026,20.286968231201172,3982383
2003-07-01 00:00:00+05:30,20.391862021792427,20.635221339881067,20.161090080781978,20.2219295501709,3788487
2003-07-02 00:00:00+05:30,20.349906407047953,20.463194256811153,19.93032087129299,20.01214027404785,3558213
2003-07-03 00:00:00+05:30,19.972279280815172,20.265988147470427,19.84640261171547,20.01214027404785,5011632
2003-07-04 00:00:00+05:30,20.219829177868515,20.937319650153416,20.01842829299792,20.578575134277344,10104930
2003-07-07 00:00:00+05:30,20.76948757451874,21.05900154770378,20.60794765980712,20.71284294128418,8325270
2003-07-08 00:00:00+05:30,20.933129030935486,20.970891164247448,20.10654540604274,20.18626594543457,5316318
2003-07-09 00:00:00+05:30,20.232426363088724,20.33732312830825,19.81493815945643,19.90724754333496,3018627
2003-07-10 00:00:00+05:30,19.972280577905167,20.077175888256406,19.657590325251668,19.73731231689453,4831209
2003-07-11 00:00:00+05:30,19.926120027353456,20.13171719522368,19.743600195506726,19.78975486755371,5248953
2003-07-14 00:00:00+05:30,19.972278882069737,20.007943601478203,19.640806445089133,19.766681671142578,2111949
2003-07-15 00:00:00+05:30,20.089766650847046,20.089766650847046,19.158286063511024,19.689062118530273,3898260
2003-07-16 00:00:00+05:30,19.65758841771686,20.29535996737185,19.43311014168427,20.15479850769043,4706334
2003-07-17 00:00:00+05:30,20.769492518003098,20.769492518003098,19.892557845263756,20.07717514038086,5859846
2003-07-18 00:00:00+05:30,20.140105151254566,20.182063544594204,19.39953742003767,19.69114875793457,3502125
2003-07-21 00:00:00+05:30,19.796053269002247,19.90514484660389,19.09324738244855,19.210731506347656,2492604
2003-07-22 00:00:00+05:30,19.133103704175333,19.25268666471947,18.47015892316398,18.933801651000977,5564736
2003-07-23 00:00:00+05:30,19.16247720205566,19.380661772686516,18.67575711040235,19.009326934814453,3179430
2003-07-24 00:00:00+05:30,19.300941252056127,19.88836040778085,19.258982843828157,19.368074417114258,3994083
2003-07-25 00:00:00+05:30,18.88765196454163,19.716333159684805,18.88765196454163,19.638710021972656,1912149
2003-07-28 00:00:00+05:30,19.804440341925716,19.804440341925716,19.384854887956056,19.556884765625,3101049
2003-07-29 00:00:00+05:30,19.510731843178316,19.632412226369457,19.30513609030086,19.426815032958984,1697634
2003-07-30 00:00:00+05:30,19.72051694471985,19.796042618095925,19.468765180310406,19.670166015625,1550520
2003-07-31 00:00:00+05:30,19.74150744807313,19.92822215568999,18.81002700469366,19.07646369934082,5819319
2003-08-01 00:00:00+05:30,19.50653657028517,19.50653657028517,18.969466980270457,19.13310432434082,3421323
2003-08-04 00:00:00+05:30,19.384860520319826,20.274382632646184,19.336608416781363,20.156898498535156,6269868
2003-08-05 00:00:00+05:30,20.47578276190278,20.597463164583456,19.86528621316104,19.93871307373047,5676687
2003-08-06 00:00:00+05:30,19.846397579657694,20.895361873346587,19.762480781890456,20.20094871520996,10243197
2003-08-07 00:00:00+05:30,20.517732881166612,21.184873808536768,20.429619819775635,20.968788146972656,11494476
2003-08-08 00:00:00+05:30,21.27299317636995,22.112164203649815,21.252014692981152,22.00726890563965,19604133
2003-08-11 00:00:00+05:30,22.070205234201634,23.140149635237957,22.02824682795965,22.798187255859375,15116157
2003-08-12 00:00:00+05:30,22.657631917835033,22.82546558810043,22.321963136770798,22.454132080078125,9239643
2003-08-13 00:00:00+05:30,22.070199748545214,23.53665194852751,22.070199748545214,23.316370010375977,14629095
2003-08-14 00:00:00+05:30,23.496797415978783,23.496797415978783,22.835949979651048,22.949237823486328,6094107
2003-08-15 00:00:00+05:30,22.949237823486328,22.949237823486328,22.949237823486328,22.949237823486328,0
2003-08-18 00:00:00+05:30,23.077216756360542,23.27861773010545,22.89050058002895,23.014278411865234,3703401
2003-08-19 00:00:00+05:30,23.161122143371387,23.253431477611162,22.657619957819623,22.71636199951172,5185620
2003-08-20 00:00:00+05:30,22.867416248522,23.194693811266394,22.661820504349652,22.775108337402344,3734325
2003-08-21 00:00:00+05:30,22.913571660168085,23.58071274349434,22.825458578179106,23.33945083618164,6051753
2003-08-22 00:00:00+05:30,23.71079064623213,24.17233466314319,23.417081733991797,23.79680633544922,9342108
2003-08-25 00:00:00+05:30,23.916384064569133,24.252052779642362,22.447833976323682,23.28281021118164,9078858
2003-08-26 00:00:00+05:30,23.29119999728854,24.46184488089783,23.119170096673017,24.27932357788086,6979059
2003-08-27 00:00:00+05:30,28.11223322670582,28.11223322670582,24.545756436061826,25.561153411865234,11235951
2003-08-28 00:00:00+05:30,25.594733973411003,26.156977085500603,25.007313216540943,25.382843017578125,12795714
2003-08-29 00:00:00+05:30,26.094033799867194,26.22410530131359,25.51081090017734,25.848575592041016,5850972
2003-09-01 00:00:00+05:30,26.098226797331108,27.482858380474706,26.098226797331108,27.36747169494629,10655001
2003-09-02 00:00:00+05:30,27.543711183726383,27.86049892780814,27.10524444747921,27.40944480895996,7192845
2003-09-03 00:00:00+05:30,27.48285961435581,27.65069322935092,26.438090031039273,26.654178619384766,4706487
2003-09-04 00:00:00+05:30,26.85348925945839,27.396852677235742,26.121309373262104,27.168176651000977,7008399
2003-09-05 00:00:00+05:30,27.48284454868056,27.684245352483035,26.433880708388166,27.40522003173828,6342210
2003-09-08 00:00:00+05:30,27.690544655494804,28.64929973412961,27.690544655494804,28.30943489074707,7065252
2003-09-09 00:00:00+05:30,29.02694578623224,29.110862624303763,27.9905683703951,28.34721565246582,8193204
2003-09-10 00:00:00+05:30,28.531825555422753,28.99336946187348,28.21923276579237,28.901060104370117,7260003
2003-09-11 00:00:00+05:30,28.995143642441878,29.380034916737625,28.738547501919793,29.0272159576416,7057728
2003-09-12 00:00:00+05:30,29.08068400582867,29.508339482582674,27.851170472489457,28.116317749023438,7801857
2003-09-15 00:00:00+05:30,28.139833923440964,28.139833923440964,25.24459497746072,25.48408317565918,10386639
2003-09-16 00:00:00+05:30,25.48835467808518,26.38215681751664,23.901747083738893,26.204681396484375,16971336
2003-09-17 00:00:00+05:30,26.044305509402687,26.347944141983987,23.9979675340018,24.45342254638672,11344761
2003-09-18 00:00:00+05:30,24.41494112552229,24.692917878893674,23.016501901190455,23.236745834350586,13473918
2003-09-19 00:00:00+05:30,23.480506272872702,23.773451732174827,21.947355881578073,23.146934509277344,18086238
2003-09-22 00:00:00+05:30,23.5638993118326,23.68792039091355,22.242438849851634,22.409225463867188,10778319
2003-09-23 00:00:00+05:30,22.236029349204724,23.82049962040414,21.900319747200452,23.728553771972656,24968961
2003-09-24 00:00:00+05:30,23.95948770362029,24.72285421457934,23.307309846465145,24.412803649902344,17908776
2003-09-25 00:00:00+05:30,24.804098230911624,25.402818511685783,24.504738090524544,24.641590118408203,16268454
2003-09-26 00:00:00+05:30,24.84686807188838,25.167608808972187,24.205382192990157,24.553922653198242,10155114
2003-09-29 00:00:00+05:30,24.7185767247008,26.427066478596004,24.7185767247008,25.95664405822754,26223822
2003-09-30 00:00:00+05:30,26.288084563492095,26.685805492692428,26.001553768624575,26.138402938842773,13491459
2003-10-01 00:00:00+05:30,26.60027159286937,26.60027159286937,25.663702199244337,25.890357971191406,7159671
2003-10-02 00:00:00+05:30,25.890357971191406,25.890357971191406,25.890357971191406,25.890357971191406,0
2003-10-03 00:00:00+05:30,26.044312430568702,26.358639959495246,25.35792308574205,26.010099411010742,12367350
2003-10-06 00:00:00+05:30,26.300909196501603,27.24175404116629,25.659421672558327,26.995849609375,13083345
2003-10-07 00:00:00+05:30,27.41281025661782,27.566767346408902,26.602401443109013,26.74138832092285,11513214
2003-10-08 00:00:00+05:30,26.899620655604483,27.006535218608622,26.354359027121866,26.74566650390625,6247548
2003-10-09 00:00:00+05:30,26.957358719588367,27.15622059821275,26.728562286088874,26.914594650268555,5096016
2003-10-10 00:00:00+05:30,27.107039341839485,27.109177104756498,25.958778752601766,26.3051815032959,7442163
2003-10-13 00:00:00+05:30,26.67723547495652,27.476952380060826,26.30731156745733,27.30161476135254,8520768
2003-10-14 00:00:00+05:30,27.712171299699865,27.712171299699865,26.343668360742193,26.566051483154297,7624296
2003-10-15 00:00:00+05:30,26.600271870816794,26.891078165248466,25.755646847857786,26.660140991210938,6367032
2003-10-16 00:00:00+05:30,26.938119329941795,27.027925942435626,26.300910243477947,26.49976921081543,3733965
2003-10-17 00:00:00+05:30,26.471970382138956,27.16263524309984,26.30732151264403,26.837615966796875,6200352
2003-10-20 00:00:00+05:30,26.985155737607183,26.985155737607183,26.044308132729586,26.15977668762207,7163334
2003-10-21 00:00:00+05:30,26.38643983082491,26.38643983082491,25.36433944731889,25.54823112487793,7056261
2003-10-22 00:00:00+05:30,25.744953382117146,25.95878256197254,24.613802071441388,24.752790451049805,5241816
2003-10-23 00:00:00+05:30,24.88963550210683,25.5182934223175,24.502606453440336,24.660839080810547,5577885
2003-10-24 00:00:00+05:30,24.804106230622754,25.077807438176237,24.29091830176477,24.93667984008789,5261346
2003-10-27 00:00:00+05:30,26.080661745849465,26.309458181251962,25.039318621735948,25.251007080078125,8199495
2003-10-28 00:00:00+05:30,25.499050394102333,25.53112565015688,24.808385531034908,25.071392059326172,6078771
2003-10-29 00:00:00+05:30,24.846874897887194,24.996553558114808,24.387142760100858,24.720714569091797,6286932
2003-10-30 00:00:00+05:30,24.804104575580766,25.227484405108306,24.312298714608627,24.49833106994629,9391329
2003-10-31 00:00:00+05:30,24.59027315134433,25.6594143132122,24.509017618444926,25.490489959716797,7503309
2003-11-03 00:00:00+05:30,26.001539250234487,26.202535897936343,25.55249756350482,26.063549041748047,5271966
2003-11-04 00:00:00+05:30,26.251720382013723,26.94238504449478,25.71287209382644,26.758493423461914,10482282
2003-11-05 00:00:00+05:30,27.20966918087389,27.7976977353775,26.899617280710505,27.322999954223633,11655702
2003-11-06 00:00:00+05:30,27.712182274820087,27.883244475815356,27.156228653341202,27.35722541809082,6603156
2003-11-07 00:00:00+05:30,27.47268011746504,27.795561546944267,27.087788891739052,27.38287353515625,9455310
2003-11-10 00:00:00+05:30,27.372190271635002,28.3130351291963,27.241754414582164,28.17832374572754,4453596
2003-11-11 00:00:00+05:30,28.353668194049433,28.792018406159016,28.236064761204613,28.415678024291992,6828156
2003-11-12 00:00:00+05:30,28.691516817870465,28.858303497112985,28.05430760213067,28.357946395874023,6138585
2003-11-13 00:00:00+05:30,28.447744515902702,28.56107532284917,27.19898549535993,27.455581665039062,6556680
2003-11-14 00:00:00+05:30,27.583876416511718,27.583876416511718,26.51473355553217,26.68579864501953,4962240
2003-11-17 00:00:00+05:30,26.942402633859373,27.186166446054408,26.64090451443687,26.946678161621094,3154122
2003-11-18 00:00:00+05:30,27.156222855945295,27.290934237058252,26.300909097075508,26.442033767700195,2874690
2003-11-19 00:00:00+05:30,26.471967700671584,26.471967700671584,26.00795863204557,26.189712524414062,4066155
2003-11-20 00:00:00+05:30,26.17260827565829,26.514732568927325,25.665835124597564,25.839035034179688,4265820
2003-11-21 00:00:00+05:30,25.71929384790977,25.864696982613673,25.28522220698702,25.68722152709961,3544803
2003-11-24 00:00:00+05:30,25.933125912104256,26.275250282105574,25.791998288059013,25.9694766998291,1921869
2003-11-25 00:00:00+05:30,26.08707432349135,26.213231688353698,25.879661420173942,25.980159759521484,3278340
2003-11-26 00:00:00+05:30,25.980159759521484,25.980159759521484,25.980159759521484,25.980159759521484,0
2003-11-27 00:00:00+05:30,26.172607735432617,26.42920095008808,25.667972357735614,25.81337547302246,6384609
2003-11-28 00:00:00+05:30,26.211091858979678,26.685792603036703,26.046443032339916,26.40781593322754,6548517
2003-12-01 00:00:00+05:30,26.56177415145924,26.844029326168382,26.478380844066763,26.634475708007812,4495113
2003-12-02 00:00:00+05:30,26.6857948571238,26.854719223118483,26.146946508822317,26.2966251373291,3753027
2003-12-03 00:00:00+05:30,26.471968122365816,26.86541340319497,26.300905978174885,26.711456298828125,4053393
2003-12-04 00:00:00+05:30,26.85686462176528,27.14339538390279,26.36719642283607,26.80982208251953,4999788
2003-12-05 00:00:00+05:30,27.0279172680455,27.111310563983658,26.21750850647936,26.365049362182617,5140035
2003-12-08 00:00:00+05:30,26.429211693680035,26.47197871508468,26.00155616207705,26.339405059814453,2352924
2003-12-09 00:00:00+05:30,26.60027132715013,27.759220954443933,26.525429055210804,27.594572067260742,8945874
2003-12-10 00:00:00+05:30,27.716448885532177,29.5895873123499,27.583875281937264,28.986591339111328,16620498
2003-12-11 00:00:00+05:30,29.251738343707263,29.72216071009283,28.764208000951292,29.662288665771484,8670357
2003-12-12 00:00:00+05:30,29.935991027722373,30.149820185285513,29.298782017536315,29.65801429748535,4403790
2003-12-15 00:00:00+05:30,29.5083267049212,29.935984932979455,29.20896653257783,29.38003158569336,3051297
2003-12-16 00:00:00+05:30,29.294513049069554,29.42280822313607,28.738556527657522,28.945972442626953,2672478
2003-12-17 00:00:00+05:30,28.759929719135336,29.31588310463518,28.759929719135336,28.935270309448242,2972430
2003-12-18 00:00:00+05:30,29.1234484422334,30.680122031568164,28.866855153035868,30.378623962402344,12604950
2003-12-19 00:00:00+05:30,30.778469938869616,32.22394986328697,30.49193926915649,31.88823890686035,12031605
2003-12-22 00:00:00+05:30,32.03150499603569,32.83763827567439,31.27241424157635,32.405704498291016,9083277
2003-12-23 00:00:00+05:30,32.501921365966346,32.501921365966346,31.445608378322405,31.582460403442383,3800601
2003-12-24 00:00:00+05:30,32.501929483957746,32.501929483957746,31.011544663387443,31.392160415649414,10515015
2003-12-25 00:00:00+05:30,31.392379760742188,31.392379760742188,31.392379760742188,31.392379760742188,0
2003-12-26 00:00:00+05:30,31.43278666920253,32.022953098665056,31.009406851444894,31.499074935913086,3873339
2003-12-29 00:00:00+05:30,32.07428181915729,32.45917318924123,31.695803739114428,32.04648208618164,4349619
2003-12-30 00:00:00+05:30,32.672987688865234,34.20400156497117,32.040057268485555,33.40428161621094,11633751
2003-12-31 00:00:00+05:30,33.77848216692733,34.764231538450495,33.357240148713004,34.13771438598633,9117171
2004-01-01 00:00:00+05:30,34.85405007255973,35.40572805613818,34.383627645928094,35.155548095703125,6466995
2004-01-02 00:00:00+05:30,35.41000070434754,40.36868299093283,35.281702621517056,39.314510345458984,25599969
2004-01-05 00:00:00+05:30,42.76569474937024,42.76569474937024,39.77209588199535,40.06076431274414,25994394
2004-01-06 00:00:00+05:30,40.627405558830354,41.4271225145276,36.93458834655184,38.037940979003906,15760791
2004-01-07 00:00:00+05:30,38.27530487241409,39.34444781111977,37.90324304752286,38.59177017211914,15907968
2004-01-08 00:00:00+05:30,39.00231311697189,40.969533369750884,38.630251390940906,40.58892059326172,18048501
2004-01-09 00:00:00+05:30,41.01229970378033,41.69655110911782,38.75427035981532,39.13060760498047,10842903
2004-01-12 00:00:00+05:30,39.42997740847174,39.42997740847174,36.78705618704465,37.161258697509766,11957877
2004-01-13 00:00:00+05:30,37.548296393657566,38.06148298826882,35.709370421746115,36.318782806396484,16321230
2004-01-14 00:00:00+05:30,37.206159314782724,37.37722440466523,35.80344613315996,36.03651809692383,11172294
2004-01-15 00:00:00+05:30,36.735741748364916,37.12063311228606,35.350133425546424,35.94029998779297,10706436
2004-01-16 00:00:00+05:30,36.00873993669811,36.43639554146896,34.25748238005286,34.81129837036133,14270445
2004-01-19 00:00:00+05:30,34.426382695143104,36.86402820915061,34.259596098572956,35.94670486450195,20984166
2004-01-20 00:00:00+05:30,36.24392480109221,36.78277313449821,34.744989048787,35.221824645996094,13163418
2004-01-21 00:00:00+05:30,35.06786646972147,35.15339752189544,31.439196825394514,31.958799362182617,15298461
2004-01-22 00:00:00+05:30,34.85404242023242,34.85404242023242,30.513324008778767,31.208267211914062,15008283
2004-01-23 00:00:00+05:30,31.454183179020454,34.169806744675256,31.454183179020454,33.43637466430664,12318894
2004-01-26 00:00:00+05:30,33.43637466430664,33.43637466430664,33.43637466430664,33.43637466430664,0
2004-01-27 00:00:00+05:30,33.97734097284597,34.89680200115951,33.335856602778094,34.70008087158203,11164446
2004-01-28 00:00:00+05:30,34.426377735553025,35.06786500479045,32.596006835221296,33.04932403564453,11626794
2004-01-29 00:00:00+05:30,33.27170947938649,34.42638322432526,32.117035734447725,32.80984115600586,19072755
2004-01-30 00:00:00+05:30,33.3273172753138,33.64378260639144,31.51832603385759,31.672283172607422,12442230
2004-02-02 00:00:00+05:30,31.672283172607425,31.672283172607425,31.672283172607425,31.672283172607422,0
2004-02-03 00:00:00+05:30,32.256380741157415,32.256380741157415,29.863306581734076,30.164073944091797,12328389
2004-02-04 00:00:00+05:30,31.558947736557457,31.558947736557457,30.294846544743706,31.216768264770508,12712824
2004-02-05 00:00:00+05:30,31.510985033865982,31.994832174796596,30.86149860564482,31.042396545410156,7627284
2004-02-06 00:00:00+05:30,31.371506531031894,32.252018981843534,30.909454791027013,32.031890869140625,9753561
2004-02-09 00:00:00+05:30,32.256378605378565,32.89714641585938,31.951250363943117,32.45907211303711,6228549
2004-02-10 00:00:00+05:30,32.692280094538056,33.30253364307114,32.06022803508007,32.47433090209961,8672130
2004-02-11 00:00:00+05:30,32.52663740314262,33.075868284717814,32.32176492499297,32.679203033447266,7053264
2004-02-12 00:00:00+05:30,32.910214074700725,33.03008638534133,31.820474503252154,32.12342071533203,7083045
2004-02-13 00:00:00+05:30,31.868436395265384,32.25202798143134,31.386770952171368,32.134334564208984,6050196
2004-02-16 00:00:00+05:30,32.91021422692442,32.91021422692442,31.60252553791094,31.770343780517578,5023161
2004-02-17 00:00:00+05:30,31.733293467740296,31.81611461162629,31.12521907892089,31.340986251831055,4910841
2004-02-18 00:00:00+05:30,31.406380653378015,33.73625006979356,31.188431480352914,33.431121826171875,25179354
2004-02-19 00:00:00+05:30,33.65124792197917,34.29201569839325,32.607275097714385,32.95163345336914,21760614
2004-02-20 00:00:00+05:30,33.258958168040785,33.258958168040785,32.26947061547959,32.4852409362793,10898235
2004-02-23 00:00:00+05:30,32.6922798783601,32.910226076289824,31.16663853444683,31.364971160888672,9547920
2004-02-24 00:00:00+05:30,31.384572537700347,31.933803155723318,30.868035180426173,31.123035430908203,7007580
2004-02-25 00:00:00+05:30,30.512791227031048,31.15355903766361,28.987150019492507,29.353303909301758,10863585
2004-02-26 00:00:00+05:30,29.946133103802755,31.63741406028826,29.64100478762568,30.51715660095215,22144104
2004-02-27 00:00:00+05:30,30.81791111276053,31.598164625214668,30.81791111276053,31.380218505859375,8401698
2004-03-01 00:00:00+05:30,31.646119327360385,33.21099052884748,31.60253129275796,33.0213737487793,12885507
2004-03-02 00:00:00+05:30,33.0213737487793,33.0213737487793,33.0213737487793,33.0213737487793,0
2004-03-03 00:00:00+05:30,33.32650360536473,33.5204783005308,32.12342829644018,32.77291488647461,15993477
2004-03-04 00:00:00+05:30,32.86663314671714,33.91278491764841,32.74022395168528,33.04753112792969,11408202
2004-03-05 00:00:00+05:30,33.520473391351324,35.07662563746418,33.13034510527727,34.91534423828125,34880094
2004-03-08 00:00:00+05:30,35.39483657558474,38.343681219684655,35.39483657558474,37.27355194091797,50181021
2004-03-09 00:00:00+05:30,37.48714304895581,38.09739952033024,36.098808828312166,36.584835052490234,30507300
2004-03-10 00:00:00+05:30,36.71342265121465,37.471880771703994,36.421371154342566,36.626243591308594,18840708
2004-03-11 00:00:00+05:30,36.47584456771291,36.94225402613904,35.885204916246714,36.100975036621094,18287973
2004-03-12 00:00:00+05:30,35.83073620621942,35.8743242456044,34.69740228620012,34.982913970947266,20027331
2004-03-15 00:00:00+05:30,35.307656871899795,35.826373368841374,34.10458155534031,34.3835563659668,20766474
2004-03-16 00:00:00+05:30,33.99996406735308,36.780987316466536,33.782017901287475,36.21214294433594,33173208
2004-03-17 00:00:00+05:30,36.61535880015751,37.460999273060466,35.71087161788699,37.18638229370117,44415081
2004-03-18 00:00:00+05:30,36.833290592968865,37.70072624682291,36.833290592968865,37.42829132080078,30407130
2004-03-19 00:00:00+05:30,37.39997323195865,37.57433141174745,36.78971660962991,37.39125442504883,18473481
2004-03-22 00:00:00+05:30,37.39996682602508,37.44355486697247,36.54560770110101,36.80496597290039,8547831
2004-03-23 00:00:00+05:30,36.57176152562994,37.02945242247121,36.179454187461005,36.60227584838867,13450518
2004-03-24 00:00:00+05:30,36.61536045708366,37.26484725686411,36.50202494018487,37.07305145263672,7683372
2004-03-25 00:00:00+05:30,37.094824469365776,37.26918255302602,36.57392617757791,37.016361236572266,9854289
2004-03-26 00:00:00+05:30,36.663297062195085,36.946629772896806,36.61534812728449,36.6306037902832,10706085
2004-03-29 00:00:00+05:30,33.12817944435744,37.267023669736545,31.82049011962485,36.757022857666016,76697010
2004-03-30 00:00:00+05:30,36.17510156437427,36.92048621436727,36.00510129393132,36.60881805419922,22690359
2004-03-31 00:00:00+05:30,35.78714184422335,36.88560343469622,35.52560465304425,36.64585876464844,28702962
2004-04-01 00:00:00+05:30,36.09227096628453,36.427910519677035,35.74355470265944,36.27752685546875,37591254
2004-04-02 00:00:00+05:30,36.28842767516069,37.92304053671304,35.71086444412508,37.482784271240234,72671472
2004-04-05 00:00:00+05:30,37.39996991351344,38.140993608399846,36.97496926905349,37.21253204345703,45128799
2004-04-06 00:00:00+05:30,37.26919183908793,37.44354996619157,36.70906328787376,37.025089263916016,26530299
2004-04-07 00:00:00+05:30,36.96407771774542,37.26920605308232,36.50856566490724,36.81369400024414,28560555
2004-04-08 00:00:00+05:30,36.87688675873713,39.187139563488664,36.8006054477074,38.73380661010742,59902092
2004-04-09 00:00:00+05:30,38.73380661010742,38.73380661010742,38.73380661010742,38.73380661010742,0
2004-04-12 00:00:00+05:30,39.60996392513499,41.3230400775462,37.75522289860913,38.13009262084961,50814567
2004-04-13 00:00:00+05:30,38.271755580206246,38.616113928995404,36.964063640088526,38.33713912963867,32122584
2004-04-14 00:00:00+05:30,38.33713912963867,38.33713912963867,38.33713912963867,38.33713912963867,0
2004-04-15 00:00:00+05:30,38.437396039416264,38.576884939751736,37.49803988035507,38.00803756713867,29480526
2004-04-16 00:00:00+05:30,38.097416141089376,38.31100450271902,37.54382417642667,37.85331344604492,18091089
2004-04-19 00:00:00+05:30,37.83586256816461,37.99714400806386,36.83329870676467,37.00547790527344,21064653
2004-04-20 00:00:00+05:30,37.182019948728076,37.31279006581763,36.5783032458019,36.798431396484375,18930654
2004-04-21 00:00:00+05:30,36.78972124365124,37.637540768253196,36.61536304190034,37.41523361206055,22366368
2004-04-22 00:00:00+05:30,37.613550499904306,37.7770108712874,37.195089794155294,37.60483169555664,15414111
2004-04-23 00:00:00+05:30,37.57432903009737,38.3109948371192,37.378175342001185,37.50894546508789,18622962
2004-04-27 00:00:00+05:30,36.61534868315292,37.05124401659336,35.403554567974346,36.60009002685547,31425363
2004-04-28 00:00:00+05:30,36.70252712040656,36.91611538116935,36.48457796089051,36.61752700805664,27748665
2004-04-29 00:00:00+05:30,36.83330105262947,37.051250252565566,36.440993689971556,36.87689208984375,34819803
2004-04-30 00:00:00+05:30,36.96406893496232,36.96406893496232,36.44099148537423,36.615352630615234,20219724
2004-05-03 00:00:00+05:30,36.39739966685574,36.610987932143864,35.37304039126729,35.69560623168945,28542663
2004-05-04 00:00:00+05:30,35.96150221146262,36.96406599635897,35.83073510426205,36.63932418823242,23875137
2004-05-05 00:00:00+05:30,36.833300979453426,37.18202029727191,36.576121642376,36.99894332885742,14883516
2004-05-06 00:00:00+05:30,37.26483643377149,37.78791085017815,37.26483643377149,37.58522033691406,18044757
2004-05-07 00:00:00+05:30,37.705102718034794,37.705102718034794,36.833305805789244,37.049076080322266,10034154
2004-05-10 00:00:00+05:30,36.61535540347792,37.216893169178036,35.961507793710375,36.846378326416016,17288559
2004-05-11 00:00:00+05:30,35.961498540071986,36.571754954929666,35.83073144622171,36.00291061401367,29837133
2004-05-12 00:00:00+05:30,35.97241342417874,36.702542516922534,35.91792760797677,36.49549102783203,25094700
2004-05-13 00:00:00+05:30,34.871757211769,36.92701254504098,33.612017195866926,35.99637222290039,30867849
2004-05-14 00:00:00+05:30,35.96151453110125,35.96151453110125,30.556389440271392,31.428186416625977,59643468
2004-05-17 00:00:00+05:30,30.512801223556743,30.512801223556743,22.230753937177358,27.332929611206055,37404351
2004-05-18 00:00:00+05:30,27.025613148877305,29.42304802163282,26.19741049700943,27.90176773071289,40634253
2004-05-19 00:00:00+05:30,28.764842079386842,30.948685648835575,28.682023910871333,30.6435604095459,32020506
2004-05-20 00:00:00+05:30,30.46919685790087,32.47432422729037,28.333302394380357,29.5821475982666,31110426
2004-05-21 00:00:00+05:30,28.464077747547883,31.03587098214242,28.11535844819452,30.74599838256836,30751938
2004-05-24 00:00:00+05:30,31.16663299997469,31.354067834275835,30.55855851661467,30.926891326904297,17348040
2004-05-25 00:00:00+05:30,30.86150641766098,32.36099415057999,30.29484098617748,31.940351486206055,27256977
2004-05-26 00:00:00+05:30,31.907671557243585,32.25638793802447,30.562927952894366,31.04023551940918,25104978
2004-05-27 00:00:00+05:30,30.905089596919083,31.109961998313985,30.294833290466016,30.344961166381836,33146208
2004-05-28 00:00:00+05:30,29.902531527562452,30.24035300637998,28.115353302283197,28.357276916503906,28433025
2004-05-31 00:00:00+05:30,27.89741635430255,28.189464956868616,26.646388789275118,27.295875549316406,33207327
2004-06-01 00:00:00+05:30,27.136775950847316,28.058700831392166,26.988571183672914,27.335111618041992,26569404
2004-06-02 00:00:00+05:30,27.50727228462924,28.84329623365598,27.50727228462924,28.625347137451172,22145859
2004-06-03 00:00:00+05:30,29.545113490280176,29.636650509050707,27.352550023998415,27.61844825744629,28202148
2004-06-04 00:00:00+05:30,27.254457459774375,28.75612403705878,27.14984378426289,28.357276916503906,20840607
2004-06-07 00:00:00+05:30,28.98279512866801,29.72381879722793,28.769206833926493,29.355485916137695,24199407
2004-06-08 00:00:00+05:30,29.59740725929305,29.85894746902549,28.507664366920764,29.21599769592285,18552834
2004-06-09 00:00:00+05:30,29.248684425734467,29.521119339600798,28.468427863299166,28.568683624267578,20322270
2004-06-10 00:00:00+05:30,28.507667018894487,28.59484609922617,28.058694904839697,28.34202766418457,15775110
2004-06-11 00:00:00+05:30,28.50766898385233,28.76049042938785,27.679466167081713,27.801517486572266,23832873
2004-06-14 00:00:00+05:30,27.635870740745514,28.023820157490228,27.287154450734302,27.633691787719727,15566787
2004-06-15 00:00:00+05:30,27.82766741003431,28.328949338189503,27.402666798690955,27.792795181274414,13991247
2004-06-16 00:00:00+05:30,28.289720814599082,29.348949484043267,27.945359406647658,28.34202766418457,22091886
2004-06-17 00:00:00+05:30,28.42047914845015,29.111377710820225,28.137146476736664,28.854198455810547,13449123
2004-06-18 00:00:00+05:30,28.98715825710013,28.98715825710013,27.901775983139842,28.082674026489258,22158072
2004-06-21 00:00:00+05:30,28.276652451027235,28.333320222852954,27.919217180378162,28.043447494506836,14215698
2004-06-22 00:00:00+05:30,27.984590527292706,28.158948675435177,26.511256094206864,27.12369155883789,52139646
2004-06-23 00:00:00+05:30,27.156394845342447,27.374344107402212,26.676908264652063,26.846908569335938,27955107
2004-06-24 00:00:00+05:30,27.02125522805677,28.010742299715687,26.676896858192613,27.766639709472656,37408347
2004-06-25 00:00:00+05:30,27.788441798467844,27.851646413916566,27.28933874216626,27.64241600036621,15618978
2004-06-28 00:00:00+05:30,27.679459382570215,27.766638447542462,27.156381999669645,27.48112678527832,16695891
2004-06-29 00:00:00+05:30,27.714333991166697,28.02599910042532,27.29587025300963,27.498563766479492,28306926
2004-06-30 00:00:00+05:30,27.67946088272818,27.87997244372487,27.293690431424423,27.413562774658203,16491753
2004-07-01 00:00:00+05:30,27.461505222511345,29.27047872218254,27.461505222511345,29.067785263061523,41442300
2004-07-02 00:00:00+05:30,28.769214825160937,29.68459690611064,28.34421407774746,29.4492130279541,41671782
2004-07-05 00:00:00+05:30,29.418688878433063,29.45574005601899,28.862918221577072,29.076509475708008,15302727
2004-07-06 00:00:00+05:30,29.030745303473207,30.28612768693686,28.819335952947046,30.048564910888672,19800594
2004-07-07 00:00:00+05:30,30.512796964972434,30.6413851446457,29.691131007883744,30.482282638549805,27901539
2004-07-08 00:00:00+05:30,30.60215179054461,30.87894768037752,27.731770122180343,28.230873107910156,33755481
2004-07-09 00:00:00+05:30,27.635873794677217,29.423052461147115,27.243566428528588,29.259592056274414,22048020
2004-07-12 00:00:00+05:30,29.03073806301126,29.858943632298093,28.551251730869865,29.682403564453125,17660007
2004-07-13 00:00:00+05:30,29.640994946756397,29.763046232705957,28.904329325513334,29.039457321166992,9075996
2004-07-14 00:00:00+05:30,28.984967457690622,29.161507521725593,28.333301970312665,28.400867462158203,13172850
2004-07-15 00:00:00+05:30,28.46408064145866,28.910873828445833,28.008568648007667,28.50984764099121,20673603
2004-07-16 00:00:00+05:30,28.59483052767527,29.292265783602225,28.55124250777945,29.120086669921875,18663129
2004-07-19 00:00:00+05:30,29.161512747290896,30.50625304335997,28.98715160470322,30.368946075439453,25431021
2004-07-20 00:00:00+05:30,30.087790524950723,30.46484217117709,29.70202306690605,30.25996971130371,24402555
2004-07-21 00:00:00+05:30,30.294837406997274,31.38458010429264,29.85894212391921,30.593425750732422,15285384
2004-07-22 00:00:00+05:30,31.33227035639562,31.33227035639562,30.432141517472097,30.619579315185547,20737908
2004-07-23 00:00:00+05:30,29.24869535340681,30.77433383550889,29.24869535340681,30.477924346923828,13195017
2004-07-26 00:00:00+05:30,30.33844344330143,31.01408371117936,30.12921300528337,30.913827896118164,16983306
2004-07-27 00:00:00+05:30,30.907270431424305,31.24509186941176,30.44740071778021,30.589065551757812,15385473
2004-07-28 00:00:00+05:30,31.16662705728527,31.375857365534326,29.72816831393972,29.824066162109375,26106156
2004-07-29 00:00:00+05:30,29.641001008637183,31.188434920267873,29.466642848213255,30.909460067749023,36976797
2004-07-30 00:00:00+05:30,30.90509049186042,31.415088068183834,30.654448111956906,31.249448776245117,20000277
2004-08-02 00:00:00+05:30,31.308302870353234,32.03842868674113,31.166635014285642,31.933815002441406,22905567
2004-08-03 00:00:00+05:30,31.82047573762498,31.99919174127056,31.166628377712218,31.30829620361328,25356204
2004-08-04 00:00:00+05:30,31.445618936063433,31.892412162801396,31.40856774663051,31.818309783935547,24771825
2004-08-05 00:00:00+05:30,31.842276654241058,32.28689381431753,31.842276654241058,32.22368621826172,21295404
2004-08-06 00:00:00+05:30,32.25637098450028,32.25637098450028,31.21021939893302,31.30829620361328,20332584
2004-08-09 00:00:00+05:30,31.297411847675622,31.47177002107374,30.86151342111249,31.11215591430664,19626597
2004-08-10 00:00:00+05:30,31.079452922294244,31.297402067468308,30.865864675586472,31.022785186767578,21134322
2004-08-11 00:00:00+05:30,31.168812443226575,31.38458264614564,29.73689325444981,29.90253257751465,40971402
2004-08-12 00:00:00+05:30,30.251254562122583,30.338433633685977,29.257406561551818,29.50804901123047,38636802
2004-08-13 00:00:00+05:30,28.33331039413475,30.382026375655965,28.33331039413475,30.1204891204834,30557178
2004-08-16 00:00:00+05:30,30.316637673003175,30.316637673003175,29.662793149331225,30.092151641845703,16622955
2004-08-17 00:00:00+05:30,30.38202797946538,30.48010482946586,29.778311212212397,29.93087387084961,16075953
2004-08-18 00:00:00+05:30,29.90252640530286,30.118296563684584,29.697654001764636,29.824066162109375,12352302
2004-08-19 00:00:00+05:30,30.46702011439512,30.48881562935303,29.736894307842263,30.28394317626953,24527547
2004-08-20 00:00:00+05:30,30.294843802965058,30.46048614065255,29.880740951813756,30.05074119567871,15360813
2004-08-23 00:00:00+05:30,30.076896071201077,30.495356848736048,29.869844635627537,30.303564071655273,12868767
2004-08-24 00:00:00+05:30,30.384213112334724,30.94869985300407,30.384213112334724,30.713315963745117,16283610
2004-08-25 00:00:00+05:30,30.774322561194435,30.774322561194435,30.218554973705448,30.591245651245117,10125369
2004-08-26 00:00:00+05:30,30.610867907497635,30.88984272597087,30.338432940949296,30.65227699279785,16144992
2004-08-27 00:00:00+05:30,30.730737033449184,31.15573457899132,30.523685642489227,31.077274322509766,13740282
2004-08-30 00:00:00+05:30,31.166634842027857,31.454328458396386,31.08599562633705,31.317018508911133,10526373
2004-08-31 00:00:00+05:30,31.29740463333661,31.510992897555074,31.042404292161166,31.12958335876465,11743920
2004-09-01 00:00:00+05:30,31.16663568479115,31.340993824419876,31.03804752956182,31.131763458251953,8015265
2004-09-02 00:00:00+05:30,31.286493191821407,31.494274938915314,30.28295795631367,31.18260383605957,12060396
2004-09-03 00:00:00+05:30,31.122920697179744,31.385961958154756,30.94829648822162,31.317440032958984,7514334
2004-09-06 00:00:00+05:30,31.432382435546593,31.646793866250245,31.25554832848317,31.52964210510254,7989201
2004-09-07 00:00:00+05:30,31.604799246265134,31.741846145388962,31.310810319285615,31.452280044555664,10063143
2004-09-08 00:00:00+05:30,31.304185128145217,31.60922357536225,30.9991436453573,31.127347946166992,10348920
2004-09-09 00:00:00+05:30,31.122925008738154,31.377126724625963,30.510635245024428,30.6719970703125,13821741
2004-09-10 00:00:00+05:30,31.33511868345475,31.33511868345475,30.327160761832076,30.833351135253906,9773946
2004-09-13 00:00:00+05:30,30.76925649167671,31.222394321655152,30.636629378613737,30.994720458984375,8649387
2004-09-14 00:00:00+05:30,31.20911403754526,31.509732488430014,30.86870838620261,31.37047576904297,14917797
2004-09-15 00:00:00+05:30,31.498686990417553,31.609209039991732,31.343957942355395,31.52079200744629,15698007
2004-09-16 00:00:00+05:30,31.520802037218406,32.444762901552416,31.520802037218406,32.285614013671875,20259990
2004-09-17 00:00:00+05:30,32.362972005294615,33.12115110668735,32.28781736716565,33.02389144897461,19018395
2004-09-20 00:00:00+05:30,33.1299942929192,33.36872367350264,32.84706093949541,33.258201599121094,18999954
2004-09-21 00:00:00+05:30,33.16094065467593,33.70912817974743,32.98410655669869,33.59860610961914,15263127
2004-09-22 00:00:00+05:30,33.64281337207129,33.80638505096319,33.068101083347344,33.6052360534668,14938524
2004-09-23 00:00:00+05:30,33.377568971590826,33.377568971590826,32.46466054847736,32.601707458496094,24561153
2004-09-24 00:00:00+05:30,32.493391677889875,32.9288472811729,32.45139456200069,32.63264846801758,11071899
2004-09-27 00:00:00+05:30,32.58181101291863,32.88243267309546,32.420449188173144,32.76527786254883,8629209
2004-09-28 00:00:00+05:30,31.67553682631606,32.824961747105846,31.67553682631606,32.480133056640625,10772937
2004-09-29 00:00:00+05:30,32.758650307255614,33.28915272557252,32.632652871445316,33.059268951416016,17556561
2004-09-30 00:00:00+05:30,33.46598872782465,33.46598872782465,32.758649159285504,33.125579833984375,24921252
2004-10-01 00:00:00+05:30,32.93547740048444,34.69498187194439,32.89790007800367,34.37889099121094,27377100
2004-10-04 00:00:00+05:30,34.70382498996365,35.764832650532384,34.70382498996365,35.457584381103516,24126885
2004-10-05 00:00:00+05:30,35.455370920803325,36.003558409938236,35.10611950217397,35.37579345703125,21430269
2004-10-06 00:00:00+05:30,35.27852257375624,35.87091991378041,34.836437498458935,34.9557991027832,14543496
2004-10-07 00:00:00+05:30,35.1569656535507,35.84440997614742,35.145913142639095,35.64326095581055,20811240
2004-10-08 00:00:00+05:30,35.853264676278165,35.853264676278165,35.15476457177132,35.479698181152344,15291441
2004-10-11 00:00:00+05:30,35.41779685202064,36.03008961404332,35.41779685202064,35.652103424072266,17577216
2004-10-12 00:00:00+05:30,35.720627298825164,35.8974614111923,34.88729343283548,34.98676300048828,12637746
2004-10-14 00:00:00+05:30,35.10169963805114,35.402318191382044,34.49825263653892,35.04644012451172,10811682
2004-10-15 00:00:00+05:30,35.19012263790988,35.86872742819639,34.91160905707694,35.630001068115234,19476207
2004-10-18 00:00:00+05:30,35.6808400374958,35.83998891709946,34.97350055327732,35.09949493408203,7268625
2004-10-19 00:00:00+05:30,35.1459194679499,36.00798815407265,35.02434486161228,35.82231140136719,11890980
2004-10-20 00:00:00+05:30,35.98586904410375,36.28206777431967,35.464206424324246,35.570308685302734,12890043
2004-10-21 00:00:00+05:30,35.72062440368423,35.73388680925834,35.20117158458318,35.307273864746094,7629705
2004-10-22 00:00:00+05:30,35.307273864746094,35.307273864746094,35.307273864746094,35.307273864746094,0
2004-10-25 00:00:00+05:30,35.14592766202582,35.58801310327234,34.84751885084514,35.02435302734375,8987823
2004-10-26 00:00:00+05:30,35.145912253431504,35.495160661349516,34.68171894916902,35.36253356933594,12047832
2004-10-27 00:00:00+05:30,35.37358094767631,35.587992337459795,34.93812544846447,35.05970001220703,9795582
2004-10-28 00:00:00+05:30,35.455371107913294,35.587995155616895,34.92928560012277,35.053070068359375,19298313
2004-10-29 00:00:00+05:30,35.19011953869282,35.52610554362365,34.7524540778278,34.90276336669922,9702225
2004-11-01 00:00:00+05:30,34.836443608508446,35.013277669642726,34.52477258919921,34.88728332519531,10023192
2004-11-02 00:00:00+05:30,35.1459177163249,35.1459177163249,34.79887914947745,34.89171600341797,6558984
2004-11-03 00:00:00+05:30,35.013282446275255,35.627781954998326,34.84750087079155,35.3448486328125,16614423
2004-11-04 00:00:00+05:30,35.546008088883475,35.672002487582716,35.059712693585915,35.185707092285156,14274801
2004-11-05 00:00:00+05:30,35.534949219061076,35.88640753525244,35.51947691782056,35.61673355102539,14626710
2004-11-08 00:00:00+05:30,35.72062529193813,36.633533546532135,35.72062529193813,36.4080696105957,18655803
2004-11-09 00:00:00+05:30,36.587118061374994,36.777214577077075,35.999140246427935,36.17155456542969,11050083
2004-11-10 00:00:00+05:30,36.24891494861984,36.595953441936075,36.047765944726464,36.503116607666016,15107868
2004-11-11 00:00:00+05:30,36.604797927260385,36.66669016512591,35.90851101016576,36.03892517089844,13361166
2004-11-12 00:00:00+05:30,36.162709463083985,36.45890824533491,35.95714065995583,36.07208251953125,2504286
2004-11-15 00:00:00+05:30,36.07208251953125,36.07208251953125,36.07208251953125,36.07208251953125,0
2004-11-16 00:00:00+05:30,36.16271105090458,36.16271105090458,35.07959836398337,35.18349075317383,18571644
2004-11-17 00:00:00+05:30,35.389054743055844,35.57473143856149,35.19674836319451,35.32937240600586,15935823
2004-11-18 00:00:00+05:30,35.49516338236918,35.49516338236918,35.02434035697679,35.1392822265625,10981539
2004-11-19 00:00:00+05:30,35.3669626341238,35.48853724738758,34.65962605274369,34.7878303527832,7931448
2004-11-22 00:00:00+05:30,34.920455632661614,35.14592266655768,34.31037568555519,34.938140869140625,5929308
2004-11-23 00:00:00+05:30,34.97350433264052,35.632214051861446,34.97350433264052,35.517269134521484,11866752
2004-11-24 00:00:00+05:30,35.73831926379399,35.89747122265178,35.5968525423488,35.81126403808594,10967031
2004-11-25 00:00:00+05:30,35.901881230968705,35.901881230968705,35.10612468909427,35.227699279785156,9869715
2004-11-26 00:00:00+05:30,35.227699279785156,35.227699279785156,35.227699279785156,35.227699279785156,0
2004-11-29 00:00:00+05:30,35.60568740455992,35.80904634150638,35.28959345148739,35.667579650878906,7170219
2004-11-30 00:00:00+05:30,35.81125005648029,36.42575262301413,35.729465730983804,36.02566146850586,12495114
2004-12-01 00:00:00+05:30,36.25113226683417,36.45007139991907,35.811253850436074,35.93724822998047,10872639
2004-12-02 00:00:00+05:30,36.07429808100729,36.870054678644,35.89746395610369,36.80153274536133,18418482
2004-12-03 00:00:00+05:30,37.135307564044226,37.400558741845906,36.70648163924925,37.23035430908203,25263171
2004-12-06 00:00:00+05:30,37.575176749271115,37.794010983766995,36.4854314377141,36.74405288696289,11095389
2004-12-07 00:00:00+05:30,36.7374308897782,37.00268207920599,36.485439072472744,36.87226486206055,10686789
2004-12-08 00:00:00+05:30,36.825856819725644,36.914273904157,36.478818169657636,36.69322967529297,7117236
2004-12-09 00:00:00+05:30,36.78163287741562,36.87004992847617,36.43680425338038,36.810367584228516,5456520
2004-12-10 00:00:00+05:30,37.046898982685775,37.046898982685775,36.041150529453674,36.22240447998047,6593580
2004-12-13 00:00:00+05:30,36.118515624005916,37.09110654834256,36.118515624005916,37.01816177368164,10647216
2004-12-14 00:00:00+05:30,37.17951673307513,37.53318802623471,37.09551945944805,37.43592834472656,8625636
2004-12-15 00:00:00+05:30,37.511085576359825,37.70560191715899,37.422668505892794,37.550872802734375,7606386
2004-12-16 00:00:00+05:30,37.292246141985956,37.62160249201907,37.14414673456823,37.32098388671875,9297675
2004-12-17 00:00:00+05:30,37.245825611347605,37.77190811943497,37.14635605100344,37.28782272338867,6761637
2004-12-20 00:00:00+05:30,37.13530733396594,37.511080592416086,36.808160877576654,37.376243591308594,6068331
2004-12-21 00:00:00+05:30,37.35193625008682,37.663607431861955,36.996055012197886,37.55308532714844,7579503
2004-12-22 00:00:00+05:30,37.62160255884339,37.62160255884339,37.095516963063005,37.449188232421875,11832066
2004-12-23 00:00:00+05:30,37.35635753011665,37.61497908331805,37.139736139011255,37.380672454833984,4594311
2004-12-24 00:00:00+05:30,37.57297383232436,38.28473314698982,37.14636082969951,37.91337966918945,15064560
2004-12-27 00:00:00+05:30,37.79843297768616,37.84264302036958,37.40055473581578,37.52875900268555,10835073
2004-12-28 00:00:00+05:30,37.777779481266585,37.93171550364827,37.241266619351535,37.34086990356445,9058302
2004-12-29 00:00:00+05:30,37.57855999410238,37.61478077681798,36.7771856687643,36.89716720581055,7700832
2004-12-30 00:00:00+05:30,36.9220772096321,37.37030289160516,36.76361163775816,37.00130844116211,15043185
2004-12-31 00:00:00+05:30,37.34766481225441,37.35219124535672,36.91754796786085,37.12355041503906,4580874
2005-01-03 00:00:00+05:30,37.35218661539211,37.77098421630418,37.00583058802121,37.639686584472656,11105019
2005-01-04 00:00:00+05:30,37.80494654736224,37.9407737376525,37.39520486874981,37.46990966796875,6251778
2005-01-05 00:00:00+05:30,37.39293839375433,37.39293839375433,35.77434374359578,36.107120513916016,15491043
2005-01-06 00:00:00+05:30,36.22030507946017,36.22030507946017,35.36007452812653,35.55928421020508,11789010
2005-01-07 00:00:00+05:30,35.58645269484837,36.44442004321932,35.58645269484837,35.83320236206055,9977913
2005-01-10 00:00:00+05:30,36.07540348913727,36.29725142114664,35.3193062176314,35.493614196777344,8410320
2005-01-11 00:00:00+05:30,35.427995225406775,36.03921304632618,35.22425595176697,35.3193359375,8546634
2005-01-12 00:00:00+05:30,35.3148018275279,35.66568746844675,34.9073233329456,35.160865783691406,12030345
2005-01-13 00:00:00+05:30,35.2016088387056,36.12975453399201,35.13369680059668,35.60456085205078,14566563
2005-01-14 00:00:00+05:30,35.767540403538796,36.44214344333987,35.088410932377144,35.287620544433594,10067490
2005-01-17 00:00:00+05:30,35.31480922783039,36.165987189584214,34.51117126275707,35.409889221191406,9482427
2005-01-18 00:00:00+05:30,35.67699159430807,35.99391952389952,34.862034949305155,35.06351089477539,8148546
2005-01-19 00:00:00+05:30,35.26046827433561,35.26046827433561,34.77828502812584,34.86883544921875,4042800
2005-01-20 00:00:00+05:30,36.3108560406631,36.3108560406631,34.63566560362922,35.441566467285156,8660511
2005-01-24 00:00:00+05:30,35.49590023346159,35.72227472143776,35.08842180276529,35.28084182739258,6733377
2005-01-25 00:00:00+05:30,35.04315338685948,35.62267681516026,35.04315338685948,35.46421432495117,14369922
2005-01-27 00:00:00+05:30,35.722269864980944,36.16823223997394,35.54116905569525,35.72453308105469,19543752
2005-01-28 00:00:00+05:30,35.767562763860596,36.35614221407577,35.6770123183517,36.050533294677734,14494302
2005-01-31 00:00:00+05:30,36.67304284018582,37.37707381389298,36.446665341683165,37.06241226196289,34809057
2005-02-01 00:00:00+05:30,37.356722669052004,37.62384752063707,36.95603383726735,37.22542190551758,22987359
2005-02-02 00:00:00+05:30,37.17109334622846,37.537824612208574,37.035266145432146,37.14392852783203,11241819
2005-02-03 00:00:00+05:30,37.21636235744224,37.850215241783204,37.171085597011114,37.7551383972168,11001348
2005-02-04 00:00:00+05:30,37.804950046770365,38.026798139592955,37.239005958852744,37.442745208740234,9357327
2005-02-07 00:00:00+05:30,37.574038840234756,37.80041332358382,37.14165882055316,37.220890045166016,7730334
2005-02-08 00:00:00+05:30,37.13033762692352,37.35218566563379,36.89943361454748,37.109962463378906,10386639
2005-02-09 00:00:00+05:30,37.15071062695463,37.63968658514601,37.15071062695463,37.30238342285156,13901094
2005-02-10 00:00:00+05:30,37.31596832347331,37.43368666555147,36.863216230604955,37.057899475097656,8723385
2005-02-11 00:00:00+05:30,37.12580738372345,37.30690818556891,36.98998022793278,37.16429138183594,12456144
2005-02-14 00:00:00+05:30,37.125821810272356,37.72572039250542,37.08054503781052,37.28881072998047,11410983
2005-02-15 00:00:00+05:30,37.524244195770365,37.524244195770365,37.001313641833,37.12129211425781,13729860
2005-02-16 00:00:00+05:30,37.306928204688234,37.37031383022857,36.265593372070676,36.48065185546875,5671701
2005-02-17 00:00:00+05:30,36.49196076369488,36.956032075233885,36.22936235796061,36.6368408203125,11487177
2005-02-18 00:00:00+05:30,36.80888330699254,37.12128175679137,36.40366812169103,36.49874496459961,10123812
2005-02-21 00:00:00+05:30,37.29333567352114,37.29333567352114,36.46026678994624,36.688907623291016,8166663
2005-02-22 00:00:00+05:30,36.71833160015917,36.84509968329049,36.54628365017135,36.67079162597656,7632414
2005-02-23 00:00:00+05:30,36.799823691960235,37.164291622808264,36.718329263245316,36.869998931884766,16458588
2005-02-24 00:00:00+05:30,36.899427011063004,37.2525726150677,36.824722236519825,36.9492301940918,16393329
2005-02-25 00:00:00+05:30,37.98605091389485,38.379947004291054,37.57857241409286,38.15130615234375,28384956
2005-02-28 00:00:00+05:30,38.257681924907786,38.75344737737769,37.45404454406846,38.60630416870117,20793096
2005-03-01 00:00:00+05:30,38.71044906100486,39.389578710014455,38.133189014787376,39.242435455322266,22848876
2005-03-02 00:00:00+05:30,39.095292026002944,39.38958166628797,38.6448031453972,38.79194641113281,17243163
2005-03-03 00:00:00+05:30,38.93682349206675,40.40148181556276,38.93682349206675,40.28602981567383,39474765
2005-03-04 00:00:00+05:30,40.40149468454309,40.92895166277296,40.20454508100188,40.40602111816406,22066380
2005-03-07 00:00:00+05:30,40.65728464359052,41.3364141913646,40.56673424447485,40.894981384277344,18105993
2005-03-08 00:00:00+05:30,40.97421913612673,41.245870376840806,40.385639893506095,40.89725112915039,16246413
2005-03-09 00:00:00+05:30,41.01948380954103,41.62617486736238,40.53277427732821,41.343204498291016,16816869
2005-03-10 00:00:00+05:30,41.38170506589432,42.55886376488975,40.906311422303425,42.16270446777344,21191535
2005-03-11 00:00:00+05:30,41.8797262985004,42.327951932884126,41.11909909541676,41.250396728515625,12971763
2005-03-14 00:00:00+05:30,41.494893191836624,42.015560487384796,41.177965137641465,41.225502014160156,10591047
2005-03-15 00:00:00+05:30,41.20060820539658,41.65336039941701,41.02856019549869,41.33869552612305,8474742
2005-03-16 00:00:00+05:30,45.27539740196006,45.27539740196006,40.86104525371269,41.16212463378906,13098681
2005-03-17 00:00:00+05:30,41.20060205520241,41.62618936493378,40.838397245239506,41.309261322021484,16032330
2005-03-18 00:00:00+05:30,41.2617257535908,41.74390907373145,41.09194407661152,41.245880126953125,15405408
2005-03-21 00:00:00+05:30,41.42698332911616,41.64883454979048,40.76369910168154,40.98328399658203,10408473
2005-03-22 00:00:00+05:30,41.01949263293823,41.18474783656229,40.38563974034262,40.52599334716797,8614755
2005-03-23 00:00:00+05:30,40.521460386784604,40.521460386784604,38.80778922009582,39.00926208496094,17664075
2005-03-24 00:00:00+05:30,39.00926981187508,39.16320895156103,38.316557672951,38.522560119628906,17626446
2005-03-28 00:00:00+05:30,38.53161393876844,39.382791602846105,38.53161393876844,39.022850036621094,12833847
2005-03-29 00:00:00+05:30,39.027371974573214,39.027371974573214,37.492535375037164,37.72117614746094,13853466
2005-03-30 00:00:00+05:30,37.850212381586196,39.27638670400647,37.850212381586196,38.92097473144531,21988467
2005-03-31 00:00:00+05:30,39.20847846175092,40.71162092912207,39.07265128642484,40.08229446411133,19876122
2005-04-01 00:00:00+05:30,40.22943828028933,40.22943828028933,38.5293493384315,39.885345458984375,11902122
2005-04-04 00:00:00+05:30,39.97814973897213,40.64596000877233,39.34655713691475,40.42863845825195,15940683
2005-04-05 00:00:00+05:30,40.43544990965231,41.426981378682754,40.38564981244844,41.29794692993164,23608917
2005-04-06 00:00:00+05:30,41.3024787060685,41.653361275210095,40.61655608661141,41.45188522338867,11842983
2005-04-07 00:00:00+05:30,41.46092825585682,41.78011947006454,40.34715227612587,40.553157806396484,8538210
2005-04-08 00:00:00+05:30,40.74783800233695,40.74783800233695,39.842330836597604,40.11624526977539,6271020
2005-04-11 00:00:00+05:30,40.349429644170506,40.349429644170506,39.43486618679021,39.65897750854492,4764105
2005-04-12 00:00:00+05:30,39.52541070135124,40.37658841425197,39.52541070135124,40.009857177734375,4577877
2005-04-13 00:00:00+05:30,40.027970911064166,40.24529257615107,39.54805391793833,39.794803619384766,5031990
2005-04-15 00:00:00+05:30,39.7947929710096,39.7947929710096,38.23505772028285,38.50897216796875,13416165
2005-04-18 00:00:00+05:30,39.38958200355761,39.38958200355761,37.3567193190978,37.623844146728516,8842905
2005-04-19 00:00:00+05:30,37.98152002562103,38.739880973076396,37.89096960393145,38.05622482299805,16500474
2005-04-20 00:00:00+05:30,38.4840685841082,42.468301983880245,38.34824452979763,38.735347747802734,9659448
2005-04-21 00:00:00+05:30,38.257695567324866,39.389580437867544,36.50554018772898,38.556514739990234,6364485
2005-04-22 00:00:00+05:30,39.25375921547616,39.28545046461439,38.44332873133374,38.850807189941406,8188866
2005-04-25 00:00:00+05:30,38.84629147971758,39.299043720470586,38.44107612579366,38.984378814697266,8508222
2005-04-26 00:00:00+05:30,39.027372528691096,39.027372528691096,38.128655046895624,38.26900863647461,5628996
2005-04-27 00:00:00+05:30,38.257699365669,38.479550550821855,37.51065757746432,37.64421844482422,5354577
2005-04-28 00:00:00+05:30,37.804926797301825,38.710433672282505,37.35217180540533,37.88642120361328,14896908
2005-04-29 00:00:00+05:30,38.112825564231564,38.112825564231564,36.505549805937214,36.72739791870117,8966412
2005-05-02 00:00:00+05:30,38.03132616190386,38.03132616190386,36.94924434222075,37.44727325439453,4462173
2005-05-03 00:00:00+05:30,37.53328897008131,37.714389787501126,37.17787698376787,37.3770866394043,6217749
2005-05-04 00:00:00+05:30,37.47895165567102,37.89548597186233,37.216356435160904,37.81399154663086,4880952
2005-05-05 00:00:00+05:30,38.076582259605566,38.93681559856359,38.03130862055196,38.80778121948242,10458801
2005-05-06 00:00:00+05:30,38.85986236114761,39.299032059809996,38.635747970023274,39.02964401245117,7666137
2005-05-09 00:00:00+05:30,39.615965653432085,40.64371789801859,38.98663904903216,39.45976638793945,5323338
2005-05-10 00:00:00+05:30,39.52541541761644,40.33810921971747,39.222069752340374,39.78574752807617,13642551
2005-05-11 00:00:00+05:30,39.75178919003194,39.8876132740924,39.30129716959171,39.627281188964844,6981858
2005-05-12 00:00:00+05:30,39.615973801881516,40.23171812327178,39.21755118855928,40.05061721801758,5602041
2005-05-13 00:00:00+05:30,39.751781038270195,40.06870901744329,39.299025894076244,39.84912109375,8192034
2005-05-16 00:00:00+05:30,39.83778967649936,40.43089823593525,39.83778967649936,40.27696228027344,6800274
2005-05-17 00:00:00+05:30,40.295091989679705,40.52146960957993,39.29903419269553,39.591060638427734,7773192
2005-05-18 00:00:00+05:30,39.16320194568334,39.299026002264746,38.57461963484819,39.03416442871094,11666286
2005-05-19 00:00:00+05:30,38.982095627304865,39.16319953964269,38.48406686320551,38.721763610839844,4750668
2005-05-20 00:00:00+05:30,38.71044624754659,38.83269100553787,38.25769110857053,38.407100677490234,4176630
2005-05-23 00:00:00+05:30,38.66517609040798,39.84233778740347,38.438801591090346,39.32167053222656,3776832
2005-05-24 00:00:00+05:30,39.751799809617914,39.842350259453205,39.00701792966154,39.514102935791016,5771394
2005-05-25 00:00:00+05:30,39.389581693888964,40.15473538092893,39.299031274415796,39.98721694946289,7302951
2005-05-26 00:00:00+05:30,39.85366156094392,41.40887074698952,39.31488229423353,40.99233627319336,20716281
2005-05-27 00:00:00+05:30,41.200603274566845,42.07441630341608,40.56674716998278,40.820289611816406,17307468
2005-05-30 00:00:00+05:30,40.7478508243776,41.65335827505107,40.7478508243776,41.27304458618164,9937575
2005-05-31 00:00:00+05:30,41.2005911307866,42.058558281340886,41.12362002544679,41.77785110473633,8061687
2005-06-01 00:00:00+05:30,41.71446800826226,42.33247523343328,40.88819204976252,42.099308013916016,11107746
2005-06-02 00:00:00+05:30,41.97027978288258,42.092524559756306,41.56959098776277,41.84577178955078,12818340
2005-06-03 00:00:00+05:30,41.789192098315795,42.53623407585193,41.789192098315795,42.44342041015625,7501941
2005-06-06 00:00:00+05:30,41.97028336158166,42.51358903683789,41.78918250610094,42.37776184082031,5957001
2005-06-07 00:00:00+05:30,41.88878900829343,42.46378593565186,41.88878900829343,42.25325393676758,5945859
2005-06-08 00:00:00+05:30,42.33247903773776,42.36869982543318,41.476774975086286,41.73711013793945,5284971
2005-06-09 00:00:00+05:30,41.517514328432554,42.32794458450943,40.99685031901226,41.23228073120117,5967342
2005-06-10 00:00:00+05:30,45.2753755688451,45.2753755688451,40.779528010502055,40.908565521240234,9254664
2005-06-13 00:00:00+05:30,41.02176368615636,41.65335659193878,40.80217881440805,41.55148696899414,8565795
2005-06-14 00:00:00+05:30,41.69863080385504,42.332483778664034,41.57185958713044,42.078941345214844,8564355
2005-06-15 00:00:00+05:30,42.33247917958468,42.51358311866863,41.82539747659058,42.39133834838867,5686011
2005-06-16 00:00:00+05:30,42.162709601819834,42.51359528106271,41.69863820288781,41.965763092041016,7422651
2005-06-17 00:00:00+05:30,42.50001848811553,42.50001848811553,41.112327433043035,41.60809326171875,8291772
2005-06-20 00:00:00+05:30,41.65335761111428,42.06083611286302,41.29794553047216,41.75296401977539,7141653
2005-06-21 00:00:00+05:30,42.332468397584385,43.011601001344665,42.060817221367984,42.81465148925781,10879713
2005-06-22 00:00:00+05:30,43.02293579579333,43.85826478692503,42.83277897081742,43.40777587890625,12205440
2005-06-23 00:00:00+05:30,43.645477509066986,43.68622473846038,42.96634458391977,43.26289749145508,8546202
2005-06-24 00:00:00+05:30,42.866726688319666,44.3245954502783,42.866726688319666,43.849205017089844,17278677
2005-06-27 00:00:00+05:30,44.3653412475901,45.13955080910091,43.736014825551145,44.78187561035156,17642988
2005-06-28 00:00:00+05:30,43.47794944065763,45.04900717919727,43.47794944065763,44.252159118652344,12095838
2005-06-29 00:00:00+05:30,44.14348887427256,45.25273514631662,43.7360105249987,45.04899597167969,12614301
2005-06-30 00:00:00+05:30,44.86790274868538,46.8056884508078,44.86790274868538,46.5181884765625,25198974
2005-07-01 00:00:00+05:30,46.40727617520868,46.40727617520868,44.2793330619257,44.514766693115234,13703949
2005-07-04 00:00:00+05:30,44.91090480570834,45.24820480231023,44.46494246711651,44.74112319946289,7386840
2005-07-05 00:00:00+05:30,44.86789940479227,45.116912247933094,44.00766587129234,44.356285095214844,9074187
2005-07-06 00:00:00+05:30,44.474011729437954,44.76830138565063,43.86279403373149,44.14350128173828,10824363
2005-07-07 00:00:00+05:30,44.369866663896545,44.50569382683783,41.879722735395134,42.171749114990234,18635193
2005-07-08 00:00:00+05:30,42.72184241126406,43.00254958909518,41.24586495724456,41.66239929199219,20222532
2005-07-11 00:00:00+05:30,41.802758794532025,42.30078762859527,41.74842916760496,41.931793212890625,10270494
2005-07-12 00:00:00+05:30,42.513587652564084,42.871262918577266,41.87973157020632,42.699214935302734,11160252
2005-07-13 00:00:00+05:30,42.60413242765083,43.011610839586254,41.72579000394974,41.827659606933594,7935453
2005-07-14 00:00:00+05:30,41.78918198262377,42.01329327810922,41.02176190987382,41.741641998291016,12299949
2005-07-15 00:00:00+05:30,44.41515193058289,44.41515193058289,40.5916465612944,42.020084381103516,18447741
2005-07-18 00:00:00+05:30,42.015559557819884,42.19666041083493,41.094203449960936,41.528846740722656,14911209
2005-07-19 00:00:00+05:30,41.7439109701151,41.87973818315762,41.393028407242426,41.560546875,8912268
2005-07-20 00:00:00+05:30,41.82539496999637,41.82539496999637,41.55147741585715,41.65334701538086,6191991
2005-07-21 00:00:00+05:30,41.60807060624263,42.10609938102571,41.42244025791915,41.57184982299805,7452261
2005-07-22 00:00:00+05:30,41.60807238910114,42.649403630732934,41.56958527934388,42.488677978515625,13196430
2005-07-25 00:00:00+05:30,42.64942353815777,43.91713605370041,42.64942353815777,43.70660400390625,15029658
2005-07-26 00:00:00+05:30,43.42362154342697,44.14350161909597,43.15649670158461,43.98277282714844,9752301
2005-07-27 00:00:00+05:30,43.87184917582218,44.14350357165962,43.28100661618186,43.88090515136719,7780734
2005-07-28 00:00:00+05:30,65.82135009765625,65.82135009765625,65.82135009765625,65.82135009765625,0
2005-07-29 00:00:00+05:30,40.74784145651668,42.95727838209864,40.29508628086046,42.490943908691406,51046182
2005-08-01 00:00:00+05:30,42.57245193446371,42.871271191875934,41.65336199208593,42.63583755493164,10214775
2005-08-02 00:00:00+05:30,42.64941079780272,43.41909405483585,42.47283638525504,43.33986282348633,15709932
2005-08-03 00:00:00+05:30,43.33985650717472,44.07557897381465,43.02745495154704,43.788082122802734,18975303
2005-08-04 00:00:00+05:30,43.9171320667357,44.181993740632294,42.81241170474138,43.32628631591797,12202128
2005-08-05 00:00:00+05:30,44.18198660755083,44.18198660755083,42.78523997555383,43.03425598144531,9092223
2005-08-08 00:00:00+05:30,43.373811816745864,43.61150858961919,42.51358135425669,43.20176696777344,8996427
2005-08-09 00:00:00+05:30,42.513568576232174,43.731473885687805,40.32450441218601,43.425865173339844,9599922
2005-08-10 00:00:00+05:30,43.41910565615741,43.464379325248025,42.80788780732354,43.29459762573242,6141762
2005-08-11 00:00:00+05:30,43.455311460044804,43.81524990667958,42.97086502595345,43.18818664550781,7282575
2005-08-12 00:00:00+05:30,43.32854912458233,43.4485275950795,42.94370589287412,43.061424255371094,5343309
2005-08-16 00:00:00+05:30,43.14742769995616,43.69073319475793,42.7399493560581,43.34890365600586,9625896
2005-08-17 00:00:00+05:30,43.66358228670759,45.635325828759484,43.2606302463278,45.415740966796875,20628504
2005-08-18 00:00:00+05:30,45.50176344328334,45.98620995181157,44.48533044029084,44.711708068847656,7846200
2005-08-19 00:00:00+05:30,45.06260240184077,46.06545318939225,44.87244553020723,45.28445053100586,9016074
2005-08-22 00:00:00+05:30,45.284426042648164,45.927337911118805,44.204607803519814,44.87242126464844,5493753
2005-08-23 00:00:00+05:30,45.00373479429957,45.3659396239147,43.55492169346736,43.73828887939453,9507789
2005-08-24 00:00:00+05:30,43.91713616491001,44.42648438962055,43.4802295437896,44.007686614990234,17044749
2005-08-25 00:00:00+05:30,45.23009062396988,45.547018531323225,43.76316938765771,45.098793029785156,20338002
2005-08-26 00:00:00+05:30,45.49724335779412,45.49724335779412,44.27933415763607,44.51250457763672,5672799
2005-08-29 00:00:00+05:30,44.70038667539764,44.70038667539764,43.46436886362364,43.8582649230957,5896395
2005-08-30 00:00:00+05:30,43.91712576805841,44.732082734664004,43.76771616183029,44.20915222167969,7105977
2005-08-31 00:00:00+05:30,44.36987158805057,44.727546818304425,43.962393162818216,44.45363235473633,5882940
2005-09-01 00:00:00+05:30,45.03364272359011,45.361784361207626,44.64542440136556,45.211578369140625,8675739
2005-09-02 00:00:00+05:30,45.47734348671962,46.15672976821335,44.97588974300112,45.213905334472656,8763084
2005-09-05 00:00:00+05:30,45.338685080615846,45.97416649322052,45.061385312253414,45.830894470214844,5171373
2005-09-06 00:00:00+05:30,45.974154972965714,46.21679419289211,45.33867371960064,45.52816390991211,2462616
2005-09-08 00:00:00+05:30,45.56975090536231,46.07813518987758,45.297071802203284,45.904823303222656,9276516
2005-09-09 00:00:00+05:30,45.70842476227494,46.20294449994616,45.45423406428528,45.83552169799805,3195441
2005-09-12 00:00:00+05:30,46.17058972478554,46.67897424402378,45.57670277356062,46.49641799926758,5083173
2005-09-13 00:00:00+05:30,46.66510751529451,46.678972345126134,45.99265216136429,46.533390045166016,4827393
2005-09-14 00:00:00+05:30,46.44327392030362,46.44327392030362,45.85169718197435,46.05274200439453,10102032
2005-09-15 00:00:00+05:30,46.5564953304564,46.5564953304564,45.7661874011129,46.20293426513672,5498046
2005-09-16 00:00:00+05:30,46.202949228971924,47.88062260531933,46.202949228971924,47.28673553466797,10962414
2005-09-19 00:00:00+05:30,47.138806576507875,47.64950428866409,47.04868681096171,47.219688415527344,3461499
2005-09-20 00:00:00+05:30,47.048699892588374,48.20411697552494,46.91004844631554,47.65644836425781,7498323
2005-09-21 00:00:00+05:30,47.37223150554961,48.29657057841901,46.510288937839505,48.13249969482422,14123178
2005-09-22 00:00:00+05:30,48.29656289932203,50.00658293063455,45.80085541568524,46.05504608154297,13849830
2005-09-23 00:00:00+05:30,46.031935725041905,46.77140494162983,45.43805197981524,45.73383712768555,8875404
2005-09-26 00:00:00+05:30,45.985720025052615,47.35373662807999,45.80085351691898,47.1480712890625,6872697
2005-09-27 00:00:00+05:30,46.81763434680089,48.75873952091354,46.44789806340139,48.141746520996094,13061916
2005-09-28 00:00:00+05:30,48.29657444816137,49.86794338164859,48.162543494720396,49.45199203491211,9603180
2005-09-29 00:00:00+05:30,49.63683249496783,50.838467599781616,49.00366156823946,49.773170471191406,31259304
2005-09-30 00:00:00+05:30,49.45197337607226,49.91414277515588,48.30579732836822,49.0360221862793,6511203
2005-10-03 00:00:00+05:30,49.22089055156622,49.91414145844834,48.98980585812029,49.55827331542969,5805234
2005-10-04 00:00:00+05:30,49.86794121822397,49.96961877385192,49.313341562273514,49.85407638549805,6633522
2005-10-05 00:00:00+05:30,49.736213801835454,49.96036770420621,49.359546769894855,49.62760543823242,4388256
2005-10-06 00:00:00+05:30,49.267103592306164,49.267103592306164,47.30982412473263,48.0723991394043,13927122
2005-10-07 00:00:00+05:30,48.065495184191455,48.94361303183327,47.741977080284265,48.3520393371582,8545095
2005-10-10 00:00:00+05:30,48.43521018494938,48.82574204011097,47.374536430693645,47.56633377075195,5508945
2005-10-11 00:00:00+05:30,47.7419528094702,49.082239602313244,47.27978341785606,48.74947738647461,6840810
2005-10-13 00:00:00+05:30,47.57095690482535,48.749483283789694,47.3329381795609,47.66801071166992,6164847
2005-10-14 00:00:00+05:30,47.66800595229115,47.69573560862096,45.33867991257479,45.874794006347656,18499572
2005-10-17 00:00:00+05:30,45.98572051871528,46.35545353895169,45.30864462465171,45.72228240966797,7797915
2005-10-18 00:00:00+05:30,45.754626195126484,46.401662018249674,44.985117207444986,45.3825798034668,8356131
2005-10-19 00:00:00+05:30,44.9851346358685,45.06139279886551,37.43561775410028,43.85050964355469,24922548
2005-10-20 00:00:00+05:30,44.14167508734122,44.82106134153351,42.669670478772424,43.38372039794922,19175472
2005-10-21 00:00:00+05:30,42.76671777544018,44.36812934756842,42.76671777544018,44.224857330322266,12691989
2005-10-24 00:00:00+05:30,43.73498251520578,44.460584055412944,42.51947847127243,42.80602264404297,9044352
2005-10-25 00:00:00+05:30,43.67487134897178,43.9845244401661,42.52638511961632,43.00472640991211,14871888
2005-10-26 00:00:00+05:30,43.212710942488336,43.7534488263404,42.7505446589643,43.023223876953125,19204164
2005-10-27 00:00:00+05:30,43.120278092389725,44.13705027264261,42.29299932637116,43.24044418334961,32294664
2005-10-28 00:00:00+05:30,43.240454384681556,43.43918577668295,42.01108573931463,42.45707702636719,15561558
2005-10-31 00:00:00+05:30,42.75054446382339,43.22426529895518,42.45013558753999,42.937721252441406,9530793
2005-11-02 00:00:00+05:30,43.39757242993801,43.39757242993801,42.51945189696777,42.98855209350586,10644732
2005-11-04 00:00:00+05:30,42.98855209350586,42.98855209350586,42.98855209350586,42.98855209350586,0
2005-11-07 00:00:00+05:30,43.21270571305183,43.9521748506587,42.84990355832593,43.700294494628906,11663145
2005-11-08 00:00:00+05:30,43.952182647486175,45.232389830607396,43.7326524603897,44.51140594482422,17329680
2005-11-09 00:00:00+05:30,44.73787095035314,45.00592646276407,43.77425092450216,44.072349548339844,12189429
2005-11-10 00:00:00+05:30,44.22949140432401,45.246260592134504,43.88286424661086,45.010555267333984,8335647
2005-11-11 00:00:00+05:30,45.08448961502741,45.73152555791933,44.83029896325586,45.32019805908203,8935011
2005-11-14 00:00:00+05:30,45.64371563659783,46.03193722597418,45.234698388817584,45.8840446472168,6222807
2005-11-16 00:00:00+05:30,45.89329028581964,46.21680828655883,45.39414686748362,45.69224548339844,9696618
2005-11-17 00:00:00+05:30,45.66220866475757,46.960901308757016,45.1122296126679,46.593475341796875,9384129
2005-11-18 00:00:00+05:30,46.91004270782895,47.46464525162041,46.49409159334914,47.060245513916016,6390675
2005-11-21 00:00:00+05:30,47.37453931994933,47.60331061103616,46.692839652146525,47.222023010253906,9201906
2005-11-22 00:00:00+05:30,46.692836114398666,47.27978902648866,45.803164055495216,45.921016693115234,9348723
2005-11-23 00:00:00+05:30,46.01115461253257,47.42076616968437,46.01115461253257,47.17119598388672,10625445
2005-11-24 00:00:00+05:30,47.14114878987415,47.71885752322418,46.963213078293784,47.38840866088867,5032116
2005-11-25 00:00:00+05:30,47.418456530233975,47.74197461745206,46.86385364165196,47.14346694946289,4038561
2005-11-28 00:00:00+05:30,48.019253563504,48.62007124663936,47.46465408989709,48.3057975769043,8332128
2005-11-29 00:00:00+05:30,48.29655989951438,48.66629290814473,47.42305979573162,48.49298095703125,6670359
2005-11-30 00:00:00+05:30,48.66628208116308,50.1452201335712,47.372210491942155,47.587120056152344,5553513
2005-12-01 00:00:00+05:30,47.84363427374638,48.52071013992224,46.910054310609276,48.15559768676758,9365571
2005-12-02 00:00:00+05:30,48.25034985290392,48.70789563923154,47.48777142672023,47.746585845947266,11659437
2005-12-05 00:00:00+05:30,47.933756490806545,48.05160912229762,46.91005356853801,47.23588180541992,7418799
2005-12-06 00:00:00+05:30,47.18967458345058,49.03603608025214,46.95627954200475,48.65705871582031,13262121
2005-12-07 00:00:00+05:30,48.65705655809771,50.51035197545449,48.52764934930287,49.96037292480469,19146024
2005-12-08 00:00:00+05:30,49.45197204020037,51.254428205097774,48.94358761901508,50.64898681640625,11972979
2005-12-09 00:00:00+05:30,50.898555281019334,52.539250737101995,50.191436439824635,52.11867904663086,11199096
2005-12-12 00:00:00+05:30,51.63111457638573,54.58206131599798,51.63111457638573,53.8564567565918,12236589
2005-12-13 00:00:00+05:30,53.472854064389864,54.99107385306524,52.73338469385198,54.607479095458984,12549042
2005-12-14 00:00:00+05:30,54.76691917604082,54.76691917604082,52.59472639583298,53.03378677368164,10867968
2005-12-15 00:00:00+05:30,53.4728325590457,53.60686027734578,52.80499789621619,53.01759719848633,10646829
2005-12-16 00:00:00+05:30,53.24175846224844,53.8425762119051,51.80903823661915,53.142391204833984,12530763
2005-12-19 00:00:00+05:30,53.1493255350256,53.828714888471595,52.97832385200046,53.16550064086914,6580287
2005-12-20 00:00:00+05:30,53.14933020198608,53.84258127263745,52.9644636729399,53.343441009521484,5784579
2005-12-21 00:00:00+05:30,53.796362676629165,54.4295370397605,53.0522728396864,53.65078353881836,5920245
2005-12-22 00:00:00+05:30,53.88877865082582,55.41393485926299,53.88877865082582,54.96793746948242,10849950
2005-12-23 00:00:00+05:30,54.99799380244252,55.67737990360733,54.54506550372498,55.03958511352539,13794975
2005-12-26 00:00:00+05:30,53.22095797599704,55.06269855421832,53.22095797599704,54.77153396606445,9846405
2005-12-27 00:00:00+05:30,55.42779539259885,56.230411101627006,54.176657614716675,55.74412155151367,5434650
2005-12-28 00:00:00+05:30,55.94715797645426,56.36734647390591,55.097327761539454,55.24604415893555,6404814
2005-12-29 00:00:00+05:30,55.47502066223144,57.12746662393399,54.86833539301724,56.32249069213867,12017745
2005-12-30 00:00:00+05:30,56.65532186877198,57.597220088737295,55.02884352631203,55.439598083496094,7360416
2006-01-02 00:00:00+05:30,55.85270134923621,56.53728789572739,55.05008576961256,56.26108932495117,7484517
2006-01-03 00:00:00+05:30,56.23042294195709,57.363531906273685,55.34282535043,57.16524124145508,7469487
2006-01-04 00:00:00+05:30,57.08025291063052,57.39893919825257,55.491541598199575,55.98727798461914,7433424
2006-01-05 00:00:00+05:30,56.59631343626404,56.59631343626404,55.475011468348654,55.713436126708984,9862749
2006-01-06 00:00:00+05:30,56.04156104063572,57.033033612555556,55.56943186197749,56.80168914794922,12618468
2006-01-09 00:00:00+05:30,56.65532688583468,58.071714434469854,56.230411917981705,57.597225189208984,13599828
2006-01-10 00:00:00+05:30,57.788439080381394,57.788439080381394,56.65533027051705,57.051918029785156,9504657
2006-01-12 00:00:00+05:30,56.6553217711079,56.83945200613382,55.71106997428411,56.07933044433594,6731694
2006-01-13 00:00:00+05:30,56.11237082901265,58.02448777423639,55.75827725964448,57.455570220947266,11871216
2006-01-16 00:00:00+05:30,56.91736375499595,58.07171964588991,56.65533197014654,57.7813606262207,6379263
2006-01-17 00:00:00+05:30,57.78135577488019,58.35498709458504,57.033034452046614,57.774269104003906,8243586
2006-01-18 00:00:00+05:30,57.55236047358873,57.82147237267863,55.711064778734,56.40745162963867,7873695
2006-01-19 00:00:00+05:30,56.560898182280816,57.254925015701964,56.23512532447505,56.73794174194336,5894019
2006-01-20 00:00:00+05:30,57.25493148430075,60.24349661417483,56.98581953756507,58.81531524658203,14088213
2006-01-23 00:00:00+05:30,59.01596249132116,59.96022079587427,58.30777524659376,59.18120574951172,12833613
2006-01-24 00:00:00+05:30,59.48809662247968,59.709994360125265,58.543838238896456,58.933345794677734,6785235
2006-01-25 00:00:00+05:30,59.025418038502636,61.282188980365106,49.573416025442356,60.31432342529297,15636996
2006-01-27 00:00:00+05:30,60.19627376005298,60.6920034389976,58.40218592095952,59.752471923828125,11666169
2006-01-30 00:00:00+05:30,60.668403495601474,60.668403495601474,58.1661282531572,58.38566589355469,12102462
2006-01-31 00:00:00+05:30,58.59104626572785,59.299239978607396,58.22514585655571,58.41636276245117,6260661
2006-02-01 00:00:00+05:30,59.00180459679953,59.00180459679953,57.50987563488239,57.790794372558594,5871969
2006-02-02 00:00:00+05:30,58.54382984828682,58.54382984828682,55.71106807090975,55.921165466308594,14390901
2006-02-03 00:00:00+05:30,56.08877487080783,56.08877487080783,54.247475625242444,54.861244201660156,15967719
2006-02-06 00:00:00+05:30,54.99344535527312,56.91500311302327,54.20026982101636,56.426353454589844,11442303
2006-02-07 00:00:00+05:30,56.183188569305905,56.419246611439775,54.76680141438632,55.26725769042969,15129585
2006-02-08 00:00:00+05:30,55.47500100381859,56.1831946580272,54.81402155662791,55.66857147216797,11465145
2006-02-10 00:00:00+05:30,55.64970385140197,55.852721121990314,55.288529954553375,55.526954650878906,8099442
2006-02-13 00:00:00+05:30,55.56941544453807,55.71105804650131,54.507128348243285,55.406532287597656,8487801
2006-02-14 00:00:00+05:30,54.51659001666747,56.51368900818925,54.51659001666747,55.34517288208008,18634869
2006-02-15 00:00:00+05:30,55.61663852049743,55.61663852049743,53.25836273549504,54.707794189453125,12813444
2006-02-16 00:00:00+05:30,54.76679404622252,55.00285854028303,53.739917711454694,54.41978073120117,8855253
2006-02-17 00:00:00+05:30,54.49297251429299,54.90372053333119,52.552528355782925,52.970359802246094,8710479
2006-02-20 00:00:00+05:30,52.9916058923741,54.29467771668385,52.42269159491733,54.072776794433594,7244928
2006-02-21 00:00:00+05:30,54.29468280536157,55.238937792029034,53.82255369110611,54.835269927978516,10744794
2006-02-22 00:00:00+05:30,55.002860903423965,55.74646182237279,54.77860319045834,55.46082305908203,9902421
2006-02-23 00:00:00+05:30,55.475004275583025,56.89138518384777,55.39710277451506,56.45466995239258,18689589
2006-02-24 00:00:00+05:30,55.76301711473266,55.94714739204201,54.92026724872789,55.699275970458984,3504294
2006-02-27 00:00:00+05:30,55.663854558070916,55.85270491334595,55.2389396377803,55.6331672668457,4807692
2006-02-28 00:00:00+05:30,55.71107963086403,55.99435197716803,53.35988025441039,53.6525993347168,17041689
2006-03-01 00:00:00+05:30,53.728140391552415,53.96420500085486,52.50060961013038,52.97745895385742,13059945
2006-03-02 00:00:00+05:30,52.500603884151715,54.52130997635644,52.460473099457815,54.247474670410156,9761364
2006-03-03 00:00:00+05:30,53.63371467533868,54.861248686683744,53.63371467533868,54.07515335083008,7303824
2006-03-06 00:00:00+05:30,54.294701776195225,55.71108637200984,53.81785237124735,55.205909729003906,7042311
2006-03-07 00:00:00+05:30,55.191711438780715,55.44194279676801,54.31119453015595,54.86830520629883,6957387
2006-03-08 00:00:00+05:30,54.53074502833715,54.991073840057744,53.13324788415475,53.551082611083984,10902609
2006-03-09 00:00:00+05:30,53.82256734234286,54.294696576346375,52.97273731461195,53.931156158447266,7279191
2006-03-10 00:00:00+05:30,54.153042254712645,54.76680749653194,53.93114131645118,54.356056213378906,4705623
2006-03-13 00:00:00+05:30,54.7668123842043,56.041557188752265,54.389111660713205,55.475006103515625,5272101
2006-03-14 00:00:00+05:30,56.04157155657306,56.54438812396831,55.4750203260852,56.02505111694336,6241914
2006-03-16 00:00:00+05:30,56.0934896761968,56.70253482832494,55.475004275583025,56.45466995239258,7760394
2006-03-17 00:00:00+05:30,56.60809686123162,58.300669395243354,56.60809686123162,57.65149688720703,15156837
2006-03-20 00:00:00+05:30,57.694002673733216,58.44469047944416,57.174665800242394,57.50987243652344,7693569
2006-03-21 00:00:00+05:30,57.653895604178466,58.30779515722976,57.61140150216169,57.81441879272461,6300873
2006-03-22 00:00:00+05:30,57.814410876896574,58.06699594030944,56.65533480286132,57.76719665527344,6529644
2006-03-23 00:00:00+05:30,57.83564888161244,58.35262572485205,57.04955361067677,57.39420700073242,5020146
2006-03-24 00:00:00+05:30,57.36351961414465,57.882863002578375,56.711980316263045,57.6491584777832,6523254
2006-03-27 00:00:00+05:30,58.16613402937165,59.960222258305436,57.64679713615075,59.48573303222656,4975218
2006-03-28 00:00:00+05:30,59.96021922565049,60.66840645183205,59.261465764452495,60.20808410644531,7031997
2006-03-29 00:00:00+05:30,60.196278547495425,61.32938060407322,59.89175275016336,61.10748291015625,7861806
2006-03-30 00:00:00+05:30,60.99888093992333,63.973284541958456,60.99888093992333,63.13053512573242,17535627
2006-03-31 00:00:00+05:30,63.12343539416677,63.12343539416677,60.91624047433805,61.91242599487305,6829956
2006-04-03 00:00:00+05:30,61.841638579184405,62.79297039974748,61.28688790685281,62.06825637817383,4595166
2006-04-04 00:00:00+05:30,62.55693570136735,62.55693570136735,60.76520726188412,60.923370361328125,5187087
2006-04-05 00:00:00+05:30,61.801507509858276,61.801507509858276,60.52676287867628,61.14997482299805,5594553
2006-04-07 00:00:00+05:30,61.612663626218335,61.988004275771495,60.05464008593548,60.38749313354492,9122562
2006-04-10 00:00:00+05:30,60.62122353748581,61.84875461674577,59.41493302642913,61.362464904785156,5483637
2006-04-12 00:00:00+05:30,61.75430294586934,62.0847959483382,59.90120670780955,60.359169006347656,10859319
2006-04-13 00:00:00+05:30,60.43234997475916,60.899752519095045,59.270914075079936,59.74540328979492,10370583
2006-04-17 00:00:00+05:30,60.899764857372745,62.07536136861086,58.307787085410276,58.7090950012207,9736164
2006-04-18 00:00:00+05:30,59.629738841058185,62.13202121814823,59.02542015724082,61.71182632446289,8714646
2006-04-19 00:00:00+05:30,62.32084855023056,63.76083636309666,61.84871948525229,62.79533767700195,8247942
2006-04-20 00:00:00+05:30,63.076274212187876,64.16216888727568,62.79299536712926,63.734893798828125,6484491
2006-04-21 00:00:00+05:30,63.973303458977746,64.21172808928091,62.32085796559058,63.46576690673828,10699776
2006-04-24 00:00:00+05:30,63.96387121530136,65.0969735038184,62.573450799706485,63.701839447021484,12784959
2006-04-25 00:00:00+05:30,63.50116947126636,63.87887015798122,62.22642479083866,62.56163787841797,15754329
2006-04-26 00:00:00+05:30,63.02904074577674,65.76030028032048,61.80151026481165,65.41092681884766,12570705
2006-04-27 00:00:00+05:30,65.67297048634968,66.09788545967353,60.72507370301502,61.53948974609375,292232466
2006-04-28 00:00:00+05:30,61.04140212054429,62.320873832092815,59.015975520224934,61.102783203125,10505808
2006-05-02 00:00:00+05:30,61.61267459966985,62.74578342020356,61.38133011699638,62.50263214111328,6571287
2006-05-03 00:00:00+05:30,62.65606331919639,63.64280917409829,62.17921406830037,62.899208068847656,9573768
2006-05-04 00:00:00+05:30,62.93461384862589,63.487004466571946,62.20281314829213,62.7292366027832,9898821
2006-05-05 00:00:00+05:30,62.78826493123076,64.91755983570403,62.325582494511444,64.44307708740234,12434940
2006-05-08 00:00:00+05:30,64.83494872296933,66.18287519244694,64.56347667565204,65.1229476928711,14082822
2006-05-09 00:00:00+05:30,65.01196767925934,68.38059896663816,64.58705285782628,67.98165130615234,18962523
2006-05-10 00:00:00+05:30,67.41983814416028,71.47541050197921,67.34193664092578,70.07319641113281,23944905
2006-05-11 00:00:00+05:30,69.90085285896068,71.29126636781997,67.3726107992022,68.77719116210938,14419089
2006-05-12 00:00:00+05:30,67.51428760190284,68.69461094246196,65.9609899958288,67.06576538085938,12564801
2006-05-15 00:00:00+05:30,67.98638149770407,67.98638149770407,63.77972673600827,64.60594940185547,18985572
2006-05-16 00:00:00+05:30,64.8207852731428,65.62576112612727,62.60414187366851,64.26839447021484,26045271
2006-05-17 00:00:00+05:30,64.68148633640932,68.6898437486989,64.44542180777067,68.09968566894531,21443526
2006-05-18 00:00:00+05:30,66.85801472251828,67.27820961892378,62.339752522195596,63.699485778808594,21297114
2006-05-19 00:00:00+05:30,68.47505034361137,68.47505034361137,59.26856290702463,60.81241989135742,15081984
2006-05-22 00:00:00+05:30,62.46250122026063,62.46250122026063,53.11437178593591,56.98582077026367,18307350
2006-05-23 00:00:00+05:30,57.599598198626396,59.299258452081965,54.29470290114672,58.33375930786133,17598699
2006-05-24 00:00:00+05:30,59.25202327293397,59.25202327293397,54.29468370071893,54.91789245605469,21243474
2006-05-25 00:00:00+05:30,55.050087134329125,57.74121269659365,52.50059771207213,56.88902282714844,26095032
2006-05-26 00:00:00+05:30,57.12746403003995,58.40220911124834,54.53075964601796,55.699275970458984,10186020
2006-05-29 00:00:00+05:30,56.48532772837876,57.963088930687015,55.71103973021777,56.402706146240234,9261675
2006-05-30 00:00:00+05:30,56.66004254116219,57.269087712621506,55.144513040946556,55.670936584472656,10282932
2006-05-31 00:00:00+05:30,52.69890717970546,55.14452542155497,49.578142422259155,52.70126724243164,22323555
2006-06-01 00:00:00+05:30,54.20026143611003,54.20026143611003,48.86757769352033,50.269798278808594,25173306
2006-06-02 00:00:00+05:30,49.951103972885626,53.81546855227677,49.148485200886135,53.204063415527344,13059270
2006-06-05 00:00:00+05:30,53.82729078409017,54.65823382818017,50.817475017755584,51.256553649902344,11530368
2006-06-06 00:00:00+05:30,50.517663289405945,50.88120364152765,48.204238241795984,49.09183883666992,17014248
2006-06-07 00:00:00+05:30,49.101272173805874,49.101272173805874,46.55414314083329,46.912960052490234,27519291
2006-06-08 00:00:00+05:30,46.55415520453833,46.55415520453833,43.79456803190844,45.29829406738281,22306212
2006-06-09 00:00:00+05:30,44.47679142203656,47.581031986342985,44.47679142203656,46.81382369995117,12992040
2006-06-12 00:00:00+05:30,47.26470223934021,47.26470223934021,44.94655711986416,46.13395690917969,12870054
2006-06-13 00:00:00+05:30,45.28176456681741,46.66509806876364,43.435745442253875,46.129234313964844,14106888
2006-06-14 00:00:00+05:30,45.843609350626906,48.4049031046897,45.80347855843233,46.72649002075195,14325003
2006-06-15 00:00:00+05:30,47.6848898227017,49.56395935738465,45.78457648997384,48.65983200073242,14434029
2006-06-16 00:00:00+05:30,49.57341449151465,50.18718311050865,47.165563958625924,47.81001663208008,18465534
2006-06-19 00:00:00+05:30,49.27598672680857,49.27598672680857,46.42905368407366,48.10511016845703,13931757
2006-06-20 00:00:00+05:30,47.2599690759548,48.657465881216964,46.97669361649216,47.80763626098633,12439296
2006-06-21 00:00:00+05:30,47.20805301680184,48.97853099653712,47.118347951960025,48.46627426147461,10465119
2006-06-22 00:00:00+05:30,48.77079648315055,50.895371338457956,48.77079648315055,50.18954086303711,14256288
2006-06-23 00:00:00+05:30,49.20515748426002,53.1143741229732,48.638603079666936,51.952938079833984,11922705
2006-06-26 00:00:00+05:30,48.4875136523405,52.64223430976112,48.4875136523405,50.345333099365234,10776132
2006-06-27 00:00:00+05:30,50.470446517188854,51.084211746302884,48.30810135996491,50.173004150390625,17892720
2006-06-28 00:00:00+05:30,49.52620304609736,49.856692840315425,48.168836448238785,48.839256286621094,14960277
2006-06-29 00:00:00+05:30,49.46481019463244,50.51765384966809,49.24290927691748,49.80946350097656,18694575
2006-06-30 00:00:00+05:30,50.517668995396555,52.831097546152876,50.517668995396555,52.314117431640625,12301209
2006-07-03 00:00:00+05:30,52.31176932233334,53.633725554415285,50.98036635449431,53.319759368896484,17163837
2006-07-04 00:00:00+05:30,53.58649916065556,53.59121928533211,51.76408366105477,52.02611541748047,9664929
2006-07-05 00:00:00+05:30,52.17013007277972,53.48736618366943,51.037024263709775,52.34245681762695,11586231
2006-07-06 00:00:00+05:30,51.0370166486397,53.11437752895236,49.93695836975317,52.09930419921875,9450828
2006-07-07 00:00:00+05:30,52.878305973573504,53.31738455410598,50.44212835660405,51.367496490478516,11291022
2006-07-10 00:00:00+05:30,51.46191367885469,53.77061500544068,51.46191367885469,53.366947174072266,6340347
2006-07-11 00:00:00+05:30,53.586507070515246,53.586507070515246,52.31884219073219,52.61864471435547,5888331
2006-07-12 00:00:00+05:30,52.4061688062966,53.35042372042842,50.28159443903922,53.00341033935547,11433159
2006-07-13 00:00:00+05:30,52.50060710547399,54.436331622455384,51.98126693489138,52.85234069824219,12688695
2006-07-14 00:00:00+05:30,52.45338448179639,53.58649307403615,51.93404439445463,52.35187911987305,8897589
2006-07-17 00:00:00+05:30,51.98123507382449,52.250346864883966,48.18060645207078,48.55595016479492,12884499
2006-07-18 00:00:00+05:30,48.86520896565579,49.76225288990245,48.39307990198005,49.183895111083984,11253141
2006-07-19 00:00:00+05:30,49.29013993446731,50.5648849327725,49.106009669132895,50.18246078491211,9431064
2006-07-20 00:00:00+05:30,50.989789946229756,51.39582112383923,50.44684274863451,51.05352783203125,8280369
2006-07-21 00:00:00+05:30,50.51767868970545,50.98980798221246,49.19572250600625,49.63716125488281,4336731
2006-07-24 00:00:00+05:30,49.195709628546574,51.50913477584196,48.66692599674332,51.04172897338867,10605051
2006-07-25 00:00:00+05:30,51.4619205590759,52.0143080210189,51.03700563057654,51.615360260009766,9258084
2006-07-26 00:00:00+05:30,51.98127076259249,54.18610739793682,50.86468882734246,53.72814178466797,33105069
2006-07-27 00:00:00+05:30,53.68091783303426,56.65531894950427,53.68091783303426,55.71106719970703,30228732
2006-07-28 00:00:00+05:30,55.61663905704627,56.37204694429481,54.92733235863721,55.82673645019531,12022524
2006-07-31 00:00:00+05:30,55.711078796991025,56.32248412050433,52.40618401735222,55.387672424316406,10869480
2006-08-01 00:00:00+05:30,55.47501457445408,56.06517285548598,55.144521528168134,55.87396240234375,5674086
2006-08-02 00:00:00+05:30,52.9727349762158,56.608122785507135,52.9727349762158,56.28470993041992,4180725
2006-08-03 00:00:00+05:30,56.60577857086235,57.64446584306745,55.47503585614308,56.00617980957031,6459840
2006-08-04 00:00:00+05:30,56.18320170688857,57.339911021830346,55.536382550439924,55.76064682006836,9484020
2006-08-07 00:00:00+05:30,55.588322641158015,56.07461222719744,54.412726222631505,54.84944152832031,8487783
2006-08-08 00:00:00+05:30,55.420712383904224,56.419258602809826,54.861241478417234,56.20444107055664,3409479
2006-08-09 00:00:00+05:30,56.18321633454863,57.22189687125132,55.569444373884565,56.79698181152344,5857119
2006-08-10 00:00:00+05:30,57.12744822725936,57.12744822725936,55.78660879366204,56.277618408203125,6992343
2006-08-11 00:00:00+05:30,56.891409043988574,57.127473708318924,55.538762213078876,56.35554504394531,6280146
2006-08-14 00:00:00+05:30,55.76772384471173,57.81203690576034,55.76772384471173,57.377681732177734,4964751
2006-08-16 00:00:00+05:30,58.07169880977502,59.24257471871887,57.59956975392706,58.63352966308594,6439824
2006-08-17 00:00:00+05:30,58.63826509721496,58.992358739712834,56.52785713272217,57.17938995361328,11020410
2006-08-18 00:00:00+05:30,57.599589388109635,57.599589388109635,56.89611568803701,57.13926696777344,5194728
2006-08-21 00:00:00+05:30,57.31630238205243,58.96402779686896,55.52694081588792,56.21624755859375,9571167
2006-08-22 00:00:00+05:30,54.778612076644116,57.35878864348755,54.778612076644116,56.9244270324707,5921838
2006-08-23 00:00:00+05:30,55.758305571667066,57.31632325494041,55.758305571667066,56.58216857910156,6852078
2006-08-24 00:00:00+05:30,56.18556689279061,57.36352335934398,55.36170408821368,56.14071273803711,12489921
2006-08-25 00:00:00+05:30,56.65535092147211,57.1274803046481,56.01089800914054,56.34611129760742,11570418
2006-08-28 00:00:00+05:30,56.513687025230055,56.74503147676117,56.10529900447418,56.52076721191406,4304259
2006-08-29 00:00:00+05:30,56.745026133364824,58.1661270962381,56.745026133364824,57.67511749267578,9441414
2006-08-30 00:00:00+05:30,57.83565104771068,58.05518872335745,57.22188569065957,57.66804122924805,7839216
2006-08-31 00:00:00+05:30,57.788411007847365,58.501324603200416,56.98107550635883,57.48625183105469,15010047
2006-09-01 00:00:00+05:30,56.90791643338329,57.59958326346178,56.65532493029739,56.8134880065918,9062127
2006-09-04 00:00:00+05:30,57.36351645655562,57.83564560483641,57.03775006739059,57.240760803222656,8653095
2006-09-05 00:00:00+05:30,57.32102628478069,58.307778735889876,57.127455784564745,58.0551872253418,4619907
2006-09-06 00:00:00+05:30,58.55190825920385,58.55190825920385,57.832005559862154,57.937591552734375,4552857
2006-09-07 00:00:00+05:30,57.064138413555476,57.88002452513855,55.513948210658945,57.62325668334961,5067297
2006-09-08 00:00:00+05:30,57.59445344900098,58.0239947900552,56.9369464800025,57.67844772338867,7123086
2006-09-11 00:00:00+05:30,58.07200130394665,58.35516567428777,55.91229874887884,56.51221466064453,7808193
2006-09-12 00:00:00+05:30,56.21943047611206,56.62977906290745,54.33089436642874,55.17557907104492,13335948
2006-09-13 00:00:00+05:30,55.57634175446782,56.24824987349434,55.3867680311115,55.62673568725586,8576604
2006-09-14 00:00:00+05:30,56.14264702742978,56.33461977667516,55.49713560980723,55.62431335449219,4355028
2006-09-15 00:00:00+05:30,55.91228439350501,56.344224793618686,54.904425656868916,56.00827407836914,8117262
2006-09-18 00:00:00+05:30,56.15225147422372,56.24343640125688,55.39155761528195,55.521141052246094,4159683
2006-09-19 00:00:00+05:30,55.677098021042475,56.29621284581577,54.80362115408602,55.297950744628906,8891172
2006-09-20 00:00:00+05:30,55.33636139729863,56.7761604128079,54.90442103355716,56.36821746826172,6419205
2006-09-21 00:00:00+05:30,57.059340204131665,57.587263797338466,56.68019274133171,57.498477935791016,8775639
2006-09-22 00:00:00+05:30,57.35206871236049,57.59203627163361,56.55298313314018,56.898536682128906,5773617
2006-09-25 00:00:00+05:30,57.112126863815654,57.112126863815654,55.72031587226201,55.912288665771484,6079509
2006-09-26 00:00:00+05:30,56.872147091730085,56.872147091730085,55.32195739328171,56.615379333496094,11334456
2006-09-27 00:00:00+05:30,56.872152021250386,57.25609755964197,56.53619473199241,56.96333694458008,6734151
2006-09-28 00:00:00+05:30,57.594449006575005,57.832017539749764,56.24824050035935,56.60818862915039,19031922
2006-09-29 00:00:00+05:30,57.01614352049894,57.01614352049894,56.05627285517974,56.14506530761719,6729723
2006-10-03 00:00:00+05:30,56.16664346912873,56.392209962623696,55.453937976665024,55.636314392089844,9315126
2006-10-04 00:00:00+05:30,55.67231120973601,55.86428396939586,54.28050375903695,54.429283142089844,10969587
2006-10-05 00:00:00+05:30,55.18998530666352,55.367560290462436,54.640460183281874,54.79644012451172,7372854
2006-10-06 00:00:00+05:30,55.13000192696636,55.192394574060046,54.714858330197366,54.95242691040039,4529232
2006-10-09 00:00:00+05:30,54.95240760375457,55.51392804853934,54.530066904998336,55.19237518310547,6851934
2006-10-10 00:00:00+05:30,55.38436084001826,55.840292069971554,54.810838291700044,55.00041198730469,14212719
2006-10-11 00:00:00+05:30,53.8581778381057,55.55714414869216,53.8581778381057,54.203731536865234,11264391
2006-10-12 00:00:00+05:30,54.357293017486384,54.65245269448073,53.75257587160357,54.381290435791016,13327029
2006-10-13 00:00:00+05:30,54.67642900611422,55.763479999425314,54.52284822460581,55.3795280456543,7761024
2006-10-16 00:00:00+05:30,54.17734296786521,57.34250563998118,54.17734296786521,56.305850982666016,9862002
2006-10-17 00:00:00+05:30,56.63217812277082,56.812148866531295,55.914674457715655,56.061058044433594,8729874
2006-10-18 00:00:00+05:30,56.05625256775882,56.29622014724151,55.2067730045523,56.001060485839844,14838912
2006-10-19 00:00:00+05:30,56.15224237384034,56.60578103426786,55.09638897605464,55.41314697265625,10024452
2006-10-20 00:00:00+05:30,55.19239646428058,55.84030390564017,54.71246112052452,55.30278396606445,10790469
2006-10-23 00:00:00+05:30,55.66270134642861,55.66270134642861,54.85881107955169,55.12277603149414,6770475
2006-10-26 00:00:00+05:30,55.33633798208788,55.849866717442254,54.863600228484245,55.3795280456543,16200216
2006-10-27 00:00:00+05:30,55.237976789942536,57.52006495900246,55.237976789942536,56.83615493774414,10222626
2006-10-30 00:00:00+05:30,57.22849603347533,58.44872616742962,56.159441062952354,57.98079299926758,9039888
2006-10-31 00:00:00+05:30,57.11692830625554,58.977872218402716,57.11692830625554,58.72590255737305,11519286
2006-11-01 00:00:00+05:30,57.736031855752955,58.88786845252734,57.520061669996885,57.88720703125,6828222
2006-11-02 00:00:00+05:30,58.167961294676346,60.61561854595335,57.95918839678085,60.38525390625,11528784
2006-11-03 00:00:00+05:30,61.011584811707735,63.71121245824347,60.47165928240059,63.18568801879883,14310468
2006-11-06 00:00:00+05:30,63.20728926928587,64.4311250469546,61.49032978250932,61.969058990478516,9593772
2006-11-07 00:00:00+05:30,62.595359405857835,62.89411771565102,61.33553115811272,61.68828201293945,5621916
2006-11-08 00:00:00+05:30,62.1274334489458,62.1274334489458,60.478861146401734,61.547916412353516,9444264
2006-11-09 00:00:00+05:30,61.91145883853933,62.9049231361238,60.84960748867212,62.667354583740234,10421496
2006-11-10 00:00:00+05:30,62.775332159991535,63.419644096683285,62.14901993584613,63.25046920776367,5349378
2006-11-13 00:00:00+05:30,63.13530285038617,63.264879722687915,62.27861913412058,62.78974914550781,3473490
2006-11-14 00:00:00+05:30,62.99849500392725,63.97755792033665,62.65294144787515,63.39443588256836,5737266
2006-11-15 00:00:00+05:30,64.39511103138973,64.39511103138973,62.31099996503863,63.477237701416016,7440648
2006-11-16 00:00:00+05:30,63.22167598050995,63.63921528188621,62.444181960102206,62.67094802856445,3939216
2006-11-17 00:00:00+05:30,62.6313591008789,62.976912745130235,60.770415405443046,61.08717346191406,13776756
2006-11-20 00:00:00+05:30,60.47164564232016,61.19154838264322,60.26647135110776,60.684017181396484,14530236
2006-11-21 00:00:00+05:30,60.75961744550662,61.38592969683429,59.697759586041414,60.8568000793457,15697458
2006-11-22 00:00:00+05:30,61.191570330304465,62.09504276052516,61.191570330304465,61.6702995300293,6551160
2006-11-23 00:00:00+05:30,60.90359429373821,61.623497132470575,59.94612951593154,60.84960174560547,6033804
2006-11-24 00:00:00+05:30,61.774686025041916,62.20662650598315,61.01159293294939,61.6702995300293,7155798
2006-11-27 00:00:00+05:30,61.767457283527044,63.05248219553497,61.1195468924411,62.7717170715332,6479736
2006-11-28 00:00:00+05:30,62.77532035230884,63.315245718271605,61.91143976676842,62.411773681640625,11167350
2006-11-29 00:00:00+05:30,62.631362075362105,62.99131023515444,61.27794961274853,61.62710189819336,12362316
2006-11-30 00:00:00+05:30,62.19941221947346,62.97690619039425,60.83159887416626,62.080631256103516,20559924
2006-12-01 00:00:00+05:30,62.05543780578741,62.559363863442364,60.831602315168816,62.314598083496094,5847504
2006-12-04 00:00:00+05:30,62.271405795671065,62.63135390852785,61.360729754258806,61.67388916015625,4838208
2006-12-05 00:00:00+05:30,62.05541881539686,62.24979061191793,61.335516193627285,61.72066116333008,3635214
2006-12-06 00:00:00+05:30,61.84666486113443,62.559363863442364,61.555103781685816,62.314598083496094,5487222
2006-12-07 00:00:00+05:30,62.3073816262032,62.3073816262032,61.62347842114423,62.02301788330078,4067856
2006-12-08 00:00:00+05:30,61.83945188738335,61.91143753966501,60.183676430735886,60.47883605957031,8677986
2006-12-11 00:00:00+05:30,60.543627957596364,61.162742762674156,59.679747447337604,60.05049133300781,9724788
2006-12-12 00:00:00+05:30,60.0397184959716,60.090112423853974,57.48047018435065,57.94841003417969,14304504
2006-12-13 00:00:00+05:30,58.272361118776395,58.272361118776395,54.377693773719145,56.861351013183594,12659064
2006-12-14 00:00:00+05:30,57.016128573937586,59.017451400146925,56.73896859538413,57.754024505615234,6732588
2006-12-15 00:00:00+05:30,58.635923569646096,60.03973021127666,58.329967908817835,59.053462982177734,7809858
2006-12-18 00:00:00+05:30,59.751749635172615,63.99916771355029,59.751749635172615,61.51551055908203,15470586
2006-12-19 00:00:00+05:30,61.19155565629034,61.90065601821972,59.05705073089567,60.842403411865234,12154218
2006-12-20 00:00:00+05:30,61.26354112775612,62.872521664589755,60.51124409416118,61.77107238769531,15763980
2006-12-21 00:00:00+05:30,59.391785046646135,62.63133695828138,59.391785046646135,61.72066116333008,6482886
2006-12-22 00:00:00+05:30,62.185028151237304,62.94812783406487,61.079986572547924,62.43339920043945,6478392
2006-12-26 00:00:00+05:30,62.487391449776695,64.08556990281149,62.487391449776695,63.9091911315918,10414224
2006-12-27 00:00:00+05:30,64.29495122729182,65.2061021194053,63.729159224646295,64.26188659667969,5909790
2006-12-28 00:00:00+05:30,64.30232610001586,65.02610202927958,63.57487034183714,64.42723846435547,8571474
2006-12-29 00:00:00+05:30,64.22148017031839,64.88279973708154,63.20010928791467,64.02307891845703,5581308
2007-01-02 00:00:00+05:30,64.66236648209946,64.66236648209946,63.74753560619391,64.43090057373047,2052042
2007-01-03 00:00:00+05:30,65.15832549971567,65.15832549971567,63.19273302824023,64.11123657226562,7268154
2007-01-04 00:00:00+05:30,63.62626859895317,64.71377511085237,63.62626859895317,64.24717712402344,10562220
2007-01-05 00:00:00+05:30,63.85774857701557,66.71979357887743,63.51239639358207,65.77925109863281,12994962
2007-01-08 00:00:00+05:30,65.76456259170558,67.8954790645032,65.39715832835743,66.95126342773438,11157894
2007-01-09 00:00:00+05:30,67.57948734272085,68.76986073260503,66.64629143717879,67.3406753540039,12485292
2007-01-10 00:00:00+05:30,67.34434840371533,67.60152588786872,64.82031039619615,65.43754577636719,7867962
2007-01-11 00:00:00+05:30,65.1840540590464,67.52071064712446,64.5521261595787,67.20475006103516,5988102
2007-01-12 00:00:00+05:30,67.30762452015287,68.33634139550495,66.74549896584861,67.86974334716797,11443848
2007-01-15 00:00:00+05:30,67.82198080717271,68.75517692053677,67.03207595532234,67.31497192382812,3622434
2007-01-16 00:00:00+05:30,67.5868658291966,68.52006218055391,67.25987912340447,67.59788513183594,4209756
2007-01-17 00:00:00+05:30,67.67501416430885,67.67501416430885,65.56981690320742,65.7682113647461,10254372
2007-01-18 00:00:00+05:30,65.8380298073669,68.83601296937815,65.8380298073669,67.21945190429688,12706578
2007-01-19 00:00:00+05:30,67.7485068708668,67.96894669069903,65.54778177256983,65.86006927490234,7936938
2007-01-22 00:00:00+05:30,66.85939241157332,67.38110041608485,65.21344674562678,65.72412872314453,9040824
2007-01-23 00:00:00+05:30,65.76452821159236,66.1172264327256,65.25016654817539,65.53673553466797,6417780
2007-01-24 00:00:00+05:30,65.88946272273937,67.24149320862924,65.76455040908156,67.06881713867188,6995166
2007-01-25 00:00:00+05:30,67.45458366984998,68.15264084448293,66.30829393617864,67.68604278564453,14339154
2007-01-29 00:00:00+05:30,67.01369331726455,67.96158168313951,67.01369331726455,67.37007141113281,7187490
2007-01-31 00:00:00+05:30,67.96893645832826,68.26285168899753,66.24582898664286,66.9696044921875,10713342
2007-02-01 00:00:00+05:30,67.01367013937505,67.59416091249136,66.59850914456311,66.92916870117188,2562228
2007-02-02 00:00:00+05:30,67.60154600353309,67.60154600353309,66.21277775765694,66.53976440429688,4678788
2007-02-05 00:00:00+05:30,68.19671885402401,68.19671885402401,66.49932989528428,66.87040710449219,2850774
2007-02-06 00:00:00+05:30,67.38110213837152,67.44723812015704,66.3707574572158,66.73448181152344,3353580
2007-02-07 00:00:00+05:30,66.86672697085208,66.86672697085208,65.40079723920678,65.53673553466797,7501332
2007-02-08 00:00:00+05:30,66.86675191417824,66.86675191417824,65.32367307559943,65.69107055664062,5091540
2007-02-09 00:00:00+05:30,65.91150116344167,66.30461701857757,64.68806294647396,64.94891357421875,5350788
2007-02-12 00:00:00+05:30,65.25017176700693,65.4302007181525,63.4315436687711,63.6923942565918,4474368
2007-02-13 00:00:00+05:30,63.19273107316417,66.2054123788824,63.17436557740771,65.07382202148438,8473662
2007-02-14 00:00:00+05:30,65.02973761522605,66.69773515447551,63.960603295416334,66.19071960449219,8171538
2007-02-15 00:00:00+05:30,66.49933974809625,67.45458115724067,66.2348160152256,66.59119415283203,6731808
2007-02-19 00:00:00+05:30,66.59118471300246,67.01369204211052,65.9849753277531,66.58383178710938,4067616
2007-02-20 00:00:00+05:30,66.86674888560061,66.86674888560061,63.5638246242215,64.37944793701172,6767100
2007-02-21 00:00:00+05:30,64.66236456725314,65.12160981481308,63.38013617493231,64.14800262451172,8859684
2007-02-22 00:00:00+05:30,64.14431370357542,64.87543550938237,62.19341997594752,62.825347900390625,10035750
2007-02-23 00:00:00+05:30,63.19275213786292,63.76589706956079,60.2535587445698,60.98835372924805,10505904
2007-02-26 00:00:00+05:30,60.628276494130546,61.57617144059394,59.37544707406976,61.330013275146484,3975060
2007-02-27 00:00:00+05:30,61.36310201289059,62.017075311951544,59.44527277326078,60.09189987182617,7775784
2007-02-28 00:00:00+05:30,58.875809203063774,59.959636168333425,53.38318209706578,57.90586853027344,14759214
2007-03-01 00:00:00+05:30,57.90586841863847,60.62095556802663,55.1907879965403,58.486366271972656,12675696
2007-03-02 00:00:00+05:30,58.93089861391231,60.24251116136886,58.416536926844216,58.70310592651367,8710650
2007-03-05 00:00:00+05:30,57.68174747800512,58.00873408995271,55.734530296555604,56.80366134643555,7309896
2007-03-06 00:00:00+05:30,57.681743131168204,58.39082625358981,55.84842245527039,56.50239562988281,6799578
2007-03-07 00:00:00+05:30,57.02777870876713,57.21514715614048,55.282625814651425,56.20112609863281,6977760
2007-03-08 00:00:00+05:30,56.28563580371419,58.78395277055091,56.28563580371419,57.277618408203125,6298566
2007-03-09 00:00:00+05:30,57.79930972880083,58.04178809121799,56.74486790759263,57.564170837402344,3081060
2007-03-12 00:00:00+05:30,57.75524054628005,59.276274161773635,57.31803394797166,58.31368637084961,4916346
2007-03-13 00:00:00+05:30,58.636987465163685,59.88614410357087,57.608270629257106,59.309326171875,3499056
2007-03-14 00:00:00+05:30,58.12262392578999,58.12262392578999,55.91822933109478,57.41354751586914,6203118
2007-03-15 00:00:00+05:30,58.04179316748198,58.390825072308445,56.66037140065092,57.057167053222656,6692100
2007-03-16 00:00:00+05:30,57.75521533165409,58.76189334388396,55.55081779991157,56.05415344238281,4269132
2007-03-19 00:00:00+05:30,56.50608251353035,58.55249728076984,56.21216047775256,58.28062057495117,2706282
2007-03-20 00:00:00+05:30,58.78394870716355,59.49670500939928,57.83606018901708,58.10793685913086,6147876
2007-03-21 00:00:00+05:30,58.115288935453314,60.40051570817817,57.48336095036107,59.63999557495117,4812948
2007-03-22 00:00:00+05:30,60.54745251892335,63.07516358931155,60.10657299396205,62.62693786621094,10139304
2007-03-23 00:00:00+05:30,64.2214814002739,64.2214814002739,61.35576322274998,61.95094680786133,6415032
2007-03-26 00:00:00+05:30,61.72313989118334,63.55278741847093,60.36743655688824,62.4763069152832,8220882
2007-03-28 00:00:00+05:30,62.457956515161186,64.0818637747382,60.64300094696982,63.52708435058594,11680926
2007-03-29 00:00:00+05:30,63.19273638815948,64.74316781581294,63.045778773308506,64.28024291992188,11217894
2007-03-30 00:00:00+05:30,64.0745033324505,65.02974476349657,64.0487849058095,64.72113037109375,7749954
2007-04-02 00:00:00+05:30,64.29492859707754,64.29492859707754,60.180055265778336,60.70176315307617,7418640
2007-04-03 00:00:00+05:30,60.437256104315715,62.45795919651391,60.341735309552774,62.00238037109375,6821988
2007-04-04 00:00:00+05:30,62.310962405422366,62.8951330808254,61.51738474692539,62.28524398803711,4956420
2007-04-05 00:00:00+05:30,62.08322019043945,62.80332292970996,61.23085217252319,62.17506790161133,4226268
2007-04-09 00:00:00+05:30,62.31100939308945,64.29496848997512,62.175071006483385,64.02677154541016,3660876
2007-04-10 00:00:00+05:30,64.66233826477192,65.02973565883308,63.06782294543102,64.24717712402344,4787190
2007-04-11 00:00:00+05:30,64.2471791837017,65.30896057931169,64.03775869327302,64.70275115966797,6643878
2007-04-12 00:00:00+05:30,62.920878401643506,64.5852033149355,62.1346465200827,62.520416259765625,5799006
2007-04-13 00:00:00+05:30,62.61225848992219,64.25821102950468,62.61225848992219,64.10022735595703,5038248
2007-04-16 00:00:00+05:30,64.29492990579692,66.40013372050868,64.29492990579692,66.1466293334961,5180988
2007-04-17 00:00:00+05:30,66.27889651655296,66.57281848740374,65.17669753497343,65.66901397705078,5303004
2007-04-18 00:00:00+05:30,64.70644383739989,67.08719831490018,64.70644383739989,66.51405334472656,6829746
2007-04-19 00:00:00+05:30,65.54410390040091,66.77121522023559,64.4198595556528,65.8049545288086,7304742
2007-04-20 00:00:00+05:30,67.60153059411196,67.968934713952,66.13193429661656,67.71542358398438,5181318
2007-04-23 00:00:00+05:30,67.96895636470114,69.04543718961108,67.96895636470114,68.7809066772461,6654144
2007-04-24 00:00:00+05:30,68.33635524933086,70.23948555456276,68.00569546586637,69.69573211669922,8683968
2007-04-25 00:00:00+05:30,69.65898410020147,72.01033997085858,69.52304576080265,71.4629135131836,10068546
2007-04-26 00:00:00+05:30,72.01033205932865,72.74513363136802,69.11889624882826,70.43418884277344,17515062
2007-04-27 00:00:00+05:30,66.97697106917781,70.14763019817308,66.97697106917781,68.07917022705078,2694690
2007-04-30 00:00:00+05:30,66.5728325364901,67.88812539268929,66.30462893376219,67.14965057373047,6196524
2007-05-03 00:00:00+05:30,67.8844393030353,68.85069998075966,67.06513624998554,67.55377960205078,6981654
2007-05-04 00:00:00+05:30,68.17469076702585,69.20340773487398,67.68604734819984,68.22612762451172,4710726
2007-05-07 00:00:00+05:30,67.23417356549324,69.43122649562171,67.23417356549324,67.97264862060547,4934568
2007-05-08 00:00:00+05:30,67.60888474845383,68.89477900939096,66.86673702382281,67.49866485595703,4809540
2007-05-09 00:00:00+05:30,67.85503935190435,69.05643207991992,65.94822993118234,66.8189697265625,9619398
2007-05-10 00:00:00+05:30,67.52808476952089,68.29595124038651,64.75788716736392,65.28694152832031,6452436
2007-05-11 00:00:00+05:30,64.95623542643602,65.39711486762742,63.780561401449916,64.89010620117188,6797814
2007-05-14 00:00:00+05:30,66.03641730073561,67.30761921336776,65.02973910401782,66.58751678466797,2260536
2007-05-15 00:00:00+05:30,66.64630955548384,67.12025383535028,64.66235112389347,65.35673522949219,5589780
2007-05-16 00:00:00+05:30,66.70876930828877,66.70876930828877,64.66970081034358,66.13929748535156,5754918
2007-05-17 00:00:00+05:30,66.6463062082616,67.94689976930346,66.2458374055592,66.80428314208984,9493524
2007-05-18 00:00:00+05:30,66.78593264073282,67.59420990024411,65.5735133878205,66.77857971191406,3648240
2007-05-21 00:00:00+05:30,67.23412721903222,68.83598858804403,67.16064505614504,68.52737426757812,6169008
2007-05-22 00:00:00+05:30,68.35836730273073,69.34299997255002,67.60152057890964,68.1342544555664,5886336
2007-05-23 00:00:00+05:30,67.89545578281964,68.3289891667185,66.79325682530634,67.1937255859375,5537862
2007-05-24 00:00:00+05:30,67.16064163086214,67.21575156839492,65.82698383348358,66.1429443359375,4444266
2007-05-25 00:00:00+05:30,66.0584693717837,67.08719310313867,65.25019220625335,66.67570495605469,5912568
2007-05-28 00:00:00+05:30,67.08719622353478,67.54276832314152,66.35239448514515,66.99166870117188,4775268
2007-05-29 00:00:00+05:30,67.0137049138384,67.96159344374338,66.57282527624736,67.52071380615234,6622182
2007-05-30 00:00:00+05:30,66.94021971838983,67.38109933613397,66.64630445808645,67.13494110107422,7351404
2007-05-31 00:00:00+05:30,67.59054652058444,68.18941003164322,66.86677065642142,67.77056884765625,8787150
2007-06-01 00:00:00+05:30,67.74850007165811,67.86606616982591,66.80060490513623,66.96593475341797,2974656
2007-06-04 00:00:00+05:30,69.3981242280376,69.3981242280376,64.95993010048309,66.34503173828125,5161824
2007-06-05 00:00:00+05:30,66.24216024031954,67.08718172042379,65.5845139366357,65.72779846191406,3582108
2007-06-06 00:00:00+05:30,67.69707860697277,67.69707860697277,62.12729934935584,63.494022369384766,8386254
2007-06-07 00:00:00+05:30,60.745853671927314,64.00101326677965,60.745853671927314,62.75185012817383,5508750
2007-06-08 00:00:00+05:30,62.810646246075514,64.58886383930084,61.87010396085962,63.54177474975586,9623526
2007-06-11 00:00:00+05:30,64.66234699869091,65.05913596877957,62.09054471102562,62.67103576660156,7643574
2007-06-12 00:00:00+05:30,63.541791455806994,63.6262929560624,62.45796435568376,63.25522232055664,3277464
2007-06-13 00:00:00+05:30,63.475629829541255,64.0597938319475,63.04576961850015,63.29560089111328,5037588
2007-06-14 00:00:00+05:30,62.85106492428884,65.02974462043089,62.85106492428884,64.62560272216797,1843482
2007-06-15 00:00:00+05:30,65.02975619583799,65.51839966063218,64.08554062580863,64.84605407714844,3626394
2007-06-18 00:00:00+05:30,65.02974190269546,66.12459471850376,64.68438307183332,65.36407470703125,4330080
2007-06-19 00:00:00+05:30,65.17669838448184,67.52806072735812,65.17669838448184,67.25985717773438,3573474
2007-06-20 00:00:00+05:30,67.60153564643596,67.9689397937346,66.36339833552897,67.79625701904297,4803960
2007-06-21 00:00:00+05:30,63.10823651674324,67.83299963583751,63.10823651674324,67.1937255859375,6124824
2007-06-22 00:00:00+05:30,66.94023119187027,67.774233545062,66.27891165190462,66.83736419677734,5078934
2007-06-25 00:00:00+05:30,66.71978827396221,68.11590948094225,66.51772066625995,67.38478088378906,7437960
2007-06-26 00:00:00+05:30,67.74849501028766,69.8059284836718,66.60220545692269,69.29891967773438,7756872
2007-06-27 00:00:00+05:30,69.75821440457244,69.80597145322699,67.45461458169879,67.73751068115234,5548932
2007-06-28 00:00:00+05:30,68.26286881732057,68.55679084902832,66.13195258748712,66.61324310302734,12122526
2007-06-29 00:00:00+05:30,66.49934684734892,67.4545883584718,66.07683941324157,66.53976440429688,6841872
2007-07-02 00:00:00+05:30,66.57282542631792,67.23414488419525,65.39714414766175,65.59186553955078,4846230
2007-07-03 00:00:00+05:30,65.94825201764617,66.42587617124228,65.04445402633193,65.2281494140625,5480796
2007-07-04 00:00:00+05:30,66.85937420188803,66.85937420188803,63.76587147095277,64.0744857788086,9707706
2007-07-05 00:00:00+05:30,64.65501584487019,64.95628413742575,63.942266044098254,64.66236877441406,4380486
2007-07-06 00:00:00+05:30,64.4419077186006,65.73882817279927,63.92754591136676,64.4088363647461,4931520
2007-07-09 00:00:00+05:30,64.40884822251962,65.91151636717117,64.40884822251962,65.43389892578125,5974872
2007-07-10 00:00:00+05:30,65.83798502587753,66.26417201349098,65.28688580209149,66.02536010742188,5355810
2007-07-11 00:00:00+05:30,65.83802643139066,66.49934591583752,64.76154571908259,66.19440460205078,4968408
2007-07-12 00:00:00+05:30,65.77194164362588,66.64635534710308,64.8828355295594,65.08123016357422,5967504
2007-07-13 00:00:00+05:30,65.40816794824164,66.42219242792326,65.40816794824164,66.20909881591797,5524746
2007-07-16 00:00:00+05:30,66.49933934547707,67.45458074883798,66.13194191062549,67.2231216430664,6594618
2007-07-17 00:00:00+05:30,67.38108583886297,67.82196536829345,66.90346859107586,67.14228057861328,5466804
2007-07-18 00:00:00+05:30,66.71977030770572,67.0871744211445,65.10321642681228,65.60655212402344,4206456
2007-07-19 00:00:00+05:30,65.69107340370505,66.20543528128715,65.43022272813714,65.80863952636719,3317568
2007-07-20 00:00:00+05:30,66.55813562201791,68.19674209617202,64.62561383249697,65.2354965209961,5500452
2007-07-23 00:00:00+05:30,65.88578615676558,67.3737549057271,65.39714277365663,66.80428314208984,4972116
2007-07-24 00:00:00+05:30,67.45457042347384,67.9689321353632,66.96592713354335,67.38108825683594,5242956
2007-07-25 00:00:00+05:30,66.86672763105082,69.07112517133505,66.5213688770055,68.63391876220703,7928862
2007-07-26 00:00:00+05:30,68.9535855582372,70.46727304629331,68.42820434007633,69.7545166015625,14797524
2007-07-27 00:00:00+05:30,68.33633064374803,68.78822949418661,66.13193288104648,66.4111557006836,4339008
2007-07-30 00:00:00+05:30,66.86673582781108,67.22678702170803,65.39713280261421,66.46994018554688,3041748
2007-07-31 00:00:00+05:30,66.86673990154732,67.52805928498915,65.94456317341617,67.2010726928711,2519880
2007-08-01 00:00:00+05:30,66.13195702713804,66.19808629324896,64.73583569191273,65.0003662109375,7415538
2007-08-02 00:00:00+05:30,65.30897125390042,65.30897125390042,64.09287911633486,64.40516662597656,3739380
2007-08-03 00:00:00+05:30,65.39344872201666,65.39344872201666,64.52638886821973,64.98563385009766,2650902
2007-08-06 00:00:00+05:30,63.93122107768709,64.58886743948656,63.192746333177055,63.97898483276367,2570826
2007-08-07 00:00:00+05:30,65.25018490660715,65.32366708699479,63.45360176899457,63.8687629699707,3601824
2007-08-08 00:00:00+05:30,64.64765519077129,65.50002300754305,64.01940031093025,65.25753784179688,2518566
2007-08-09 00:00:00+05:30,65.96297314734059,66.49937381480797,63.23319257867048,63.60426330566406,4137738
2007-08-10 00:00:00+05:30,62.60489513910146,63.273560652394885,60.99568749721579,61.888465881347656,14000724
2007-08-13 00:00:00+05:30,62.60491587312999,63.19275321636312,61.649674303997244,61.947269439697266,3736470
2007-08-14 00:00:00+05:30,61.135303271189855,63.11926135745973,60.98833892808869,62.70042037963867,3147750
2007-08-16 00:00:00+05:30,61.67170941325829,61.67170941325829,59.52242128437204,60.16904830932617,7830786
2007-08-17 00:00:00+05:30,60.180059647371046,61.3557407107503,56.43258340559336,57.604591369628906,14921358
2007-08-20 00:00:00+05:30,58.85744432154402,60.789966253107,58.78396212365614,60.150691986083984,6725616
2007-08-21 00:00:00+05:30,60.40048353894434,60.613577063134265,57.59355019527249,58.019737243652344,4024242
2007-08-22 00:00:00+05:30,59.03747271048306,60.39317652849051,57.351102369217614,59.43793487548828,5341470
2007-08-23 00:00:00+05:30,60.253555208914776,61.58354037679205,57.10126163319682,57.615623474121094,5242212
2007-08-24 00:00:00+05:30,59.07788298737079,59.59224490755177,57.78830844983758,59.16605758666992,2275206
2007-08-27 00:00:00+05:30,59.518748562233256,60.61360140997613,59.37179093166979,60.12495803833008,4956108
2007-08-28 00:00:00+05:30,60.54747677369447,60.54747677369447,59.008070918727505,59.46364974975586,4287282
2007-08-29 00:00:00+05:30,57.75521916471616,61.42921305235788,57.692763024448375,61.24551773071289,6564246
2007-08-30 00:00:00+05:30,61.2087643746226,62.73715013013758,60.62092732180976,61.77456283569336,13472754
2007-08-31 00:00:00+05:30,62.09055094979127,63.6299566862627,61.32268463168472,63.170711517333984,5217234
2007-09-03 00:00:00+05:30,63.192714472194176,63.538073156430066,61.70474643327428,61.80027389526367,3385164
2007-09-04 00:00:00+05:30,62.450591887812166,62.450591887812166,60.914866233211114,61.17938995361328,4650114
2007-09-05 00:00:00+05:30,62.164049863414384,62.164049863414384,60.64668904750391,61.0765495300293,4368252
2007-09-06 00:00:00+05:30,61.208787792868726,61.7231496154271,60.84139033520671,61.513729095458984,2215794
2007-09-07 00:00:00+05:30,61.726831449816956,63.413194966401385,61.579873791415494,62.520416259765625,6652986
2007-09-10 00:00:00+05:30,62.59503209996509,62.59503209996509,61.72570893538392,62.091346740722656,3350766
2007-09-11 00:00:00+05:30,61.93463272688693,62.97558778054414,61.56153479324176,61.830169677734375,4467234
2007-09-12 00:00:00+05:30,62.08386260751502,62.456960452469836,61.3525872789366,61.76299285888672,4207692
2007-09-13 00:00:00+05:30,62.30026188353813,62.658439402893386,61.957011558670494,62.36742401123047,4700616
2007-09-14 00:00:00+05:30,62.606208875635396,63.65089394991418,61.9831333873703,62.26295852661133,8782572
2007-09-17 00:00:00+05:30,62.97931964497085,62.97931964497085,62.277891684234376,62.382354736328125,3567222
2007-09-18 00:00:00+05:30,62.45696732096844,63.71058523567991,62.307729532908034,63.471797943115234,5920650
2007-09-19 00:00:00+05:30,64.17323032851714,68.57581711986822,64.17323032851714,67.44158935546875,17349858
2007-09-20 00:00:00+05:30,67.75500548874443,69.39664892329293,67.40056479331398,67.61322784423828,8720418
2007-09-21 00:00:00+05:30,66.78493490207502,69.59064645090511,66.78493490207502,69.09442138671875,7871196
2007-09-24 00:00:00+05:30,69.4041019355271,70.44132010412994,68.65043902663793,69.34813690185547,4712004
2007-09-25 00:00:00+05:30,68.72506009408478,70.41893827040082,68.27733983288553,69.4488754272461,5801406
2007-09-26 00:00:00+05:30,70.1428240541752,70.27713463054202,68.80339372743911,69.90030670166016,7726854
2007-09-27 00:00:00+05:30,70.22491801756455,73.12763238349267,70.22491801756455,72.58663940429688,17735058
2007-09-28 00:00:00+05:30,72.53071068179887,73.42615155441368,70.69132406752351,71.49349212646484,7677864
2007-10-01 00:00:00+05:30,71.78448144976261,75.81023381290846,71.49346600515872,74.58273315429688,11099640
2007-10-03 00:00:00+05:30,75.36624319339053,78.50028508424772,74.24694251808438,76.6347885131836,12316194
2007-10-04 00:00:00+05:30,75.10880936844191,76.85865270463475,73.05303020774349,73.62387084960938,10573884
2007-10-05 00:00:00+05:30,74.25068472241789,74.54543713644556,71.54944229556563,72.07178497314453,6737640
2007-10-08 00:00:00+05:30,72.28442320625794,73.78428857328981,68.65789377142166,70.11671447753906,5718168
2007-10-09 00:00:00+05:30,70.10554155811563,74.24695473838314,69.0235552816818,73.5194091796875,8774862
2007-10-10 00:00:00+05:30,73.87382790967969,76.24674617250595,73.1276253505412,75.36622619628906,10751700
2007-10-11 00:00:00+05:30,76.11992082301991,80.51504186917177,75.38118496713452,79.52259826660156,18178290
2007-10-12 00:00:00+05:30,79.84345437943239,83.57446158138626,78.39209343866274,81.61941528320312,23342442
2007-10-15 00:00:00+05:30,81.63431392461167,89.54403970950753,81.63431392461167,88.83515167236328,16422768
2007-10-16 00:00:00+05:30,89.54403156797392,91.07001429405628,85.82422280114316,87.7158432006836,13709064
2007-10-17 00:00:00+05:30,82.08203199886745,86.79056097495841,75.5154738112255,84.2833251953125,14102718
2007-10-18 00:00:00+05:30,84.46987711497678,89.54403693048145,78.57489240649747,81.61193084716797,10299684
2007-10-19 00:00:00+05:30,80.56726910216749,83.57446085342187,76.48555133045848,82.62678527832031,7952802
2007-10-22 00:00:00+05:30,82.00740719946639,85.81302835600364,80.29114212344601,81.78727722167969,6737370
2007-10-23 00:00:00+05:30,83.4251982666779,85.97720897226428,82.77973540843305,85.35785675048828,11308440
2007-10-24 00:00:00+05:30,86.18616181902952,86.18616181902952,80.88814029612202,82.67155456542969,12050886
2007-10-25 00:00:00+05:30,82.08950659331252,85.41009373216627,79.3733376636762,83.63414001464844,14399184
2007-10-26 00:00:00+05:30,82.82824033104455,86.93234460665244,81.86564459499976,86.22344970703125,11607648
2007-10-29 00:00:00+05:30,87.30542460779252,93.64812867276045,86.55922212024718,92.22661590576172,17600490
2007-10-30 00:00:00+05:30,94.02126514372664,94.62569029517564,90.29026483588137,90.89095306396484,13978800
2007-10-31 00:00:00+05:30,91.03642763220206,94.39059864508171,91.03642763220206,93.00267028808594,14281170
2007-11-01 00:00:00+05:30,94.68536957542236,101.33401097003744,94.39434732350195,99.0767593383789,16101552
2007-11-02 00:00:00+05:30,97.0060647380459,103.35249435908955,94.19288573856963,101.94963836669922,11564568
2007-11-05 00:00:00+05:30,98.6253106899733,101.93097757232954,95.61438932395474,96.92024230957031,12465486
2007-11-06 00:00:00+05:30,97.37914549637037,99.61774654226394,95.98748002439501,97.28214263916016,9337422
2007-11-07 00:00:00+05:30,98.12534315909319,100.14008399849281,95.68899959948594,96.50235748291016,10017738
2007-11-08 00:00:00+05:30,96.18527285081936,96.18527285081936,91.15214796212798,92.28264617919922,7176792
2007-11-12 00:00:00+05:30,91.11108405771088,91.11108405771088,86.93609348872224,88.15239715576172,14464512
2007-11-13 00:00:00+05:30,88.79782940671123,90.73048764085823,86.30179088243331,88.07775115966797,9545484
2007-11-14 00:00:00+05:30,89.45452963876554,93.47655271003055,88.89860927873563,92.20427703857422,11429502
2007-11-15 00:00:00+05:30,92.52886121635625,93.61831436576163,91.8087759358982,92.45423889160156,14882484
2007-11-16 00:00:00+05:30,94.0212293827149,94.0212293827149,89.00303509169319,92.92431640625,10797174
2007-11-19 00:00:00+05:30,93.05118012961778,97.22990658846021,92.45422213478378,94.57343292236328,12798036
2007-11-20 00:00:00+05:30,93.94661504781703,95.85689281665907,90.5140982385197,91.08866882324219,8871894
2007-11-21 00:00:00+05:30,92.52885431286379,92.52885431286379,88.26058472439789,89.06648254394531,8784462
2007-11-22 00:00:00+05:30,88.1300323197303,89.54408586377585,83.1267619874291,85.69368743896484,9118086
2007-11-23 00:00:00+05:30,88.0628152280734,88.72320513084487,84.4698640352549,85.22725677490234,5887110
2007-11-26 00:00:00+05:30,85.90635242046115,90.2156613040934,85.90635242046115,88.30538940429688,7277298
2007-11-27 00:00:00+05:30,88.0479197072589,88.99932522072906,87.09277727099555,87.50691986083984,8661552
2007-11-28 00:00:00+05:30,88.07775585837427,88.4247362680247,85.42874249464123,85.8316879272461,4797564
2007-11-29 00:00:00+05:30,86.5853526305749,87.88747538191632,83.87291400186969,84.86536407470703,11414208
2007-11-30 00:00:00+05:30,85.39893081434535,87.84273556612102,84.55945511736088,87.12265014648438,6807900
2007-12-03 00:00:00+05:30,86.55923745724228,89.0216985876193,86.55923745724228,87.32782745361328,7218324
2007-12-04 00:00:00+05:30,86.64879656762844,88.34266788937913,85.83916865079239,86.39881896972656,6217422
2007-12-05 00:00:00+05:30,87.30545053428712,90.66335247791353,86.55924782514712,90.04773712158203,10742358
2007-12-06 00:00:00+05:30,91.39464371069101,91.6334310780894,87.91735092162253,89.29035949707031,5668218
2007-12-07 00:00:00+05:30,89.54403489368006,90.21561515538266,86.46968878477469,88.92095947265625,6467724
2007-12-10 00:00:00+05:30,88.40981981658437,89.54404760772763,87.00696398161914,89.0888671875,6844932
2007-12-11 00:00:00+05:30,89.17094907558239,93.42429130780539,88.7978443253276,92.55123138427734,8801832
2007-12-12 00:00:00+05:30,86.51073895576353,95.03607326662086,86.51073895576353,93.59963989257812,11071092
2007-12-13 00:00:00+05:30,94.01380204591392,94.01380204591392,91.03645797632483,91.81623840332031,9006372
2007-12-14 00:00:00+05:30,91.40955093485596,93.02880670768032,89.54404766462014,92.44303894042969,6858516
2007-12-17 00:00:00+05:30,91.78262940483933,91.78262940483933,85.93241998602413,87.01814270019531,11884974
2007-12-18 00:00:00+05:30,88.72322231685033,89.40226280151506,85.1414607004482,85.84661865234375,29812614
2007-12-19 00:00:00+05:30,86.93235037749659,89.17095161613025,86.93235037749659,88.08895874023438,7694982
2007-12-20 00:00:00+05:30,88.80530411457131,89.8947570531482,87.38006102708378,88.83515167236328,6800052
2007-12-24 00:00:00+05:30,94.76749075234554,94.76749075234554,89.54408359854023,93.19673919677734,7909014
2007-12-26 00:00:00+05:30,94.25286518019328,94.54056678683888,92.6023621116054,93.64717102050781,9397386
2007-12-27 00:00:00+05:30,94.6390033096287,95.77467137707052,93.60933277689954,94.4497299194336,17421942
2007-12-28 00:00:00+05:30,93.31409822752464,94.97217147970969,91.6863020752683,92.79547119140625,8964024
2007-12-31 00:00:00+05:30,93.16640472796212,94.26043469469187,93.04905330375593,93.65096282958984,6729042
2008-01-01 00:00:00+05:30,93.88187830924404,95.00996996188637,92.76513363095685,94.63141632080078,5552718
2008-01-02 00:00:00+05:30,94.26046715985784,97.5917584678358,93.85919862547489,96.09268188476562,18435882
2008-01-03 00:00:00+05:30,95.77464548051721,101.79368461046789,95.41502197744461,98.85987854003906,26169270
2008-01-04 00:00:00+05:30,100.16590824318139,102.66437760979136,99.18166042460068,101.68770599365234,21062022
2008-01-07 00:00:00+05:30,101.06310444074202,101.60443909264059,97.86430372929208,98.3412857055664,11894130
2008-01-08 00:00:00+05:30,98.42457590423398,101.1501794806752,97.70909942016348,100.0069351196289,9793542
2008-01-09 00:00:00+05:30,99.86306653697505,100.69589432505731,98.14821069747467,98.52297973632812,6039504
2008-01-10 00:00:00+05:30,98.42457227300528,100.52177364949188,96.96334226826441,97.98165893554688,9847722
2008-01-11 00:00:00+05:30,98.34883902186999,100.27568979450582,96.69076667934736,98.58354187011719,8617074
2008-01-14 00:00:00+05:30,97.6674349926926,99.33308348138472,96.81189947084145,97.58415222167969,6107808
2008-01-15 00:00:00+05:30,97.66748183066188,99.03028390271764,96.15325961667877,96.70216369628906,5997942
2008-01-16 00:00:00+05:30,94.74122123077326,98.04601270959634,92.3676720713655,94.94942474365234,6402444
2008-01-17 00:00:00+05:30,95.39610856425907,98.22770919069545,94.03330701334107,94.70335388183594,8456454
2008-01-18 00:00:00+05:30,93.48063393180173,95.38097882744407,90.70203160921047,91.7582015991211,11830056
2008-01-21 00:00:00+05:30,90.85344239688355,91.58784198046737,78.92514344640173,84.53533935546875,13236276
2008-01-22 00:00:00+05:30,81.76809637503665,83.2823180714593,62.840293977700135,72.62596893310547,24170850
2008-01-23 00:00:00+05:30,75.63547519895825,79.34532564236213,71.92562475555437,75.07521057128906,11866644
2008-01-24 00:00:00+05:30,77.60398152452007,79.11821022039531,68.51863707553946,71.71743774414062,9301080
2008-01-25 00:00:00+05:30,75.63550270757163,79.49298998108085,72.75847888907778,76.93773651123047,7466844
2008-01-28 00:00:00+05:30,75.63548964899827,77.21027939194363,71.28588254648798,75.7225570678711,6402276
2008-01-29 00:00:00+05:30,77.78568391018288,79.7731027870773,74.50360082085616,77.21027374267578,5768076
2008-01-30 00:00:00+05:30,77.98253407401822,80.25386995062489,72.61081918058981,73.30736541748047,6460254
2008-01-31 00:00:00+05:30,74.19698293954606,78.36110176920533,73.4398754662031,74.92002868652344,20851146
2008-02-01 00:00:00+05:30,75.33640868222753,79.9510084762654,74.61715476119214,79.18632507324219,7932636
2008-02-04 00:00:00+05:30,79.5232466245517,84.90252328684737,77.83109880338833,79.68602752685547,11881128
2008-02-05 00:00:00+05:30,77.92196426525814,82.4457058058571,77.92196426525814,81.3668212890625,7486458
2008-02-06 00:00:00+05:30,79.92833151561221,79.92833151561221,77.22544241731984,77.84627532958984,7879308
2008-02-07 00:00:00+05:30,78.58825414594156,78.58825414594156,74.01151182982571,74.6512680053711,5884356
2008-02-08 00:00:00+05:30,74.95406374029349,76.77113195217939,73.8183961078648,75.43104553222656,4492296
2008-02-11 00:00:00+05:30,75.71118294001808,75.71118294001808,68.5186161591722,71.3047866821289,8271120
2008-02-12 00:00:00+05:30,70.63852644684827,73.33384474550974,69.66563969414881,70.96029663085938,8533860
2008-02-13 00:00:00+05:30,72.3041939837279,73.43986191576778,70.95653100753819,71.48272705078125,5384604
2008-02-14 00:00:00+05:30,72.68275491643793,78.16424555428144,72.68275491643793,77.61155700683594,7867956
2008-02-15 00:00:00+05:30,77.21783436714574,79.87150799267735,71.9256187236892,78.17179107666016,8111538
2008-02-18 00:00:00+05:30,78.17561225577506,78.5882416145915,75.94213602168563,77.31629180908203,3149484
2008-02-19 00:00:00+05:30,78.07340953292722,79.8753333006072,76.08977468169277,76.57054138183594,3490026
2008-02-20 00:00:00+05:30,77.24059833463284,77.24059833463284,74.76483562434379,75.99514770507812,4215822
2008-02-21 00:00:00+05:30,77.22542247214409,77.50555483081082,74.59067137795748,75.82855224609375,7829850
2008-02-22 00:00:00+05:30,75.69604567654424,76.01403128335276,74.49980981710446,75.60897827148438,3530190
2008-02-25 00:00:00+05:30,76.4228971780335,77.60398789440656,76.08976600580876,76.74088287353516,5315874
2008-02-26 00:00:00+05:30,77.21783995127217,79.22418174627447,77.07398916090533,77.87652587890625,8922264
2008-02-27 00:00:00+05:30,78.73965281910729,79.80339897226213,78.15289558702318,78.67908477783203,7035870
2008-02-28 00:00:00+05:30,78.36111271781354,79.572494548612,73.8562928162664,78.85323333740234,8565696
2008-02-29 00:00:00+05:30,79.41345283908375,79.41345283908375,74.34837788661739,77.0096206665039,8850000
2008-03-03 00:00:00+05:30,77.55854675127662,77.55854675127662,73.2884313735537,74.14775848388672,9619908
2008-03-04 00:00:00+05:30,74.95406714852855,75.63546775896972,71.79312773839273,72.20196533203125,6247620
2008-03-05 00:00:00+05:30,72.15276783798944,75.78690526414744,72.07706126265586,75.0562973022461,4942446
2008-03-07 00:00:00+05:30,74.2726892906504,75.55977741635729,70.48713149461582,72.28905487060547,12049050
2008-03-10 00:00:00+05:30,71.16854018741252,75.70363661365143,69.7716628082976,73.47772979736328,13274916
2008-03-11 00:00:00+05:30,73.28465942566153,76.77116179900072,72.75847024823433,75.27964782714844,14303514
2008-03-12 00:00:00+05:30,76.46832689203116,77.25572539758475,75.7112193427548,76.74467468261719,7383672
2008-03-13 00:00:00+05:30,75.78691770895531,76.01405133538732,73.08024430449669,74.6891098022461,8100462
2008-03-14 00:00:00+05:30,74.99949554692057,76.46828731398595,73.5155513779901,75.88531494140625,7627224
2008-03-17 00:00:00+05:30,73.96986978221261,75.25696531991908,72.68278117607632,74.54148864746094,6100410
2008-03-18 00:00:00+05:30,72.69790124576504,77.45256161767047,72.69790124576504,74.5793228149414,13956954
2008-03-19 00:00:00+05:30,75.7112072405036,77.36171058376814,74.19697852085875,75.27964782714844,11423370
2008-03-24 00:00:00+05:30,77.22542680231162,79.04249566824836,73.43986897546594,75.62034606933594,11887866
2008-03-25 00:00:00+05:30,77.22542959163755,82.66906711421127,76.46831522629495,81.31761932373047,9880020
2008-03-26 00:00:00+05:30,81.47281044371444,83.79713785843907,79.59138237884812,80.42042541503906,8777832
2008-03-27 00:00:00+05:30,79.49674973044064,83.29745240366677,79.49674973044064,81.09046936035156,19127622
2008-03-28 00:00:00+05:30,80.52642665577608,82.14664579689627,77.75540102602366,79.43240356445312,12130422
2008-03-31 00:00:00+05:30,80.40530919016517,82.51764928609289,73.82221821502866,74.23863220214844,14573082
2008-04-01 00:00:00+05:30,75.71122121892549,77.60399707058947,73.2127509949482,76.3320541381836,6352704
2008-04-02 00:00:00+05:30,78.28535680137963,79.40588594778528,75.71118133557158,76.67271423339844,5245110
2008-04-03 00:00:00+05:30,76.61972514205735,80.01158315520462,76.26009468583385,77.12319946289062,8110980
2008-04-04 00:00:00+05:30,77.87655915902958,77.87655915902958,74.32191886653662,76.10491943359375,6655134
2008-04-07 00:00:00+05:30,77.22545099564724,78.95545298250732,76.50619665474046,77.11945343017578,7176702
2008-04-08 00:00:00+05:30,77.22539993028603,77.9068005179062,75.3591175835534,76.61971282958984,8150052
2008-04-09 00:00:00+05:30,77.22543885721963,77.22543885721963,75.63550335133569,76.77117156982422,6622428
2008-04-10 00:00:00+05:30,75.86261673167643,78.28537264012982,75.41591883663494,75.9496841430664,7308654
2008-04-11 00:00:00+05:30,77.30114157615556,77.83111538298446,75.37807514659441,75.9269790649414,7132458
2008-04-15 00:00:00+05:30,75.86262579187918,78.9667828201461,74.19697700688423,77.68347930908203,6401952
2008-04-16 00:00:00+05:30,78.73585726846821,78.89106891784236,76.16546584887546,77.03992462158203,6467670
2008-04-17 00:00:00+05:30,77.67970515394278,78.66395324127,76.54403694993776,77.0210189819336,8934744
2008-04-21 00:00:00+05:30,77.98254067946024,78.36109438043742,77.09671406729689,78.09610748291016,4803474
2008-04-22 00:00:00+05:30,77.52827704514416,80.59458087986307,77.2254299114394,79.64440155029297,6990174
2008-04-23 00:00:00+05:30,80.25386478286417,80.7838384989013,78.58821627008584,79.01219940185547,5453160
2008-04-24 00:00:00+05:30,79.87530135401416,80.17814841776672,77.47526038149805,78.16423034667969,11168982
2008-04-25 00:00:00+05:30,78.58823908126402,80.17817455400635,78.23996934993875,79.88668823242188,6492876
2008-04-28 00:00:00+05:30,81.23813950019463,81.23813950019463,78.81538268868333,79.38321685791016,3277398
2008-04-29 00:00:00+05:30,79.64817296371808,81.08668794554316,79.20526664228332,79.62167358398438,10807740
2008-04-30 00:00:00+05:30,79.87532010625917,80.54158241661926,77.85004765408142,78.21346282958984,15250224
2008-05-02 00:00:00+05:30,79.04247150746275,79.33774233529545,78.13393735220455,78.73583984375,11644764
2008-05-05 00:00:00+05:30,78.06580853089154,79.17497697030839,77.69482417269191,78.72827911376953,15973308
2008-05-06 00:00:00+05:30,78.72829094639052,79.83745955251202,77.98253748272478,79.004638671875,7396224
2008-05-07 00:00:00+05:30,79.57248462798539,79.57248462798539,77.54720512397871,78.6412353515625,8681910
2008-05-08 00:00:00+05:30,78.36109045395558,79.19391132700179,77.41470278315003,77.97875213623047,4213098
2008-05-09 00:00:00+05:30,77.22543298736589,78.66394826530033,76.46831858873172,78.10368347167969,9520152
2008-05-12 00:00:00+05:30,77.60400164327449,78.76995402106105,76.69925159979898,77.9447021484375,6935772
2008-05-13 00:00:00+05:30,78.55037177291118,78.55037177291118,75.02980099700653,75.7339096069336,12138624
2008-05-14 00:00:00+05:30,75.70363462825762,75.70363462825762,70.52499073799807,71.11553955078125,26953212
2008-05-15 00:00:00+05:30,71.31994714028947,72.44046961434404,71.24423363322752,72.02784729003906,8035812
2008-05-16 00:00:00+05:30,72.22848262803282,72.68274981437264,71.34266300098359,72.01270294189453,6257184
2008-05-20 00:00:00+05:30,71.92184839649319,72.09219858546241,70.33569793499304,70.9262466430664,9639228
2008-05-21 00:00:00+05:30,70.41141530480094,71.84614576536673,69.35146082578873,71.28588104248047,7054494
2008-05-22 00:00:00+05:30,70.7899745454163,71.00953888889559,69.3514662677847,70.11614990234375,7747182
2008-05-23 00:00:00+05:30,70.5628539016546,71.01712121632528,67.8637494024243,68.15145111083984,51675168
2008-05-26 00:00:00+05:30,68.51863563012981,69.04104708386649,67.04605182421285,67.75395202636719,10255494
2008-05-27 00:00:00+05:30,68.44289807435612,68.51481998700808,66.70153659206515,66.9627456665039,9355830
2008-05-28 00:00:00+05:30,67.0876970863228,67.45489688103928,65.11163192582521,66.16023254394531,29776410
2008-05-29 00:00:00+05:30,66.62588897898208,67.29971388599996,63.61258275614075,64.6006088256836,28564080
2008-05-30 00:00:00+05:30,64.88450014377571,66.17159524524457,64.80879356009012,65.50533294677734,11496066
2008-06-02 00:00:00+05:30,65.86874911672659,66.24730283561043,62.28004073058039,63.075008392333984,10827972
2008-06-03 00:00:00+05:30,62.46173019562593,63.93809836388618,62.12481448430129,63.54439926147461,7639062
2008-06-04 00:00:00+05:30,64.11226182546316,69.19626991749233,63.627710467069555,67.09528350830078,42189384
2008-06-05 00:00:00+05:30,67.3829590597263,73.81084346623274,67.15582548207378,72.46318054199219,55402242
2008-06-06 00:00:00+05:30,72.45563687725956,73.43988503877988,69.03348652982915,71.08905029296875,16979772
2008-06-09 00:00:00+05:30,68.2233749646008,69.65431412749346,65.36148970724683,66.62208557128906,22435260
2008-06-10 00:00:00+05:30,66.24731758352414,66.24731758352414,60.190422075162964,62.806243896484375,31238742
2008-06-11 00:00:00+05:30,62.91600123277949,64.80120716135161,62.31788327161203,62.946285247802734,9361416
2008-06-12 00:00:00+05:30,61.97717975037762,63.597398732164045,60.686300281657225,63.021995544433594,5904810
2008-06-13 00:00:00+05:30,63.218863121148985,65.09650021862075,61.31851127419806,63.745052337646484,7261836
2008-06-16 00:00:00+05:30,64.88449755688735,66.10344836655929,63.37027583316459,63.9797477722168,10112514
2008-06-17 00:00:00+05:30,64.05923968738085,67.91294132798892,63.47626718775552,66.87191009521484,9316206
2008-06-18 00:00:00+05:30,67.31483319172996,68.05680208053444,65.56590157414234,66.77349853515625,7446744
2008-06-19 00:00:00+05:30,65.49777198883726,66.6145100898498,63.385431881340075,64.78608703613281,10328754
2008-06-20 00:00:00+05:30,65.11165424681116,67.52684197561227,64.7747383555319,65.69084930419922,13233936
2008-06-23 00:00:00+05:30,65.03594427952449,68.14010217939598,64.82016451666188,66.98928833007812,13251570
2008-06-24 00:00:00+05:30,67.23153261216993,68.04164553040324,63.29454866219652,64.64599609375,11685498
2008-06-25 00:00:00+05:30,63.50656621652327,66.46687276684271,62.840303851940135,65.5204849243164,12408174
2008-06-26 00:00:00+05:30,65.28954365025137,67.6100864048709,64.01759434633615,66.00122833251953,14108538
2008-06-27 00:00:00+05:30,64.77091499426452,65.09647677924761,61.7159729074435,63.02956008911133,18507294
2008-06-30 00:00:00+05:30,63.0674486688007,64.71038318995036,60.56897822184069,61.708431243896484,9746274
2008-07-01 00:00:00+05:30,62.8365132598169,62.8365132598169,58.9563186211306,60.09955596923828,12565146
2008-07-02 00:00:00+05:30,60.48943923024292,65.67186483923862,59.07363950371119,65.06239318847656,9486420
2008-07-03 00:00:00+05:30,63.218847633563236,66.62585127372712,61.704619172445966,65.06620025634766,8189580
2008-07-04 00:00:00+05:30,62.46552298141376,66.9286967168947,62.46552298141376,66.3608627319336,6517608
2008-07-07 00:00:00+05:30,65.18733575254006,69.27574008545199,65.11162225066765,66.81890869140625,12120930
2008-07-08 00:00:00+05:30,65.41447062852845,66.77727209995614,63.45355119563419,65.6946029663086,9022308
2008-07-09 00:00:00+05:30,67.00442736229911,69.57861106301213,64.98672388179888,66.42144775390625,14605896
2008-07-10 00:00:00+05:30,66.24728189473184,67.61008316981135,65.86872829550944,66.83026123046875,5538138
2008-07-11 00:00:00+05:30,70.20319974093827,70.20319974093827,63.97595005259655,64.316650390625,8534214
2008-07-14 00:00:00+05:30,64.35452589042717,68.41264689827625,63.59741153778805,66.30408477783203,8144994
2008-07-15 00:00:00+05:30,66.24729454412349,66.24729454412349,63.14313780202815,63.99110412597656,15726378
2008-07-16 00:00:00+05:30,64.05167951223295,66.2473021495292,63.597412281649746,65.42205047607422,7558620
2008-07-17 00:00:00+05:30,66.0125876362466,69.54072732399484,66.0125876362466,68.33313751220703,12564180
2008-07-18 00:00:00+05:30,68.1400692871892,71.91805711111894,68.1400692871892,71.47135925292969,9496356
2008-07-21 00:00:00+05:30,71.54708264243483,73.04616576030406,70.56283475058791,72.3231201171875,11469582
2008-07-22 00:00:00+05:30,72.00892328664318,74.80267083480021,71.18745627242488,72.99695587158203,13755744
2008-07-23 00:00:00+05:30,74.19697696010807,77.22542740412577,74.19697696010807,75.29857635498047,19498362
2008-07-24 00:00:00+05:30,76.07839114969492,82.37377144103321,76.07839114969492,77.7591781616211,19945416
2008-07-25 00:00:00+05:30,75.71121685334641,77.90683976456539,73.75029685879187,74.46955108642578,16363566
2008-07-28 00:00:00+05:30,79.0424948209717,79.0424948209717,72.02028315194907,76.5894546508789,12364362
2008-07-29 00:00:00+05:30,73.82218991764158,77.1496951079135,72.72816699259612,74.45816802978516,10418580
2008-07-30 00:00:00+05:30,75.7869418224034,77.37687771330397,74.00015626385809,74.99197387695312,12103746
2008-07-31 00:00:00+05:30,74.95408693691164,76.18060697320219,74.81780539253107,75.42728424072266,16353186
2008-08-01 00:00:00+05:30,74.2121160143477,76.61973345847218,73.84491624782864,75.52570343017578,11740302
2008-08-04 00:00:00+05:30,75.55976166615751,75.98374477181844,73.5155596347243,74.3597412109375,10327278
2008-08-05 00:00:00+05:30,74.95408329934125,76.31688481387472,74.2726825420745,75.9421157836914,16158942
2008-08-06 00:00:00+05:30,77.09672853499924,77.98255531339376,76.468326362195,76.99073791503906,9198984
2008-08-07 00:00:00+05:30,77.14968864668828,79.42102400362283,76.5553554328527,77.55474853515625,14711250
2008-08-08 00:00:00+05:30,77.60398825940497,81.29869439842754,76.92258736659585,80.54915618896484,14976588
2008-08-11 00:00:00+05:30,81.76808087781959,84.34226351227298,81.38952725835172,83.69114685058594,14838684
2008-08-12 00:00:00+05:30,86.31076967391142,86.31076967391142,81.19269430306942,82.39649963378906,10957662
2008-08-13 00:00:00+05:30,80.89742521367577,82.14666017310421,80.3371673453246,82.0633773803711,7239324
2008-08-14 00:00:00+05:30,81.02992035542863,82.07095177586692,79.87532212299956,80.7308578491211,6522954
2008-08-18 00:00:00+05:30,81.02610774527665,82.14663000199786,78.78127166538452,81.3440933227539,5453064
2008-08-19 00:00:00+05:30,80.93526093232279,81.34409856807586,79.89422980416765,80.49234771728516,5458104
2008-08-20 00:00:00+05:30,80.72328237341435,81.01098401747298,77.86897374822662,78.41409301757812,8840004
2008-08-21 00:00:00+05:30,77.9825495511483,79.48162598197551,75.87020260772819,76.49103546142578,6329994
2008-08-22 00:00:00+05:30,72.2133393185514,77.98253830326867,72.2133393185514,77.16485595703125,6939066
2008-08-25 00:00:00+05:30,77.3768392458932,78.64878871258601,76.34338420321168,76.81278991699219,2923896
2008-08-26 00:00:00+05:30,73.8448909726695,77.58502466219191,73.8448909726695,76.91497802734375,4807914
2008-08-27 00:00:00+05:30,77.52824700993973,78.3572830059105,75.80581543485572,76.21465301513672,4342428
2008-08-28 00:00:00+05:30,77.21783140274778,77.21783140274778,74.96163462745523,75.6543960571289,13135416
2008-08-29 00:00:00+05:30,76.20710865763324,77.81597399395093,76.20710865763324,77.47148895263672,7883172
2008-09-01 00:00:00+05:30,77.14970775991414,79.12577278262773,75.77933693681594,78.0696029663086,4654740
2008-09-02 00:00:00+05:30,78.7396584049878,84.79656000414965,78.7396584049878,83.46782684326172,15943644
2008-09-04 00:00:00+05:30,84.39527162545322,84.39527162545322,79.70874222301718,80.88605499267578,6652332
2008-09-05 00:00:00+05:30,80.88605965354911,81.68102724049176,78.75100523493091,81.15862274169922,6438234
2008-09-08 00:00:00+05:30,82.85013799511592,86.2715423101708,82.85013799511592,84.36138916015625,13196682
2008-09-09 00:00:00+05:30,81.72632007661586,86.66281198979698,80.75206254935968,84.56854248046875,7914996
2008-09-10 00:00:00+05:30,83.61726280742035,84.89453282999717,80.79038054858016,82.69287109375,10006260
2008-09-11 00:00:00+05:30,83.46386327196205,83.46386327196205,78.49669396661685,79.46710968017578,9835926
2008-09-12 00:00:00+05:30,80.54108583838396,81.1394494250896,77.52242487483848,78.50818634033203,12421770
2008-09-15 00:00:00+05:30,80.52572798638217,80.52572798638217,72.42866473326792,73.74813079833984,20275776
2008-09-16 00:00:00+05:30,71.18976048168206,74.02814055293594,70.72948187301449,73.06922912597656,14294832
2008-09-17 00:00:00+05:30,76.25281614754634,76.54049024389865,72.19852874806843,75.08293914794922,19055712
2008-09-18 00:00:00+05:30,73.56786581491772,78.37778314719488,70.82920935391473,76.84735107421875,17017668
2008-09-19 00:00:00+05:30,80.14216024653922,83.21068596506953,77.12349990577023,82.17889404296875,13825302
2008-09-22 00:00:00+05:30,83.46386259478938,83.46386259478938,80.08848804509816,81.29288482666016,6652446
2008-09-23 00:00:00+05:30,80.85557500161684,82.5432577943103,79.78158738085803,80.92461395263672,8148618
2008-09-24 00:00:00+05:30,79.95803635355573,83.14546608659545,79.95803635355573,81.45394134521484,8443584
2008-09-25 00:00:00+05:30,81.69946084709082,83.12632747965374,79.2906673586266,82.16357421875,19748514
2008-09-26 00:00:00+05:30,80.70986122576323,81.65342680617925,79.09120954689269,79.42874908447266,5985708
2008-09-29 00:00:00+05:30,79.78158852827528,80.54105211687188,76.14155719061546,78.3662338256836,12252528
2008-09-30 00:00:00+05:30,77.48023242234756,81.54603160203156,76.4254319283088,79.3366928100586,10597356
2008-10-01 00:00:00+05:30,81.6534292681397,81.6534292681397,77.94051531269443,79.83916473388672,5628546
2008-10-03 00:00:00+05:30,79.39805187123721,81.0205309914625,77.71036147104061,78.25119018554688,9672300
2008-10-06 00:00:00+05:30,76.79366680488606,77.85614400318079,73.26103318742514,75.2785873413086,10034004
2008-10-07 00:00:00+05:30,76.87801374736551,79.75091965815743,74.79525634163096,75.74649810791016,15340932
2008-10-08 00:00:00+05:30,74.94483961878812,74.94867433622213,72.19468000586271,73.91304779052734,17255844
2008-10-10 00:00:00+05:30,70.57604519904966,73.9130648381762,68.4702721417768,70.29220581054688,19731720
2008-10-13 00:00:00+05:30,72.08729973548759,73.26101154945302,69.3486435184309,70.34590911865234,18547536
2008-10-14 00:00:00+05:30,71.72672956820686,72.72400197863156,67.13162109149049,67.62641906738281,19829184
2008-10-15 00:00:00+05:30,67.0472506232153,67.50752921554106,63.67186959729719,64.33927917480469,14814852
2008-10-16 00:00:00+05:30,61.370478457334166,64.33928108459365,60.01265797432769,61.6619873046875,14598492
2008-10-17 00:00:00+05:30,61.370462951873236,63.62583176536534,58.30194085777343,59.537025451660156,12730890
2008-10-20 00:00:00+05:30,60.60334764028113,63.87132128674192,57.92222285201905,59.79402542114258,13785216
2008-10-21 00:00:00+05:30,61.20939007428279,61.51623782071848,57.55784570534019,60.561161041259766,17259648
2008-10-22 00:00:00+05:30,59.828528810513454,60.91017894943065,57.634533236091606,58.39399337768555,15171780
2008-10-23 00:00:00+05:30,56.7638460964712,60.60333976375112,55.70904234352443,59.55620193481445,16690326
2008-10-24 00:00:00+05:30,59.061401829717084,59.061401829717084,48.71280862501001,50.47720718383789,20064180
2008-10-27 00:00:00+05:30,50.47720646857268,50.63063380215826,41.283144350919095,46.93306350708008,26124960
2008-10-29 00:00:00+05:30,52.302994258977954,53.315609355962664,47.581303564032766,49.736942291259766,34794774
2008-10-31 00:00:00+05:30,50.70736368802279,53.60712060199192,45.80539533900231,51.328739166259766,22901604
2008-11-03 00:00:00+05:30,53.69915357500125,54.99176941102431,52.011467024975495,54.51231384277344,9878424
2008-11-04 00:00:00+05:30,54.46629155945242,59.84387577836664,53.71450075070812,58.32495880126953,16483794
2008-11-05 00:00:00+05:30,59.83619982974574,62.041703126106114,57.227956392331116,57.92987823486328,11980002
2008-11-06 00:00:00+05:30,54.1095690566729,59.606060527721446,54.1095690566729,57.051513671875,15459540
2008-11-07 00:00:00+05:30,56.997835685520904,60.29649788528653,55.233433177361704,56.767696380615234,19187172
2008-11-10 00:00:00+05:30,59.682789739613504,62.137606417477734,57.17426944762356,61.7885627746582,9663780
2008-11-11 00:00:00+05:30,61.06363040494521,62.1069266999918,55.54795660016902,56.44933319091797,13773366
2008-11-12 00:00:00+05:30,56.602754019877956,58.301948533154494,52.26079256056681,54.60437774658203,17562120
2008-11-14 00:00:00+05:30,56.76771118609261,56.92113508827918,52.164923887535046,53.162193298339844,13764264
2008-11-17 00:00:00+05:30,53.16217863415792,55.01863543171712,51.28270650179524,53.73369216918945,12363210
2008-11-18 00:00:00+05:30,52.55613880489537,53.315599103682274,50.108991684529364,51.21365737915039,15856530
2008-11-19 00:00:00+05:30,51.397775933737385,53.3156057787267,48.94295906985457,50.0552978515625,13830516
2008-11-20 00:00:00+05:30,49.763790229170084,50.92982914605381,46.97143378316833,49.947898864746094,10952082
2008-11-21 00:00:00+05:30,49.93638692969353,53.95231649350888,49.096376486234064,52.75175476074219,18149784
2008-11-24 00:00:00+05:30,52.69422238233412,53.50738281368331,50.822423365745266,52.049835205078125,11474550
2008-11-25 00:00:00+05:30,55.49810464446895,55.49810464446895,51.980810004316496,52.61369323730469,17393040
2008-11-26 00:00:00+05:30,53.68381120580892,54.228474529429874,52.56379979549625,53.71833419799805,17175960
2008-11-27 00:00:00+05:30,53.71833419799805,53.71833419799805,53.71833419799805,53.71833419799805,0
2008-11-28 00:00:00+05:30,56.85206542970933,56.85206542970933,52.184076079591236,53.22353744506836,21902580
2008-12-01 00:00:00+05:30,55.60549294552458,56.000563785555826,51.789013746116595,52.24162292480469,14496876
2008-12-02 00:00:00+05:30,51.014203227530835,51.55119365758185,49.24980108358266,50.77255630493164,12932430
2008-12-03 00:00:00+05:30,51.27502671075086,51.75448232139991,49.096373224109826,49.99775314331055,13478742
2008-12-04 00:00:00+05:30,50.24707191312537,52.08051660539253,49.64103898079372,51.742977142333984,10854408
2008-12-05 00:00:00+05:30,51.78901444553997,52.51395538264095,49.89036512857825,50.2816047668457,18645306
2008-12-08 00:00:00+05:30,53.238893331935884,53.238893331935884,50.12434316331457,50.684349060058594,16945530
2008-12-10 00:00:00+05:30,51.397789749019886,53.49972879004821,50.64600210185968,51.934783935546875,13651872
2008-12-11 00:00:00+05:30,52.164914642576704,52.51779306671475,50.66900903565827,51.010379791259766,10615410
2008-12-12 00:00:00+05:30,50.63063807660358,51.24434395111125,48.75116625018084,49.58350372314453,13826856
2008-12-15 00:00:00+05:30,49.863538210583144,52.20328645367028,49.863538210583144,51.693145751953125,18726402
2008-12-16 00:00:00+05:30,52.16489967002593,55.54027311418862,51.55119381124799,54.7232780456543,17987724
2008-12-17 00:00:00+05:30,55.54794499703454,56.76768374384407,54.378068116419755,55.04930877685547,17292594
2008-12-18 00:00:00+05:30,54.84987213087406,56.8405794297114,52.966565058232845,56.1846809387207,18667140
2008-12-19 00:00:00+05:30,56.0926289164586,56.0926289164586,53.419176471893635,54.539188385009766,14538450
2008-12-22 00:00:00+05:30,53.86794873340487,56.89811792476987,53.806579178283435,54.51617431640625,11278572
2008-12-23 00:00:00+05:30,53.99670693786055,55.44490907133089,53.40247258697082,54.19740676879883,12664530
2008-12-24 00:00:00+05:30,54.228885963131916,54.70112588849183,51.737819636277415,52.78461837768555,24642600
2008-12-26 00:00:00+05:30,55.07892342856104,55.07892342856104,50.13614460641496,50.60445022583008,13044732
2008-12-29 00:00:00+05:30,50.372253263317575,52.63113380925677,49.35300241708542,51.65123748779297,9373536
2008-12-30 00:00:00+05:30,51.245878588503544,53.126968736423024,50.2345004385511,52.88297653198242,11821632
2008-12-31 00:00:00+05:30,53.12699684046316,53.36311682642077,51.65518130055268,52.50521469116211,7961142
2009-01-02 00:00:00+05:30,54.043912232463164,54.46499442501582,52.89086047190773,53.544124603271484,8696136
2009-01-05 00:00:00+05:30,53.91405671245333,57.9674505886642,53.52446021686858,57.082000732421875,14517996
2009-01-06 00:00:00+05:30,56.81835730648739,57.6132953317529,55.338672540162726,56.582237243652344,10691238
2009-01-07 00:00:00+05:30,57.41258141913428,57.41258141913428,53.520539065114974,54.354827880859375,11618064
2009-01-09 00:00:00+05:30,54.30759547701289,62.76068789067613,51.99361894915047,52.66262435913086,13266984
2009-01-12 00:00:00+05:30,53.12698564191112,53.36310557809739,51.00190621623467,51.434791564941406,12386688
2009-01-13 00:00:00+05:30,51.23802831107924,51.55285370495643,48.813864491544635,49.63241195678711,10910874
2009-01-14 00:00:00+05:30,50.368325011404046,52.10380824301481,49.86066851386326,51.049137115478516,10523460
2009-01-15 00:00:00+05:30,50.065303134552494,50.490319807504086,48.6879378232086,49.219207763671875,12688674
2009-01-16 00:00:00+05:30,46.26378131042308,51.15933719220547,46.26378131042308,51.0570182800293,9415608
2009-01-19 00:00:00+05:30,50.372267939705026,53.39460480872653,50.372267939705026,52.75314712524414,8541948
2009-01-20 00:00:00+05:30,51.86767655711479,52.576036311599346,50.879907992612175,52.273014068603516,9519342
2009-01-21 00:00:00+05:30,52.31631343097944,53.19782892931555,50.38013043513063,51.16326141357422,7505460
2009-01-22 00:00:00+05:30,53.127003817305,53.127003817305,50.65561238484668,51.1199836730957,7794018
2009-01-23 00:00:00+05:30,50.13614322614895,52.09593985918715,50.13614322614895,50.88385772705078,7589004
2009-01-27 00:00:00+05:30,51.1593329139198,51.31674384033057,48.286538470608754,48.88864517211914,19384842
2009-01-28 00:00:00+05:30,47.778897620361754,50.95471184225753,47.778897620361754,50.470664978027344,8743782
2009-01-29 00:00:00+05:30,50.45095641051121,52.084116755218005,49.54582766706236,50.30141067504883,16103292
2009-01-30 00:00:00+05:30,51.06094247124308,52.33205447010137,49.632415961293255,51.54892349243164,9625044
2009-02-02 00:00:00+05:30,51.182942248041904,52.245482203937684,49.58519794180295,50.33291244506836,9317670
2009-02-03 00:00:00+05:30,51.90309709783401,52.339920421209776,49.770145324947016,51.269508361816406,11187168
2009-02-04 00:00:00+05:30,51.94640223540004,52.890882276043676,51.493837681623155,52.37928771972656,10361916
2009-02-05 00:00:00+05:30,53.43396131696524,53.43396131696524,51.600093183752215,52.2297477722168,7151940
2009-02-06 00:00:00+05:30,52.35960906580434,54.150184499555294,52.35960906580434,53.776329040527344,6752946
2009-02-09 00:00:00+05:30,53.91404966493558,57.361402095771105,53.04827898727327,57.01509094238281,14402790
2009-02-10 00:00:00+05:30,57.01509723588192,57.36927717117674,55.36619551258386,56.46808624267578,10419144
2009-02-11 00:00:00+05:30,53.59923549093155,56.609765237668896,53.59923549093155,55.62593078613281,10072158
2009-02-12 00:00:00+05:30,58.13272607587925,58.13272607587925,53.79598954555301,54.59092712402344,7227006
2009-02-13 00:00:00+05:30,55.015943854064844,56.25163911885763,51.35608492815066,55.472442626953125,8474382
2009-02-16 00:00:00+05:30,55.49606636578041,55.49606636578041,53.40247224472567,54.11083221435547,8688438
2009-02-17 00:00:00+05:30,53.12699836579588,54.26037505151389,52.733463843599374,53.315895080566406,10888938
2009-02-18 00:00:00+05:30,49.80163644528969,54.29185008852702,49.80163644528969,52.796424865722656,7136910
2009-02-19 00:00:00+05:30,53.12698884964869,53.914054150156794,52.733454397942374,53.50871658325195,5848104
2009-02-20 00:00:00+05:30,52.77675335379012,53.489047712599046,52.048717902145405,52.96171569824219,6564132
2009-02-24 00:00:00+05:30,51.631576110420184,53.96916274061583,51.631576110420184,53.50479507446289,4882392
2009-02-25 00:00:00+05:30,53.756641595762375,55.46457320922111,53.44181260293419,55.12220001220703,6486642
2009-02-26 00:00:00+05:30,55.06712098220766,57.43225910070523,54.480758922210796,56.64912796020508,14814390
2009-02-27 00:00:00+05:30,56.23590798654752,56.35396797280136,53.59923375924347,54.38629913330078,10838322
2009-03-02 00:00:00+05:30,52.26515249438682,54.6932507309463,51.316734717566135,52.296634674072266,9475218
2009-03-03 00:00:00+05:30,52.103812373371916,53.12699779663503,50.45097244192105,51.03733444213867,13514280
2009-03-04 00:00:00+05:30,51.23804139339446,52.63902033835378,50.8641859175294,52.249420166015625,10213470
2009-03-05 00:00:00+05:30,52.339926868683165,53.04828676493795,50.175492651380836,51.16326141357422,25542294
2009-03-06 00:00:00+05:30,50.52967815817678,53.26867149950169,50.37226362961283,52.99713134765625,9458022
2009-03-09 00:00:00+05:30,52.548495903208966,53.12698906354218,51.714203726929746,52.450111389160156,5310702
2009-03-12 00:00:00+05:30,53.52054113430786,54.25644543587298,52.89088652235883,53.72124099731445,9545214
2009-03-13 00:00:00+05:30,53.67006665792756,55.873851710435986,53.642518849371825,55.5983772277832,6449754
2009-03-16 00:00:00+05:30,55.33076489325953,56.511364454302786,54.708982938163935,56.32246780395508,6957696
2009-03-17 00:00:00+05:30,56.27526694576879,57.204005877055494,55.60626146247534,56.34610366821289,9021822
2009-03-18 00:00:00+05:30,56.46416425387169,58.09339087236824,56.432682066439575,56.97182083129883,9400038
2009-03-19 00:00:00+05:30,57.44012079421808,57.912360764799004,56.84982083099193,57.55031204223633,7769394
2009-03-20 00:00:00+05:30,57.39288621960389,59.85640448803621,57.11347738515316,59.423519134521484,11170506
2009-03-23 00:00:00+05:30,59.42353378464986,62.9653301370634,59.42353378464986,62.50883483886719,10342698
2009-03-24 00:00:00+05:30,58.82536218510841,63.72878655756941,58.82536218510841,61.3282356262207,14446272
2009-03-25 00:00:00+05:30,61.23378425415945,61.761119840139635,58.72303866237971,60.1082763671875,17949300
2009-03-26 00:00:00+05:30,60.24994387423312,64.14591958200988,59.86427815328468,63.56349563598633,26586258
2009-03-27 00:00:00+05:30,66.38119551798684,66.38119551798684,62.37895903770544,63.614654541015625,10201464
2009-03-30 00:00:00+05:30,63.74056848881341,63.74056848881341,60.54113959052646,61.584007263183594,8487360
2009-03-31 00:00:00+05:30,58.68368469712704,62.80791566752114,58.68368469712704,61.40694046020508,11644224
2009-04-01 00:00:00+05:30,61.391202275306796,63.74453361740977,59.124448750133304,63.303775787353516,12291942
2009-04-02 00:00:00+05:30,63.79177017965085,69.40355624548563,63.79177017965085,68.5810775756836,13250562
2009-04-06 00:00:00+05:30,68.91162336523342,71.96937303837798,68.87620680643455,69.79707336425781,12621156
2009-04-08 00:00:00+05:30,68.71090195094048,72.60688092754019,65.64134275725584,71.24919128417969,21660318
2009-04-09 00:00:00+05:30,72.25272171416523,72.25272171416523,68.89588037964278,69.61605072021484,14791416
2009-04-13 00:00:00+05:30,70.20633777939383,71.59944411421962,68.15995997124524,70.5014877319336,8012226
2009-04-15 00:00:00+05:30,69.65537936376242,71.07209894404234,68.95488831640844,70.46212005615234,14845860
2009-04-16 00:00:00+05:30,70.50543461513804,71.22166337218106,66.52681110772843,67.00691986083984,16400766
2009-04-17 00:00:00+05:30,67.49096968024394,69.7498471909495,66.71964530069516,68.0222396850586,15919716
2009-04-20 00:00:00+05:30,68.47478000962408,68.83682864904559,66.94786920050423,68.01434326171875,10592760
2009-04-21 00:00:00+05:30,67.68773859376005,69.85217697598507,66.2119884267027,67.9356689453125,8834214
2009-04-22 00:00:00+05:30,68.15996868690266,69.17528897695469,65.33440473087563,66.05850219726562,8139600
2009-04-23 00:00:00+05:30,68.17964461728398,68.27802554091339,65.89321949383992,67.2902603149414,7314486
2009-04-24 00:00:00+05:30,67.42798332516676,68.23865837218345,66.20015683199448,67.42404174804688,6997614
2009-04-27 00:00:00+05:30,63.980633804041304,68.05763706458939,63.980633804041304,66.74323272705078,12482466
2009-04-28 00:00:00+05:30,66.97936285440122,66.97936285440122,64.93299216977516,65.53509521484375,9555342
2009-04-29 00:00:00+05:30,66.11360204188802,68.47480211481259,65.60594546737138,68.06159210205078,16376064
2009-04-30 00:00:00+05:30,68.06159210205078,68.06159210205078,68.06159210205078,68.06159210205078,0
2009-05-04 00:00:00+05:30,70.73367676924153,72.50063499285736,69.18315224695688,70.12763214111328,11329626
2009-05-05 00:00:00+05:30,70.83599172944197,70.83599172944197,68.21505859429068,69.80886840820312,10426710
2009-05-06 00:00:00+05:30,69.9702112929015,72.41011253584558,68.6951578521762,69.79312133789062,14874186
2009-05-07 00:00:00+05:30,70.75729792612087,71.22166922690919,69.28942373194167,70.15126037597656,9877074
2009-05-08 00:00:00+05:30,70.1866585874475,71.6899561567277,69.1044396948159,69.50978088378906,9109566
2009-05-11 00:00:00+05:30,68.87619442340066,71.13507150502976,68.67155664669662,69.23824310302734,8601432
2009-05-12 00:00:00+05:30,69.26186916477133,70.26144479360062,68.95884321342285,69.45469665527344,14524662
2009-05-13 00:00:00+05:30,69.66326620549783,70.04892837771757,65.84599541326243,67.27058410644531,15287448
2009-05-14 00:00:00+05:30,66.1135932858609,67.21154973319626,64.9566068445203,65.377685546875,10778088
2009-05-15 00:00:00+05:30,65.72005064459422,67.13283587597434,63.15027917872663,64.00030517578125,25716534
2009-05-18 00:00:00+05:30,70.08040697853947,76.80195764460555,67.86088061413501,74.55094909667969,736404
2009-05-19 00:00:00+05:30,76.36905157573524,83.42904314681144,69.6553783577497,78.36820220947266,33132612
2009-05-20 00:00:00+05:30,75.55838375201137,82.55540443365932,75.1648529052393,78.26982879638672,18802506
2009-05-21 00:00:00+05:30,76.85706235122042,86.860680470973,76.85706235122042,84.6332778930664,25747254
2009-05-22 00:00:00+05:30,88.70241393655745,88.70241393655745,80.38705960576819,82.33110809326172,23501568
2009-05-25 00:00:00+05:30,80.39884266266832,83.27163297457182,78.80109863464973,81.90607452392578,10069458
2009-05-26 00:00:00+05:30,81.85492456184957,83.32674007476155,78.99393697075682,79.87938690185547,12492876
2009-05-27 00:00:00+05:30,81.84701739211243,87.99400277303752,80.67428677905497,87.01410675048828,19488216
2009-05-28 00:00:00+05:30,83.25199148267866,90.32378221369854,83.25199148267866,88.88739013671875,25214226
2009-05-29 00:00:00+05:30,89.72558609410078,96.02211604964506,87.85630545241015,92.02775573730469,31131492
2009-06-01 00:00:00+05:30,92.17337792792071,94.76282918601177,91.69326918220868,92.6141357421875,10082466
2009-06-02 00:00:00+05:30,95.23508056925574,96.02214252709484,90.44183966693443,91.60276794433594,11878896
2009-06-03 00:00:00+05:30,92.47242140982715,92.48029015147455,90.71332530319039,91.94902038574219,7672758
2009-06-04 00:00:00+05:30,90.92588478496752,92.66923708084856,88.54500556668195,92.03564453125,9766200
2009-06-05 00:00:00+05:30,93.22016361072204,93.96000572154938,91.29972162029686,93.0155258178711,8391570
2009-06-08 00:00:00+05:30,92.08680121204299,93.9521477954325,86.57733207092404,87.64380645751953,9192576
2009-06-09 00:00:00+05:30,86.65997218697755,89.69804992407737,84.21612880744965,89.10774993896484,10586556
2009-06-10 00:00:00+05:30,89.33206097019459,93.49564277902388,88.6669863344421,91.77983856201172,11427738
2009-06-11 00:00:00+05:30,91.53587591306186,92.78338220445484,87.52183481756317,88.19477844238281,7709850
2009-06-12 00:00:00+05:30,88.2301854125684,89.25337464910741,85.05044084160642,88.70635986328125,10271352
2009-06-15 00:00:00+05:30,85.26687251975588,91.98448977283772,85.26687251975588,88.5804214477539,12043680
2009-06-16 00:00:00+05:30,90.04040602211855,90.04040602211855,84.64899833348433,88.6827163696289,6246996
2009-06-17 00:00:00+05:30,88.62370712314872,88.9149227441974,82.43342600415406,83.52351379394531,10568022
2009-06-18 00:00:00+05:30,83.42908200613091,84.60180623706005,78.36036996523201,79.30878448486328,16708062
2009-06-19 00:00:00+05:30,79.8124910220687,80.6743275447271,76.39268553818908,79.44257354736328,20451426
2009-06-22 00:00:00+05:30,77.31749624766407,80.1233884109112,76.43204625493227,78.22261810302734,20050536
2009-06-23 00:00:00+05:30,75.87321507862967,81.99658925351906,75.87321507862967,80.80812072753906,24861972
2009-06-24 00:00:00+05:30,80.83174837553756,83.1654005418077,80.39492493812085,82.7167739868164,15287880
2009-06-25 00:00:00+05:30,79.30875743470753,83.39757137022569,78.95064312875884,80.25717163085938,33041220
2009-06-26 00:00:00+05:30,81.08753412435442,82.95682210464064,79.29696241187429,82.21697998046875,11765214
2009-06-29 00:00:00+05:30,82.64196470725757,85.86106551880073,81.77619414559356,83.8973388671875,8052114
2009-06-30 00:00:00+05:30,84.11774958928652,85.67220865030023,83.4802227100751,84.00362396240234,8311260
2009-07-01 00:00:00+05:30,83.83832957624325,85.56987112676183,82.21697205492586,82.76791381835938,7426170
2009-07-02 00:00:00+05:30,85.08979265773462,91.14233589988717,84.7985769794903,88.67094421386719,50191872
2009-07-03 00:00:00+05:30,86.9905218553408,89.79641342631923,85.85714898620111,89.42256164550781,20142144
2009-07-06 00:00:00+05:30,88.78111772299134,89.64688863218302,83.03552880174749,84.19645690917969,16139700
2009-07-07 00:00:00+05:30,82.06349756429488,84.8143011427916,81.06786358259892,82.59870910644531,12134364
2009-07-08 00:00:00+05:30,82.59869504435696,82.59869504435696,78.47053039907881,79.55274200439453,8704326
2009-07-09 00:00:00+05:30,79.96596964935925,79.96596964935925,77.93140186825732,78.57679748535156,7067640
2009-07-10 00:00:00+05:30,78.70664851857443,79.09231060415871,76.8767189963626,77.6519775390625,7623498
2009-07-13 00:00:00+05:30,75.79450159910208,79.15527641063636,75.79450159910208,78.02189636230469,6988044
2009-07-14 00:00:00+05:30,80.12339320795574,80.12339320795574,77.57329275272556,78.68305969238281,6858804
2009-07-15 00:00:00+05:30,78.3563918024927,81.91392785626854,78.3563918024927,81.80767822265625,8782362
2009-07-16 00:00:00+05:30,81.85493296165363,82.95683112619118,79.88727105005653,80.51692199707031,12752316
2009-07-17 00:00:00+05:30,80.9104515798619,82.59477377964036,79.76133375693146,82.09498596191406,12291624
2009-07-20 00:00:00+05:30,82.98831273779211,84.02723931519448,80.77665488455153,83.480224609375,9854550
2009-07-21 00:00:00+05:30,83.0394627022683,83.81472862890638,81.46139744775515,82.24846649169922,10447380
2009-07-22 00:00:00+05:30,86.5340423091955,87.55328976034568,82.40587684005328,85.98309326171875,17090904
2009-07-23 00:00:00+05:30,86.18378572221326,87.96255417264769,85.39671678400089,86.02637481689453,11049588
2009-07-24 00:00:00+05:30,85.00319134337732,90.3158908023384,84.45224233088179,88.53318786621094,15149682
2009-07-27 00:00:00+05:30,89.72558693266892,91.14230672634264,84.38140552469812,86.27429962158203,11062020
2009-07-28 00:00:00+05:30,86.3175717130682,87.89563641402589,85.16057839052075,86.73078155517578,10534674
2009-07-29 00:00:00+05:30,86.18771251780746,89.56816635666549,85.37703741941651,86.45531463623047,16583760
2009-07-30 00:00:00+05:30,86.49862784286253,88.61977344024595,85.16060972461608,86.65997314453125,19148004
2009-07-31 00:00:00+05:30,88.15540127996854,92.69284242361269,87.52180878573589,91.61849212646484,16783560
2009-08-03 00:00:00+05:30,91.6932368674267,93.26736724601415,90.69366159101992,92.81874084472656,9008184
2009-08-04 00:00:00+05:30,92.79513428255348,93.61368531058127,88.34820644638127,89.86724853515625,8507142
2009-08-05 00:00:00+05:30,90.5048013766599,94.36929954303403,89.186469393563,93.99938201904297,13761162
2009-08-06 00:00:00+05:30,94.0741362275746,95.15635524206583,90.05222768355775,90.7448501586914,10998030
2009-08-07 00:00:00+05:30,89.82397630842975,92.6377443008207,88.6237045074111,89.6547622680664,10500018
2009-08-10 00:00:00+05:30,90.1269903330997,92.08678309091601,89.7649344486531,91.36267852783203,10481232
2009-08-11 00:00:00+05:30,91.496482938686,92.16549188253967,88.77323470137186,90.71334838867188,11959578
2009-08-12 00:00:00+05:30,90.91798674245791,90.91798674245791,87.21484210547537,88.7181396484375,10881714
2009-08-13 00:00:00+05:30,89.725608153505,92.08680836807092,89.725608153505,91.70901489257812,9547194
2009-08-14 00:00:00+05:30,90.72123048157593,96.80918850373732,90.72123048157593,96.06147766113281,27101112
2009-08-17 00:00:00+05:30,92.68889172405362,95.67974949361461,91.20133878923271,91.68932342529297,9426414
2009-08-18 00:00:00+05:30,91.69323432640888,94.36138643313265,91.49253096129246,93.04698944091797,8452758
2009-08-19 00:00:00+05:30,91.42960919775699,94.1961434871697,90.67008787689137,91.2918701171875,7585398
2009-08-20 00:00:00+05:30,92.8738307772299,94.42434762819464,92.08676203313053,92.83447265625,6349104
2009-08-21 00:00:00+05:30,92.79517067856749,94.24337303150122,91.37845051553593,93.7829360961914,5877384
2009-08-24 00:00:00+05:30,95.42390864411735,95.83318404191516,91.97655713725719,94.1213150024414,8223510
2009-08-25 00:00:00+05:30,92.51967125752033,93.81833100751365,92.12613319607384,93.16112518310547,6305910
2009-08-26 00:00:00+05:30,93.42481326510818,93.42481326510818,92.00809322971912,92.40950012207031,8744790
2009-08-27 00:00:00+05:30,91.69328312070427,93.66094528504371,91.4571630845186,92.34261322021484,10470612
2009-08-28 00:00:00+05:30,92.78729010600622,93.46023353883606,91.92545355783945,92.77154541015625,7760502
2009-08-31 00:00:00+05:30,92.71643987750596,94.60539965229937,91.45713816485016,93.3067398071289,7391256
2009-09-01 00:00:00+05:30,92.52361047571395,94.17251587209219,90.98489631877727,91.52796936035156,7305648
2009-09-02 00:00:00+05:30,91.29973140807866,92.67316611129438,90.5992473553491,90.9494857788086,6059004
2009-09-03 00:00:00+05:30,91.29972923875961,91.83493360139586,89.3320674124458,89.74527740478516,5493186
2009-09-04 00:00:00+05:30,90.51265160380407,93.34609105707993,89.60752270984901,92.732177734375,8013066
2009-09-07 00:00:00+05:30,90.73698250001554,94.21188389869751,90.73698250001554,93.5389404296875,5627418
2009-09-08 00:00:00+05:30,94.05446507791918,94.29058506790072,92.95256698746513,93.33036041259766,9733524
2009-09-09 00:00:00+05:30,93.50351125409713,94.20006807126852,91.35481801391424,92.88172912597656,7642290
2009-09-10 00:00:00+05:30,93.97574255840374,93.97574255840374,92.09071728081697,92.92894744873047,10591662
2009-09-11 00:00:00+05:30,93.59004691578247,94.60958009806252,93.04045720248786,93.72943878173828,4227420
2009-09-14 00:00:00+05:30,93.51038154742238,93.59002777544289,91.92532535178393,92.50677490234375,4436538
2009-09-15 00:00:00+05:30,92.87318296299527,93.43074311052611,90.49958351465624,91.23635864257812,9374088
2009-09-16 00:00:00+05:30,95.34236534007294,95.34236534007294,90.40399964127057,91.5230941772461,8892978
2009-09-17 00:00:00+05:30,91.59877005350155,93.3431262765372,91.59877005350155,92.32359313964844,7274058
2009-09-18 00:00:00+05:30,91.60674825669541,93.37500155913555,91.60674825669541,92.68601989746094,10963314
2009-09-22 00:00:00+05:30,91.83774286814857,93.59006262902604,91.24434105780622,92.00898742675781,9022326
2009-09-23 00:00:00+05:30,92.00895451778518,93.56613966115506,92.00895451778518,92.54261779785156,6396858
2009-09-24 00:00:00+05:30,92.87318291780015,93.17187455163986,90.41196677187148,91.59877014160156,21345174
2009-09-25 00:00:00+05:30,87.84322040935494,92.63423139132519,74.41404137687832,92.18022155761719,5919258
2009-09-29 00:00:00+05:30,92.53866121798971,95.26272779784382,92.02889458586137,94.75694274902344,7798566
2009-09-30 00:00:00+05:30,94.94410862568384,96.71634307650004,92.65413719064334,93.35108184814453,15531354
2009-10-01 00:00:00+05:30,93.62589113393787,94.68126580338256,93.04841578362988,94.16353607177734,9375198
2009-10-05 00:00:00+05:30,93.19975337211095,93.81307026627543,92.24394013922435,93.171875,4344228
2009-10-06 00:00:00+05:30,92.44704956211152,94.77684425811091,92.44704956211152,94.37062072753906,6601080
2009-10-07 00:00:00+05:30,94.7848259465923,95.95570318978157,93.82901255119043,94.23125457763672,4545618
2009-10-08 00:00:00+05:30,94.38655470135951,97.52480759515171,94.02016158130297,95.76053619384766,10103622
2009-10-09 00:00:00+05:30,95.58133417997827,97.8792692420404,95.58133417997827,97.20223236083984,8953092
2009-10-12 00:00:00+05:30,97.4132994372744,99.8824861345165,96.9792048022197,99.28510284423828,9024366
2009-10-13 00:00:00+05:30,99.28510284423828,99.28510284423828,99.28510284423828,99.28510284423828,0
2009-10-14 00:00:00+05:30,100.5595457387721,101.4596024610272,99.59576179781278,100.52369689941406,5584818
2009-10-15 00:00:00+05:30,101.62287952729562,101.76625300177928,99.29308426683933,100.17323303222656,2741256
2009-10-16 00:00:00+05:30,99.56786392819863,100.98167595353381,98.46470289100694,99.23731231689453,2960628
2009-10-20 00:00:00+05:30,98.92670216056885,99.69533749958028,96.23847655837949,96.43760681152344,6951954
2009-10-21 00:00:00+05:30,96.45748190587628,96.77608874402273,93.58606065659785,93.89271545410156,6259008
2009-10-22 00:00:00+05:30,93.988323301457,94.73704333749545,92.83736122332489,93.33916473388672,6566628
2009-10-23 00:00:00+05:30,94.14760436045918,94.42638079201987,93.0324913419401,93.65775299072266,5984652
2009-10-26 00:00:00+05:30,94.37860103616839,94.37860103616839,92.47493758570562,92.92894744873047,6497304
2009-10-27 00:00:00+05:30,92.39528647576093,94.35470672637896,92.11651001757784,92.75769805908203,5820714
2009-10-28 00:00:00+05:30,92.67407105656345,93.35907110453898,89.8464541554855,90.31241607666016,5293140
2009-10-29 00:00:00+05:30,90.0057477129308,93.66173786846963,89.84644793104596,92.67406463623047,7411920
2009-10-30 00:00:00+05:30,92.77760288925143,93.55818271866775,89.71103302316486,90.14911651611328,7565568
2009-11-03 00:00:00+05:30,91.19257139187002,91.75809485848653,88.40080289841413,89.09774780273438,5010792
2009-11-04 00:00:00+05:30,90.56328950503847,91.00933609605225,88.03038337968792,90.27654266357422,3638802
2009-11-05 00:00:00+05:30,89.37651107517634,92.71389462171649,88.35299622778267,91.8257827758789,5323800
2009-11-06 00:00:00+05:30,91.82574870686415,93.03246698461834,90.96153397378667,92.26383209228516,4812216
2009-11-09 00:00:00+05:30,91.12086556666081,93.27144537843472,91.12086556666081,92.93690490722656,3180114
2009-11-10 00:00:00+05:30,93.35107365642672,94.30688672216581,89.6632316475117,90.3004379272461,11239842
2009-11-11 00:00:00+05:30,90.30046214041019,92.23598557597806,89.81459231298501,91.6346206665039,4596246
2009-11-12 00:00:00+05:30,92.15635141424147,92.54664144999147,91.00937810352276,91.43949127197266,6229980
2009-11-13 00:00:00+05:30,91.67838625482648,95.89989815399308,90.6429271259752,94.3148422241211,13084296
2009-11-16 00:00:00+05:30,95.41009236185708,96.52122402989914,93.84893235095531,95.54948425292969,7458642
2009-11-17 00:00:00+05:30,95.57737165760828,95.96766169719328,92.43911771232472,93.43873596191406,5213442
2009-11-18 00:00:00+05:30,93.98828565665092,94.6812486592682,92.87316557042035,93.97633361816406,5616096
2009-11-19 00:00:00+05:30,94.33877811033173,94.33877811033173,92.23599158185328,92.68601989746094,3944460
2009-11-20 00:00:00+05:30,91.8377418951711,93.59006163748359,91.8377418951711,93.09224700927734,4840308
2009-11-23 00:00:00+05:30,94.0679731749327,95.10344019745666,93.11215970561153,94.5020751953125,3197376
2009-11-24 00:00:00+05:30,94.78484376993461,95.12734752357268,92.71391678790596,93.45467376708984,3696252
2009-11-25 00:00:00+05:30,93.43073640129641,94.54584932400601,93.19178311126753,93.98829650878906,3796410
2009-11-26 00:00:00+05:30,94.14762353147393,94.38259530700763,92.90108156295149,93.5223617553711,8156646
2009-11-27 00:00:00+05:30,90.48762353437473,95.89992130111965,89.21719245184231,92.80547332763672,6146478
2009-11-30 00:00:00+05:30,93.37895433645282,96.10700905733437,93.37895433645282,95.56139373779297,6747054
2009-12-01 00:00:00+05:30,95.89995302886871,96.74425297490906,94.96404748667914,95.40611267089844,4433298
2009-12-02 00:00:00+05:30,96.13887650662286,96.29021310476621,93.82898983218105,94.382568359375,6027366
2009-12-03 00:00:00+05:30,94.54583892203854,96.77209023227006,94.3228192789436,95.57732391357422,5418474
2009-12-04 00:00:00+05:30,94.78478412788292,95.34234412663301,93.1997280993144,93.91658782958984,4503708
2009-12-07 00:00:00+05:30,94.22728404067334,94.35472389705974,93.09623708454811,93.91265869140625,3642726
2009-12-08 00:00:00+05:30,93.74936092138948,94.41842734289946,93.2037454584598,93.96839904785156,4071798
2009-12-09 00:00:00+05:30,93.98829554733341,94.70515541008695,93.43073544554434,93.98431396484375,3079830
2009-12-10 00:00:00+05:30,93.82898757565056,95.42201433880443,93.35108100515951,95.21890258789062,3300216
2009-12-11 00:00:00+05:30,95.19896858865451,96.00344497630863,94.03208076223068,94.75292205810547,5447910
2009-12-14 00:00:00+05:30,94.94412413783583,96.9353969966845,94.78481705868863,95.8282470703125,3939696
2009-12-15 00:00:00+05:30,96.28228506272124,96.28228506272124,94.62554491839204,95.09150695800781,2588832
2009-12-16 00:00:00+05:30,95.09144739495176,95.34632696876153,94.07190722288956,94.70513916015625,2450214
2009-12-17 00:00:00+05:30,94.78480620053188,96.68846942773362,93.98830006514758,95.63309478759766,3492114
2009-12-18 00:00:00+05:30,96.05926024311123,96.05926024311123,93.99629651674523,94.40650177001953,1731024
2009-12-21 00:00:00+05:30,95.23484296892882,95.23484296892882,93.43074831605377,93.82501983642578,2443920
2009-12-22 00:00:00+05:30,95.07880375421895,95.07880375421895,93.24266199661372,93.91402435302734,3786336
2009-12-23 00:00:00+05:30,94.29015567334109,96.2314473034511,93.67540789315034,95.36190795898438,3519270
2009-12-24 00:00:00+05:30,95.68946148097139,97.18182730231895,95.36186717739834,96.8582763671875,4212102
2009-12-29 00:00:00+05:30,96.90281454102768,97.46497632092884,95.04240503172312,95.57221984863281,6547938
2009-12-30 00:00:00+05:30,96.16267355033486,96.16267355033486,94.79972475988305,94.99385833740234,2315994
2009-12-31 00:00:00+05:30,95.28502655029297,95.77034927874172,94.89677429188367,95.28502655029297,4365294
2010-01-04 00:00:00+05:30,95.20415174614082,96.49834085203925,95.12326214998302,96.04942321777344,1905762
2010-01-05 00:00:00+05:30,96.42554593304996,98.27786067344623,96.1869279176857,97.73187255859375,4657392
2010-01-06 00:00:00+05:30,98.04326790356494,99.24848786464233,97.64692154270753,98.96538543701172,4203690
2010-01-07 00:00:00+05:30,98.76320174297032,99.88753253856783,97.87344563718905,99.07057189941406,6394536
2010-01-08 00:00:00+05:30,99.08673204021544,100.1867949814938,97.8734251475003,98.33448028564453,5678652
2010-01-11 00:00:00+05:30,99.5194723284924,99.7257359733371,98.11608271849596,98.39918518066406,5078046
2010-01-12 00:00:00+05:30,97.50945181255481,98.44774315020867,96.01303475376605,96.3325424194336,3932952
2010-01-13 00:00:00+05:30,96.17478901201633,97.58626531912334,95.4468049254799,96.68437194824219,3194178
2010-01-14 00:00:00+05:30,97.22229550765054,100.84604329439537,96.82190564958587,99.63273620605469,8584284
2010-01-15 00:00:00+05:30,99.63273008098015,100.08974189579706,97.24251378280347,97.85725402832031,8546700
2010-01-18 00:00:00+05:30,97.76829075097702,98.92497593791995,97.15759379317815,98.07970428466797,3182250
2010-01-19 00:00:00+05:30,98.03523625280337,98.43158283636701,96.09394444581716,96.80574798583984,5830440
2010-01-20 00:00:00+05:30,97.21823376243717,98.2616746990093,93.66728951543557,93.92208099365234,8113314
2010-01-21 00:00:00+05:30,94.23352266190963,95.17181400045001,91.4914441117301,92.2072982788086,5594190
2010-01-22 00:00:00+05:30,91.35392471577616,91.35392471577616,88.97583869947898,90.1487045288086,10479762
2010-01-25 00:00:00+05:30,90.6825404585351,91.1435954966962,89.01626552685433,90.6784896850586,3368646
2010-01-27 00:00:00+05:30,90.14062143841551,90.41563719218586,89.2023302180702,89.69573974609375,3637746
2010-01-28 00:00:00+05:30,90.51269172421777,91.69364422789893,86.9536607379466,89.16592407226562,9457560
2010-01-29 00:00:00+05:30,89.06478916143078,90.59355988611476,88.1669467409995,88.68462371826172,4827714
2010-02-01 00:00:00+05:30,87.84342017524635,89.68360478828069,87.84342017524635,89.10121154785156,2698374
2010-02-02 00:00:00+05:30,89.78471313739065,90.5854927518463,88.32874481624378,89.38836669921875,4362108
2010-02-03 00:00:00+05:30,89.82514701328866,92.30029592246228,89.54204455318944,91.7098159790039,3031386
2010-02-04 00:00:00+05:30,92.20729658850901,93.42464706284514,91.02230047660261,92.17898559570312,12828696
2010-02-05 00:00:00+05:30,90.3670990786918,91.15979195585955,87.44707569525104,87.97688293457031,6177252
2010-02-08 00:00:00+05:30,87.75444728389633,90.96566734841075,86.8808647944227,90.4439468383789,4135308
2010-02-09 00:00:00+05:30,90.44395848671763,91.30944694396298,89.10527729347854,89.48139953613281,2701572
2010-02-10 00:00:00+05:30,89.86560760634798,90.51270220456789,87.74232035624081,87.92431640625,5141856
2010-02-11 00:00:00+05:30,91.96870462928568,91.96870462928568,88.24789265073751,88.99610137939453,3333348
2010-02-15 00:00:00+05:30,89.05670141122278,89.43282348225672,87.20843059305257,88.02943420410156,2329152
2010-02-16 00:00:00+05:30,88.95967098151765,89.78471826284533,87.52797019841398,89.218505859375,2439060
2010-02-17 00:00:00+05:30,90.10823796560162,90.51267102448895,88.58351059677933,88.95155334472656,3398442
2010-02-18 00:00:00+05:30,86.14479970942067,89.70383121954636,86.14479970942067,89.25895690917969,3234786
2010-02-19 00:00:00+05:30,88.56734732912491,90.18913052483839,87.98496158370828,89.76851654052734,3820998
2010-02-22 00:00:00+05:30,89.7847092958805,90.59358301927752,89.12547724833912,89.58248901367188,3981498
2010-02-23 00:00:00+05:30,89.21850629909771,89.54205730345231,88.32875029392044,89.09717559814453,3667074
2010-02-24 00:00:00+05:30,89.37621046207667,89.61077763680689,87.84743972856023,89.0769271850586,2067654
2010-02-25 00:00:00+05:30,89.07696077557378,90.22960246081881,88.1710238671473,89.77259063720703,2657376
2010-02-26 00:00:00+05:30,90.1850865915228,91.6936332477303,88.57139014261452,90.3994369506836,5019594
2010-03-02 00:00:00+05:30,90.60168494891523,92.09809455294842,89.18615754697763,89.70787811279297,5567304
2010-03-03 00:00:00+05:30,90.02737712340212,90.29026276856705,88.0537316136739,89.04460144042969,5705274
2010-03-04 00:00:00+05:30,88.32874994168482,89.70382874519133,88.16697814287178,88.57545471191406,6390648
2010-03-05 00:00:00+05:30,89.7847235170235,89.7847235170235,88.24786542077506,88.53097534179688,8786622
2010-03-08 00:00:00+05:30,89.38026552001199,89.57843500436094,88.85853769821256,89.01627349853516,6550692
2010-03-09 00:00:00+05:30,89.1780627008458,89.38028299857878,88.24785821779979,88.66847229003906,3563196
2010-03-10 00:00:00+05:30,88.24786741974202,88.88283196350443,87.60077276713477,88.04969787597656,7231278
2010-03-11 00:00:00+05:30,88.40965419638721,88.40965419638721,87.09927648979216,87.66144561767578,4789890
2010-03-12 00:00:00+05:30,87.78275808636307,88.34492709735987,87.44707698958817,87.73827362060547,6732840
2010-03-15 00:00:00+05:30,87.73827071243,87.94452696333956,86.18927530805136,86.53305053710938,2579190
2010-03-16 00:00:00+05:30,87.11545021449206,87.91622994231044,86.33488733481528,86.63821411132812,5840634
2010-03-17 00:00:00+05:30,87.27717236090834,87.67351862964456,86.54918851154366,86.8322982788086,4512120
2010-03-18 00:00:00+05:30,87.15183546177013,87.15183546177013,84.931485256857,85.27120971679688,7020342
2010-03-19 00:00:00+05:30,85.57859253320383,85.98303317432986,84.539194748279,85.4855728149414,4986024
2010-03-22 00:00:00+05:30,85.25503705506904,86.48451747525185,84.65647032132851,85.67160034179688,4146252
2010-03-23 00:00:00+05:30,85.92235097035501,86.87681558915789,85.60284337084342,86.48855590820312,5168454
2010-03-25 00:00:00+05:30,86.46834745316472,86.54922964902603,84.97597392828335,85.46939086914062,6617802
2010-03-26 00:00:00+05:30,85.74037531590112,87.68166677659745,85.74037531590112,87.35002899169922,7182120
2010-03-29 00:00:00+05:30,87.68973264524047,88.8868586385375,87.03858733987644,88.4136734008789,2926800
2010-03-30 00:00:00+05:30,88.69270707746948,89.95454882706589,88.3287151195592,88.75741577148438,3564894
2010-03-31 00:00:00+05:30,88.82213890218328,89.86558712771719,88.02135942680033,88.87067413330078,6004680
2010-04-01 00:00:00+05:30,89.05672909424212,89.54205186859767,87.33787513325362,87.71804809570312,3007356
2010-04-05 00:00:00+05:30,88.409633399825,89.78471210777109,87.64120074662883,88.72913360595703,2521854
2010-04-06 00:00:00+05:30,88.73316460544982,88.73316460544982,87.19631432417185,87.7503890991211,3079734
2010-04-07 00:00:00+05:30,88.48646587062825,88.65228842074416,87.20440695823686,87.59266662597656,2997648
2010-04-08 00:00:00+05:30,87.900017801381,87.900017801381,85.50575900484726,85.8697509765625,5050782
2010-04-09 00:00:00+05:30,85.82123397163146,86.75143834309004,85.78079287911142,86.04772186279297,2996088
2010-04-12 00:00:00+05:30,86.91321897122457,86.9415299605034,84.5270535661904,85.16606140136719,2432766
2010-04-13 00:00:00+05:30,84.95171172203347,85.74036124854825,83.93657427936289,84.15092468261719,4208106
2010-04-15 00:00:00+05:30,84.55128808145692,85.65944488475002,83.92037458172516,84.09427642822266,4682466
2010-04-16 00:00:00+05:30,84.2035138400506,84.27630930482607,83.20051378464314,83.42699432373047,2813412
2010-04-19 00:00:00+05:30,82.90929922562343,83.23285018851855,80.81432321797558,81.19449615478516,6449718
2010-04-20 00:00:00+05:30,82.01953689748824,82.50485960102368,80.9396909199472,81.0893325805664,5451660
2010-04-21 00:00:00+05:30,81.2996514465537,82.00336798831522,80.88308816253307,81.67173767089844,4207668
2010-04-22 00:00:00+05:30,81.37244965023598,83.16814233160875,80.56357593740539,82.1085205078125,6750660
2010-04-23 00:00:00+05:30,82.01953466852764,82.88503025551564,81.53421197818133,82.33499145507812,4125792
2010-04-26 00:00:00+05:30,81.29966688363119,83.2126473555123,81.04891871070721,82.32289123535156,2957922
2010-04-27 00:00:00+05:30,83.06299070763953,84.85059677159822,82.18132148568539,84.51895904541016,4901772
2010-04-28 00:00:00+05:30,84.1226279007844,84.76972999443055,82.9982970847373,84.13072204589844,3393618
2010-04-29 00:00:00+05:30,84.28439369492594,85.08112996734062,83.57258298644079,84.67669677734375,4176486
2010-04-30 00:00:00+05:30,84.93148821189129,85.8374250735432,83.63729163732596,85.31974792480469,12740574
2010-05-03 00:00:00+05:30,84.93149953166181,85.63521618955062,84.4259524231127,84.73737335205078,3243480
2010-05-04 00:00:00+05:30,84.78991844785129,85.53812675317836,84.09024537519721,84.42996978759766,2261568
2010-05-05 00:00:00+05:30,83.72627603635397,84.41786255946204,82.423992598035,83.398681640625,2686314
2010-05-06 00:00:00+05:30,83.31372909565303,84.89102780364321,82.59383181312062,84.3531265258789,4716900
2010-05-07 00:00:00+05:30,82.92142736979247,85.86976121099761,82.92142736979247,84.50276947021484,6830808
2010-05-10 00:00:00+05:30,85.25505092228762,85.3035787646715,83.79908235286776,85.0042953491211,3745860
2010-05-11 00:00:00+05:30,84.89914464744585,84.89914464744585,82.56959347921247,83.3097152709961,6134346
2010-05-12 00:00:00+05:30,83.70200121312989,83.79097755253112,82.73135562361692,83.1479263305664,4782966
2010-05-13 00:00:00+05:30,83.33397540061547,85.05687300265618,83.15197933150073,84.59986114501953,7500012
2010-05-14 00:00:00+05:30,84.5998545868785,85.37637405041491,84.1226185123001,84.49065399169922,5117970
2010-05-17 00:00:00+05:30,83.3380199751795,84.04174404361518,82.50488585816957,83.07109832763672,3254052
2010-05-18 00:00:00+05:30,83.87185002109004,85.48958987134559,82.5129449922658,85.0406723022461,2941518
2010-05-19 00:00:00+05:30,85.49768752672674,85.49768752672674,81.85776716000852,82.91738891601562,9495072
2010-05-20 00:00:00+05:30,86.12052121247555,92.3730950388459,86.12052121247555,90.48438262939453,31212816
2010-05-21 00:00:00+05:30,83.63727790914008,91.15977991602459,83.63727790914008,88.5511703491211,14380698
2010-05-24 00:00:00+05:30,89.3802679671854,91.40244098268694,86.9738712668008,87.51985931396484,4973868
2010-05-25 00:00:00+05:30,87.51988181105826,88.03755900626165,85.74036969242609,87.38237762451172,8610924
2010-05-26 00:00:00+05:30,88.57139772280108,89.78470454092164,85.7403509489988,86.5492172241211,22784382
2010-05-27 00:00:00+05:30,86.46834604375879,92.21132991189761,86.46834604375879,90.85242462158203,15848724
2010-05-28 00:00:00+05:30,91.72598094380068,92.61169329986923,90.67444606591337,91.56825256347656,6260430
2010-05-31 00:00:00+05:30,92.2113372187382,95.25673499891843,91.77454963619331,94.45191192626953,10406520
2010-06-01 00:00:00+05:30,94.63798371253952,95.55200769604625,92.21136874555133,92.66838073730469,3918936
2010-06-02 00:00:00+05:30,92.85847033110036,96.12631403158436,92.80589910032928,95.63694763183594,13053228
2010-06-03 00:00:00+05:30,96.09390632447567,98.27785874094101,96.09390632447567,97.9583511352539,7253076
2010-06-04 00:00:00+05:30,98.84403656433554,99.49113088208213,95.85121145956693,96.23138427734375,15500760
2010-06-07 00:00:00+05:30,95.4468040455069,97.69546499357408,94.36291466298455,95.38209533691406,8072346
2010-06-08 00:00:00+05:30,94.47617088241688,95.02620238236658,93.50552531652026,94.17688751220703,6225390
2010-06-09 00:00:00+05:30,94.96146609697587,97.71162279832265,94.50040366267623,96.27992248535156,9912222
2010-06-10 00:00:00+05:30,97.06455149327152,97.43663029921237,95.33761085425789,96.15052795410156,4463202
2010-06-11 00:00:00+05:30,97.0645556158407,97.38810660303946,94.90487073447582,95.44681549072266,10551030
2010-06-14 00:00:00+05:30,97.46900211978772,97.46900211978772,94.97767917247532,96.82999420166016,4780392
2010-06-15 00:00:00+05:30,96.95130716499611,97.38810208828102,93.86141796707584,94.34674072265625,7128750
2010-06-16 00:00:00+05:30,94.47617172481613,95.36592769967557,93.26286475662687,94.19306182861328,6838254
2010-06-17 00:00:00+05:30,94.0717353367822,96.24760123844585,93.90996353560514,95.93618774414062,3829254
2010-06-18 00:00:00+05:30,92.44184563155937,96.74503388474069,92.44184563155937,96.49832916259766,4833090
2010-06-21 00:00:00+05:30,97.06454215154899,98.16460498781672,96.2556684984738,97.40830993652344,6540288
2010-06-22 00:00:00+05:30,97.0645688845816,97.95432496421063,96.1101040797547,96.82999420166016,5033898
2010-06-23 00:00:00+05:30,96.24761782503259,97.52159041812443,96.23144434484685,96.60352325439453,3253842
2010-06-24 00:00:00+05:30,97.14545200354026,97.90983395135044,95.08687342192091,96.20311737060547,7286670
2010-06-25 00:00:00+05:30,96.41744975011136,104.42527465017982,95.95638724060628,102.19278717041016,23538084
2010-06-28 00:00:00+05:30,102.07953680158681,107.69310209659355,102.07953680158681,105.5455551147461,23743500
2010-06-29 00:00:00+05:30,105.15327279493259,106.36657976023783,103.53552523756694,105.63859558105469,11901846
2010-06-30 00:00:00+05:30,104.34034290568852,107.34125559378629,104.34034290568852,106.83570861816406,13854462
2010-07-01 00:00:00+05:30,106.83571137425668,108.94686825272402,104.88229031043689,105.33930206298828,13328382
2010-07-02 00:00:00+05:30,105.19369995498406,107.20778628837179,105.19369995498406,105.662841796875,5945952
2010-07-05 00:00:00+05:30,104.93489508861492,105.95407612961645,103.7215878519177,103.97234344482422,3951624
2010-07-06 00:00:00+05:30,103.37375416046648,105.07238392366662,103.37375416046648,104.62345886230469,4904106
2010-07-07 00:00:00+05:30,105.04404620296168,105.04404620296168,102.3221929431192,102.38285827636719,5186916
2010-07-08 00:00:00+05:30,103.37376286852788,104.98341642888806,103.00168400669554,103.99659729003906,5412180
2010-07-09 00:00:00+05:30,103.9966209534807,105.47684999856624,103.64880222967301,104.6598892211914,6772956
2010-07-12 00:00:00+05:30,105.47681270838791,105.47681270838791,103.11490757746515,103.38993072509766,6248862
2010-07-13 00:00:00+05:30,103.88740150631368,104.42530297635487,102.78733834793933,103.30501556396484,5065212
2010-07-14 00:00:00+05:30,103.92377038485525,104.21092360930604,101.51333767409061,101.79644012451172,8188926
2010-07-15 00:00:00+05:30,102.16044333963225,102.7954077923274,99.65698325560481,100.05333709716797,8100378
2010-07-16 00:00:00+05:30,98.94520726416044,102.07958189070295,98.70658918179255,101.81266021728516,8592060
2010-07-19 00:00:00+05:30,101.50525409951373,102.3141278490647,100.79345082804159,101.84498596191406,3253020
2010-07-20 00:00:00+05:30,101.84497854290197,102.6781124458443,101.31920731154726,101.8490219116211,4290432
2010-07-21 00:00:00+05:30,102.32219302217416,103.1998186708688,101.44456737347954,102.89649200439453,4300062
2010-07-22 00:00:00+05:30,102.89651169332099,103.67303107025415,101.7438701401644,103.3575668334961,3270120
2010-07-23 00:00:00+05:30,103.377804906123,103.76202127702747,101.55380094621326,101.91374969482422,3512862
2010-07-26 00:00:00+05:30,102.32220349066756,102.40309307848183,101.01183363852319,101.53355407714844,3239190
2010-07-27 00:00:00+05:30,101.92590915638199,102.92082271342709,101.80053504477138,102.15239715576172,2750628
2010-07-28 00:00:00+05:30,101.91779116265901,103.51127119464489,101.5133579519216,101.88139343261719,5236176
2010-07-29 00:00:00+05:30,100.73683716125754,102.4111993701149,98.68230196306317,100.8298568725586,15344016
2010-07-30 00:00:00+05:30,100.30002933585176,101.07654122962737,98.73486063183535,100.35665130615234,7286052
2010-08-02 00:00:00+05:30,100.3000323925893,103.85906324399805,100.3000323925893,103.36161041259766,4191714
2010-08-03 00:00:00+05:30,104.34443303000063,104.34443303000063,102.43145225147998,102.86015319824219,5408688
2010-08-04 00:00:00+05:30,103.1311150529499,103.3737765001333,101.73985510170638,102.16451263427734,4071342
2010-08-05 00:00:00+05:30,99.31724661629517,102.67810787582397,99.31724661629517,100.4901123046875,5340498
2010-08-06 00:00:00+05:30,99.03821593984355,100.85008989119645,97.7116648393574,99.5599365234375,5066004
2010-08-09 00:00:00+05:30,100.30003653616785,102.31816633659223,98.96944235489435,99.70955657958984,5460756
2010-08-10 00:00:00+05:30,100.26771748425924,100.44566280221363,98.88454421042816,99.91585540771484,4457454
2010-08-11 00:00:00+05:30,100.30005926165694,101.03613028430698,99.32941355075522,100.08975219726562,6289722
2010-08-12 00:00:00+05:30,99.89559780972489,103.09468758196604,99.41027505533685,102.43949890136719,7668096
2010-08-13 00:00:00+05:30,102.48400588187138,104.18263577270108,102.48400588187138,103.33736419677734,5054388
2010-08-16 00:00:00+05:30,103.1310740296938,103.74581414324454,102.00270023022097,102.7630386352539,2064042
2010-08-17 00:00:00+05:30,102.07954512043828,103.16747789473239,100.85410818881593,101.84092712402344,2001426
2010-08-18 00:00:00+05:30,101.962241207166,105.4039916248705,100.75702872065649,103.86713409423828,8320986
2010-08-19 00:00:00+05:30,104.18265273761621,104.8095232195894,102.07958187907438,102.45975494384766,2795226
2010-08-20 00:00:00+05:30,102.16043471062012,103.53551331108845,101.23427371125253,101.84092712402344,2250120
2010-08-23 00:00:00+05:30,101.4567197314146,104.91060086652925,101.270680336142,103.79031372070312,4469316
2010-08-24 00:00:00+05:30,104.02084035813242,104.48190289532197,102.32221073188137,102.93695831298828,5260752
2010-08-25 00:00:00+05:30,103.1310958660275,104.26351327372404,102.35053304802264,103.26051330566406,4110342
2010-08-26 00:00:00+05:30,103.37379010351772,105.02388519933189,103.15943962399442,104.33230590820312,7195542
2010-08-27 00:00:00+05:30,104.78927061020374,107.89533317997959,103.6972944466273,106.62540435791016,9813786
2010-08-30 00:00:00+05:30,107.66076862263803,109.9984062089822,107.18353998158888,108.72443389892578,11828838
2010-08-31 00:00:00+05:30,108.38872907555618,109.19760267496062,107.49897330001679,108.1946029663086,6250044
2010-09-01 00:00:00+05:30,109.16527034445159,109.57779766661403,107.76592399306287,108.30382537841797,4029264
2010-09-02 00:00:00+05:30,108.79318343194034,109.9094198104126,106.77100287863853,106.88424682617188,5363232
2010-09-03 00:00:00+05:30,107.82253098970769,108.68801920456534,107.0945469261735,108.30785369873047,4640760
2010-09-06 00:00:00+05:30,107.74164417783042,110.97713145645449,106.7709987347869,109.25423431396484,6508818
2010-09-07 00:00:00+05:30,109.79617795536988,110.39069384027724,108.63139899161231,109.49285125732422,7104702
2010-09-08 00:00:00+05:30,108.8174623649485,110.39476154245982,108.39280489408006,109.64251708984375,6399516
2010-09-09 00:00:00+05:30,110.01056543338672,111.15565429871464,108.98815743990868,110.90618896484375,4766208
2010-09-13 00:00:00+05:30,112.87328858937722,113.60941873235143,111.75682753452091,113.06549835205078,6572406
2010-09-14 00:00:00+05:30,113.28226861435132,115.6297097846118,111.76502580629491,114.2065200805664,8323002
2010-09-15 00:00:00+05:30,114.5091465737475,118.87685718125132,114.14108145173728,115.07760620117188,15575154
2010-09-16 00:00:00+05:30,115.32703816592881,117.12646962632054,114.01836005943466,114.4886703491211,5001774
2010-09-17 00:00:00+05:30,115.32706899023542,116.34946958801918,113.60943179250852,114.28421783447266,7716156
2010-09-20 00:00:00+05:30,114.91811682430823,116.21861063882172,114.51733528779313,114.8526840209961,6851880
2010-09-21 00:00:00+05:30,114.99990638702322,115.81783142141151,114.29240389062542,114.82405853271484,5398812
2010-09-22 00:00:00+05:30,115.3270747874213,116.0468431071554,114.10019101308703,114.72589874267578,5038278
2010-09-23 00:00:00+05:30,115.32705169667518,117.24917172105404,114.91809301654678,116.5293960571289,9012420
2010-09-24 00:00:00+05:30,117.12648134895421,118.41062041861649,115.67057559291571,117.54361724853516,6950910
2010-09-27 00:00:00+05:30,118.18974897330251,119.99735743617227,117.73989677997949,119.244873046875,6416928
2010-09-28 00:00:00+05:30,118.03845773621299,120.44724248602472,118.03845773621299,119.25716400146484,6123840
2010-09-29 00:00:00+05:30,119.98924309298101,119.98924309298101,115.81783791387943,116.25542449951172,4641462
2010-09-30 00:00:00+05:30,116.55803859504779,116.70935474862961,113.0655087094511,114.84449005126953,10107282
2010-10-01 00:00:00+05:30,115.02850584280257,116.6193657863717,114.36190462971041,114.9180908203125,10126602
2010-10-04 00:00:00+05:30,115.24527590252627,118.14072599899444,113.69122816969423,114.0470199584961,7828398
2010-10-05 00:00:00+05:30,110.74671855357981,115.13896125997098,110.74671855357981,113.74031066894531,4812792
2010-10-06 00:00:00+05:30,115.21665485203468,115.21665485203468,113.05734235580766,113.30271911621094,6158262
2010-10-07 00:00:00+05:30,113.30271986876272,114.5377809074479,112.30076226102625,113.22501373291016,6203238
2010-10-08 00:00:00+05:30,113.69124702981087,114.10020584498145,110.8080697853409,111.4378662109375,4711794
2010-10-11 00:00:00+05:30,113.23727145018357,113.24136006387975,110.70579804305467,111.33560180664062,4175916
2010-10-12 00:00:00+05:30,112.16986886045285,112.18623080174333,110.09643273966313,111.22925567626953,4837332
2010-10-13 00:00:00+05:30,111.81000598495945,113.68304805648992,111.26609300059691,112.88148498535156,7617498
2010-10-14 00:00:00+05:30,113.10229205890543,113.49489626025156,110.42359902465085,110.83255767822266,3243054
2010-10-15 00:00:00+05:30,112.05536553540162,112.05536553540162,108.91045792273172,109.6302261352539,4364958
2010-10-18 00:00:00+05:30,109.63023259770843,112.35800444301705,108.00665604991684,111.59324645996094,6438486
2010-10-19 00:00:00+05:30,112.13717152762912,112.41526467041757,109.51982209894258,110.46861267089844,5381238
2010-10-20 00:00:00+05:30,110.25593473530296,111.70365579004142,109.60159186631061,110.4563217163086,1889988
2010-10-21 00:00:00+05:30,111.06979589252403,112.13718636322668,109.77339059264594,111.24565124511719,5013066
2010-10-22 00:00:00+05:30,111.80593118544816,111.92453096393972,109.45440864216069,109.91653442382812,2689536
2010-10-25 00:00:00+05:30,111.23745564459028,111.40103763841331,109.91241528556094,110.1618881225586,5148702
2010-10-26 00:00:00+05:30,110.82027968946251,110.82027968946251,107.96573167692158,108.30925750732422,5765184
2010-10-27 00:00:00+05:30,108.2111137437467,108.26428068691095,105.57740309863324,106.20720672607422,5111040
2010-10-28 00:00:00+05:30,106.98422787625393,108.66097094686765,105.67554980980164,106.64479064941406,13989654
2010-10-29 00:00:00+05:30,108.575113938114,108.575113938114,105.51199344018897,106.66117095947266,4452246
2010-11-01 00:00:00+05:30,108.29295906160836,109.02908943101134,107.1478623836668,107.9126205444336,2571858
2010-11-02 00:00:00+05:30,107.99438510695832,109.18446370239046,107.41774831450117,108.81639862060547,2180070
2010-11-03 00:00:00+05:30,109.43802606952819,110.15779434584728,108.62828582263124,108.82049560546875,4693920
2010-11-04 00:00:00+05:30,109.82243547400604,113.1186589912861,108.70187837991267,111.92449188232422,5213736
2010-11-08 00:00:00+05:30,114.18195732470845,114.18195732470845,109.84696407611987,110.4726791381836,7205400
2010-11-09 00:00:00+05:30,110.98390396213138,111.77728980653504,108.81232565789654,109.39305114746094,5196576
2010-11-10 00:00:00+05:30,109.60159353212477,110.64853315246148,109.60159353212477,110.26002502441406,2055864
2010-11-11 00:00:00+05:30,110.41950633921215,110.73849302887129,107.2296094894127,107.77761840820312,5053794
2010-11-12 00:00:00+05:30,108.18249653270146,108.53829574175165,105.91685067902033,106.71432495117188,6405996
2010-11-15 00:00:00+05:30,106.71436623961316,108.61194777879487,105.55291508261544,107.5118408203125,2820924
2010-11-16 00:00:00+05:30,108.53012243772967,108.53012243772967,104.36690282964027,105.79008483886719,3510384
2010-11-18 00:00:00+05:30,108.35837711470919,108.35837711470919,102.40390215834819,104.87811279296875,5800602
2010-11-19 00:00:00+05:30,105.43022490573613,105.43022490573613,102.34666057285096,103.35270690917969,2874444
2010-11-22 00:00:00+05:30,103.06231812975155,106.73888057004929,101.83543444503833,106.06409454345703,4750710
2010-11-23 00:00:00+05:30,105.51199659845251,105.92095532947705,102.11761591720726,104.09290313720703,5386170
2010-11-24 00:00:00+05:30,104.6940463476307,104.89852940787925,101.01339619296827,102.0317153930664,3377418
2010-11-25 00:00:00+05:30,102.0480602542079,103.54894795322392,98.60460987444468,100.34268951416016,8742108
2010-11-26 00:00:00+05:30,101.01339629355934,102.19529745005212,97.49633557891416,101.50006103515625,5960676
2010-11-29 00:00:00+05:30,102.48977726414063,102.48977726414063,100.29774841812741,101.67185974121094,2647794
2010-11-30 00:00:00+05:30,101.74953920722393,102.21166484194569,100.30590673935113,101.85587310791016,4231428
2010-12-01 00:00:00+05:30,102.24029765925683,106.63254694457359,101.9540273149229,105.20526885986328,5444130
2010-12-02 00:00:00+05:30,109.27444492872445,110.7998648500025,106.75933332333287,107.4709243774414,11644164
2010-12-03 00:00:00+05:30,107.96580662183801,109.01683539396429,107.14788134829763,107.93309020996094,7572450
2010-12-06 00:00:00+05:30,109.17628089166901,109.2744375725001,107.80217721967438,108.00665283203125,3349338
2010-12-07 00:00:00+05:30,108.78368262745293,110.09235348645497,108.37471643174942,109.43392944335938,8844924
2010-12-08 00:00:00+05:30,110.0105787892665,111.55236070549034,109.60161254690327,110.03511047363281,11054448
2010-12-09 00:00:00+05:30,110.55857048270482,110.89800776775694,105.8882282486444,108.09661865234375,7655118
2010-12-10 00:00:00+05:30,108.70189698378056,108.74279061145043,107.58543580014907,108.12934875488281,5738214
2010-12-13 00:00:00+05:30,108.70192120109243,109.12315336666137,107.81856323317413,108.62831115722656,5770620
2010-12-14 00:00:00+05:30,109.26220052977176,109.72841496533806,108.47291062546886,108.93912506103516,3887496
2010-12-15 00:00:00+05:30,109.75701780435298,109.91651868325877,107.10695188700646,108.27249145507812,4209096
2010-12-16 00:00:00+05:30,109.11086231207585,109.43803381809688,106.65709473767906,108.77960968017578,11786376
2010-12-20 00:00:00+05:30,110.61918463077949,110.96280105911728,108.61615321594716,109.3243408203125,8097570
2010-12-21 00:00:00+05:30,109.61349478547393,109.78110977158937,108.61616835401199,109.03520965576172,3671034
2010-12-22 00:00:00+05:30,109.62186799978817,110.45995823326814,109.16930372400364,109.38720703125,3879690
2010-12-23 00:00:00+05:30,109.94875352813705,109.957140034329,108.29353496570297,108.97238159179688,3540876
2010-12-24 00:00:00+05:30,107.44282903425912,108.95138666029588,107.44282903425912,108.51139068603516,2734644
2010-12-27 00:00:00+05:30,108.77543011087512,109.37047304278944,108.53657198563504,108.91371154785156,2787534
2010-12-28 00:00:00+05:30,108.94303265591503,108.94303265591503,107.8241900199352,108.10494995117188,2639922
2010-12-29 00:00:00+05:30,108.85081832285744,109.45424755767256,108.134259534127,109.2321548461914,3858492
2010-12-30 00:00:00+05:30,109.34528642196663,109.34528642196663,107.69425796054358,108.49881744384766,5010018
2010-12-31 00:00:00+05:30,108.12166897870263,109.16089699264371,107.62720296839257,107.96243286132812,4598454
2011-01-03 00:00:00+05:30,109.2866205615173,109.2866205615173,108.12586872314847,108.34796142578125,3086238
2011-01-04 00:00:00+05:30,108.56166232251847,108.73347435233143,107.61462447008483,107.86605072021484,4576776
2011-01-05 00:00:00+05:30,108.02108468492871,108.02108468492871,105.43139768305096,106.11443328857422,5421078
2011-01-06 00:00:00+05:30,106.38686032108176,106.48742931824383,101.95337655811406,102.85851287841797,9529842
2011-01-07 00:00:00+05:30,102.67831967262302,103.42003039687893,100.57052950331095,101.0608139038086,5663580
2011-01-10 00:00:00+05:30,100.73815219946547,101.38767280982495,97.85513576001577,98.42084503173828,7110408
2011-01-11 00:00:00+05:30,98.6428679337224,101.36664627190422,98.0645831506218,99.29656982421875,6439050
2011-01-12 00:00:00+05:30,99.73242765954875,101.49241172220503,96.2166489494244,99.45166778564453,14537040
2011-01-13 00:00:00+05:30,99.31339097231366,101.30803608793832,98.06882768716271,100.69623565673828,6794286
2011-01-14 00:00:00+05:30,101.15720988149769,101.82767762923413,98.22389718018789,98.81475067138672,4032972
2011-01-17 00:00:00+05:30,98.48370050478495,99.48101936055822,97.07152204943058,98.06465148925781,4277550
2011-01-18 00:00:00+05:30,98.08559242172987,98.55911145076024,96.93740871613892,98.0939712524414,5204790
2011-01-19 00:00:00+05:30,98.14847111300197,99.2505561521606,96.79914912876967,97.12181091308594,4172202
2011-01-20 00:00:00+05:30,95.96944459628807,97.00867303850734,94.05022389484712,95.0643081665039,9200106
2011-01-21 00:00:00+05:30,94.87152290362214,95.45817913323681,92.41592715447227,92.65477752685547,8752776
2011-01-24 00:00:00+05:30,93.69817472583304,95.87720721979834,92.94389601782656,95.39530181884766,4333938
2011-01-25 00:00:00+05:30,95.71799453531546,96.36331794006047,93.02773008267484,94.74162292480469,5506872
2011-01-27 00:00:00+05:30,95.45816272077546,95.96940171738018,93.02771155315295,93.34618377685547,6659538
2011-01-28 00:00:00+05:30,94.28068980007086,95.9568628729381,93.54316843042156,94.94696807861328,6497328
2011-01-31 00:00:00+05:30,95.81019464306823,101.97851840363026,95.79342930746164,98.70997619628906,17166906
2011-02-01 00:00:00+05:30,99.81623067181151,100.4406069413034,98.20291463966814,98.62195587158203,8898528
2011-02-02 00:00:00+05:30,99.2631262987331,101.40863691694736,98.64294688896629,99.0284652709961,11149230
2011-02-03 00:00:00+05:30,99.14578450712435,100.51605339016204,98.31607302146048,100.18501281738281,8452230
2011-02-04 00:00:00+05:30,100.19757015342572,103.34877773989717,99.48100366249581,99.87490844726562,14437500
2011-02-07 00:00:00+05:30,100.57053093996622,102.07908890406571,99.7324406244923,100.11376953125,12533964
2011-02-08 00:00:00+05:30,100.57052883347035,100.90576648722273,93.29593082854646,94.55306243896484,6873978
2011-02-09 00:00:00+05:30,95.05589795127146,96.34655232715906,91.18392715068761,91.95497131347656,4901862
2011-02-10 00:00:00+05:30,91.85441368352907,94.83800638126307,91.18393841404419,91.7203140258789,5458606
2011-02-11 00:00:00+05:30,91.21746915334919,93.53059445087318,88.83730553069246,92.87688446044922,4595268
2011-02-14 00:00:00+05:30,94.25133318340151,95.15646933727817,92.64220650591038,93.68143463134766,4115782
2011-02-15 00:00:00+05:30,93.73170993253491,95.84369672863525,92.18962932887042,94.72065734863281,3585198
2011-02-16 00:00:00+05:30,94.21781132954558,95.20675114114265,93.22886384502716,93.74848175048828,3972225
2011-02-17 00:00:00+05:30,94.4524852001811,94.4524852001811,92.6254549604863,93.14507293701172,2999698
2011-02-18 00:00:00+05:30,93.31270042629889,93.66469578765357,89.52454744793931,89.97711181640625,5878117
2011-02-21 00:00:00+05:30,90.31230525387205,92.99418249384773,88.51879865074461,92.54161834716797,6438177
2011-02-22 00:00:00+05:30,92.86012112507863,92.86012112507863,89.69214803647873,91.16718292236328,6039484
2011-02-23 00:00:00+05:30,91.40183398144652,92.18963583435914,90.54698614185041,91.0330810546875,4505488
2011-02-24 00:00:00+05:30,90.26205337806095,90.83195204207126,87.59693271866458,88.82054138183594,12898323
2011-02-25 00:00:00+05:30,89.49101227912804,90.0776763005439,87.19465220388044,87.86512756347656,3928434
2011-02-28 00:00:00+05:30,88.41826472266195,92.18966000949952,88.16683837020611,90.63082122802734,10273339
2011-03-01 00:00:00+05:30,91.51917825074638,92.35726852130603,90.24528134641261,91.85441589355469,4917810
2011-03-03 00:00:00+05:30,91.686789058637,92.39078730916955,89.57480965288298,90.46318054199219,4893675
2011-03-04 00:00:00+05:30,90.17821796622233,90.88221611309784,89.50775048279296,90.12793731689453,4100439
2011-03-07 00:00:00+05:30,89.17252285386824,89.47423747518107,87.83158773739727,88.45176696777344,3115482
2011-03-08 00:00:00+05:30,88.35119938676068,91.50240693526271,88.35119938676068,91.26774597167969,5202175
2011-03-09 00:00:00+05:30,91.5191860850644,92.17289609168515,89.27311440286822,90.94928741455078,6751722
2011-03-10 00:00:00+05:30,90.8486807018672,93.32942002618957,89.54126123136174,92.54161834716797,4974466
2011-03-11 00:00:00+05:30,92.52486997196146,95.67607726547395,91.93820610109309,94.45246887207031,8258842
2011-03-14 00:00:00+05:30,94.92180398950794,95.87722850214841,93.74848385202334,94.10047912597656,4226475
2011-03-15 00:00:00+05:30,92.72598578648557,93.96635921625766,90.54696112951306,90.89895629882812,5363734
2011-03-16 00:00:00+05:30,91.78737289047186,92.7930781787455,90.68109093503291,91.11689758300781,4696912
2011-03-17 00:00:00+05:30,90.46317175092169,92.49134730738824,90.01060751971168,91.30126190185547,2309043
2011-03-18 00:00:00+05:30,92.40757000697094,92.49138135479281,89.87654863574416,90.56378173828125,2932278
2011-03-21 00:00:00+05:30,91.5191823674073,91.65327436139339,89.57481776291885,90.49671173095703,1839324
2011-03-22 00:00:00+05:30,90.88222729630039,91.63650618531891,89.59157281995235,91.01631927490234,2535307
2011-03-23 00:00:00+05:30,90.99955658952551,91.82088916467035,90.31233134272892,91.40184020996094,2107996
2011-03-24 00:00:00+05:30,91.7706025315615,91.9046945165453,91.18393858787432,91.50241088867188,3487645
2011-03-25 00:00:00+05:30,92.80983584362886,93.07802750120563,91.18394358143347,92.49136352539062,6411241
2011-03-28 00:00:00+05:30,92.3572822024436,94.36869301140482,91.87118716471888,93.59764862060547,7339996
2011-03-29 00:00:00+05:30,93.8491041566314,95.74318121130459,93.69824676446147,95.15652465820312,5875006
2011-03-30 00:00:00+05:30,95.54199284760458,97.20140794217362,94.05020039962822,94.67037963867188,5266102
2011-03-31 00:00:00+05:30,94.82121883728732,98.62613555966085,94.82121883728732,97.6539535522461,9499864
2011-04-01 00:00:00+05:30,98.05623557528966,99.11222887373005,97.21814553410016,98.24061584472656,4220574
2011-04-04 00:00:00+05:30,98.55911904697878,100.23529198333419,97.63722508292167,99.86653900146484,3015000
2011-04-05 00:00:00+05:30,100.46996045859441,101.72709207676272,98.29092720515439,99.39720916748047,4413615
2011-04-06 00:00:00+05:30,99.22957265017031,101.57622056745495,99.16252666295095,99.9335708618164,8120823
2011-04-07 00:00:00+05:30,100.53698619521471,100.9057467750117,97.31873297040713,97.75453186035156,7120737
2011-04-08 00:00:00+05:30,98.03951546778661,98.22389582227298,95.65935154341163,96.36334228515625,4940473
2011-04-11 00:00:00+05:30,96.84937654460339,96.88289952683644,93.5640705753331,94.83796691894531,4788319
2011-04-13 00:00:00+05:30,93.7149691093526,97.40255248964519,93.37973146644521,96.88294219970703,5266890
2011-04-15 00:00:00+05:30,96.73210287794221,96.88296022897018,94.4357426280566,95.89401245117188,4361028
2011-04-18 00:00:00+05:30,96.748833543769,98.10654165120664,95.94427401768455,96.3465576171875,4304644
2011-04-19 00:00:00+05:30,95.89397879825765,97.7210086887271,94.93856203191265,97.06730651855469,3437049
2011-04-20 00:00:00+05:30,97.41932945761981,99.58159755037448,97.41932945761981,98.96141052246094,4385253
2011-04-21 00:00:00+05:30,99.21281871781643,102.48136059156711,99.21281871781643,101.97850799560547,5906080
2011-04-25 00:00:00+05:30,102.5484097626193,103.48706899392353,101.27451289930015,101.71031951904297,3177348
2011-04-26 00:00:00+05:30,101.91144860047024,102.33048981767718,99.61508922583583,101.86116027832031,3934587
2011-04-27 00:00:00+05:30,102.58193183025935,104.57657692403976,102.24669420127802,104.39220428466797,7441954
2011-04-28 00:00:00+05:30,105.59904122459098,107.0405529691257,104.64362439696562,106.52093505859375,13472038
2011-04-29 00:00:00+05:30,106.4036017787745,109.16929078115085,102.11258980651236,103.18534088134766,9647058
2011-05-02 00:00:00+05:30,103.58763798165143,104.55982020886496,101.12366325416927,101.71031951904297,5406627
2011-05-03 00:00:00+05:30,101.55948229412483,102.74956806666346,98.05627865451581,98.54236602783203,4491453
2011-05-04 00:00:00+05:30,99.0284275935255,104.92856612116499,97.90538820575894,103.80552673339844,9973849
2011-05-05 00:00:00+05:30,104.24133500261038,105.86722695809691,102.95068063762486,103.90609741210938,9541876
2011-05-06 00:00:00+05:30,104.59334209920146,105.5822819774554,101.81088743060918,102.33050537109375,8068266
2011-05-09 00:00:00+05:30,102.91716719779009,103.20211649064025,99.98385527273273,101.97850799560547,6130362
2011-05-10 00:00:00+05:30,102.38082280159675,104.6939408440563,101.81091636932871,102.0120620727539,5807154
2011-05-11 00:00:00+05:30,101.2410107814522,102.71604592441093,99.96712132835174,100.67111206054688,4694638
2011-05-12 00:00:00+05:30,100.41971367334865,102.19646400952067,99.7827687693868,101.22428131103516,3684310
2011-05-13 00:00:00+05:30,101.69355741297622,104.0904860438807,101.69355741297622,102.12936401367188,4778640
2011-05-16 00:00:00+05:30,102.85012251010275,103.38649810772407,99.11225098793943,99.54804992675781,11482777
2011-05-17 00:00:00+05:30,99.56480800700277,99.79946895696243,92.3572571230588,92.99420166015625,22836247
2011-05-18 00:00:00+05:30,93.76524974067208,94.63686300822035,91.41860925978055,91.85441589355469,9724798
2011-05-19 00:00:00+05:30,92.86012660494873,93.46354825911928,91.23423430024599,93.09478759765625,4509184
2011-05-20 00:00:00+05:30,93.86581444247433,95.29056081522873,89.67537129662058,91.83763885498047,15459457
2011-05-23 00:00:00+05:30,92.42431578781166,92.42431578781166,88.5523520354002,89.64186096191406,8455621
2011-05-24 00:00:00+05:30,90.07763066419507,90.29553389472827,88.18355522972266,89.05516815185547,6349114
2011-05-25 00:00:00+05:30,89.27311056989997,89.27311056989997,87.63045295568085,87.96569061279297,3169969
2011-05-26 00:00:00+05:30,88.58585056119186,92.64219351548401,87.93214078211615,92.00524139404297,13454910
2011-05-27 00:00:00+05:30,92.07231971576644,95.5084767999521,92.07231971576644,94.85476684570312,7671549
2011-05-30 00:00:00+05:30,95.52520341696089,95.99453289777021,92.25666238089437,93.04447174072266,4577292
2011-05-31 00:00:00+05:30,91.8543985845893,94.93855976389793,90.66431323344683,94.21780395507812,8772271
2011-06-01 00:00:00+05:30,94.87152840616963,95.30733502499652,93.26239391421747,94.4021987915039,2953699
2011-06-02 00:00:00+05:30,93.69819777371022,95.74313115134576,93.31267949645576,94.23457336425781,4074744
2011-06-03 00:00:00+05:30,94.28486311681303,95.17323400317898,93.3964922304471,93.8658218383789,2435163
2011-06-06 00:00:00+05:30,93.22888074083201,93.78202173983391,92.29022908552756,92.47460174560547,2154445
2011-06-07 00:00:00+05:30,92.18963238212015,93.02772253012196,91.51916486747133,92.64220428466797,4568362
2011-06-08 00:00:00+05:30,91.85442829139993,92.07233163769801,90.1782475240419,90.5302505493164,8586996
2011-06-09 00:00:00+05:30,90.5134849977539,90.83195734783772,88.70321222862954,88.90435791015625,6987826
2011-06-10 00:00:00+05:30,89.12225140698462,89.74243070143731,88.53558743733885,89.45748138427734,4565845
2011-06-13 00:00:00+05:30,89.1725511959739,90.66435177016841,88.56912943448161,90.1614990234375,4547260
2011-06-14 00:00:00+05:30,90.51346588134766,91.85440867426742,90.31232791522442,90.51346588134766,4987099
2011-06-15 00:00:00+05:30,90.83194036863522,90.91575169301477,89.07195626711693,89.9603271484375,3563634
2011-06-16 00:00:00+05:30,89.84302369137669,90.79844080963684,89.20607127294618,90.21177673339844,2627772
2011-06-17 00:00:00+05:30,89.50778297282721,89.75920932949246,88.16683984630475,89.10549926757812,2922289
2011-06-20 00:00:00+05:30,88.16683222669182,90.27881957849509,85.63581121389181,85.88723754882812,5156968
2011-06-21 00:00:00+05:30,86.75884620703839,87.71426315906368,83.1550663764719,85.83694458007812,9843882
2011-06-22 00:00:00+05:30,86.55767770794162,88.63613372645096,84.54626766771705,87.42929077148438,5804277
2011-06-23 00:00:00+05:30,87.16113189713974,90.21177109152885,86.57447553051473,88.71997833251953,5468871
2011-06-24 00:00:00+05:30,90.17822873841514,92.32373875293717,90.17822873841514,91.4521255493164,9431793
2011-06-27 00:00:00+05:30,96.71531554101004,99.73243118360226,95.02237740738816,95.2738037109375,28569900
2011-06-28 00:00:00+05:30,96.41360424916434,96.91645683367261,94.35190558351184,95.47494506835938,8229484
2011-06-29 00:00:00+05:30,96.279531901025,96.59801194472102,92.75956281133806,93.64794158935547,7492194
2011-06-30 00:00:00+05:30,93.19535643354867,93.39650209987316,91.61975246646621,91.93822479248047,10160776
2011-07-01 00:00:00+05:30,97.51987252598745,97.51987252598745,92.18963238212015,92.64220428466797,11798136
2011-07-04 00:00:00+05:30,93.06127355308939,93.66469526532141,92.05556814172826,92.94393920898438,5513425
2011-07-05 00:00:00+05:30,93.19534987445446,93.99991713728167,92.1896446323815,92.69249725341797,5814307
2011-07-06 00:00:00+05:30,92.1896503774859,93.09478668634257,90.98280708095872,91.43537139892578,5576223
2011-07-07 00:00:00+05:30,91.6364989059623,92.67572700341735,91.41859562158294,92.1728744506836,6020826
2011-07-08 00:00:00+05:30,92.75955068702343,94.08373601183555,92.4913666931839,92.91040802001953,4215765
2011-07-11 00:00:00+05:30,92.86012971440094,94.53630273720691,92.25670036710174,94.20106506347656,4722703
2011-07-12 00:00:00+05:30,93.83231186405038,95.20677021029856,93.19535951801815,94.4189682006836,3991452
2011-07-13 00:00:00+05:30,94.72069687939536,96.81591921796793,94.72069687939536,96.19573211669922,8344695
2011-07-14 00:00:00+05:30,96.0448351073224,96.71530260278735,94.36866253219964,94.97208404541016,4133055
2011-07-15 00:00:00+05:30,94.36867592192542,95.44142713604752,93.010967733409,93.49706268310547,2715807
2011-07-18 00:00:00+05:30,93.86579298027713,93.86579298027713,92.47456224541975,92.84332275390625,2526735
2011-07-19 00:00:00+05:30,93.3965001967877,93.3965001967877,92.2902259097741,92.74279022216797,2738167
2011-07-20 00:00:00+05:30,93.02774648427436,93.83231384736162,91.95499511544003,92.23994445800781,2011543
2011-07-21 00:00:00+05:30,92.32375463240315,93.46355198830561,92.12260895770554,92.8601303100586,2821686
2011-07-22 00:00:00+05:30,93.78202356598894,94.5027795758795,93.02774455607481,93.73173522949219,3529584
2011-07-25 00:00:00+05:30,93.53060646406769,94.62012325471326,92.91041939301377,93.83232116699219,5466030
2011-07-26 00:00:00+05:30,94.67036306863712,94.67036306863712,92.4242921228856,92.79305267333984,4196827
2011-07-27 00:00:00+05:30,93.88260487041215,94.03346222675107,92.18966629211467,92.62547302246094,2811828
2011-07-28 00:00:00+05:30,91.58624190176047,93.8323214976331,91.58624190176047,92.92718505859375,5818953
2011-07-29 00:00:00+05:30,92.52486018018801,92.52486018018801,89.97707468675434,90.26202392578125,7263630
2011-08-01 00:00:00+05:30,90.8989804259254,92.18963483793537,90.01060960258945,91.65325927734375,4697514
2011-08-02 00:00:00+05:30,91.78737215164901,93.02773841650531,91.04985085395957,92.67574310302734,5526291
2011-08-03 00:00:00+05:30,91.93822861961726,94.0502160028662,91.55271027975431,92.8601303100586,4537237
2011-08-04 00:00:00+05:30,93.32945401246877,93.81554132210132,91.20070910180887,91.58622741699219,2597493
2011-08-05 00:00:00+05:30,89.50777318416895,93.83230911504505,89.50777318416895,92.87688446044922,8423607
2011-08-08 00:00:00+05:30,90.54699363375386,95.79342309150067,90.21175599967751,94.9050521850586,9840003
2011-08-09 00:00:00+05:30,94.53628923992302,97.26845555749856,93.54734936935115,95.67608642578125,9296133
2011-08-10 00:00:00+05:30,97.01703446326283,97.01703446326283,93.04450176073836,93.69820404052734,4869504
2011-08-11 00:00:00+05:30,92.55837693031455,93.84903108431028,92.34047368304881,93.04447174072266,2319924
2011-08-12 00:00:00+05:30,93.86584030916451,95.44144441979437,92.80984656529056,93.59764862060547,6378681
2011-08-16 00:00:00+05:30,93.37972027100716,95.82693712310952,91.08336072377273,91.65325927734375,2287386
2011-08-17 00:00:00+05:30,91.51918436967021,94.58658867320736,91.51918436967021,92.91040802001953,3672018
2011-08-18 00:00:00+05:30,94.10373274036989,94.30542423019966,92.10367483441316,92.86000061035156,5046471
2011-08-19 00:00:00+05:30,91.88518873631509,94.42307802778669,91.41458547469381,92.77597045898438,7088448
2011-08-22 00:00:00+05:30,92.62468249124352,97.07860546978792,92.25492122189422,96.28865814208984,5935705
2011-08-23 00:00:00+05:30,96.47351947860267,96.80966671929167,93.38098948423522,93.61629486083984,4570302
2011-08-24 00:00:00+05:30,93.91881744876171,94.9608653984488,93.2297198589501,93.75074768066406,4186500
2011-08-25 00:00:00+05:30,94.62471937093659,96.69200430481352,94.0028497310247,94.89363098144531,9978679
2011-08-26 00:00:00+05:30,94.62473406383432,95.93569375610485,92.87677754915164,93.4314193725586,4341853
2011-08-29 00:00:00+05:30,94.12053622982839,94.86005111821333,91.96920410397307,92.42300415039062,5656912
2011-08-30 00:00:00+05:30,92.1372500002249,92.40616161509752,87.39760585069095,88.50688934326172,10830636
2011-09-02 00:00:00+05:30,91.431356663652,91.91877058639609,87.5993116651843,88.70858764648438,7815435
2011-09-05 00:00:00+05:30,88.40606227989728,88.77582353813578,85.59925427018457,86.37239074707031,10391605
2011-09-06 00:00:00+05:30,85.80096828165672,88.06994582755391,85.71692951167167,87.71698760986328,14100801
2011-09-07 00:00:00+05:30,87.73377749231138,88.77582567757975,87.56570768621731,88.22118377685547,8604588
2011-09-08 00:00:00+05:30,88.37245074585876,88.54052824625958,86.92702732737007,87.7842025756836,6144648
2011-09-09 00:00:00+05:30,88.08671358621189,88.67496935235187,87.73376320402441,88.13713836669922,6416307
2011-09-12 00:00:00+05:30,87.14551759576571,89.3976913618695,87.06148654348036,87.76738739013672,8182092
2011-09-13 00:00:00+05:30,87.81781916470587,88.32203629351041,86.23793985361733,86.74215698242188,5936710
2011-09-14 00:00:00+05:30,87.02789187252073,87.91867354162359,86.13710250967395,87.66656494140625,7956025
2011-09-15 00:00:00+05:30,88.23800008396432,88.23800008396432,86.60769593551008,87.59932708740234,6970267
2011-09-16 00:00:00+05:30,90.7590644956859,94.30539449509658,90.7590644956859,92.33894348144531,20314476
2011-09-19 00:00:00+05:30,92.40619916954786,93.86843359777026,90.15403270473371,90.57421112060547,7946808
2011-09-20 00:00:00+05:30,90.70864018796381,90.70864018796381,87.31358451085916,87.9018325805664,17563543
2011-09-21 00:00:00+05:30,88.87666669383293,89.24642795737371,87.39762933341227,87.7505874633789,9434337
2011-09-22 00:00:00+05:30,87.12871470257902,88.32202950824,86.42280616023783,86.65811157226562,7829694
2011-09-23 00:00:00+05:30,86.13708365544852,87.68334888540899,85.80094405789768,86.65811157226562,7303812
2011-09-26 00:00:00+05:30,86.72534655046985,87.02787990663143,85.12865640404885,85.63287353515625,5279827
2011-09-27 00:00:00+05:30,87.06148644320815,87.53208957168445,85.93539956145322,87.09510040283203,4711935
2011-09-28 00:00:00+05:30,87.96906109467473,88.49008895051297,87.09509054958613,88.25479125976562,8717388
2011-09-29 00:00:00+05:30,88.0531002866992,91.34732183039608,87.75057468274444,90.27165985107422,7264513
2011-09-30 00:00:00+05:30,89.98595891092442,90.05319453849309,87.91867301770779,89.44812774658203,6946057
2011-10-03 00:00:00+05:30,88.40609746163507,90.84315287669251,88.23802759270697,90.10363006591797,6750094
2011-10-04 00:00:00+05:30,90.0699932355802,90.65824916816834,88.08673851052612,88.759033203125,5362317
2011-10-05 00:00:00+05:30,88.50690070498102,90.40611615691449,88.40605114271722,88.72538757324219,3037218
2011-10-07 00:00:00+05:30,90.38930338667589,91.21285683583046,87.31358414735793,88.89346313476562,6302101
2011-10-10 00:00:00+05:30,88.59095462491477,92.42300816822797,88.57415148935942,92.20451354980469,3719904
2011-10-11 00:00:00+05:30,91.12884696016226,92.07005331887477,89.81787931186778,90.17082977294922,4777623
2011-10-12 00:00:00+05:30,90.45655570042342,91.38095895905155,89.71704078726421,90.9439697265625,2783823
2011-10-13 00:00:00+05:30,91.76750671540835,92.40617961890602,88.77581825462725,89.01112365722656,4512492
2011-10-14 00:00:00+05:30,88.79262488789836,90.22123728714222,88.38924971230553,89.66659545898438,4292902
2011-10-17 00:00:00+05:30,89.98595518339016,91.26330895438079,89.68342949371016,90.57421112060547,2907058
2011-10-18 00:00:00+05:30,89.78423960301835,91.22966268987074,88.37243046978526,88.64134979248047,4357546
2011-10-19 00:00:00+05:30,88.96067292505887,90.69181820624439,88.43964518109017,90.13717651367188,3116782
2011-10-20 00:00:00+05:30,89.59938485018291,90.13721595693391,88.57414742852195,89.61619567871094,2939844
2011-10-21 00:00:00+05:30,89.90189669586216,90.06996647219991,88.60774018370856,89.21279907226562,2319718
2011-10-24 00:00:00+05:30,90.72544300950676,93.2297171019385,89.80104777169487,92.8935775756836,4961169
2011-10-25 00:00:00+05:30,93.41461554264995,93.58269303164276,92.03642783410966,93.07847595214844,9242170
2011-10-28 00:00:00+05:30,94.45667795875896,99.09548194728411,94.20456938084969,95.7340316772461,5957506
2011-10-31 00:00:00+05:30,95.80125003359242,95.83486399437226,92.85998614977348,93.3305892944336,3269259
2011-11-01 00:00:00+05:30,92.62466673504929,94.42304029313598,92.62466673504929,93.36418914794922,1883079
2011-11-02 00:00:00+05:30,93.09525971232563,95.04489970649607,92.79273414382774,93.73393249511719,2398773
2011-11-03 00:00:00+05:30,93.11208293862423,94.0532891090316,91.16244268474345,93.4314193725586,3250446
2011-11-04 00:00:00+05:30,94.72556631832855,95.31382203855772,92.64147044986157,93.04484558105469,6048180
2011-11-08 00:00:00+05:30,96.13737951003822,96.82647711887101,93.112077438328,93.38098907470703,6170599
2011-11-09 00:00:00+05:30,94.05331068752041,94.05331068752041,90.94396898552604,91.1456527709961,3595072
2011-11-11 00:00:00+05:30,90.75907863454262,91.43136554132879,88.84305210239823,89.2968521118164,5486427
2011-11-14 00:00:00+05:30,89.58256537871253,90.43973282749155,87.3976196931092,87.80099487304688,3114604
2011-11-15 00:00:00+05:30,88.06991711860819,89.16238230357132,86.50684113013347,86.99425506591797,3469480
2011-11-16 00:00:00+05:30,86.72534136643716,89.02793228127331,86.28835218643287,88.3892593383789,3574468
2011-11-17 00:00:00+05:30,88.91027172681906,89.04473525062244,85.81774147295043,86.49003601074219,2699470
2011-11-18 00:00:00+05:30,85.95221063582346,89.22962201128615,84.48998402272957,87.33040618896484,4369078
2011-11-21 00:00:00+05:30,87.73376121496037,88.06990845852526,84.23785604060525,84.74207305908203,2441680
2011-11-22 00:00:00+05:30,85.06141810214024,86.35557473452117,83.91852812938656,84.65804290771484,3698254
2011-11-23 00:00:00+05:30,84.08661347469587,84.7084833605553,81.26300197892336,82.87649536132812,5790336
2011-11-24 00:00:00+05:30,82.77563258053338,86.72533012838925,82.0361101582804,85.7168960571289,6572179
2011-11-25 00:00:00+05:30,85.34715267939117,85.34715267939117,83.39751204174262,84.67486572265625,3995673
2011-11-28 00:00:00+05:30,85.07823145832592,88.23798980343186,84.8429260488543,87.96907043457031,1929723
2011-11-29 00:00:00+05:30,88.4060623666203,88.62455695636262,85.98582643984749,87.044677734375,4400394
2011-11-30 00:00:00+05:30,85.73370865474345,90.69184037637693,85.73370865474345,89.66659545898438,3802981
2011-12-01 00:00:00+05:30,91.81793807264908,93.38100648487682,88.82624939770893,89.53215026855469,3726117
2011-12-02 00:00:00+05:30,89.53214366362778,90.65823050219457,87.8682257979641,90.12039947509766,6333309
2011-12-05 00:00:00+05:30,90.08677645582443,90.7590632486414,88.5741254016804,90.52376556396484,2532787
2011-12-07 00:00:00+05:30,90.33890785448169,92.10366786479602,89.81787988007069,91.86836242675781,2970330
2011-12-08 00:00:00+05:30,91.51538155425267,92.05321248481434,89.14556329517715,89.6497802734375,2320759
2011-12-09 00:00:00+05:30,88.20440300639162,89.44813527430777,87.48169111633747,87.86825561523438,2231760
2011-12-12 00:00:00+05:30,88.1371597298815,89.36408864629746,85.88498568040158,86.52366638183594,3607639
2011-12-13 00:00:00+05:30,86.15388216523954,86.82616895797018,84.89333962028137,85.85134887695312,3822892
2011-12-14 00:00:00+05:30,85.54883430470099,86.38919098045236,84.3723226486617,84.72528076171875,3553435
2011-12-15 00:00:00+05:30,84.03616844822369,85.29671093647835,83.36387399199403,84.40592193603516,7229764
2011-12-16 00:00:00+05:30,84.40595090436071,87.21275929526175,82.7420404037991,84.13703918457031,3192585
2011-12-19 00:00:00+05:30,84.13701758127829,84.13701758127829,82.27141607614833,83.06135559082031,3580656
2011-12-20 00:00:00+05:30,84.50678451390446,85.7000915854508,83.61599537617676,85.01100158691406,3812736
2011-12-21 00:00:00+05:30,86.05304601830584,88.25479483562985,85.26310648389283,87.80099487304688,2322900
2011-12-22 00:00:00+05:30,86.0530427030683,89.17918676310104,86.0530427030683,88.92707824707031,1895197
2011-12-23 00:00:00+05:30,89.75063674138669,89.75063674138669,87.31359018096707,88.06991577148438,1876218
2011-12-26 00:00:00+05:30,87.5657120110793,88.54053232205632,87.41444533125231,88.23799896240234,1216527
2011-12-27 00:00:00+05:30,88.27159554706893,88.74219862846932,87.46484520931354,88.28840637207031,1222836
2011-12-28 00:00:00+05:30,88.33882588171655,88.54051731855618,87.2967778215602,87.80099487304688,1055052
2011-12-29 00:00:00+05:30,87.86824946384313,88.35566353158598,86.12030007843204,86.67493438720703,4003434
2011-12-30 00:00:00+05:30,86.28834418197289,88.33882635611408,85.71689921305143,86.25473022460938,2755954
2012-01-02 00:00:00+05:30,86.55727978124567,88.35565376584076,86.20432162206673,86.84300231933594,1790127
2012-01-03 00:00:00+05:30,87.76738106457084,88.91027099821264,87.27997483772066,88.47328186035156,2231457
2012-01-04 00:00:00+05:30,88.74218817382076,89.9523058441494,87.7673681696014,89.6497802734375,3473709
2012-01-05 00:00:00+05:30,90.23802831173704,90.74224529014354,87.73375424273036,87.9858627319336,4615846
2012-01-06 00:00:00+05:30,88.29577394238432,88.98450589710566,87.34876651939975,88.0374984741211,3933240
2012-01-09 00:00:00+05:30,89.19116435307335,89.19116435307335,87.19383226736207,88.57129669189453,2710369
2012-01-10 00:00:00+05:30,90.56864375626105,90.56864375626105,88.89846727414817,89.94878387451172,4653024
2012-01-11 00:00:00+05:30,90.18982241635824,90.18982241635824,88.95009508563058,89.39777374267578,1858990
2012-01-12 00:00:00+05:30,90.0176354304126,90.22426059767919,88.33023728778046,88.77791595458984,2859687
2012-01-13 00:00:00+05:30,89.51833021721893,89.8799145037759,88.48522775165829,89.43223571777344,1984116
2012-01-16 00:00:00+05:30,89.53553381321984,89.86268183774959,88.07197478718007,88.24415588378906,2694250
2012-01-17 00:00:00+05:30,88.50244148598829,90.72361335238068,87.84814536287845,90.25872039794922,5307021
2012-01-18 00:00:00+05:30,90.74081643074861,92.87589335166817,89.91433148241767,92.37655639648438,4757965
2012-01-19 00:00:00+05:30,92.97919272078276,94.44275146036937,91.25735844586066,93.59905242919922,3625945
2012-01-20 00:00:00+05:30,93.5301879046918,95.69970100838381,92.77258328195192,95.02818298339844,4354359
2012-01-23 00:00:00+05:30,95.38978843763879,95.8546813528892,94.0295380302588,94.82157897949219,2255712
2012-01-24 00:00:00+05:30,94.82157281704342,95.64805781482605,93.6162894203934,94.42555236816406,2776474
2012-01-25 00:00:00+05:30,95.20038176965755,95.32091247728877,93.20304953724857,93.85734558105469,5481361
2012-01-27 00:00:00+05:30,95.73416208245128,96.45733855942679,87.53821455637238,95.83747863769531,4544763
2012-01-30 00:00:00+05:30,94.70103437834649,97.3871064607899,94.37388639234376,94.97653198242188,3695226
2012-01-31 00:00:00+05:30,95.73415522782248,96.88778836857658,94.58052996901435,95.0626449584961,4007272
2012-02-01 00:00:00+05:30,94.08120502124856,94.76993743106449,92.63485986688283,93.82292938232422,5360700
2012-02-02 00:00:00+05:30,94.25333906840926,96.25067072923841,94.25333906840926,95.0970458984375,8067528
2012-02-03 00:00:00+05:30,95.7341245748081,97.62814770432286,94.20169348308636,96.9910659790039,4541212
2012-02-06 00:00:00+05:30,97.1116017478719,98.12748184678117,95.92353270329109,97.55928039550781,7470982
2012-02-07 00:00:00+05:30,97.14604971755955,99.04007317556085,96.21625609701546,98.5751724243164,6976953
2012-02-08 00:00:00+05:30,98.45465789560657,98.4890941154191,96.00964687918963,97.52486419677734,9903754
2012-02-09 00:00:00+05:30,95.90636007162328,97.67985338286088,94.92490787848266,96.87059020996094,6999558
2012-02-10 00:00:00+05:30,97.11156899213597,99.34995359336438,96.11290339547749,97.02547454833984,5784490
2012-02-13 00:00:00+05:30,97.97256394580548,98.5579876901039,96.28515728535727,96.71562194824219,4227969
2012-02-14 00:00:00+05:30,96.07853075932316,96.59508199996468,94.87324715847508,95.07986450195312,5943190
2012-02-15 00:00:00+05:30,95.90633337105456,98.0758466373426,95.13150664152704,96.13017272949219,8879653
2012-02-16 00:00:00+05:30,96.2507223482101,97.69706755571659,95.40702294765148,96.87059020996094,3467700
2012-02-17 00:00:00+05:30,97.45597810474536,100.03873363859952,96.35400346122682,96.85333251953125,7068097
2012-02-21 00:00:00+05:30,97.455997855761,101.41621855564316,97.455997855761,100.50364685058594,9868660
2012-02-22 00:00:00+05:30,101.48508309402892,104.77379326838619,99.53940911762066,100.77913665771484,10356904
2012-02-23 00:00:00+05:30,101.72617106732886,102.20828614512314,98.91957511222384,99.98711395263672,13679716
2012-02-24 00:00:00+05:30,101.19236146809835,101.24401973298487,96.81889898780547,97.98974609375,6790399
2012-02-27 00:00:00+05:30,97.98976073587359,99.16060801677202,95.49309923820587,96.78447723388672,6020469
2012-02-28 00:00:00+05:30,97.45595939013045,98.48906140528398,95.73411744357932,97.59370422363281,8681101
2012-02-29 00:00:00+05:30,101.93276632335858,102.77646555597691,100.45198518294633,100.96853637695312,13358160
2012-03-01 00:00:00+05:30,101.53676392028729,102.08775143319349,98.14474433453917,99.24671936035156,14292922
2012-03-02 00:00:00+05:30,97.97252958247452,98.28245551854387,95.11427643594618,96.90499114990234,9254029
2012-03-05 00:00:00+05:30,96.38842968654795,98.48907011090998,95.21757485245521,97.697021484375,3603703
2012-03-06 00:00:00+05:30,98.00696208608112,99.52217913976123,96.76723474291877,97.31822204589844,4164817
2012-03-07 00:00:00+05:30,97.38712430251545,97.71427234845304,95.56197303124485,96.0613021850586,4510306
2012-03-09 00:00:00+05:30,97.45599841699001,97.86923308297952,96.3712377139025,97.42156219482422,10807701
2012-03-12 00:00:00+05:30,98.12748443856223,98.12748443856223,95.3208975569246,95.61360931396484,4181401
2012-03-13 00:00:00+05:30,96.25067642330171,99.38441893669608,95.95796468689333,99.02283477783203,4701795
2012-03-14 00:00:00+05:30,99.91822396135858,101.58840832639918,98.69571836727397,101.15794372558594,5296921
2012-03-15 00:00:00+05:30,101.07185006136922,101.10628628119888,98.04141542468616,98.67849731445312,3735045
2012-03-16 00:00:00+05:30,97.93809536721642,99.60827153944452,92.51430861483455,94.02952575683594,14344735
2012-03-19 00:00:00+05:30,93.49282587854866,95.34536838148016,92.47133388695384,94.41043853759766,5588512
2012-03-20 00:00:00+05:30,94.1853431102429,94.91251413788349,93.66593862999251,94.28923034667969,3659446
2012-03-21 00:00:00+05:30,94.28924329140405,94.86058354282724,93.14654693758867,94.029541015625,4656892
2012-03-22 00:00:00+05:30,94.3238744075602,95.55312503841255,93.49282391368901,93.68327331542969,4109701
2012-03-23 00:00:00+05:30,94.18537738362842,94.32389110745385,91.96925290825715,92.59253692626953,3314037
2012-03-26 00:00:00+05:30,93.14655711017092,93.4755123053518,90.30714895011961,90.67073059082031,3494355
2012-03-27 00:00:00+05:30,91.13816929737298,92.62712986733551,89.68384308995229,91.9345932006836,4504240
2012-03-28 00:00:00+05:30,92.10773193053681,92.10773193053681,88.78354618383302,89.25100708007812,5274936
2012-03-29 00:00:00+05:30,88.9912796032773,91.69218867328065,87.95247086111655,90.1686019897461,10555807
2012-03-30 00:00:00+05:30,90.37636926100207,93.56204865331789,89.92621770603618,92.92144775390625,6058576
2012-04-02 00:00:00+05:30,93.11191704531768,94.11609966948271,91.7614700166021,93.44087219238281,3339433
2012-04-03 00:00:00+05:30,94.11611448500399,95.32806386816557,93.56208342502472,94.61820983886719,3705963
2012-04-04 00:00:00+05:30,94.9817886352539,95.55312893830971,94.3065610721105,94.9817886352539,2692074
2012-04-09 00:00:00+05:30,94.01220775522859,94.86056732096641,92.50593798348724,93.07727813720703,2381143
2012-04-10 00:00:00+05:30,93.33697010456002,93.5793630541059,90.84382737249445,91.64025115966797,2732763
2012-04-11 00:00:00+05:30,91.06892271273591,92.62713626442998,90.56683537797146,91.44982147216797,5059573
2012-04-12 00:00:00+05:30,92.29817939600598,92.35012301694857,90.30713142578611,90.4110107421875,5794960
2012-04-13 00:00:00+05:30,90.72269240824255,91.69224892812666,89.19910472349424,90.30716705322266,4120119
2012-04-16 00:00:00+05:30,90.09937383591001,90.72266564732784,89.44146350772964,89.7184829711914,1646176
2012-04-17 00:00:00+05:30,90.03013438782371,93.63134039737552,89.02595156181955,93.16387939453125,4822521
2012-04-18 00:00:00+05:30,93.23310119361075,94.6701180957604,93.18115757707008,93.94295501708984,2335000
2012-04-19 00:00:00+05:30,93.89099769788402,94.70473071020328,93.14651754718997,94.27189636230469,2013237
2012-04-20 00:00:00+05:30,94.16802329938201,95.37996430896102,91.57100118922523,92.45398712158203,2865481
2012-04-23 00:00:00+05:30,91.86532798917744,93.80443990596282,91.65756146924625,92.7483139038086,3069481
2012-04-24 00:00:00+05:30,92.1942847346429,93.47547860798367,91.6056274475283,92.92144775390625,2985909
2012-04-25 00:00:00+05:30,93.04264146974165,93.44084940058728,91.1554731860585,91.64025115966797,2160861
2012-04-26 00:00:00+05:30,92.38471421721204,92.38471421721204,90.84381053914899,91.46710205078125,2775769
2012-04-27 00:00:00+05:30,91.76145494850941,92.40204795447868,90.2724944769907,90.93040466308594,1441833
2012-04-30 00:00:00+05:30,90.930388788279,93.83905635397737,90.930388788279,93.51010131835938,2271094
2012-05-02 00:00:00+05:30,92.99073339212677,93.61401727881693,91.83072776172713,92.62714385986328,5296045
2012-05-03 00:00:00+05:30,91.83071899414062,92.5059464425392,90.98235935082597,91.83071899414062,2309152
2012-05-04 00:00:00+05:30,91.95189548839163,92.88681706302211,89.51068848101919,89.82233428955078,2926041
2012-05-07 00:00:00+05:30,89.26832077250313,90.98235720086235,88.73159909272047,90.23787689208984,4735962
2012-05-08 00:00:00+05:30,90.72264439457051,91.05159948159942,89.0778610339432,89.42413330078125,3643525
2012-05-09 00:00:00+05:30,88.81817646293756,89.57996609076596,87.77936738149968,88.662353515625,4255534
2012-05-10 00:00:00+05:30,88.99128408378797,90.56681445394767,88.67964620073852,89.82233428955078,4436631
2012-05-11 00:00:00+05:30,88.97400077101453,89.3029559284363,87.2599641753308,87.96981811523438,2214802
2012-05-14 00:00:00+05:30,87.25994464997677,87.91785481760583,85.70173135265577,87.13874816894531,3508936
2012-05-15 00:00:00+05:30,86.22112952268952,87.53695768785916,85.70172512797453,86.2903823852539,2627302
2012-05-16 00:00:00+05:30,85.52861930169931,87.31190880090841,85.39010560844676,85.85757446289062,2910475
2012-05-17 00:00:00+05:30,85.75369991168144,86.70593900633237,83.97041031318187,85.19966888427734,4082329
2012-05-18 00:00:00+05:30,84.35131788122554,86.48088026515674,84.03967982475113,86.08267211914062,3729129
2012-05-21 00:00:00+05:30,85.28623266030404,86.72324992206835,85.07847399311586,85.372802734375,2508547
2012-05-22 00:00:00+05:30,86.06533146997147,86.91369116956659,84.48980857800466,84.81876373291016,3288988
2012-05-23 00:00:00+05:30,84.83606832630032,85.14771420617275,83.13934902040015,84.29935455322266,2918631
2012-05-24 00:00:00+05:30,87.329232547361,89.805059221643,85.94415086343734,89.23371887207031,7995114
2012-05-25 00:00:00+05:30,88.03908015948446,89.96087560441745,87.36385259086333,89.00863647460938,2975523
2012-05-28 00:00:00+05:30,89.18176030188118,89.30295681122973,87.43309724736604,87.90056610107422,1300308
2012-05-29 00:00:00+05:30,88.26414951270547,89.19907931379973,87.90056790269234,88.78355407714844,2367385
2012-05-30 00:00:00+05:30,90.23786534308192,90.56682042629004,86.58471714309398,87.29457092285156,4065235
2012-05-31 00:00:00+05:30,86.61936502887515,88.14295226692013,85.96145469952164,87.67549133300781,5782893
2012-06-01 00:00:00+05:30,86.91366221541924,88.14292028507136,84.9745583732536,85.23426055908203,2703042
2012-06-04 00:00:00+05:30,85.45936543852623,88.22952038956572,84.57637136541211,87.96981811523438,3503626
2012-06-05 00:00:00+05:30,88.29875541502838,88.43726115319771,87.32919939687741,87.86592102050781,2225631
2012-06-06 00:00:00+05:30,87.95251221958956,91.06893991152957,87.95251221958956,90.13401794433594,4158421
2012-06-07 00:00:00+05:30,90.70533698671721,91.74414597366261,89.51070506663329,91.17280578613281,4262674
2012-06-08 00:00:00+05:30,90.48026014062634,90.67070950944759,88.3160800596216,89.51070404052734,5749854
2012-06-11 00:00:00+05:30,90.51489485735486,90.63609136232377,88.02175150412532,88.57579040527344,6389868
2012-06-12 00:00:00+05:30,88.6450276244831,91.06890974269737,88.07367956670645,90.53219604492188,4089724
2012-06-13 00:00:00+05:30,90.72266037650944,93.42356234229244,89.7704134563252,93.04266357421875,4906321
2012-06-14 00:00:00+05:30,93.1465218392434,93.37159761263752,91.46712005374263,92.7483139038086,2468808
2012-06-15 00:00:00+05:30,93.14652831683651,94.84325532475863,91.70951145825975,92.10771942138672,10850640
2012-06-18 00:00:00+05:30,92.66176308283057,92.97340896463749,90.58414500540852,91.13817596435547,3166177
2012-06-19 00:00:00+05:30,90.60145017182246,93.49280108440043,90.60145017182246,92.66175079345703,3794589
2012-06-20 00:00:00+05:30,93.23310517370372,94.99907725471141,92.81758000008912,94.37579345703125,4561332
2012-06-21 00:00:00+05:30,94.18536442840055,96.41880578409676,93.75252990538415,95.29342651367188,5356641
2012-06-22 00:00:00+05:30,94.44504376959567,96.99013043551427,94.04683578819761,96.78236389160156,3351490
2012-06-25 00:00:00+05:30,96.86893815790933,97.64804489912575,93.5966882597036,94.39311218261719,2616396
2012-06-26 00:00:00+05:30,94.06416998584422,96.95552153887256,94.06416998584422,96.02059173583984,3435774
2012-06-27 00:00:00+05:30,96.43612308868612,96.60925531301007,94.56626336404668,96.00328063964844,3733011
2012-06-28 00:00:00+05:30,95.65702269524917,96.71314122366437,95.39732037836205,96.22836303710938,2382910
2012-06-29 00:00:00+05:30,96.60924369275241,98.96388128776591,96.436111489253,98.63491821289062,6152280
2012-07-02 00:00:00+05:30,98.66950947838953,100.41817184953901,96.7477149654614,99.13697814941406,2355033
2012-07-03 00:00:00+05:30,99.55252104864505,101.54356877495378,99.41400738492786,100.57401275634766,4687564
2012-07-04 00:00:00+05:30,100.60862488747595,100.76444778357784,97.44026298565248,98.54832458496094,5453662
2012-07-05 00:00:00+05:30,98.340556765278,98.65220255331006,95.81278780829406,96.41876220703125,7983918
2012-07-06 00:00:00+05:30,96.95551356458037,96.95551356458037,94.75669897126268,96.48804473876953,6506715
2012-07-09 00:00:00+05:30,95.93399017911024,97.09399544149866,95.63966155028541,96.24563598632812,2614332
2012-07-10 00:00:00+05:30,96.60923170957703,97.64804065269077,95.46654345724858,96.78236389160156,4286917
2012-07-11 00:00:00+05:30,95.83011088519832,96.92086328497878,95.29338931176356,96.24563598632812,3025794
2012-07-12 00:00:00+05:30,95.39732952876922,98.13285874890626,95.39732952876922,97.82121276855469,5442229
2012-07-13 00:00:00+05:30,97.18056998630854,99.03311188611414,97.18056998630854,98.72146606445312,3576157
2012-07-16 00:00:00+05:30,98.3752210191833,99.82955538004717,97.83850719790875,99.39672088623047,2892852
2012-07-17 00:00:00+05:30,99.79490682350115,100.4181905756163,98.06356130640734,98.30594635009766,3456321
2012-07-18 00:00:00+05:30,99.03309913779104,99.98533780842509,98.35787189476773,98.82533264160156,4647663
2012-07-19 00:00:00+05:30,98.68684742743727,99.51789773386156,98.01162004415292,98.5656509399414,4340812
2012-07-20 00:00:00+05:30,98.61759186141687,98.77341478029894,96.88624635007234,97.5960922241211,2221777
2012-07-23 00:00:00+05:30,96.88624805051614,98.53102354124178,95.57041973245262,97.45758819580078,2401995
2012-07-24 00:00:00+05:30,98.32327860230968,99.62178992055074,97.26715236491437,98.46178436279297,3326160
2012-07-25 00:00:00+05:30,98.34060756941454,98.46180409687013,96.78239367522231,98.27135467529297,1782915
2012-07-26 00:00:00+05:30,98.87730309229885,98.87730309229885,94.77400284017283,95.72624969482422,3598488
2012-07-27 00:00:00+05:30,97.61340156003111,97.78653371960785,94.60085443050227,96.10713195800781,3386368
2012-07-30 00:00:00+05:30,96.26295986573581,96.95550444800692,94.96444868083162,95.84744262695312,3062431
2012-07-31 00:00:00+05:30,96.00328594599198,100.21046659622958,95.98597668534545,99.05046081542969,4127383
2012-08-01 00:00:00+05:30,99.58718464372895,99.65643753868754,96.71314195003258,97.02478790283203,3051279
2012-08-02 00:00:00+05:30,96.81700804555351,97.28447691079161,95.3973080421802,95.8647689819336,2898222
2012-08-03 00:00:00+05:30,95.57043060448127,97.4749164648768,95.39729840825764,97.18058776855469,2567274
2012-08-06 00:00:00+05:30,97.18057825388148,97.9943113846881,96.50535086649306,97.47490692138672,2847771
2012-08-07 00:00:00+05:30,97.04209039596275,98.47911560533346,96.95552824604438,97.97702026367188,4368756
2012-08-08 00:00:00+05:30,97.68267570509605,98.13282734354826,95.91670351623023,97.57879638671875,3154741
2012-08-09 00:00:00+05:30,97.64804134420032,98.23669869273567,96.50535308377975,96.86893463134766,1835668
2012-08-10 00:00:00+05:30,96.95551609052707,98.13283092608452,96.29759786581768,96.59192657470703,3693130
2012-08-13 00:00:00+05:30,98.66953707146345,100.64327574162468,96.71311558306358,97.14595794677734,7386940
2012-08-14 00:00:00+05:30,97.3017575469319,99.6390774091174,96.95549322137416,98.94654083251953,3885201
2012-08-16 00:00:00+05:30,99.29283292194107,99.60447087720728,97.89043438404924,98.44447326660156,3767728
2012-08-17 00:00:00+05:30,98.08089972656764,99.13702611611986,97.04209052231278,97.6653823852539,1854547
2012-08-21 00:00:00+05:30,97.3364118936355,99.76030249507527,97.3364118936355,99.39672088623047,1744494
2012-08-22 00:00:00+05:30,98.77343132713014,100.1585047980444,98.54835550114683,99.10238647460938,2342109
2012-08-23 00:00:00+05:30,98.68686259720673,99.34477290105896,97.1113317940253,97.54417419433594,2383513
2012-08-24 00:00:00+05:30,97.99431595697085,99.9680466692212,97.37102423154073,99.32745361328125,3207067
2012-08-27 00:00:00+05:30,99.06776398642755,100.31433174507917,98.72149164214233,99.53522491455078,1903851
2012-08-28 00:00:00+05:30,99.20625611433624,100.22774789758286,96.67848657720492,97.35371398925781,3751131
2012-08-29 00:00:00+05:30,96.99011589710928,97.42295025003222,94.49697322225113,95.37995910644531,3020323
2012-08-30 00:00:00+05:30,95.5704430730714,96.67850512443366,94.6182039813818,95.50119018554688,7728913
2012-08-31 00:00:00+05:30,95.95132994749278,96.60924022264338,93.56206599759942,95.53580474853516,6537507
2012-09-03 00:00:00+05:30,95.79552685210062,96.78239246926458,93.92566703217507,94.32388305664062,2459880
2012-09-04 00:00:00+05:30,94.1853670643226,94.84328538532203,93.05999568788766,94.06417846679688,2158200
2012-09-05 00:00:00+05:30,93.14658248383265,95.36271522821458,92.97345020907137,94.63554382324219,3372591
2012-09-06 00:00:00+05:30,94.09878977785752,96.24566077353985,93.97759327433948,95.08565521240234,4292332
2012-09-07 00:00:00+05:30,96.45339346786734,97.82115730239185,94.89518030061429,95.44921112060547,4208310
2012-09-10 00:00:00+05:30,95.91671719949439,96.74775979055133,95.74357705201516,96.3841781616211,3044463
2012-09-11 00:00:00+05:30,95.62235398571067,97.47489583236971,95.62235398571067,96.10713195800781,5004067
2012-09-12 00:00:00+05:30,95.81279173181152,97.50951853265998,95.81279173181152,97.0074234008789,2514357
2012-09-13 00:00:00+05:30,96.60925405882966,99.033144795324,96.60925405882966,97.95970916748047,3670438
2012-09-14 00:00:00+05:30,101.91782413392595,102.52811318255485,97.66325723618377,98.34329223632812,9040158
2012-09-17 00:00:00+05:30,99.04075615292263,99.86028302647074,97.47144835482045,97.94224548339844,5910121
2012-09-18 00:00:00+05:30,97.68070080982736,98.79665203325605,97.38427651553887,97.90737915039062,7126632
2012-09-20 00:00:00+05:30,97.38427280655426,99.87772647587168,97.38427280655426,99.42436981201172,3706689
2012-09-21 00:00:00+05:30,99.75566619417565,103.57431684599113,98.88383383156176,102.70247650146484,12622560
2012-09-24 00:00:00+05:30,102.30143873328255,102.87685482800072,99.73823899916592,100.1392822265625,7173141
2012-09-25 00:00:00+05:30,100.47059335602833,101.0285690482015,98.41305549679167,98.97103118896484,7418622
2012-09-26 00:00:00+05:30,98.41304385197728,99.00589245589228,97.75044929253261,98.27355194091797,5126395
2012-09-27 00:00:00+05:30,98.55255701950207,98.90129485428139,95.6754918328382,95.97191619873047,11353870
2012-09-28 00:00:00+05:30,97.10527813164572,98.16892380858512,96.61704850677533,97.94224548339844,6105505
2012-10-01 00:00:00+05:30,97.64583148722092,97.90738281443498,96.25088841477489,96.93092346191406,3235648
2012-10-03 00:00:00+05:30,97.64586847489835,98.34333628436151,97.12276562232196,97.99459838867188,6397048
2012-10-04 00:00:00+05:30,98.69202085059636,100.15670166081898,98.55252097855134,99.1104965209961,3715249
2012-10-05 00:00:00+05:30,98.81408581166976,100.57519910275522,97.6458290987593,100.1567153930664,6982777
2012-10-08 00:00:00+05:30,100.78447272372975,100.78447272372975,97.82022094358871,98.3781967163086,3809556
2012-10-09 00:00:00+05:30,98.43047510826882,99.16281555461828,97.29708348233538,97.94224548339844,2937592
2012-10-10 00:00:00+05:30,97.29707924683967,97.43657113875541,95.93700935492555,96.12881469726562,3002410
2012-10-11 00:00:00+05:30,96.32060828114452,98.16890755104212,96.25086234370097,97.62836456298828,3442099
2012-10-12 00:00:00+05:30,97.38424952004601,98.30839512359539,96.26829860596554,96.65190124511719,3150342
2012-10-15 00:00:00+05:30,97.2099103642641,97.73301303525012,96.16370502229206,97.59352111816406,1523154
2012-10-16 00:00:00+05:30,98.13405063740684,99.35462070618041,96.77398068901259,97.38426971435547,2133757
2012-10-17 00:00:00+05:30,97.82016988191349,98.08172113828225,96.94832970004735,97.62836456298828,1823932
2012-10-18 00:00:00+05:30,97.64581672550804,98.23866524664699,97.01808724956153,97.22733306884766,2988936
2012-10-19 00:00:00+05:30,97.12272865402377,97.7504502417995,95.72778558414535,97.4714584350586,4932204
2012-10-22 00:00:00+05:30,96.63448820193308,97.66325291412699,96.63448820193308,97.08784484863281,1799553
2012-10-23 00:00:00+05:30,96.61705557615039,97.07041225969543,95.93702055083284,96.26832580566406,2040090
2012-10-25 00:00:00+05:30,97.17503714570425,97.85507221269418,96.11139930767226,96.47756958007812,5292406
2012-10-29 00:00:00+05:30,95.55343596619426,96.56476845666536,95.36163056501181,95.53599548339844,1254858
2012-10-30 00:00:00+05:30,94.94312246553191,95.78008982328222,94.1584685608581,95.20467376708984,4266375
2012-10-31 00:00:00+05:30,94.73388703450867,95.1872357177872,92.58916311423872,93.63536834716797,7336297
2012-11-01 00:00:00+05:30,92.9379422672327,93.46104511680078,91.85686357691975,92.3625259399414,8134578
2012-11-02 00:00:00+05:30,93.56563404632054,93.56563404632054,92.24043686137597,92.67636108398438,6702133
2012-11-05 00:00:00+05:30,92.25786372159622,93.28662845196428,92.06605836907234,93.00764465332031,3195184
2012-11-06 00:00:00+05:30,93.11228571643782,94.00155875891984,92.34507210583988,93.25177764892578,4004515
2012-11-07 00:00:00+05:30,92.81582506434802,93.46098697262322,92.71120615590338,93.0425033569336,3732081
2012-11-08 00:00:00+05:30,92.06608261025224,93.23434752946102,92.06608261025224,92.50199890136719,3269299
2012-11-09 00:00:00+05:30,91.71731235621557,92.37991478198249,89.06692659888262,89.67721557617188,6739995
2012-11-12 00:00:00+05:30,89.29360434522908,90.14800411892364,88.63100990553316,89.10179901123047,2519185
2012-11-15 00:00:00+05:30,88.9274606196838,89.45056332921135,87.77663625510597,88.40435791015625,4830801
2012-11-16 00:00:00+05:30,87.9161245762156,90.46189205574605,87.9161245762156,89.93878936767578,6014199
2012-11-19 00:00:00+05:30,89.38081493159626,90.18290147400943,88.29973656013914,88.59616088867188,3759864
2012-11-20 00:00:00+05:30,88.631029181073,89.25875078582395,87.46276442823084,87.86380767822266,3113815
2012-11-21 00:00:00+05:30,87.54993461318017,88.40433441407112,87.39300224564857,88.10791015625,2301133
2012-11-22 00:00:00+05:30,87.98587420618489,88.40435797047525,87.39302553257102,87.56739044189453,2795170
2012-11-23 00:00:00+05:30,87.3755864009426,88.03818098799611,86.80017027097719,87.60225677490234,2070082
2012-11-26 00:00:00+05:30,88.508958220849,88.508958220849,87.04426934616721,87.18376922607422,2834976
2012-11-27 00:00:00+05:30,88.07306287423414,88.61359809773384,86.66068711828905,87.09660339355469,6580572
2012-11-29 00:00:00+05:30,87.37558834529585,88.75309100983972,87.1837829643725,88.50897216796875,8961091
2012-11-30 00:00:00+05:30,88.61358387070723,93.02508332590806,88.61358387070723,92.3973617553711,6604564
2012-12-03 00:00:00+05:30,92.41481362219369,92.58917852940775,91.14192984474657,91.42091369628906,3357211
2012-12-04 00:00:00+05:30,91.52553938518501,93.32152599853536,91.10706357703357,92.50199890136719,6459138
2012-12-05 00:00:00+05:30,92.79841622291289,93.80974864645523,92.25788102072914,93.35639190673828,2539426
2012-12-06 00:00:00+05:30,93.39126708847176,94.0189886961759,91.83939157690345,93.70512390136719,2067573
2012-12-07 00:00:00+05:30,93.46099655646665,93.93178568369954,92.08349416591365,93.39125061035156,2786071
2012-12-10 00:00:00+05:30,94.50720418494718,94.50720418494718,92.65890463688571,92.92045593261719,2110075
2012-12-11 00:00:00+05:30,93.28663780974962,93.46101068330611,91.0896082473904,91.9614486694336,3814500
2012-12-12 00:00:00+05:30,91.96144008142717,92.08349948513533,90.32238630730632,90.54906463623047,4510456
2012-12-13 00:00:00+05:30,90.8454889152986,91.12447271587457,89.76441072424203,90.54906463623047,4682776
2012-12-14 00:00:00+05:30,90.98498717436603,90.98498717436603,89.34593328569458,90.49675750732422,3715774
2012-12-17 00:00:00+05:30,89.69465431990756,92.04861599098997,89.69465431990756,89.90390014648438,4979421
2012-12-18 00:00:00+05:30,90.32239200307728,90.89780011900689,88.96232194376576,89.36336517333984,4984819
2012-12-19 00:00:00+05:30,90.56647715795364,92.55426822629028,90.06081513997964,92.29271697998047,7883175
2012-12-20 00:00:00+05:30,92.90302553805513,92.90302553805513,91.75219342527508,92.44966888427734,4762573
2012-12-21 00:00:00+05:30,92.37993069029406,92.37993069029406,90.67112285600074,91.07217407226562,7102177
2012-12-24 00:00:00+05:30,92.04991328392737,92.04991328392737,90.75218322574938,91.0721664428711,2247706
2012-12-26 00:00:00+05:30,91.72992992448677,92.36990455223011,90.85885221759739,91.58771514892578,5100052
2012-12-27 00:00:00+05:30,92.24547494085135,93.63209360191343,91.26773602100708,92.08548736572266,11673088
2012-12-28 00:00:00+05:30,92.45879269224727,94.929811032983,92.45879269224727,94.50315856933594,7232952
2012-12-31 00:00:00+05:30,94.50314952012369,95.60533019866922,94.50314952012369,95.28534698486328,4193341
2013-01-01 00:00:00+05:30,95.67644417559102,95.9075472481314,94.5742634210595,95.1609115600586,1273255
2013-01-02 00:00:00+05:30,95.46311972612196,97.98747254815589,95.39201234208136,97.63192749023438,4745688
2013-01-03 00:00:00+05:30,98.09411008027432,99.80071130079642,97.77411879117544,99.48072814941406,6323070
2013-01-04 00:00:00+05:30,99.37409774619233,102.48509916065615,99.05411446992294,101.25847625732422,11615389
2013-01-07 00:00:00+05:30,102.39617919921875,103.08948829009022,101.75620470676706,102.39617919921875,5731459
2013-01-08 00:00:00+05:30,102.09397623459478,103.71168942677521,100.79624624309508,103.142822265625,5334009
2013-01-09 00:00:00+05:30,103.71169636698886,104.88499259448662,102.04064846067901,103.88947296142578,5295292
2013-01-10 00:00:00+05:30,104.88499763590184,107.72933376870735,104.88499763590184,107.46267700195312,14714938
2013-01-11 00:00:00+05:30,107.05380340672224,107.62267062235667,103.56948459045765,103.94280242919922,7226703
2013-01-14 00:00:00+05:30,103.65836801019289,109.24037882663694,103.05394713064376,108.529296875,8775499
2013-01-15 00:00:00+05:30,108.36929907912112,109.89813216230853,107.58710976138605,109.3470458984375,8116143
2013-01-16 00:00:00+05:30,108.79593738522476,110.1825555285546,107.5870958065579,108.01374816894531,5203342
2013-01-17 00:00:00+05:30,107.33821333286224,114.34239524023981,106.71601976121957,111.8002700805664,18682264
2013-01-18 00:00:00+05:30,113.6135471884786,126.21752079663248,113.41799783599542,120.06663513183594,35608698
2013-01-21 00:00:00+05:30,120.38666179016172,121.1155248132336,118.57339062264339,119.65779876708984,10597027
2013-01-22 00:00:00+05:30,118.92890295254175,120.95549575147389,118.30670119612181,119.95997619628906,7449498
2013-01-23 00:00:00+05:30,119.99553845276701,120.88439700573063,117.41785922820625,118.46670532226562,6934620
2013-01-24 00:00:00+05:30,122.48435620492818,125.68423771851654,117.88008333429417,119.58668518066406,17003913
2013-01-25 00:00:00+05:30,119.39113475314338,122.48435515052822,118.41339590053691,121.27550506591797,6570561
2013-01-28 00:00:00+05:30,121.66658452031832,122.18212524011834,118.28893509013592,119.08890533447266,7518873
2013-01-29 00:00:00+05:30,118.14672139190836,119.44444331587177,117.3823048312543,118.50225830078125,6089569
2013-01-30 00:00:00+05:30,119.10667826354708,120.68884597782383,117.56007237760114,120.35108184814453,7244562
2013-01-31 00:00:00+05:30,120.35110374294128,122.5910192099064,119.55113335204518,120.77774810791016,10061692
2013-02-01 00:00:00+05:30,120.36884073260181,121.77323169401376,117.1334064339486,118.11114501953125,7265518
2013-02-04 00:00:00+05:30,118.2178509633926,119.46224665345957,115.40906002977215,115.81793975830078,5835802
2013-02-05 00:00:00+05:30,115.51570323505914,116.68899126566855,115.05349713318193,115.80013275146484,4727842
2013-02-06 00:00:00+05:30,116.29787972832419,117.3289528871194,113.68464721456152,114.3957290649414,4024816
2013-02-07 00:00:00+05:30,113.88021815770368,115.12461366636204,112.93802496539692,113.72022247314453,2445648
2013-02-08 00:00:00+05:30,113.24023269025572,114.2713060197976,110.44923128613499,111.49807739257812,5349816
2013-02-11 00:00:00+05:30,111.64029262118177,111.64029262118177,109.15150165353667,109.64926147460938,3636709
2013-02-12 00:00:00+05:30,111.28474906792472,114.84016684902073,111.28474906792472,113.79132080078125,7503541
2013-02-13 00:00:00+05:30,113.80910956709894,116.01347931737565,113.77355587255569,115.01795959472656,7145211
2013-02-14 00:00:00+05:30,115.37348265851911,117.15119972266437,113.18690222518012,114.59129333496094,6058833
2013-02-15 00:00:00+05:30,113.68467749790814,115.80015083860998,113.09802932211429,114.75130462646484,4893423
2013-02-18 00:00:00+05:30,115.55124274545277,116.10232893472467,112.58246527481475,113.00910949707031,4732000
2013-02-19 00:00:00+05:30,113.41799615221888,118.04004061646391,112.35136925466735,117.22229766845703,4187428
2013-02-20 00:00:00+05:30,118.60891654925344,118.64447023929417,116.42233612973588,116.99120330810547,5831706
2013-02-21 00:00:00+05:30,116.61787991139433,117.06230508448803,113.59576757629135,114.52017974853516,5796040
2013-02-22 00:00:00+05:30,113.98687579094035,116.74232348669884,113.98687579094035,115.16016387939453,4370856
2013-02-25 00:00:00+05:30,114.80459458932394,115.3556888947511,112.06692024837808,113.02688598632812,4939102
2013-02-26 00:00:00+05:30,112.6180435580617,112.6180435580617,108.01377114996038,108.92040252685547,4364194
2013-02-27 00:00:00+05:30,109.54260566235165,113.04469761525012,106.75160390524168,112.0847396850586,6807174
2013-02-28 00:00:00+05:30,113.06246944560648,115.48016126908945,108.54708531251924,111.44474792480469,12032721
2013-03-01 00:00:00+05:30,111.24921457945442,113.57801012879249,108.7959688886424,111.96029663085938,6200785
2013-03-04 00:00:00+05:30,111.6402996965186,112.93802986894778,109.89814428121217,110.9469985961914,5542633
2013-03-05 00:00:00+05:30,111.0891912875209,113.41799439614678,110.12922546704438,112.56468963623047,6615426
2013-03-06 00:00:00+05:30,112.56469128902675,114.64461048250112,112.17359259017947,113.40021514892578,5749960
2013-03-07 00:00:00+05:30,112.5291613170988,114.48464708573516,111.83585206058706,113.8802261352539,4138908
2013-03-08 00:00:00+05:30,114.28910635002781,116.51124092959597,114.12911064214441,115.81793975830078,5992362
2013-03-11 00:00:00+05:30,116.19125627504852,117.32899085895455,114.94686059972373,115.53350067138672,5585457
2013-03-12 00:00:00+05:30,115.40905866253834,116.7778963467115,114.34243147291149,115.53350067138672,3865819
2013-03-13 00:00:00+05:30,114.39576254679596,115.21351383113534,112.262508233569,112.63582611083984,4247683
2013-03-14 00:00:00+05:30,112.35139617536242,114.76908004900164,110.71590174974783,113.73800659179688,5512873
2013-03-15 00:00:00+05:30,114.48459843521506,115.8178817704943,113.0979805114384,113.47129821777344,4593181
2013-03-18 00:00:00+05:30,112.28027145689437,114.0757531682314,111.64028875360168,112.93801879882812,2937025
2013-03-19 00:00:00+05:30,112.44025597007112,113.38244908558546,106.66269598353557,110.16478729248047,7838371
2013-03-20 00:00:00+05:30,109.32930471894522,110.12927524127898,106.66273631116607,106.94717407226562,6270438
2013-03-21 00:00:00+05:30,107.2138176184616,108.262663931194,104.52946862322179,105.96941375732422,5150029
2013-03-22 00:00:00+05:30,106.74421410208267,107.96950827055271,104.23958213380332,106.54601287841797,7219501
2013-03-25 00:00:00+05:30,109.0146096452605,112.05980996123813,108.40196667323848,109.53715515136719,7836987
2013-03-26 00:00:00+05:30,108.47404284748805,110.58225594205248,107.75327960702782,109.30290985107422,4286050
2013-03-28 00:00:00+05:30,109.33892606701465,113.15894080922926,108.58213388398217,112.22196197509766,6609544
2013-04-01 00:00:00+05:30,112.52830322169218,113.87972396395263,110.4561192512811,111.30300903320312,2230650
2013-04-02 00:00:00+05:30,110.67234406804408,114.78065789887178,110.45611181478975,114.31216430664062,3857278
2013-04-03 00:00:00+05:30,113.5193236182683,114.22206393796941,110.47412381464645,111.91564178466797,3372874
2013-04-04 00:00:00+05:30,111.7174110259992,113.44722731092057,110.02363206482111,110.87052154541016,4230934
2013-04-05 00:00:00+05:30,110.87053978511788,113.66346995256285,110.67233034771438,113.26705932617188,4302750
2013-04-08 00:00:00+05:30,113.51936021362793,114.74464634651412,112.22199939626833,112.74454498291016,3928152
2013-04-09 00:00:00+05:30,112.99677900752128,113.84366865575129,108.51006120181717,109.48308563232422,4350922
2013-04-10 00:00:00+05:30,109.69932070762371,109.91554471474383,106.5460085708276,109.15875244140625,6168243
2013-04-11 00:00:00+05:30,109.62723604860157,111.44715014547964,107.41090305971053,110.72638702392578,6457176
2013-04-12 00:00:00+05:30,109.9155675499862,111.8616170120327,109.53717133470462,111.2850112915039,2212935
2013-04-15 00:00:00+05:30,110.9967029067472,117.9159797142213,110.3660453053736,114.96087646484375,8500039
2013-04-16 00:00:00+05:30,115.50141242897872,119.95208472504454,115.32121752335813,119.60972595214844,7145605
2013-04-17 00:00:00+05:30,120.54672794681616,121.2674829130197,117.24925809823134,118.51058959960938,6483210
2013-04-18 00:00:00+05:30,117.50149826268526,121.23141520756378,117.1591395332921,120.49263763427734,4619811
2013-04-22 00:00:00+05:30,120.20438438759844,120.65485526759572,117.87993880984887,118.22229766845703,5141532
2013-04-23 00:00:00+05:30,119.59174803479833,119.59174803479833,115.51946234754311,117.64569854736328,4650721
2013-04-25 00:00:00+05:30,117.53755387182504,121.23143406440337,116.02396116296,117.66368865966797,10452445
2013-04-26 00:00:00+05:30,117.4474834542654,119.17730055615716,116.36634673453072,116.81682586669922,3283458
2013-04-29 00:00:00+05:30,117.66369983358453,119.86201031650192,117.12313154682751,118.51058959960938,4057423
2013-04-30 00:00:00+05:30,118.5646458127602,118.81691542162322,113.98783800019704,117.73577880859375,5604577
2013-05-02 00:00:00+05:30,116.40238180171049,119.6457918975639,116.40238180171049,118.52861785888672,4491693
2013-05-03 00:00:00+05:30,117.84387953695949,119.2133229649377,116.2221747726894,116.67264556884766,2813607
2013-05-06 00:00:00+05:30,117.46549300792273,117.7718144940905,114.45633002708769,114.88878631591797,3397764
2013-05-07 00:00:00+05:30,116.02398533355233,116.04200812774877,114.78067648338713,115.30323028564453,3689247
2013-05-08 00:00:00+05:30,115.6816190406809,117.06907716152352,114.60048241413249,115.37529754638672,5236375
2013-05-09 00:00:00+05:30,115.35723765914307,116.58253149073295,115.06893905059148,115.87979125976562,2809546
2013-05-10 00:00:00+05:30,116.33031492590456,118.69079797603484,116.25824024095051,117.64569854736328,6119713
2013-05-13 00:00:00+05:30,118.60068931699081,118.92503361713209,115.37530210300011,115.6275634765625,3017266
2013-05-14 00:00:00+05:30,116.2221994371643,118.56465962208387,116.04201273014549,117.7538070678711,4032673
2013-05-15 00:00:00+05:30,118.18622712706247,121.30350156771127,117.8438683646299,120.74491882324219,7499611
2013-05-16 00:00:00+05:30,120.1863508487432,124.40278529332667,120.02418695536588,121.77201843261719,9114040
2013-05-17 00:00:00+05:30,122.15044457440828,123.42979098148194,121.68195907530084,122.79913330078125,5398696
2013-05-20 00:00:00+05:30,123.24956230735178,123.6099438939801,119.28539784810812,119.89804077148438,3948702
2013-05-21 00:00:00+05:30,120.72693309998459,121.80806983893495,117.48352288313349,117.7538070678711,5165011
2013-05-22 00:00:00+05:30,118.24030198019489,119.53766253090487,114.40226395768393,118.61869812011719,7879792
2013-05-23 00:00:00+05:30,117.32131438303784,120.29443928521466,117.32131438303784,118.25829315185547,7861276
2013-05-24 00:00:00+05:30,118.92502452229941,119.59172761692668,116.40236973750538,117.10511016845703,4442007
2013-05-27 00:00:00+05:30,117.59162051999878,118.43851025259353,115.50142212725771,117.82585906982422,4854214
2013-05-28 00:00:00+05:30,117.95199841912843,121.06927333716493,117.95199841912843,120.34851837158203,6193014
2013-05-29 00:00:00+05:30,121.26749861326068,121.44769356445413,119.78995115366942,120.70891571044922,5535039
2013-05-30 00:00:00+05:30,117.84383562075782,121.66384931422756,117.51949148940851,120.33045196533203,8016432
2013-05-31 00:00:00+05:30,119.32147018439233,120.52873359417156,116.90692686799504,118.16825866699219,6435490
2013-06-03 00:00:00+05:30,117.9339858978484,118.76285288522027,113.75358887925995,114.24009704589844,4447596
2013-06-04 00:00:00+05:30,114.60045646893299,116.36631035959995,113.69950673464234,114.67253112792969,4068079
2013-06-05 00:00:00+05:30,114.9248205076713,117.21322019502732,114.24009463225369,116.97897338867188,2240910
2013-06-06 00:00:00+05:30,116.7627524245469,117.15917137618358,115.42935447142938,116.72671508789062,3733231
2013-06-07 00:00:00+05:30,116.40239851462165,117.84391706922295,114.72664134021198,115.06900024414062,3237139
2013-06-10 00:00:00+05:30,116.02395909433068,116.88887155495179,114.5283892025725,115.69962310791016,2259282
2013-06-11 00:00:00+05:30,114.79869786696798,116.29426807857732,110.38405366278499,111.06877136230469,6212305
2013-06-12 00:00:00+05:30,111.06874898307763,112.79857392572795,110.6903528700291,111.42913055419922,3935146
2013-06-13 00:00:00+05:30,110.6363046725808,112.34809863335856,110.05969908867405,111.39309692382812,3903295
2013-06-14 00:00:00+05:30,112.33009511436258,113.57340386206711,111.08678636665803,112.16792297363281,5390380
2013-06-17 00:00:00+05:30,112.43822344968862,113.014829173895,111.03274235719995,112.74454498291016,2341330
2013-06-18 00:00:00+05:30,112.45623120635342,112.7265153611934,110.2939579676335,110.90660095214844,2561842
2013-06-19 00:00:00+05:30,110.63631418252756,112.07782414199362,108.9064890337001,111.30300903320312,4459564
2013-06-20 00:00:00+05:30,110.09572370242145,110.27591034894448,107.24872519686197,107.9154281616211,5046345
2013-06-21 00:00:00+05:30,107.75328031340335,111.35707179407582,107.1766746663059,110.90660095214844,6561486
2013-06-24 00:00:00+05:30,110.6363169112964,111.14084788407872,106.70818114140168,107.68120574951172,5450647
2013-06-25 00:00:00+05:30,108.83439519552094,113.28507558920674,108.16770046224609,112.22196197509766,6400579
2013-06-26 00:00:00+05:30,113.33915522452531,113.51934190665064,110.29395493031052,111.15885925292969,5003166
2013-06-27 00:00:00+05:30,112.63641502420948,116.0419969381252,112.23999607429755,115.41133117675781,8777743
2013-06-28 00:00:00+05:30,124.3306896594631,127.23174018463942,116.52848785992411,119.32142639160156,32426844
2013-07-01 00:00:00+05:30,119.80792056317176,122.25850003976913,117.69970806549081,118.20423889160156,7180173
2013-07-02 00:00:00+05:30,118.3123732849181,119.78992871617135,115.73566679998889,116.00595092773438,6067719
2013-07-03 00:00:00+05:30,113.9157686516163,115.19511480330269,111.75349532446594,112.1138687133789,4606926
2013-07-04 00:00:00+05:30,112.14988917507547,113.51933259211458,109.93356429732718,111.39309692382812,4697212
2013-07-05 00:00:00+05:30,113.19498759569125,114.3301842134898,112.00573910225557,113.8977279663086,3267571
2013-07-08 00:00:00+05:30,113.519362378967,113.82568391803152,108.96056838750435,109.50113677978516,5437603
2013-07-09 00:00:00+05:30,109.95162582191571,110.63635194722553,108.47407802153657,108.88851165771484,5228589
2013-07-10 00:00:00+05:30,108.4020077252479,109.64530868426444,106.13161341235336,106.72624206542969,5353513
2013-07-11 00:00:00+05:30,108.58216114493008,110.74443449465078,108.11366748603484,109.82546997070312,4641898
2013-07-12 00:00:00+05:30,111.24892856008236,111.30298042683015,105.53692557408483,106.87032318115234,8317911
2013-07-15 00:00:00+05:30,106.87032487063419,107.60910246466219,106.0955099487328,106.7081527709961,3200079
2013-07-16 00:00:00+05:30,105.91533907701937,109.4470472248723,105.59099482945797,108.02355194091797,6210579
2013-07-17 00:00:00+05:30,108.11368578649177,109.06868781136053,106.41990580895934,108.40199279785156,5967010
2013-07-18 00:00:00+05:30,108.67226144012774,114.18605697545566,108.67226144012774,113.39321899414062,7946761
2013-07-19 00:00:00+05:30,113.87974043310406,115.24917591748469,112.52831949540274,114.22209930419922,5671734
2013-07-22 00:00:00+05:30,113.33912731098954,114.1860168810302,110.31194230632364,110.76241302490234,3306270
2013-07-23 00:00:00+05:30,111.44715699761635,113.69951920780966,111.21291020597154,112.49225616455078,3292267
2013-07-24 00:00:00+05:30,111.80751808429116,114.05988829616774,110.36600840729623,111.14082336425781,3727104
2013-07-25 00:00:00+05:30,111.3570589646673,113.3211224971031,109.17676318422087,110.07771301269531,5676030
2013-07-26 00:00:00+05:30,112.07783811070068,112.07783811070068,108.78037603765993,109.4110336303711,2812410
2013-07-29 00:00:00+05:30,109.89753843190324,110.63631621771803,106.67214313522008,107.24874877929688,3360609
2013-07-30 00:00:00+05:30,108.04157042848098,108.38392920481705,100.58172726744368,101.15833282470703,5525137
2013-07-31 00:00:00+05:30,100.90607088949115,105.55495265117786,95.66255253562484,104.76212310791016,11224555
2013-08-01 00:00:00+05:30,105.60903022790723,106.94242821373868,99.14022503417769,100.49164581298828,7641034
2013-08-02 00:00:00+05:30,101.62685539246935,102.13138643012798,97.75277925480829,100.14929962158203,6141562
2013-08-05 00:00:00+05:30,99.91501740742193,101.44663277351397,98.27529830174801,99.60869598388672,3811126
2013-08-06 00:00:00+05:30,99.01408630182787,100.85201503564409,95.86076604006945,96.34728240966797,3710169
2013-08-07 00:00:00+05:30,97.05003444656116,98.68975392121752,96.61757814883913,98.2933349609375,7624059
2013-08-08 00:00:00+05:30,97.87887306986896,99.28435356775161,95.95084720641378,98.41944122314453,6221430
2013-08-12 00:00:00+05:30,99.39249982726312,101.1943915434806,98.02305618407668,100.22136688232422,6307069
2013-08-13 00:00:00+05:30,97.66267854499621,100.45560934647644,97.35635704903763,99.08617401123047,7323082
2013-08-14 00:00:00+05:30,99.28435237178043,105.19456465962709,98.76179876408712,104.09540557861328,10136253
2013-08-16 00:00:00+05:30,103.75305925365129,104.99636778950322,97.30227804798318,97.95095825195312,7270551
2013-08-19 00:00:00+05:30,97.33830202848863,98.22122888618618,90.63526042612229,94.40121459960938,5570686
2013-08-20 00:00:00+05:30,93.69849909729595,94.23906737718114,89.60819966272574,92.47321319580078,8385249
2013-08-21 00:00:00+05:30,93.69850682531107,95.37427193053499,90.09472349445704,90.34698486328125,8069332
2013-08-22 00:00:00+05:30,88.65320441368051,98.23928481408751,88.65320441368051,97.17616271972656,13443241
2013-08-23 00:00:00+05:30,97.39238287691437,100.83400184984694,95.212087076604,99.7168197631836,9287706
2013-08-26 00:00:00+05:30,100.70786254331897,100.81597453925416,95.86076303226724,96.59954071044922,6519478
2013-08-27 00:00:00+05:30,95.59049374079999,95.8607778967574,92.61736802526842,93.44624328613281,6549138
2013-08-28 00:00:00+05:30,91.80649716936583,91.89659461944518,84.40071442912907,87.82431030273438,19302502
2013-08-29 00:00:00+05:30,89.73434798450083,90.43708850394268,87.96849353699456,89.62623596191406,10872666
2013-08-30 00:00:00+05:30,90.41904858312785,91.95066414913711,86.85130302301592,89.78839111328125,9591055
2013-09-02 00:00:00+05:30,91.86056853927386,91.86056853927386,89.22980185956152,90.58122253417969,3796381
2013-09-03 00:00:00+05:30,91.53621080649503,92.72546742386834,89.26582605695543,90.4911117553711,7790836
2013-09-04 00:00:00+05:30,90.18480763138976,94.27510717269521,88.54508820543921,92.74349975585938,5838249
2013-09-05 00:00:00+05:30,94.09493064531011,98.02305847264772,93.77058633454601,97.33834075927734,7173442
2013-09-06 00:00:00+05:30,97.93294426721144,105.12249492065462,97.01397170391448,103.89720916748047,8843755
2013-09-10 00:00:00+05:30,104.52787040380191,107.75325676405987,103.10437526587015,105.48287200927734,9793225
2013-09-11 00:00:00+05:30,105.57298991049014,105.66307912758944,102.04127319228881,104.25760650634766,5722174
2013-09-12 00:00:00+05:30,105.51891285221956,105.59098751370252,100.02314155418964,100.52766418457031,4587094
2013-09-13 00:00:00+05:30,99.42851775960428,102.56381516762205,98.9600241901792,101.87908935546875,4640854
2013-09-16 00:00:00+05:30,104.1494972874555,106.05950091961874,100.90608742295085,103.50080871582031,3781701
2013-09-17 00:00:00+05:30,103.59103244653782,104.15058927940667,99.58384699813402,100.97372436523438,5367991
2013-09-18 00:00:00+05:30,102.07481044749535,102.8509766657656,100.08926761378986,102.14701080322266,2755558
2013-09-19 00:00:00+05:30,104.69213803325971,109.20473581711965,103.5730156998328,108.0134048461914,6738154
2013-09-20 00:00:00+05:30,107.29137484154452,107.45382978876998,102.45387618288632,104.5116195678711,9888612
2013-09-23 00:00:00+05:30,103.6993683517153,104.25893363830853,99.2048248854772,99.51168060302734,4111156
2013-09-24 00:00:00+05:30,99.9990252189846,101.65965825418785,98.82574873543828,99.09650421142578,6857767
2013-09-25 00:00:00+05:30,99.63801468005235,101.40694824450915,98.1939827275236,100.88349151611328,7330812
2013-09-26 00:00:00+05:30,101.08204842925853,101.37084986721676,98.91600459336586,99.98097229003906,8012659
2013-09-27 00:00:00+05:30,100.86542786185593,101.40693876055995,98.50082916914161,99.06039428710938,5232852
2013-09-30 00:00:00+05:30,99.06039178483992,99.09649195965493,94.81855927307413,96.69579315185547,5936838
2013-10-01 00:00:00+05:30,97.47197004693342,97.50807022572701,94.20485015790487,94.69221496582031,7334262
2013-10-03 00:00:00+05:30,95.03518134869884,96.87631546002,95.03518134869884,96.20845794677734,4466353
2013-10-04 00:00:00+05:30,96.02791950499585,97.45389694811662,94.71024257727672,95.55860900878906,5454891
2013-10-07 00:00:00+05:30,95.30595937446188,96.35288144874708,94.15073672617562,96.06407165527344,2733444
2013-10-08 00:00:00+05:30,96.3889685935458,97.41783630150175,96.02795846626859,97.03878021240234,3566788
2013-10-09 00:00:00+05:30,96.93048184353162,99.0604259432747,96.06406082360782,98.8077163696289,3509895
2013-10-10 00:00:00+05:30,98.8077163696289,99.49363645323659,97.83300305071864,98.8077163696289,3322923
2013-10-11 00:00:00+05:30,99.6560698425252,100.59468277087534,98.80769496858338,99.8365707397461,4150720
2013-10-14 00:00:00+05:30,98.75356875464811,100.30590157234,98.75356875464811,99.45753479003906,2132559
2013-10-15 00:00:00+05:30,100.36005738598926,100.8654683116499,97.95935755480218,99.34923553466797,3451380
2013-10-17 00:00:00+05:30,99.99900243774567,102.52604746273019,99.72824702344023,101.4791259765625,5994730
2013-10-18 00:00:00+05:30,102.34558560773634,103.23005252979988,101.64161960972577,102.36363983154297,4757653
2013-10-21 00:00:00+05:30,102.52606084816225,103.41052754865954,101.73184871848322,102.97732543945312,3715660
2013-10-22 00:00:00+05:30,103.24812835162733,103.75353930750299,101.80409586872481,103.26617431640625,3187954
2013-10-23 00:00:00+05:30,103.24811052256425,103.60911238384817,100.86545692407563,101.89433288574219,3179580
2013-10-24 00:00:00+05:30,101.894300582876,104.3310995566337,101.51523635449564,102.453857421875,3710749
2013-10-25 00:00:00+05:30,101.46112703991506,103.39251600612043,101.46112703991506,102.50804901123047,3787132
2013-10-28 00:00:00+05:30,102.52605906367481,104.25890052154234,102.50801310750559,103.53688049316406,3019206
2013-10-29 00:00:00+05:30,103.97010831639692,105.30583154643199,102.88708635476779,104.90872955322266,3882574
2013-10-30 00:00:00+05:30,105.41416833560965,105.93762523337739,103.46472498206596,104.18673706054688,2414824
2013-10-31 00:00:00+05:30,104.69213845254865,108.59102480428649,102.02068326400392,106.02787017822266,10221877
2013-11-01 00:00:00+05:30,106.24442476463456,106.24442476463456,103.2480692011494,103.89788055419922,3407955
2013-11-05 00:00:00+05:30,103.80767016242189,104.16868029563234,102.16509099506082,102.4719467163086,4972035
2013-11-06 00:00:00+05:30,102.50803645283274,103.19394819948224,101.44306038669579,101.74991607666016,2818602
2013-11-07 00:00:00+05:30,102.14703012793035,103.87986378161565,101.53331872534197,102.41778564453125,3046560
2013-11-08 00:00:00+05:30,102.00262402629014,102.52608080822286,98.10374644478405,100.12538146972656,3551562
2013-11-11 00:00:00+05:30,99.63800990375611,99.99901994028308,97.21926496858798,97.5441665649414,3882312
2013-11-12 00:00:00+05:30,97.67050294739727,98.51886935029513,95.68496051413875,95.97377014160156,4685565
2013-11-13 00:00:00+05:30,96.02794032469022,97.4539180769754,95.12542757120427,97.05681610107422,4468278
2013-11-14 00:00:00+05:30,98.77161788925204,99.56583854837443,97.2914936602752,97.50809478759766,3209238
2013-11-18 00:00:00+05:30,98.55498450157117,101.08203814049372,98.55498450157117,100.73908233642578,3972637
2013-11-19 00:00:00+05:30,100.55859192607217,101.82212311231372,98.48280249553564,100.12538146972656,2838157
2013-11-20 00:00:00+05:30,100.8654456240022,101.96652183457068,98.80770219400345,99.8907241821289,6627633
2013-11-21 00:00:00+05:30,99.81851977916114,100.01707490399058,97.34562022385188,97.63442993164062,3187033
2013-11-22 00:00:00+05:30,97.83300440638004,100.97376205581773,97.83300440638004,100.4322509765625,4349520
2013-11-25 00:00:00+05:30,102.52607921741686,104.33112138038264,101.20840190882872,104.09646606445312,4000981
2013-11-26 00:00:00+05:30,104.07840234400432,104.3311118593908,102.7246249767233,103.66324615478516,3356241
2013-11-27 00:00:00+05:30,103.03148815870527,106.00979858437971,103.01344219931676,104.65602111816406,4553977
2013-11-28 00:00:00+05:30,104.65602152702171,106.73181915852979,104.36722007326179,105.39608764648438,5615382
2013-11-29 00:00:00+05:30,105.50440258351298,108.23001212058354,105.50440258351298,107.97730255126953,4428400
2013-12-02 00:00:00+05:30,105.37803763475611,107.18307143974954,103.86180527241686,106.4610595703125,8868981
2013-12-03 00:00:00+05:30,105.21556928459827,106.4971461800732,104.87261348374734,105.55852508544922,5402737
2013-12-04 00:00:00+05:30,105.25168539230191,105.66684160745844,103.24809641610975,103.572998046875,4140013
2013-12-05 00:00:00+05:30,105.05314425338612,105.90151101866819,103.8618215896712,105.01704406738281,2882589
2013-12-06 00:00:00+05:30,105.01705916029876,107.94121596083716,104.72824936796202,106.15423583984375,4720327
2013-12-09 00:00:00+05:30,108.30220925554468,110.99171026274938,108.17585447466578,110.12529754638672,7243480
2013-12-10 00:00:00+05:30,111.15296008943476,111.20801692335657,108.41864148135147,109.39125061035156,7227811
2013-12-11 00:00:00+05:30,108.80396479881878,109.18933726011007,105.70262163818052,107.0973129272461,3939138
2013-12-12 00:00:00+05:30,106.43671235584172,107.44603163437414,103.77579727710602,103.9776611328125,4265002
2013-12-13 00:00:00+05:30,103.51884728988053,104.39969750251015,102.14251095718704,102.76644897460938,2167465
2013-12-16 00:00:00+05:30,103.42712660277012,103.68403889204268,100.94972029685012,101.53695678710938,2401300
2013-12-17 00:00:00+05:30,101.66540801989217,102.61966198072692,100.4909351446397,100.82125091552734,2072871
2013-12-18 00:00:00+05:30,101.29834147135416,103.72068975503868,100.1972725423177,103.22521209716797,2720293
2013-12-19 00:00:00+05:30,103.35372812910462,103.86756113318783,99.64679182832441,100.45423889160156,4061350
2013-12-20 00:00:00+05:30,101.73880047801866,105.15211347620553,101.3350728458323,104.5281753540039,5963964
2013-12-23 00:00:00+05:30,104.52818163237892,106.43669786195268,104.21621255254001,105.99627685546875,2515168
2013-12-24 00:00:00+05:30,106.43668387834474,106.98721846461288,104.43640933496928,104.87683868408203,2232475
2013-12-26 00:00:00+05:30,105.50080400160441,108.08831554504992,105.40904541337103,107.28086853027344,6470409
2013-12-27 00:00:00+05:30,107.31757778404456,107.51944165196679,106.45507387596385,107.18911743164062,2556571
2013-12-30 00:00:00+05:30,107.61117964663181,107.64788980072314,105.70266325803618,106.27155303955078,4264729
2013-12-31 00:00:00+05:30,106.9505263694108,107.28085051117442,105.55584310527965,106.03297424316406,4184544
2014-01-01 00:00:00+05:30,106.43669866062001,106.76702281845384,105.4640896632648,105.7393569946289,984393
2014-01-02 00:00:00+05:30,106.41834417019453,107.48271166666905,102.82151405095512,103.3904037475586,2977998
2014-01-03 00:00:00+05:30,103.86755933417103,104.87687024590937,100.968070146888,101.22499084472656,5739327
2014-01-06 00:00:00+05:30,102.03244283228739,104.52820441547001,101.72047368445132,103.11516571044922,3474246
2014-01-07 00:00:00+05:30,103.13348312657939,103.83083314196062,100.94969971134933,101.39012908935547,3450486
2014-01-08 00:00:00+05:30,101.72046946841431,102.2893593029447,99.867001337242,100.2707290649414,3326023
2014-01-09 00:00:00+05:30,100.5643577358168,103.29867660489494,99.46328815622937,102.87660217285156,3859131
2014-01-10 00:00:00+05:30,103.11515845186648,105.59256478114013,101.29839213030044,104.2529296875,6543391
2014-01-13 00:00:00+05:30,106.43668541426824,107.86807871941744,105.88615082005566,107.50105285644531,5393956
2014-01-14 00:00:00+05:30,107.50106664264251,107.50106664264251,105.15212097956535,106.52845764160156,4029163
2014-01-15 00:00:00+05:30,107.17071640554067,108.19838190264382,105.70262163818052,107.0973129272461,3274846
2014-01-16 00:00:00+05:30,107.90478707209687,107.90478707209687,104.10610149965342,105.31727600097656,4287568
2014-01-17 00:00:00+05:30,104.25291079857193,106.9872289241261,104.06940205203902,105.5191421508789,6041319
2014-01-20 00:00:00+05:30,105.33564445957035,106.9872486848972,104.43643883473598,105.39070129394531,5956990
2014-01-21 00:00:00+05:30,105.53747322763337,106.06966111466332,104.39970236629946,105.33560943603516,4932865
2014-01-22 00:00:00+05:30,105.33563822760306,106.78537850844214,104.60159474882825,106.3633041381836,3596491
2014-01-23 00:00:00+05:30,106.08803833673154,106.25320043200945,104.14282014932735,104.63829803466797,4896042
2014-01-24 00:00:00+05:30,104.32634405239001,104.80347532995147,103.29867797771833,103.94097137451172,3413026
2014-01-27 00:00:00+05:30,101.3351039247977,103.28033078515732,101.20664356597813,101.6654281616211,4015431
2014-01-28 00:00:00+05:30,100.94971355910818,102.94998850809456,100.76620479330437,101.02311706542969,3089977
2014-01-29 00:00:00+05:30,101.20664356597813,102.32606823477357,100.56435857286885,101.6654281616211,3441988
2014-01-30 00:00:00+05:30,100.56433484118111,102.4361493401418,99.51831393841529,99.9036865234375,9096282
2014-01-31 00:00:00+05:30,100.28905304892682,101.42682396472634,99.1329270600621,101.1332015991211,4630932
2014-02-03 00:00:00+05:30,100.19731177525207,101.04146887161042,97.64650221092946,98.2887954711914,5791563
2014-02-04 00:00:00+05:30,97.46297724265706,98.80260356761707,96.94914439999808,98.3621826171875,4656093
2014-02-05 00:00:00+05:30,98.32550730886415,99.64678731639802,97.40794661444187,99.1880111694336,4204678
2014-02-06 00:00:00+05:30,99.42656988501231,100.19731510252693,97.62815037665683,98.32550048828125,3090261
2014-02-07 00:00:00+05:30,99.24302121995906,99.7752090730649,98.25205739732316,98.83930206298828,2612397
2014-02-10 00:00:00+05:30,98.72919984866118,100.6377242314283,98.72919984866118,99.92202758789062,3487869
2014-02-11 00:00:00+05:30,100.38078593577006,101.40845143777544,99.40817724299306,101.27999114990234,7517380
2014-02-12 00:00:00+05:30,101.70208989952759,104.16114042649427,101.29836230239437,103.90422821044922,4983084
2014-02-13 00:00:00+05:30,103.86753859855338,104.23455609291935,100.03214277873916,100.38081359863281,3188418
2014-02-14 00:00:00+05:30,100.93132712699298,101.7938306590651,99.49994239741108,101.44515991210938,3763402
2014-02-17 00:00:00+05:30,101.66541409840876,102.76648353485184,100.08721345277459,101.94068145751953,2211294
2014-02-18 00:00:00+05:30,101.70207757317728,102.38106397639118,99.46323778845505,101.59197235107422,3885427
2014-02-19 00:00:00+05:30,101.66541413922529,102.74812849859887,101.16992785233109,102.5462646484375,2483551
2014-02-20 00:00:00+05:30,101.70211985843679,102.39946162218386,101.13323004030548,101.37179565429688,1881969
2014-02-21 00:00:00+05:30,101.64705657958984,102.34439829912385,101.18828045892162,101.64705657958984,1780107
2014-02-24 00:00:00+05:30,101.33506584895396,104.23454576974655,101.33506584895396,103.57390594482422,2267130
2014-02-25 00:00:00+05:30,104.21623847268235,104.38140059143824,102.50957724636203,103.40878295898438,2520849
2014-02-26 00:00:00+05:30,103.13347136945642,104.85847853621381,101.9773538345398,104.03267669677734,9585442
2014-02-28 00:00:00+05:30,103.61061194788809,107.4460075454455,103.61061194788809,106.93217468261719,6271645
2014-03-03 00:00:00+05:30,106.27155639093048,107.90480547879778,105.33564064342391,106.65692901611328,3276279
2014-03-04 00:00:00+05:30,106.65691474220844,109.26277258310276,106.179783593744,108.58378601074219,3145473
2014-03-05 00:00:00+05:30,109.00588039724138,111.22637447371184,109.00588039724138,110.29045867919922,5290740
2014-03-06 00:00:00+05:30,110.43726019593463,113.77717002874066,110.29044478753656,113.35508728027344,3676197
2014-03-07 00:00:00+05:30,113.37343841679328,116.7867516349398,112.12556209197477,116.01600646972656,5233306
2014-03-10 00:00:00+05:30,115.08009972625204,119.92479804377717,113.96067532377587,117.41069030761719,7879053
2014-03-11 00:00:00+05:30,116.52984361571177,119.26416194453964,116.1811727711325,118.58516693115234,8420449
2014-03-12 00:00:00+05:30,117.72264798123467,118.10802892865972,115.68567160416458,116.32796478271484,5924997
2014-03-13 00:00:00+05:30,116.3463439285634,120.01657848673204,116.12613338328069,118.97056579589844,7489342
2014-03-14 00:00:00+05:30,118.21815284941094,120.56709864994824,117.94288550089509,118.45671844482422,4721476
2014-03-18 00:00:00+05:30,118.54845581794805,121.85166364322053,118.01627625521705,119.26415252685547,10533424
2014-03-19 00:00:00+05:30,119.81471096279711,120.54875449182764,114.6213326237092,115.17186737060547,6549433
2014-03-20 00:00:00+05:30,115.24524316070847,116.52982952811595,113.41013057932977,115.90589141845703,7422490
2014-03-21 00:00:00+05:30,116.41971924031198,117.02531069387217,112.07049902089831,112.45587158203125,13362849
2014-03-24 00:00:00+05:30,113.92396646521651,118.18143650335064,113.92396646521651,117.85111236572266,10079613
2014-03-25 00:00:00+05:30,113.41014066037599,117.96122497101707,112.40082991097364,117.41069030761719,10734699
2014-03-26 00:00:00+05:30,117.63091457823717,120.31018451571295,117.4473974150724,119.39262390136719,5695686
2014-03-27 00:00:00+05:30,119.52274314218867,124.20845637674373,118.27694603272845,123.09281158447266,14993080
2014-03-28 00:00:00+05:30,123.46471941320847,124.17130087281753,121.77266224723925,122.49783325195312,3774826
2014-03-31 00:00:00+05:30,122.18174251537532,124.72913171819596,117.58900102474287,118.5186996459961,6561028
2014-04-01 00:00:00+05:30,119.37405879591189,121.53097438879976,119.20671028217596,120.41532897949219,3708562
2014-04-02 00:00:00+05:30,120.842958781193,123.05565946325025,119.8574745337373,122.72096252441406,3885141
2014-04-03 00:00:00+05:30,123.42754554810196,123.46473315414684,119.85748429760852,121.326416015625,3753628
2014-04-04 00:00:00+05:30,121.02888014748501,122.72094564286732,118.07242781180875,121.10326385498047,18229063
2014-04-07 00:00:00+05:30,121.40078517075621,122.68377879453683,120.50827415851094,121.08468627929688,5333112
2014-04-09 00:00:00+05:30,121.0846922828677,121.9772118510625,118.66746384391148,119.91326141357422,10705383
2014-04-10 00:00:00+05:30,120.09918705859364,120.28512505640774,117.29147647727326,119.72730255126953,11309751
2014-04-11 00:00:00+05:30,119.02071139506236,120.86152708205319,118.46288897547088,119.00211334228516,12173271
2014-04-15 00:00:00+05:30,119.00215307897551,119.46701092498817,117.51463180448789,118.76042938232422,9429672
2014-04-16 00:00:00+05:30,119.13231569930181,119.74592397939878,117.217124157066,117.71916961669922,6708399
2014-04-17 00:00:00+05:30,117.7005260199638,120.28510199672604,116.60347927563001,119.87602996826172,7918710
2014-04-21 00:00:00+05:30,120.09919111633798,121.1404609626697,119.85746745516467,120.15496826171875,4246374
2014-04-22 00:00:00+05:30,120.19217083361025,123.20441794535158,119.76450911507133,121.36360168457031,7023375
2014-04-23 00:00:00+05:30,121.49375832525662,123.63207535512493,119.80169254525174,121.23343658447266,9030352
2014-04-24 00:00:00+05:30,121.23343658447266,121.23343658447266,121.23343658447266,121.23343658447266,0
2014-04-25 00:00:00+05:30,122.2932867134246,122.34906385565924,119.03931649925622,119.35541534423828,5190372
2014-04-28 00:00:00+05:30,119.02071838913312,120.11776524000517,118.6302443748124,119.50416564941406,3444432
2014-04-29 00:00:00+05:30,119.82026608336021,120.30371335014405,118.53727272331004,119.11369323730469,2737183
2014-04-30 00:00:00+05:30,118.81621788649207,122.66519055419232,118.35136854107012,120.89875793457031,10052065
2014-05-02 00:00:00+05:30,121.58671764517861,123.55769462409896,119.98763371458242,122.46064758300781,5110098
2014-05-05 00:00:00+05:30,122.38625696375715,127.72275848165577,121.88422010256691,124.72911834716797,7234153
2014-05-06 00:00:00+05:30,124.9708520990059,126.97900821765408,124.72912842106257,125.39851379394531,5298778
2014-05-07 00:00:00+05:30,126.43979819599751,127.1835588608753,124.17132008200736,124.63616943359375,5042044
2014-05-08 00:00:00+05:30,124.95224901411207,126.40259102341875,123.83660393362892,124.20848846435547,5767284
2014-05-09 00:00:00+05:30,124.02253590126932,130.15858354500327,122.34906836206916,129.39622497558594,8914516
2014-05-12 00:00:00+05:30,129.09875132110454,134.37946824974784,129.09875132110454,133.35679626464844,8032885
2014-05-13 00:00:00+05:30,138.71189981558692,141.51960257410198,136.25747508375005,138.56314086914062,10452624
2014-05-14 00:00:00+05:30,139.0837665074077,140.55269823056636,135.6438661218782,136.88966369628906,7067424
2014-05-15 00:00:00+05:30,136.62935118152458,141.64975464720246,135.1976070569074,140.7758331298828,8127180
2014-05-16 00:00:00+05:30,145.7776417280253,154.83296399246476,138.56312719112887,142.85836791992188,20039530
2014-05-19 00:00:00+05:30,146.50279511178564,156.19031456683587,144.79214836472056,154.98170471191406,12196564
2014-05-20 00:00:00+05:30,155.59531210398214,156.19033083235644,147.3581338310617,148.78988647460938,10548424
2014-05-21 00:00:00+05:30,147.3023110659448,149.77531578455776,145.3313260839062,148.1762237548828,8455851
2014-05-22 00:00:00+05:30,148.7526446563646,149.97986083094986,145.7776029986746,146.07510375976562,6734163
2014-05-23 00:00:00+05:30,148.17625530357162,152.8247820107395,145.92637566331433,151.70913696289062,12213408
2014-05-26 00:00:00+05:30,153.21525829429171,158.04973185582722,146.9676558028058,150.72366333007812,8401282
2014-05-27 00:00:00+05:30,150.7980648244917,151.13274480191504,145.03389166093763,146.91189575195312,5129259
2014-05-28 00:00:00+05:30,147.07919177236835,147.13497742639439,141.9658245899575,142.89552307128906,5545653
2014-05-29 00:00:00+05:30,143.17443621488616,144.6991533203765,137.03839721703844,139.1395263671875,11462808
2014-05-30 00:00:00+05:30,139.52998930712957,144.66196271589914,136.85243981379224,140.62704467773438,8421588
2014-06-02 00:00:00+05:30,141.5381558757422,149.47783123929318,140.66423458040873,148.58531188964844,6657531
2014-06-03 00:00:00+05:30,149.2919078719077,157.43612053614282,148.41799495287924,154.98170471191406,10868428
2014-06-04 00:00:00+05:30,154.75855121359288,155.81842760678657,151.9136700165971,152.84336853027344,6148531
2014-06-05 00:00:00+05:30,152.1182161282095,159.3513027062425,149.62660419972144,155.87420654296875,17072941
2014-06-06 00:00:00+05:30,158.36580148525837,174.72860019754586,157.7707999084796,173.16668701171875,37784922
2014-06-09 00:00:00+05:30,174.7844129467061,175.47239639405294,166.60300381056544,168.51820373535156,18473593
2014-06-10 00:00:00+05:30,169.2061941790884,169.52228457297514,162.0102690272639,163.83250427246094,12297118
2014-06-11 00:00:00+05:30,164.37173006330755,166.11957317720982,158.1055202207127,158.9050750732422,12745080
2014-06-12 00:00:00+05:30,159.18396795183335,163.59076283422561,157.34316028684478,159.3885040283203,11657637
2014-06-13 00:00:00+05:30,160.11362854873397,161.08052304016508,151.02112965838242,157.17576599121094,12884002
2014-06-16 00:00:00+05:30,156.39486583583167,160.1508736542551,153.71732413526988,158.75631713867188,10625092
2014-06-17 00:00:00+05:30,158.9794163703527,166.5286098479,158.23564734444844,165.5245361328125,12718878
2014-06-18 00:00:00+05:30,165.59888298653962,168.64831674502653,160.6528564112093,164.63198852539062,11425387
2014-06-19 00:00:00+05:30,161.86151770501002,162.99576946811456,151.82071097038434,156.46923828125,25387198
2014-06-20 00:00:00+05:30,156.39490090767802,159.83480207638917,154.33094999241206,155.2606658935547,12596755
2014-06-23 00:00:00+05:30,156.7109490307768,164.5948573916809,155.91141127617522,162.73544311523438,12819609
2014-06-24 00:00:00+05:30,165.4873647877288,166.00800829079864,160.28103189739858,164.72500610351562,15324336
2014-06-25 00:00:00+05:30,165.48734016671,166.69596696279274,161.58258256821037,162.45651245117188,12658546
2014-06-26 00:00:00+05:30,154.3308861413724,155.8927993569171,151.13270153516225,152.97352600097656,25686180
2014-06-27 00:00:00+05:30,154.87013406755307,155.61390314796034,151.54178828638732,152.91775512695312,9699930
2014-06-30 00:00:00+05:30,155.4093655847909,158.66331910562994,154.42388135116127,157.9939422607422,11039449
2014-07-01 00:00:00+05:30,159.5372799318299,159.90915602876726,156.67379142692093,157.3431854248047,9622063
2014-07-02 00:00:00+05:30,158.42160399921926,159.59303475741325,156.76672589674507,158.6447296142578,7481248
2014-07-03 00:00:00+05:30,159.50008860047797,159.76041038785027,155.14907855375532,155.5023651123047,7705696
2014-07-04 00:00:00+05:30,154.4052778104567,157.82658837715894,153.04791752526987,156.85971069335938,12160971
2014-07-07 00:00:00+05:30,158.31001214011036,158.31001214011036,153.94041408650955,154.53541564941406,7460151
2014-07-08 00:00:00+05:30,156.07876649250812,156.09737306416852,146.55860259922517,147.52549743652344,15089377
2014-07-09 00:00:00+05:30,148.49243661139667,151.96951732146658,145.23846459390987,150.59356689453125,10190839
2014-07-10 00:00:00+05:30,150.59350561193597,154.51685318080587,146.8560875523567,150.24021911621094,15043843
2014-07-11 00:00:00+05:30,149.8869252319787,150.5191229838702,145.77763133298714,147.32093811035156,9809556
2014-07-14 00:00:00+05:30,147.4138789205661,150.1472055530956,146.4841805007413,149.77532958984375,7419187
2014-07-15 00:00:00+05:30,150.51909240757783,154.0333669314596,150.2401811906542,153.4569549560547,8149551
2014-07-16 00:00:00+05:30,153.95902679507228,155.37217274299164,152.4715056405989,154.73997497558594,7964590
2014-07-17 00:00:00+05:30,153.25242262204497,154.70276438967812,150.64925687581965,153.68008422851562,9482181
2014-07-18 00:00:00+05:30,153.3082751913034,153.9590626560843,151.35589577356322,152.657470703125,6602628
2014-07-21 00:00:00+05:30,152.0996012775858,153.58713934487147,150.8352058367676,151.24427795410156,2933737
2014-07-22 00:00:00+05:30,151.35586596545792,152.76901196422958,151.13272331437256,152.06243896484375,4598307
2014-07-23 00:00:00+05:30,152.47150622589675,153.1780792025688,150.29598461150897,150.72366333007812,5660788
2014-07-24 00:00:00+05:30,151.69050447636502,152.043807902983,149.49641086807213,150.57485961914062,4114102
2014-07-25 00:00:00+05:30,150.61208516664206,151.46740851814045,148.45517021948618,149.1617431640625,4801530
2014-07-28 00:00:00+05:30,149.1245697932593,150.11005404445805,145.44293749886472,146.83749389648438,3835146
2014-07-30 00:00:00+05:30,147.07921101785075,149.36628694505225,146.89328151129027,148.36221313476562,7261677
2014-07-31 00:00:00+05:30,148.06469036768056,149.42206764684505,146.33545408773762,147.0234375,9600274
2014-08-01 00:00:00+05:30,146.57713423801587,147.24652794503496,142.98848464756853,143.6764678955078,6515214
2014-08-04 00:00:00+05:30,144.29012972761345,146.94908227258193,142.8583939065062,146.05657958984375,3487069
2014-08-05 00:00:00+05:30,146.55857475193574,151.30006624939173,146.55857475193574,150.70504760742188,8244942
2014-08-06 00:00:00+05:30,150.29600009096774,151.15134059280663,146.93047482052197,147.59986877441406,4674040
2014-08-07 00:00:00+05:30,146.5213591084895,150.24018682246597,146.5213591084895,148.77125549316406,4742947
2014-08-08 00:00:00+05:30,146.89329730353649,147.26517338003094,145.0338828742729,146.5957794189453,4733724
2014-08-11 00:00:00+05:30,147.1722098047329,147.7858010800528,145.88920753952826,146.40985107421875,3057232
2014-08-12 00:00:00+05:30,146.76312658774768,151.35586817417087,146.76312658774768,150.81663513183594,6757077
2014-08-13 00:00:00+05:30,152.84338003130102,153.73589952375372,148.75267562120564,149.49644470214844,8962455
2014-08-14 00:00:00+05:30,147.9717118265639,152.84336389444488,146.31683388229627,152.5086669921875,9458554
2014-08-18 00:00:00+05:30,153.21527451200552,161.471059532207,152.5087014605433,160.39259338378906,12905989
2014-08-19 00:00:00+05:30,162.06603637649306,163.8138791890658,158.8492620195602,161.84291076660156,15688128
2014-08-20 00:00:00+05:30,161.842889602493,162.06601518320647,156.93405873323366,157.6778106689453,8265483
2014-08-21 00:00:00+05:30,157.84516825556588,159.87192207944847,156.7481128667497,158.38438415527344,8002251
2014-08-22 00:00:00+05:30,159.1653439100465,161.56397362316594,158.23562848264086,158.8120574951172,7644318
2014-08-25 00:00:00+05:30,159.53725491494032,161.73134907791163,158.84927147594084,159.4442901611328,7537042
2014-08-26 00:00:00+05:30,159.90916035711777,160.50417915171977,153.2152882906794,155.4465789794922,9017682
2014-08-27 00:00:00+05:30,158.0497167197073,159.8719346478551,157.4546980985815,159.22113037109375,10929312
2014-08-28 00:00:00+05:30,159.53724922969425,163.256060553591,157.67783505604925,161.76853942871094,12690828
2014-09-01 00:00:00+05:30,163.5721273218744,164.3530752929142,162.23335693960775,163.46055603027344,5520775
2014-09-02 00:00:00+05:30,163.2560269875486,165.58029848257434,161.47100540937822,165.31997680664062,6475477
2014-09-03 00:00:00+05:30,167.3467497521538,167.4397144942189,161.76852476041537,162.47509765625,8238322
2014-09-04 00:00:00+05:30,162.51232792308124,163.5535979419471,160.31821655270863,162.69825744628906,3714918
2014-09-05 00:00:00+05:30,162.58666926324068,166.08235466134735,162.17759715997835,164.9481201171875,7008955
2014-09-08 00:00:00+05:30,166.60298073034497,169.76398624097115,166.34267604790804,169.26193237304688,9119499
2014-09-09 00:00:00+05:30,170.28463079216587,170.30322033788164,165.11547735205622,167.12364196777344,5288946
2014-09-10 00:00:00+05:30,165.52456934616185,167.64428851374217,164.5762640734364,165.63612365722656,3259467
2014-09-11 00:00:00+05:30,166.13845644181015,166.62217538418338,159.2547913151213,159.81292724609375,8591338
2014-09-12 00:00:00+05:30,160.42683324945688,161.82217281687687,158.2129069599832,159.49661254882812,3971070
2014-09-15 00:00:00+05:30,158.13847266415542,159.16171021288451,156.29661441712972,156.59429931640625,2794242
2014-09-16 00:00:00+05:30,156.9850146507964,157.39431656303756,151.51528989547572,152.09202575683594,9518068
2014-09-17 00:00:00+05:30,152.4641098585018,153.52458164051697,150.3618003473068,151.64552307128906,7635334
2014-09-18 00:00:00+05:30,152.11064201213998,154.86412170426416,150.41763422103804,154.00830078125,6420261
2014-09-19 00:00:00+05:30,154.97570539039043,155.4222242614989,149.4129642666557,150.3245849609375,12608911
2014-09-22 00:00:00+05:30,150.30598523258683,156.35246292594286,149.85948334307076,155.9431610107422,5338720
2014-09-23 00:00:00+05:30,156.6500985526568,156.94778345057657,151.18037488558687,151.55245971679688,5380033
2014-09-24 00:00:00+05:30,151.40367197690426,154.6780705894121,149.6548471872309,153.9338836669922,6121734
2014-09-25 00:00:00+05:30,152.18502685823466,153.673400389927,147.0129705663396,148.96644592285156,7378908
2014-09-26 00:00:00+05:30,148.27810591350922,153.8408652066671,148.27810591350922,153.3199462890625,5834845
2014-09-29 00:00:00+05:30,153.30131497714393,154.5292207179008,150.9013375227934,151.6269073486328,3521475
2014-09-30 00:00:00+05:30,150.21298212372372,154.93853753875246,150.21298212372372,152.0176239013672,4990255
2014-10-01 00:00:00+05:30,152.50134190252206,152.53854188004044,149.31996030869038,149.89671325683594,3954946
2014-10-07 00:00:00+05:30,148.65019264060385,150.8641191045375,146.34323217620852,147.62693786621094,6786441
2014-10-08 00:00:00+05:30,147.62692389795777,151.62689158364134,147.62692389795777,151.12457275390625,5644522
2014-10-09 00:00:00+05:30,151.44087381582278,154.17573620976137,151.44087381582278,153.09666442871094,4494475
2014-10-10 00:00:00+05:30,151.81294159696776,152.55712836087852,149.95248320366753,150.3990020751953,3894454
2014-10-13 00:00:00+05:30,149.87806757367616,151.99899390829444,148.03622618185955,151.3478240966797,3907357
2014-10-14 00:00:00+05:30,151.45944115411004,152.3524617724547,149.02224721150048,149.63619995117188,4934026
2014-10-15 00:00:00+05:30,149.63619995117188,149.63619995117188,149.63619995117188,149.63619995117188,0
2014-10-16 00:00:00+05:30,148.12924123609892,151.99899195380956,146.97576964113358,147.7571563720703,9134776
2014-10-17 00:00:00+05:30,147.79435634199655,148.89202798207253,145.85949801609448,147.7571563720703,6550810
2014-10-20 00:00:00+05:30,159.62682899249936,159.62682899249936,154.41755616824037,155.9059295654297,22879903
2014-10-21 00:00:00+05:30,156.27804475672104,156.61292968779077,150.9013369714547,151.81295776367188,9797076
2014-10-22 00:00:00+05:30,153.0966478160593,153.30129875119113,147.5525066482909,148.63156127929688,11612370
2014-10-27 00:00:00+05:30,150.75251728478156,151.0687852258285,146.45486383382743,146.84556579589844,4685409
2014-10-28 00:00:00+05:30,147.5338897336805,147.9989915059206,144.61297702166232,145.7478485107422,7865698
2014-10-29 00:00:00+05:30,147.19900480931003,147.47807268570963,145.6176144987284,146.1571502685547,6179238
2014-10-30 00:00:00+05:30,146.1571819648323,148.09205753626213,146.06416499684417,147.31065368652344,7728825
2014-10-31 00:00:00+05:30,148.51995895329347,151.31063831343445,147.9618230812653,150.75250244140625,8708932
2014-11-03 00:00:00+05:30,151.06875463584524,151.8129413987845,149.9711000258776,150.52923583984375,5799951
2014-11-05 00:00:00+05:30,151.16177303889827,151.66409181307765,148.87341303102386,150.1757354736328,7183192
2014-11-07 00:00:00+05:30,148.94783136482764,153.1896665591122,148.94783136482764,152.4268798828125,8287570
2014-11-10 00:00:00+05:30,153.2640981620494,153.4873490813953,146.45483440780254,146.67808532714844,9543430
2014-11-11 00:00:00+05:30,147.1618032955292,148.57575984223539,144.57577517097448,146.91995239257812,7751751
2014-11-12 00:00:00+05:30,147.14321956804852,148.25949131444057,146.06416482858194,146.47344970703125,4509726
2014-11-13 00:00:00+05:30,147.51528660406356,147.7199375349765,142.32463042526456,143.5525360107422,6014187
2014-11-14 00:00:00+05:30,143.64557010524018,146.864151363743,143.2920851883907,146.32461547851562,7265805
2014-11-17 00:00:00+05:30,146.39900253168787,148.50132864902088,145.69203284251105,147.51527404785156,5573646
2014-11-18 00:00:00+05:30,147.980423147495,148.16647411592245,145.11532680507892,145.357177734375,4845523
2014-11-19 00:00:00+05:30,144.74322475179227,146.82693403266038,142.06417117874423,142.93858337402344,6800514
2014-11-20 00:00:00+05:30,142.88275233044143,145.11529533560457,142.1385741675456,143.53390502929688,4887421
2014-11-21 00:00:00+05:30,142.67812292678124,145.00368323006472,142.2874295452796,142.622314453125,5210932
2014-11-24 00:00:00+05:30,142.51068058687062,143.92462867876608,140.78046460555709,141.7292938232422,4075122
2014-11-25 00:00:00+05:30,141.3944171390415,144.66882388527364,139.53396708342171,143.79440307617188,6929941
2014-11-26 00:00:00+05:30,142.58510593044463,145.31997679659491,142.15720403555926,143.58975219726562,5471631
2014-11-27 00:00:00+05:30,143.08743268102293,144.31533839967915,141.39441657942197,142.25022888183594,9604549
2014-11-28 00:00:00+05:30,141.48741894949754,144.74321664768237,140.2595219479056,141.171142578125,7112151
2014-12-01 00:00:00+05:30,140.72463055959872,142.13857848012415,135.08746441041185,135.60838317871094,12037518
2014-12-02 00:00:00+05:30,135.90608978072737,137.67352294524383,133.524712244542,134.13865661621094,7240519
2014-12-03 00:00:00+05:30,134.1386497055429,140.2409357149936,133.97121575965417,138.21304321289062,13800768
2014-12-04 00:00:00+05:30,139.71995426455422,140.79901708424939,137.3385777727335,137.97113037109375,6560122
2014-12-05 00:00:00+05:30,138.7897943124212,139.45955567789903,135.7386469014432,135.92469787597656,6627583
2014-12-08 00:00:00+05:30,135.60839801265078,138.39907715904275,135.2549131229714,137.04095458984375,5229220
2014-12-09 00:00:00+05:30,136.25953393467904,136.89208662115706,130.41771731754787,131.0130615234375,9107974
2014-12-10 00:00:00+05:30,129.9526148082955,134.64096059779112,129.9526148082955,134.3618927001953,6069868
2014-12-11 00:00:00+05:30,133.5805201339705,133.95261356603544,129.3572924684732,130.0270538330078,5716879
2014-12-12 00:00:00+05:30,130.41770667084944,130.88281689847258,125.04100075824029,125.43169403076172,8480649
2014-12-15 00:00:00+05:30,125.00382271804571,128.74333975077994,124.6503378129218,127.64566802978516,7292032
2014-12-16 00:00:00+05:30,127.58900544636396,127.85332584562029,124.2661772203217,126.70166015625,7586122
2014-12-17 00:00:00+05:30,126.66391628766256,130.26994042866565,125.00250197849653,129.51475524902344,9591840
2014-12-18 00:00:00+05:30,132.17678753933544,132.5355007051578,129.49586769905304,130.2510528564453,7701517
2014-12-19 00:00:00+05:30,131.0440205244604,133.66829810613947,129.91123833712024,131.9502410888672,6072133
2014-12-22 00:00:00+05:30,132.1578894594367,135.29192351093,132.1578894594367,135.00872802734375,4221223
2014-12-23 00:00:00+05:30,134.80106849232956,134.98986262621088,132.2334250593363,132.93197631835938,3041233
2014-12-24 00:00:00+05:30,133.2718362277553,133.66830829505716,129.08053662964795,129.89236450195312,12132430
2014-12-26 00:00:00+05:30,130.26993371762714,131.3838320162764,128.77843852738846,130.062255859375,1946757
2014-12-29 00:00:00+05:30,130.43987361140023,132.72431313262769,130.43987361140023,130.9873809814453,2147110
2014-12-30 00:00:00+05:30,130.26996266341956,130.49651566324832,128.70294947516322,129.00502014160156,2561664
2014-12-31 00:00:00+05:30,128.38199033955127,130.1944401987155,128.19318753754234,128.89173889160156,2655874
2015-01-01 00:00:00+05:30,128.47637813937243,130.17555143721472,128.41974421490974,129.91123962402344,1849323
2015-01-02 00:00:00+05:30,129.93013032419185,133.1019243181114,129.93013032419185,131.85586547851562,3736468
2015-01-05 00:00:00+05:30,131.02511401916047,135.17865374591648,130.64752578395772,133.34732055664062,6074619
2015-01-06 00:00:00+05:30,131.61042570000905,131.76146103649674,124.83260694458376,125.79547882080078,9024997
2015-01-07 00:00:00+05:30,125.73879440446376,128.96722118095516,123.88858622088064,127.64564514160156,8937670
2015-01-08 00:00:00+05:30,129.4958916642802,129.83572980134176,126.68281973449933,129.06166076660156,6578931
2015-01-09 00:00:00+05:30,131.06287190923467,134.76329708495177,127.0226173242554,132.53549194335938,13223764
2015-01-12 00:00:00+05:30,132.93197451835653,133.06413473150465,130.06226051001136,131.28944396972656,3157549
2015-01-13 00:00:00+05:30,131.40273144670152,131.6292844232535,127.7400731377923,128.36309814453125,7395021
2015-01-14 00:00:00+05:30,128.38198538445386,130.6475497815769,128.00438843745258,129.91123962402344,6704722
2015-01-15 00:00:00+05:30,131.78033757365503,133.29070814088433,129.38261284694192,130.8363494873047,10737987
2015-01-16 00:00:00+05:30,130.26992231469373,132.91308303957342,129.64688879447343,131.0628662109375,4284924
2015-01-19 00:00:00+05:30,131.81804743602,133.29065862412364,130.57198915610482,131.21389770507812,3049690
2015-01-20 00:00:00+05:30,132.72430038593248,132.72430038593248,131.13841235331296,132.2711944580078,4842070
2015-01-21 00:00:00+05:30,132.21453474159722,132.34669494131555,129.93008709371927,130.66639709472656,8863149
2015-01-22 00:00:00+05:30,131.0251393579966,133.9892551109899,130.55314965149515,133.25294494628906,8061763
2015-01-23 00:00:00+05:30,134.0458853319274,134.42347360537323,131.23280516132718,131.70480346679688,6424399
2015-01-27 00:00:00+05:30,132.1579026923539,132.76205254166848,130.66640748178222,132.25230407714844,4689873
2015-01-28 00:00:00+05:30,132.15791864360924,134.61228580497666,131.61041128757634,133.6305389404297,7037476
2015-01-29 00:00:00+05:30,132.91306399197975,134.23463984380618,131.21389133572904,132.87530517578125,10551229
2015-01-30 00:00:00+05:30,132.87538728923678,134.2158390563065,131.42165036112524,132.66770935058594,6162442
2015-02-02 00:00:00+05:30,134.0459133640407,135.10317803567082,131.62930469641043,132.10130310058594,3717522
2015-02-03 00:00:00+05:30,133.1396623465926,136.31145584483752,132.91310937205023,135.72618103027344,7617916
2015-02-04 00:00:00+05:30,138.2560567403954,141.1446458676935,136.72679401380304,139.1622772216797,12396304
2015-02-05 00:00:00+05:30,138.99236548835577,139.1434094452123,133.68717660878468,134.66891479492188,3953791
2015-02-06 00:00:00+05:30,135.933837890625,136.40582750248723,131.28943349118344,132.53549194335938,5834608
2015-02-09 00:00:00+05:30,131.81806472874896,135.12200927334607,131.81806472874896,134.5556182861328,4045851
2015-02-10 00:00:00+05:30,134.04587175138892,135.594000800555,132.53549288330126,133.91371154785156,3438390
2015-02-11 00:00:00+05:30,134.0458796623836,134.57451186529056,129.89233969062295,130.2510528564453,3754929
2015-02-12 00:00:00+05:30,130.6475486920319,132.38448080584482,128.13654759666505,130.8174591064453,6518277
2015-02-13 00:00:00+05:30,128.21206665039062,129.85459738548138,127.72119321078038,128.21206665039062,9134797
2015-02-16 00:00:00+05:30,127.43796643205242,130.15664477775758,127.24917232555907,128.55186462402344,5713141
2015-02-18 00:00:00+05:30,128.89172888275945,129.85459198544214,125.3612221971476,125.58778381347656,7747543
2015-02-19 00:00:00+05:30,126.11639213565167,126.85269348231895,124.8325662665254,125.9087142944336,5393952
2015-02-20 00:00:00+05:30,126.26744863865987,126.83383970353351,124.60603427220107,124.87034606933594,4764178
2015-02-23 00:00:00+05:30,125.24792573437736,125.94647692277977,122.22717668545431,122.66140747070312,4667715
2015-02-24 00:00:00+05:30,123.13340491346557,123.39772533343697,118.05476944159881,118.96099853515625,11394412
2015-02-25 00:00:00+05:30,119.99935815181662,122.09500284040604,118.9987364915564,119.75392150878906,7747527
2015-02-26 00:00:00+05:30,120.83008482413766,121.66079628641124,119.14979545012997,120.58464813232422,8330061
2015-02-27 00:00:00+05:30,120.45246452874532,123.0956162327479,120.45246452874532,122.62362670898438,10424124
2015-03-02 00:00:00+05:30,124.15288982035517,124.45496901541303,119.8483239484686,120.84894561767578,9150904
2015-03-03 00:00:00+05:30,120.84895610026375,123.09563627878003,119.69729041241088,121.01887512207031,9377275
2015-03-04 00:00:00+05:30,121.7551918607016,123.37884735430026,120.37698170706251,121.03776550292969,12393369
2015-03-05 00:00:00+05:30,121.2265816778052,121.37761700298681,119.84836272941676,120.81122589111328,5311246
2015-03-09 00:00:00+05:30,120.01826770512213,120.26370441863074,118.60228998966555,119.3197250366211,8394541
2015-03-10 00:00:00+05:30,120.07490361701723,120.4336167993966,116.35560293334471,118.71556854248047,10846846
2015-03-11 00:00:00+05:30,118.94210332133066,119.65952957639587,116.67653944854341,116.8653335571289,7587334
2015-03-12 00:00:00+05:30,117.43174260492808,118.54564962317865,116.63879858434828,117.88485717773438,5494894
2015-03-13 00:00:00+05:30,118.22470852070008,119.62180258081915,117.54504090652208,118.52677917480469,5558430
2015-03-16 00:00:00+05:30,118.50791573885138,118.7911113261563,117.46952615710435,117.80936431884766,3707103
2015-03-17 00:00:00+05:30,117.84708596994835,119.13090325599528,117.07301712323161,118.64002990722656,3799833
2015-03-18 00:00:00+05:30,118.94213730926452,119.11205637676632,116.29897582157771,116.75209045410156,4852030
2015-03-19 00:00:00+05:30,117.01642866761829,118.5267994817958,116.75210815754856,117.77161407470703,5367529
2015-03-20 00:00:00+05:30,117.88485816651493,118.18693743173343,116.45000542344181,117.56390380859375,4793802
2015-03-23 00:00:00+05:30,117.43174248048284,119.07428172485984,117.37510856046809,118.71556854248047,4589812
2015-03-24 00:00:00+05:30,118.792048998226,120.47487320757004,118.18011371790205,119.8629379272461,3764554
2015-03-25 00:00:00+05:30,120.72346260520577,121.02942584278607,118.06536758657286,118.42870330810547,4139605
2015-03-26 00:00:00+05:30,118.94506703483187,119.0980574670975,114.27905581157704,115.34994506835938,11858041
2015-03-27 00:00:00+05:30,115.86625396674965,117.93154148702475,115.27344563006916,116.63117980957031,5891944
2015-03-30 00:00:00+05:30,116.65029782592288,121.39280827562926,116.21047115746876,120.5513916015625,6601768
2015-03-31 00:00:00+05:30,120.83819921546278,122.2341783760296,116.45903470964768,117.16658782958984,6853342
2015-04-01 00:00:00+05:30,117.41520337532798,118.27573823210038,116.84151347081304,117.20484924316406,3321565
2015-04-06 00:00:00+05:30,117.83592148843148,121.71789687462083,117.79767607234695,121.33543395996094,5556453
2015-04-07 00:00:00+05:30,122.38715373569946,122.57838950384517,120.47485733092358,122.00469970703125,3490815
2015-04-08 00:00:00+05:30,122.00470496485997,122.00470496485997,119.28923747523378,119.70994567871094,5976249
2015-04-09 00:00:00+05:30,120.28364761371873,120.78084667629764,117.98888809647012,118.61994171142578,5713269
2015-04-10 00:00:00+05:30,118.63909636441782,120.78087474595243,118.23751510633382,118.46698760986328,8693394
2015-04-13 00:00:00+05:30,119.90117339283994,119.90117339283994,118.60081212420526,119.27011108398438,2797114
2015-04-15 00:00:00+05:30,119.63345270734074,123.41980020876228,119.13625370382024,121.29714965820312,9083739
2015-04-16 00:00:00+05:30,121.85171464207413,125.73368885550212,121.8134692375437,125.31298065185547,9836785
2015-04-17 00:00:00+05:30,126.02054206875354,127.30177633564983,125.44685220918988,126.2117691040039,6401871
2015-04-20 00:00:00+05:30,126.15441773364392,127.32092472846539,120.93384439002492,123.07562255859375,4536202
2015-04-21 00:00:00+05:30,123.38159210581622,125.21739830579462,121.73701298276856,122.52105712890625,4822603
2015-04-22 00:00:00+05:30,122.78879170394737,123.8596721575903,118.39049862056255,119.4422607421875,7356646
2015-04-23 00:00:00+05:30,120.47486681262484,120.6278484361322,117.33869976166255,117.77852630615234,5199051
2015-04-24 00:00:00+05:30,118.56259154629011,121.96648580340135,117.66381121608212,121.18244171142578,7401441
2015-04-27 00:00:00+05:30,121.60313687871962,121.60313687871962,117.83590695910307,118.3139877319336,3309372
2015-04-28 00:00:00+05:30,118.18012743110195,119.93944266040455,116.28694888168562,117.62556457519531,5021299
2015-04-29 00:00:00+05:30,117.62558759244997,118.39050474284078,116.30609872381886,117.14750671386719,4445740
2015-04-30 00:00:00+05:30,117.35785267324394,118.10365143834883,115.9236276456633,116.2678451538086,9699340
2015-05-04 00:00:00+05:30,117.07098816598867,126.40300845656381,117.07098816598867,125.58071899414062,16873108
2015-05-05 00:00:00+05:30,126.5942293829785,131.2602389797718,125.63807671832623,130.85865783691406,24530452
2015-05-06 00:00:00+05:30,129.8834051136171,130.34235883828504,124.33774126480662,125.40863037109375,10301064
2015-05-07 00:00:00+05:30,126.21175499338564,126.70895398326174,121.04854683456531,122.40628051757812,5843113
2015-05-08 00:00:00+05:30,122.75051266672858,124.07000119983694,120.03505353411788,120.66610717773438,6429162
2015-05-11 00:00:00+05:30,121.2015287392048,122.69312571244564,120.4939844092628,122.00469970703125,5431555
2015-05-12 00:00:00+05:30,122.42540499877622,122.5592682921236,117.49167776229778,118.42870330810547,4464550
2015-05-13 00:00:00+05:30,119.3848892474768,121.5075404388572,117.98890970193908,118.9832992553711,5646844
2015-05-14 00:00:00+05:30,119.36578007663644,121.23983197245249,118.23752702318058,120.91474151611328,4257052
2015-05-15 00:00:00+05:30,120.8190739656918,122.27241677329441,119.5187040148018,121.9664535522461,3325147
2015-05-18 00:00:00+05:30,122.50191760365524,124.14648768835589,122.2533180697491,123.05648040771484,4586017
2015-05-19 00:00:00+05:30,122.13858314307552,122.88438180618199,120.68523998259347,121.46928405761719,4366932
2015-05-20 00:00:00+05:30,121.23981358657083,122.10034856176057,120.09243361965119,120.30278778076172,3059541
2015-05-21 00:00:00+05:30,121.01036586524485,121.98563728599939,120.24544864865985,121.7370376586914,3139372
2015-05-22 00:00:00+05:30,123.72583497773829,124.29952508002484,122.08125551734133,123.55372619628906,3893322
2015-05-25 00:00:00+05:30,123.9170369139769,126.49864184968474,123.61106483648328,126.03968811035156,5574003
2015-05-26 00:00:00+05:30,126.21176431345386,126.53685463794649,122.96085231471537,123.34331512451172,2979945
2015-05-27 00:00:00+05:30,123.91700827166565,127.49301069039859,122.63576526537098,126.9766845703125,3477921
2015-05-28 00:00:00+05:30,128.12408979723517,128.96550641809543,124.03176919708993,125.40863037109375,8512186
2015-05-29 00:00:00+05:30,121.62228646472514,126.90023299450678,119.78648011790742,126.15443420410156,13023642
2015-06-01 00:00:00+05:30,125.82928929623158,126.17350666703501,123.30505775637766,123.95523834228516,2889510
2015-06-02 00:00:00+05:30,125.73369226505682,125.73369226505682,121.73698172965766,122.50190734863281,4511451
2015-06-03 00:00:00+05:30,122.50193137397362,123.64931127365074,117.22397683240771,117.74030303955078,5149029
2015-06-04 00:00:00+05:30,118.4861128446613,118.4861128446613,114.83361865407193,115.25431823730469,7210408
2015-06-05 00:00:00+05:30,115.67495892146103,119.49955962708597,113.70529047721419,117.87409973144531,8311552
2015-06-08 00:00:00+05:30,118.56256021932268,118.56256021932268,116.68850047477446,117.18569946289062,3424894
2015-06-09 00:00:00+05:30,116.68850538470178,117.33869476454292,114.87182679838834,115.29252624511719,3158752
2015-06-10 00:00:00+05:30,115.5028984132648,117.79765804236153,115.5028984132648,116.78414154052734,4509799
2015-06-11 00:00:00+05:30,117.07098745060723,117.96976772909207,114.8909640343924,115.12044525146484,3997858
2015-06-12 00:00:00+05:30,115.12044190375852,115.86623176456966,114.54675200848034,114.89096069335938,2924445
2015-06-15 00:00:00+05:30,115.12042754652174,117.37694143678246,114.18340200160354,116.2486801147461,4211761
2015-06-16 00:00:00+05:30,116.24869147607106,116.76501762017777,114.73797595977572,116.4399185180664,3878482
2015-06-17 00:00:00+05:30,116.65027488676738,117.5108097230316,116.0192212591281,117.0327377319336,7374735
2015-06-18 00:00:00+05:30,117.18572707637438,120.55137582453641,116.74590046548208,119.65259552001953,6067755
2015-06-19 00:00:00+05:30,120.37926368626897,122.76964123892095,120.13066414067114,122.06208801269531,5823981
2015-06-22 00:00:00+05:30,122.38719633798495,122.38719633798495,120.09243635193639,121.77526092529297,4448203
2015-06-23 00:00:00+05:30,122.00469895487713,123.68752293207753,121.5457453694931,121.9664535522461,3509530
2015-06-24 00:00:00+05:30,122.36805893277439,123.53455707515425,120.91470708303692,121.58401489257812,3734515
2015-06-25 00:00:00+05:30,121.12503562189025,122.50189636025426,119.21273925360913,119.69081115722656,7207431
2015-06-26 00:00:00+05:30,119.70996242733844,120.66610642780003,118.79205508292956,119.78645324707031,1821207
2015-06-29 00:00:00+05:30,118.21838285725215,118.86856367600191,117.0327574665059,118.19926452636719,2261232
2015-06-30 00:00:00+05:30,117.87416997006497,119.07892249259615,117.60645205051074,118.40961456298828,3225894
2015-07-01 00:00:00+05:30,118.18015494549564,121.27807783574445,118.06541868174861,120.05420684814453,4331775
2015-07-02 00:00:00+05:30,120.09242557021068,120.51313386423291,118.35223740572327,118.56259155273438,3314205
2015-07-03 00:00:00+05:30,119.32751140448913,119.63348346756258,117.93153192145797,118.25662231445312,4952577
2015-07-06 00:00:00+05:30,116.86065909736722,118.1801479367444,116.34434156421823,117.89330291748047,3164748
2015-07-07 00:00:00+05:30,117.98891398907146,118.1992681581564,116.49731647400448,116.63117980957031,3602245
2015-07-08 00:00:00+05:30,115.88536853829989,117.70205627655771,115.42641483292999,115.86624145507812,3476700
2015-07-09 00:00:00+05:30,115.9809805154095,116.61203416843334,113.74358459883388,114.24078369140625,5336425
2015-07-10 00:00:00+05:30,115.42642272325475,115.42642272325475,111.44883826117214,112.40499114990234,10773607
2015-07-13 00:00:00+05:30,112.94045196671811,113.16992449119836,110.0146291336087,111.14289093017578,7725928
2015-07-14 00:00:00+05:30,110.91336597780293,112.02250025034782,110.03371289319175,110.79862976074219,4437270
2015-07-15 00:00:00+05:30,111.3914567934003,112.92129066740253,111.18110266611706,111.37232971191406,4577782
2015-07-16 00:00:00+05:30,111.48707654765067,112.73007434813807,110.95163201465716,111.52532196044922,3341661
2015-07-17 00:00:00+05:30,111.9460227782324,112.57708517798089,111.23846955799561,111.98426818847656,2702260
2015-07-20 00:00:00+05:30,112.06074481292225,112.48145302612522,111.104600924131,111.62091827392578,1863025
2015-07-21 00:00:00+05:30,111.60180485551184,111.64005026259274,107.1652676036271,107.56684875488281,4128988
2015-07-22 00:00:00+05:30,107.66249856756293,110.12935869396047,107.66249856756293,108.94373321533203,3767242
2015-07-23 00:00:00+05:30,109.00108300576797,109.17319172969763,106.9166774979205,108.5612564086914,5707321
2015-07-24 00:00:00+05:30,108.42739440868012,109.34530177821549,107.71984117607217,108.17879486083984,3961647
2015-07-27 00:00:00+05:30,107.85370480026329,108.17879517086091,103.2641854470606,103.83787536621094,10950876
2015-07-28 00:00:00+05:30,104.06734485163656,104.2203352451579,100.75906874697591,103.2068099975586,8345236
2015-07-29 00:00:00+05:30,103.64665225887843,103.87612473375353,101.35189249487237,103.16857147216797,10220164
2015-07-30 00:00:00+05:30,104.37331537881646,104.94700527325708,103.30242640868558,103.6083984375,5602353
2015-07-31 00:00:00+05:30,103.8378907284393,105.75018782391614,103.72315447839735,104.29684448242188,3895096
2015-08-03 00:00:00+05:30,104.3733645733421,106.13268049526133,102.5184307060106,104.66020965576172,4666620
2015-08-04 00:00:00+05:30,104.6984219699409,104.6984219699409,101.23715498499931,101.86821746826172,7648746
2015-08-05 00:00:00+05:30,102.88172018929424,104.02910000089905,102.46102067783552,103.2641830444336,3759064
2015-08-06 00:00:00+05:30,103.646644781962,104.6027887787805,103.05382780057893,103.62751770019531,3982426
2015-08-07 00:00:00+05:30,103.26418515112391,108.59950313469467,103.09207642510935,108.17879486083984,14143717
2015-08-10 00:00:00+05:30,108.61860674648739,108.88633334041647,104.79401365051628,105.19559478759766,4017831
2015-08-11 00:00:00+05:30,105.80753420003197,105.80753420003197,102.9008394809447,103.2833023071289,2668081
2015-08-12 00:00:00+05:30,103.26419405168949,104.2203469145506,101.5813695650373,103.01559448242188,6082657
2015-08-13 00:00:00+05:30,103.64665225887843,104.79403214088147,101.60049205289396,103.16857147216797,6835678
2015-08-14 00:00:00+05:30,104.04823007965797,104.6027929194599,102.51838736885142,103.41716766357422,3797374
2015-08-17 00:00:00+05:30,103.30246540145029,103.32159249026418,99.99418809577698,100.9694595336914,7815285
2015-08-18 00:00:00+05:30,101.7343474183551,101.94470156554894,99.43958763633346,99.74555969238281,4157310
2015-08-19 00:00:00+05:30,99.4395709320821,100.51045981764192,98.33043664016748,99.66905212402344,5711535
2015-08-20 00:00:00+05:30,98.67466738987835,98.94238527055184,97.18307007897104,97.83325958251953,7178769
2015-08-21 00:00:00+05:30,97.16397613304362,98.44521962518098,96.03571432539556,97.8906478881836,6613182
2015-08-24 00:00:00+05:30,95.61497750588902,95.92094075587053,86.51243075794105,87.08612060546875,19008639
2015-08-25 00:00:00+05:30,88.25262376540819,90.05018422515286,85.76663719930791,88.2143783569336,10863165
2015-08-26 00:00:00+05:30,88.3482410045923,90.49001887844764,85.28856458037951,85.99610900878906,7245826
2015-08-27 00:00:00+05:30,88.73070899004439,89.26615348958431,86.45506767854638,88.08052825927734,11633059
2015-08-28 00:00:00+05:30,91.3696531793103,94.23810197107443,90.98719917628243,93.18634033203125,10958608
2015-08-31 00:00:00+05:30,94.73531724972028,95.00304385177445,90.91071528386612,91.52265930175781,9689886
2015-09-01 00:00:00+05:30,92.86127785722374,93.07163199877915,88.99842999334506,89.53387451171875,10033095
2015-09-02 00:00:00+05:30,89.55300331207803,90.06932075757044,85.80489161157558,86.1299819946289,9458158
2015-09-03 00:00:00+05:30,87.48773486982651,88.65424208653818,86.62719977274625,87.64071655273438,3640380
2015-09-04 00:00:00+05:30,88.97931547086326,88.97931547086326,84.61926831384464,86.26384735107422,7345293
2015-09-07 00:00:00+05:30,87.0112988062417,87.52877216419229,85.68888736242555,86.64715576171875,5324035
2015-09-08 00:00:00+05:30,87.37543108164172,88.35287771287827,85.89968950628479,88.12288665771484,6841087
2015-09-09 00:00:00+05:30,89.33032831978235,89.54114982824419,87.87374734007462,88.31455993652344,11075230
2015-09-10 00:00:00+05:30,87.5862716767622,88.10374508387834,85.74638670018656,86.97297668457031,6478407
2015-09-11 00:00:00+05:30,87.64376159964473,88.889521022198,87.08795786755843,87.52877044677734,5834527
2015-09-14 00:00:00+05:30,88.1228906603107,88.3145513438625,86.62798821352673,88.02706909179688,3143677
2015-09-15 00:00:00+05:30,88.12290067762675,88.88952595245543,86.5513372880804,87.87374877929688,3661399
2015-09-16 00:00:00+05:30,89.23448224690512,89.23448224690512,87.4904280677,88.35287475585938,4234243
2015-09-18 00:00:00+05:30,88.58284095389224,92.45426994657245,88.12286771569839,91.6876449584961,9682537
2015-09-21 00:00:00+05:30,90.38442127299581,91.93682373065027,90.0777782064282,91.59185028076172,2754552
2015-09-22 00:00:00+05:30,92.68427783022909,92.68427783022909,89.36865147493845,89.88611602783203,5576616
2015-09-23 00:00:00+05:30,88.19955625962446,91.20853966907029,88.06540430169834,90.67190551757812,3247758
2015-09-24 00:00:00+05:30,90.69105886845162,90.69105886845162,86.66630783906189,87.20294189453125,8968651
2015-09-28 00:00:00+05:30,87.49043371135626,87.56709447436954,85.89969217241382,86.28300476074219,4326612
2015-09-29 00:00:00+05:30,85.784703540272,87.1646236347107,83.44651510684052,86.78131103515625,7599778
2015-09-30 00:00:00+05:30,87.58625858628523,88.46787494075711,85.13307898416531,87.91207122802734,7694695
2015-10-01 00:00:00+05:30,87.9120674739149,89.69446091159104,87.39460293949895,89.06199645996094,4161730
2015-10-05 00:00:00+05:30,89.69444930600265,92.45428027007027,87.77790416832883,92.18595886230469,5283105
2015-10-06 00:00:00+05:30,92.37764291556493,95.3099569293343,91.84100873737118,94.81165313720703,7663977
2015-10-07 00:00:00+05:30,96.2107323251618,99.9863323068449,96.2107323251618,98.7980728149414,9901197
2015-10-08 00:00:00+05:30,99.81382713747905,99.81382713747905,96.6898531940327,98.75971984863281,5335414
2015-10-09 00:00:00+05:30,100.04382490421948,101.5770665244903,99.73717307086044,101.0595932006836,8515356
2015-10-12 00:00:00+05:30,101.09794287131035,102.63118478410291,100.54214783221556,100.96379089355469,4243084
2015-10-13 00:00:00+05:30,99.48802501447592,100.13965025797869,96.68986336419104,97.32231903076172,4640856
2015-10-14 00:00:00+05:30,97.3606449577793,100.9254316035713,97.13066268468495,97.74395751953125,4440331
2015-10-15 00:00:00+05:30,98.54889629623196,100.04380727049768,97.39896747703084,99.7179946899414,3456408
2015-10-16 00:00:00+05:30,100.04384968497536,101.69208286104814,98.5106076849221,101.19377899169922,3212586
2015-10-19 00:00:00+05:30,101.23210707737151,101.32793744183668,98.1273015292585,98.83641815185547,2694019
2015-10-20 00:00:00+05:30,97.97395099388538,98.6064154770959,96.59403965103272,97.03484344482422,3579358
2015-10-21 00:00:00+05:30,96.59403874095027,98.8555664233408,96.4023868265993,97.14983367919922,2408055
2015-10-23 00:00:00+05:30,97.74397108100807,100.0438292240906,97.72480150229318,98.6255874633789,3416214
2015-10-26 00:00:00+05:30,98.51057274964161,99.96715344912761,97.51397413763671,98.29975128173828,3776110
2015-10-27 00:00:00+05:30,97.1498433640803,97.43732565089704,94.77332429616368,95.02247619628906,7387659
2015-10-28 00:00:00+05:30,94.14086832731465,96.78570009640102,93.27842146871326,96.51738739013672,8681943
2015-10-29 00:00:00+05:30,97.74397699082941,97.83980734367282,95.84659215341362,96.15324401855469,11317210
2015-10-30 00:00:00+05:30,95.78910116154016,96.01908348093176,93.56590364770227,94.65833282470703,5076523
2015-11-02 00:00:00+05:30,94.65830421404645,95.36742931106409,92.81841989523303,94.83079528808594,2028091
2015-11-03 00:00:00+05:30,94.75415271441324,96.40238547450099,94.02586667683191,96.09573364257812,2764398
2015-11-04 00:00:00+05:30,97.18818138491666,97.43732450885875,95.7507699676805,96.63237762451172,3672546
2015-11-05 00:00:00+05:30,95.82742435231347,97.28399647894413,95.69326362277776,96.07657623291016,4845283
2015-11-06 00:00:00+05:30,95.32911817335848,98.35726227414266,95.0607967210923,96.38321685791016,6014388
2015-11-09 00:00:00+05:30,94.37084545341658,96.2107302291917,93.93004164503832,95.5591049194336,4072977
2015-11-10 00:00:00+05:30,95.67620795515795,96.73017045658253,91.96783064151587,92.39722442626953,5841889
2015-11-13 00:00:00+05:30,90.97242948879799,91.14809140329108,89.00113131017397,89.35245513916016,6878205
2015-11-16 00:00:00+05:30,89.15725982806038,90.13315227877158,86.36621831915903,89.84038543701172,6538864
2015-11-17 00:00:00+05:30,90.17219618016051,91.05049679230493,88.49366493012417,90.69917297363281,9435519
2015-11-18 00:00:00+05:30,90.19171114012016,90.85531480429195,89.37195860502811,90.05508422851562,3862231
2015-11-19 00:00:00+05:30,90.8552902633655,91.22612697938096,89.48903938542857,90.95287322998047,2849844
2015-11-20 00:00:00+05:30,91.26520102582077,92.026396737781,90.30883036253866,91.36279296875,2601568
2015-11-23 00:00:00+05:30,91.73360038011374,92.08491517965626,90.17217446743481,90.44541931152344,2296134
2015-11-24 00:00:00+05:30,90.56255986886747,93.0413129559081,89.68425920936726,90.87483978271484,5179723
2015-11-26 00:00:00+05:30,90.99191570345603,92.47527162431479,90.4844610054466,91.67504119873047,8200903
2015-11-27 00:00:00+05:30,92.31914134340502,93.19744181411015,91.47987585354007,91.8897476196289,2854024
2015-11-30 00:00:00+05:30,91.34325275142056,92.08492635275701,89.85989661421289,91.40180969238281,5898439
2015-12-01 00:00:00+05:30,91.55796263128796,93.08034503273247,90.97242887660869,91.96783447265625,3545680
2015-12-02 00:00:00+05:30,92.5533621830196,92.90468598669794,91.07001486645656,92.0458984375,3121284
2015-12-03 00:00:00+05:30,90.99192585524908,91.30421463878366,89.040149995395,89.66471862792969,7426180
2015-12-04 00:00:00+05:30,88.90353202907501,90.2112263645236,88.23992834872254,88.68883514404297,5123203
2015-12-07 00:00:00+05:30,89.02063293857127,89.19628587840775,86.97126525149436,87.40065002441406,3621073
2015-12-08 00:00:00+05:30,86.658995756642,86.7565876940061,83.55566506763883,84.21926879882812,8794702
2015-12-09 00:00:00+05:30,83.92650135493777,85.09756885726033,83.10675767712638,84.74625396728516,6323689
2015-12-10 00:00:00+05:30,85.05851134621928,86.22957853844638,83.84840917655352,85.8001937866211,6848703
2015-12-11 00:00:00+05:30,85.68308433507939,86.19054800246556,83.69227357951894,84.0631103515625,6528895
2015-12-14 00:00:00+05:30,82.950610798544,83.77035440789587,82.46266009030266,83.30192565917969,4778763
2015-12-15 00:00:00+05:30,83.92648811923246,85.33177426111915,83.26288449717538,85.01948547363281,4919511
2015-12-16 00:00:00+05:30,85.76116347962981,88.84498079369651,84.84382796249655,88.4741439819336,8363692
2015-12-17 00:00:00+05:30,88.22042772231417,88.33753269391676,85.87829255211588,87.75199890136719,9229494
2015-12-18 00:00:00+05:30,87.04935150988148,87.75199020439615,86.34670388083107,87.14693450927734,7201576
2015-12-21 00:00:00+05:30,87.04935736486716,90.19172314274334,86.54189356954768,89.95750427246094,4999317
2015-12-22 00:00:00+05:30,89.95748601472526,90.75771653458101,89.11822051350103,89.99652099609375,4596822
2015-12-23 00:00:00+05:30,90.91386899620349,92.280120336097,90.26978724754353,91.94831848144531,6021352
2015-12-24 00:00:00+05:30,92.90468934170137,93.60732803989649,91.07001815520576,91.28470611572266,4388542
2015-12-28 00:00:00+05:30,91.34326101162723,94.19285966180838,91.34326101162723,93.76346588134766,5296623
2015-12-29 00:00:00+05:30,93.68539863675207,94.40755930045326,92.68999306314375,93.58780670166016,3552853
2015-12-30 00:00:00+05:30,93.68538202610702,94.77837934101618,93.45117214485546,93.64634704589844,3927882
2015-12-31 00:00:00+05:30,93.49022204735964,95.16875326784809,91.79216886638378,94.36852264404297,6598665
2016-01-01 00:00:00+05:30,93.64635792796025,95.0126002630921,92.94371926802202,94.66128540039062,2771977
2016-01-04 00:00:00+05:30,94.07574868540593,95.5590959273225,91.9873457974994,92.9241943359375,3125131
2016-01-05 00:00:00+05:30,93.68538642748256,95.34439550062433,93.31454963081173,94.40754699707031,3646312
2016-01-06 00:00:00+05:30,94.46610603451451,94.58321992885305,91.59699431393503,92.7290267944336,3007210
2016-01-07 00:00:00+05:30,90.1721864124388,91.30421878554664,87.45921489563025,88.45462036132812,7609386
2016-01-08 00:00:00+05:30,89.00111989499779,90.4844760626974,88.08378438645255,89.84038543701172,6898318
2016-01-11 00:00:00+05:30,88.22041426514906,88.70835603966405,86.717545022489,88.02523040771484,6413395
2016-01-12 00:00:00+05:30,87.4396909746985,87.55680485529884,85.87827382475358,86.4052505493164,5543673
2016-01-13 00:00:00+05:30,87.04931805715927,87.42015475523822,84.92188083058069,87.12738800048828,5384575
2016-01-14 00:00:00+05:30,86.2491208814352,88.02523511105461,84.55106769061102,87.14693450927734,6523576
2016-01-15 00:00:00+05:30,87.59584483944039,87.59584483944039,85.01949120620084,85.66358184814453,4512582
2016-01-18 00:00:00+05:30,84.70721108702907,85.09756092840892,82.46265929368661,83.6922836303711,5734035
2016-01-19 00:00:00+05:30,84.16070855652535,85.6440557555456,82.56024747586898,85.0975570678711,3797908
2016-01-20 00:00:00+05:30,83.57519781469267,83.9655477454534,81.66244741581627,83.26290893554688,6518908
2016-01-21 00:00:00+05:30,83.39952299111108,83.82891678313219,80.39378431603494,80.92076110839844,8879593
2016-01-22 00:00:00+05:30,82.7359203312251,84.70721847295094,81.89665469727711,84.4144515991211,7253737
2016-01-25 00:00:00+05:30,86.03442795252901,86.36622982174518,84.53155856030614,85.74166107177734,4864044
2016-01-27 00:00:00+05:30,85.76117034295169,86.5614009732328,84.70721676603098,85.25371551513672,6744064
2016-01-28 00:00:00+05:30,85.09756604494046,86.19056353559141,84.02409051479988,85.83924865722656,8761006
2016-01-29 00:00:00+05:30,86.38574664309836,88.94256950626162,86.26863275013731,88.31800079345703,12759739
2016-02-01 00:00:00+05:30,88.92306207505739,88.92306207505739,86.4833350822884,87.8495864868164,3822741
2016-02-02 00:00:00+05:30,86.73705537814284,87.5958428815392,84.08264077026679,84.53154754638672,6900480
2016-02-03 00:00:00+05:30,83.41903667121068,84.70721805737088,82.09182923223628,83.16531372070312,4843966
2016-02-04 00:00:00+05:30,85.0585205264997,86.07344791851224,84.41443886197989,85.8782730102539,6016540
2016-02-05 00:00:00+05:30,85.99539921465656,86.60044604710201,84.92192355205333,85.85877227783203,5710669
2016-02-08 00:00:00+05:30,85.87829386972956,85.95636385199576,82.61882297016331,83.55567169189453,2764110
2016-02-09 00:00:00+05:30,82.32604366417502,85.70261902834453,82.16989478863499,85.15612030029297,3651745
2016-02-10 00:00:00+05:30,83.47759219165235,84.31685780712753,82.28701169603559,83.3409652709961,4066759
2016-02-11 00:00:00+05:30,83.45807408775195,83.49710907205936,78.09067886740024,79.30078125,8787048
2016-02-12 00:00:00+05:30,78.07115019902756,78.07115019902756,73.28929355601278,75.43624877929688,10102654
2016-02-15 00:00:00+05:30,77.52465334619174,78.53958074379983,75.98274922611347,78.20777893066406,7157805
2016-02-16 00:00:00+05:30,79.49594787998768,80.45231829757084,77.32947520602028,78.0516357421875,10491013
2016-02-17 00:00:00+05:30,78.07115202686266,78.85186953326951,76.9781546655208,78.20777893066406,7290019
2016-02-18 00:00:00+05:30,79.49596724458424,82.20893923724854,79.24223534397605,81.62340545654297,7799662
2016-02-19 00:00:00+05:30,80.78414099254859,82.79447426556679,80.41330411711851,82.42363739013672,5419069
2016-02-22 00:00:00+05:30,82.75542614198909,83.965528519337,82.2479624136601,83.6922836303711,3601842
2016-02-23 00:00:00+05:30,84.19974899299683,85.01949261034072,82.69687973817611,83.77035522460938,3593367
2016-02-24 00:00:00+05:30,83.06773189245664,83.06773189245664,81.27209545225855,81.74052429199219,2618155
2016-02-25 00:00:00+05:30,82.91158224243021,85.01949837328362,81.81858472219395,84.4144515991211,5778484
2016-02-26 00:00:00+05:30,84.86336447091175,85.31227132689934,83.57519192116584,84.33638763427734,4205824
2016-02-29 00:00:00+05:30,84.80481340850335,86.30768297668216,75.14350521255218,75.76807403564453,23809857
2016-03-01 00:00:00+05:30,75.68998872612481,75.68998872612481,73.60158575068587,74.75313568115234,23118147
2016-03-02 00:00:00+05:30,75.8851731923464,77.01720563928735,74.9873506580682,76.09986114501953,15524956
2016-03-03 00:00:00+05:30,76.70493496888682,78.40297957377233,75.63145921340474,76.97817993164062,16866745
2016-03-04 00:00:00+05:30,78.03210973830726,79.78871056143794,77.6807949344014,78.34439849853516,22523046
2016-03-08 00:00:00+05:30,79.14464350518236,80.54992084824715,78.4615178590766,78.79331970214844,12258796
2016-03-09 00:00:00+05:30,78.85190124037612,80.4133190119816,78.57864732289532,80.12055206298828,7688815
2016-03-10 00:00:00+05:30,81.56483220627123,81.56483220627123,79.76919642990836,80.29617309570312,13467873
2016-03-11 00:00:00+05:30,81.03787251887015,81.03787251887015,78.92995624712339,80.0619888305664,14262115
2016-03-14 00:00:00+05:30,80.9988133940307,81.58434700635993,80.31569680266921,81.29158020019531,7498647
2016-03-15 00:00:00+05:30,80.41330193584301,81.15498460112099,80.04246507047219,80.95980072021484,5504455
2016-03-16 00:00:00+05:30,81.21444473986818,81.78251969819193,80.27419603572382,80.90103149414062,5188654
2016-03-17 00:00:00+05:30,81.7041554109353,84.19190409906906,81.6845626022285,83.1537094116211,8394324
2016-03-18 00:00:00+05:30,83.74138053503955,84.23109322169579,83.25166784838332,84.07438659667969,6776230
2016-03-21 00:00:00+05:30,83.83933044157713,85.21053140625358,83.44755489440006,84.87752532958984,5801745
2016-03-22 00:00:00+05:30,84.87752444018513,85.85695881438353,84.231096139161,84.66204833984375,6610557
2016-03-23 00:00:00+05:30,84.77957537621397,85.30847368608605,83.01659894389734,84.07438659667969,5978227
2016-03-28 00:00:00+05:30,84.81875083685375,85.68065519621646,83.21249001915709,83.81973266601562,7205974
2016-03-29 00:00:00+05:30,84.60326341230689,84.62285622101369,82.54645787915724,83.1537094116211,5003185
2016-03-30 00:00:00+05:30,83.44752786602292,85.79816245379821,83.17329134869684,85.3672103881836,5849823
2016-03-31 00:00:00+05:30,84.1135618256253,85.23011892732293,83.11454365765708,83.87850189208984,18261630
2016-04-01 00:00:00+05:30,84.03521415086098,84.21151359631818,81.52787215713013,81.80210876464844,10266195
2016-04-04 00:00:00+05:30,81.66499073007431,81.74335301803086,80.13708303677076,81.2144546508789,5494027
2016-04-05 00:00:00+05:30,80.70513773046139,81.68457203885936,79.94118847489021,80.5092544555664,4906771
2016-04-06 00:00:00+05:30,80.97938500290441,81.48869049541449,79.92159736207287,80.74431610107422,4317508
2016-04-07 00:00:00+05:30,81.9000679339763,82.07636740750428,80.97940286884541,81.39076232910156,5045077
2016-04-08 00:00:00+05:30,81.41033665334943,82.05675595350672,80.56802510844973,80.76390838623047,2418253
2016-04-11 00:00:00+05:30,81.72375338347142,81.97840613892865,80.39172910382565,81.33197784423828,5192644
2016-04-12 00:00:00+05:30,81.42992364142714,83.31043008160836,81.1556870419466,82.8011245727539,6343279
2016-04-13 00:00:00+05:30,84.23109030983348,84.38780589639377,83.36919493507875,83.58467102050781,6437622
2016-04-18 00:00:00+05:30,82.95785524406483,82.95785524406483,80.7443333660899,81.31240844726562,4950201
2016-04-20 00:00:00+05:30,81.84129530688845,82.54648420692106,81.5082891883463,82.2134780883789,4820409
2016-04-21 00:00:00+05:30,83.11452718605051,84.0155990529907,82.95782059474959,83.42794036865234,7037139
2016-04-22 00:00:00+05:30,84.58369502462182,85.15176104346187,83.3104312348601,84.66204833984375,4497202
2016-04-25 00:00:00+05:30,84.79919399040938,84.79919399040938,82.93827086773753,83.17333984375,2813826
2016-04-26 00:00:00+05:30,83.1341280670362,84.46616126700938,82.64441538536123,83.95685577392578,4140094
2016-04-27 00:00:00+05:30,84.62285247853845,87.6590920726579,84.58367582981795,86.89513397216797,10536442
2016-04-28 00:00:00+05:30,87.09103065104357,88.30552488265572,84.3290361388431,84.95587158203125,11597841
2016-04-29 00:00:00+05:30,85.42600155499294,86.48378918177382,84.46616004992042,85.11257934570312,6088467
2016-05-02 00:00:00+05:30,85.40642411084492,86.54256525263108,84.62288189708191,85.30848693847656,4911861
2016-05-03 00:00:00+05:30,85.81777985084042,86.07242363498831,83.44755177773565,84.3486328125,5806392
2016-05-04 00:00:00+05:30,84.15273963293751,84.34863188052641,82.272233238032,82.52688598632812,4247746
2016-05-05 00:00:00+05:30,83.0361994081284,83.5455049533302,82.27224109032569,82.46812438964844,4590195
2016-05-06 00:00:00+05:30,82.48770570373092,82.52688235813399,81.13608870942167,81.66497802734375,3327823
2016-05-09 00:00:00+05:30,82.2330737384887,83.25168494418972,81.91965145713313,82.89908599853516,4008649
2016-05-10 00:00:00+05:30,83.03618554399361,83.03618554399361,80.8226732468563,81.44950866699219,3924151
2016-05-11 00:00:00+05:30,81.07733577496816,81.07733577496816,79.5690118555187,80.41132354736328,5481087
2016-05-12 00:00:00+05:30,81.52788176910059,81.66499560554405,80.21544114669462,80.82269287109375,7061337
2016-05-13 00:00:00+05:30,80.68555856827815,80.68555856827815,79.1380581894094,79.82365417480469,7262070
2016-05-16 00:00:00+05:30,80.07830431401247,80.27419656083532,78.3545045503496,79.37311553955078,10092505
2016-05-17 00:00:00+05:30,80.548439814311,83.05578187174693,80.35255651824959,82.37018585205078,14657428
2016-05-18 00:00:00+05:30,82.3897556666336,84.34862416148886,82.11551909885202,83.937255859375,8832225
2016-05-19 00:00:00+05:30,83.44754912296473,83.54549524472537,81.95880932022646,82.29182434082031,6740377
2016-05-20 00:00:00+05:30,82.97743453884414,84.0939918243425,82.44854511784601,83.48674011230469,4576983
2016-05-23 00:00:00+05:30,83.91769082461377,84.03522080857583,81.29280968131296,81.5474624633789,5845633
2016-05-24 00:00:00+05:30,81.68458237952055,81.76293569939749,80.13708189454432,80.95980072021484,4087501
2016-05-25 00:00:00+05:30,81.76293390405473,82.5660688656022,81.54745779564323,82.33100891113281,3108448
2016-05-26 00:00:00+05:30,82.66401110930416,86.64050010399681,82.54647217063453,84.64246368408203,13519851
2016-05-27 00:00:00+05:30,85.40640755066677,85.7590064103215,82.97741908871184,83.44754791259766,10044087
2016-05-30 00:00:00+05:30,83.83933169664526,84.50534385994288,83.44755614360334,83.62385559082031,4589130
2016-05-31 00:00:00+05:30,84.23110101897323,84.42699328533895,82.1938878042935,82.56607055664062,8791201
2016-06-01 00:00:00+05:30,82.82071539074967,83.56508082409444,82.31140989415742,82.52688598632812,4521807
2016-06-02 00:00:00+05:30,82.4681281377871,83.78056872030598,81.93923872209658,83.36920928955078,4079509
2016-06-03 00:00:00+05:30,83.76098287039221,84.03521949535148,82.70319509733788,82.99702453613281,4345935
2016-06-06 00:00:00+05:30,83.33001294540935,83.58466566943528,82.3897553540888,82.58564758300781,3665349
2016-06-07 00:00:00+05:30,83.05575773083271,83.81971581386455,82.95782059474959,83.42794036865234,5568472
2016-06-08 00:00:00+05:30,84.03521253018562,85.11258406081602,83.83932924287885,84.5249252319336,5491938
2016-06-09 00:00:00+05:30,85.03420912600865,87.09101450415586,85.0146252857382,86.44459533691406,10532686
2016-06-10 00:00:00+05:30,86.18998492214737,87.24776389048296,85.0146669866952,85.48478698730469,4451983
2016-06-13 00:00:00+05:30,84.6228887194263,84.77959538142002,83.2516874930532,83.54551696777344,2914852
2016-06-14 00:00:00+05:30,83.8197453819511,84.15275148941606,82.74237373626595,83.36920928955078,3050001
2016-06-15 00:00:00+05:30,83.56508749141331,84.0352163693898,83.2712580635483,83.72179412841797,2865534
2016-06-16 00:00:00+05:30,83.44753783902243,83.46713064750983,82.48769646322934,82.938232421875,3296191
2016-06-17 00:00:00+05:30,83.31043606133488,83.3496127212155,82.35059444381594,82.56607055664062,4717605
2016-06-20 00:00:00+05:30,82.52689232821518,84.32904554935868,82.40936235080719,83.78056335449219,5253388
2016-06-21 00:00:00+05:30,84.54451288368294,85.48476157232626,84.23109067616079,85.23011779785156,4754095
2016-06-22 00:00:00+05:30,85.19094964907168,85.95490803007358,84.62288355056056,85.54354858398438,4300168
2016-06-23 00:00:00+05:30,85.40642552814464,86.01367725493652,83.91769440059345,85.6023178100586,4451146
2016-06-24 00:00:00+05:30,83.68263119061645,83.80017015460534,81.09693538821266,82.03719329833984,6098569
2016-06-27 00:00:00+05:30,81.4886972905071,83.1929043778164,81.37115834630994,82.33100891113281,3541858
2016-06-28 00:00:00+05:30,82.27223521884613,82.99701682505918,82.07635193350289,82.8011245727539,3242284
2016-06-29 00:00:00+05:30,83.34961232434182,84.28987009092471,83.09495955284908,84.13316345214844,3248850
2016-06-30 00:00:00+05:30,84.54451132055644,85.99406546527176,84.23108911882909,84.74039459228516,7536646
2016-07-01 00:00:00+05:30,84.9754577188644,90.0293175222003,84.79915830279158,88.14881134033203,8428420
2016-07-04 00:00:00+05:30,89.91180932648375,92.18409154209452,89.91180932648375,90.91082763671875,16861305
2016-07-05 00:00:00+05:30,90.34275926861417,92.61504142643409,89.53962428464655,90.40151977539062,6551590
2016-07-07 00:00:00+05:30,90.40151908533238,90.83247131089621,88.59936583029405,88.77566528320312,5971878
2016-07-08 00:00:00+05:30,88.14883848363583,88.26636847488797,87.07146678004591,87.48282623291016,3248257
2016-07-11 00:00:00+05:30,88.14881134033205,89.16742221812098,87.58074540738716,88.14881134033203,6210183
2016-07-12 00:00:00+05:30,88.18798609873474,89.892192827943,88.18798609873474,89.28495025634766,4319643
2016-07-13 00:00:00+05:30,91.53765876204596,94.6326686466589,90.94999990593702,91.73355102539062,17397438
2016-07-14 00:00:00+05:30,91.83149747500165,91.96862027981463,89.75510742252371,90.32317352294922,9416404
2016-07-15 00:00:00+05:30,90.53862584544216,91.0087546476266,89.53960774515085,90.20561981201172,8673333
2016-07-18 00:00:00+05:30,89.71592249154824,89.71592249154824,85.05382826021155,85.64148712158203,11088225
2016-07-19 00:00:00+05:30,85.21051019212922,87.1693695064099,85.01462695078915,86.58171081542969,10601104
2016-07-20 00:00:00+05:30,86.5817316130267,87.9137648749838,86.09201890856379,87.7178726196289,9715894
2016-07-21 00:00:00+05:30,88.0704691379814,88.8344273926178,86.97350481854893,87.20856475830078,4614313
2016-07-22 00:00:00+05:30,87.32610259770037,87.61993200217854,86.50337488498437,87.1498031616211,4734196
2016-07-25 00:00:00+05:30,86.89514433572113,89.01071051982161,86.85596768232823,88.85400390625,5161390
2016-07-26 00:00:00+05:30,88.89321404492286,89.95100201891297,87.40448272127826,87.89419555664062,6075612
2016-07-27 00:00:00+05:30,87.83541673912363,89.12827355162507,86.20956276620427,87.4632339477539,3982969
2016-07-28 00:00:00+05:30,87.46320690532622,88.26634171921144,86.4250121801891,86.71884155273438,12199317
2016-07-29 00:00:00+05:30,86.97350669424758,87.69828830788953,86.05284179325459,86.22914123535156,4943548
2016-08-01 00:00:00+05:30,87.09104203329413,87.54157810544501,85.40641875738082,85.71984100341797,4868154
2016-08-02 00:00:00+05:30,85.70023816510732,86.93432522451093,85.24970214565842,86.62090301513672,5714404
2016-08-03 00:00:00+05:30,86.9735203325028,87.32611927198755,85.40642688707348,85.70025634765625,6926821
2016-08-04 00:00:00+05:30,87.71787988251454,87.71787988251454,85.66107379972333,86.1312026977539,5368087
2016-08-05 00:00:00+05:30,86.58172040532679,88.814825471785,86.30748383707592,88.52099609375,4722490
2016-08-08 00:00:00+05:30,88.6973105563673,88.93237051187532,87.81582227276843,88.57978057861328,3995137
2016-08-09 00:00:00+05:30,89.63756617799187,90.04892557381741,88.97154505265253,89.7159194946289,11431887
2016-08-10 00:00:00+05:30,89.71589742134724,90.4994393619008,88.73646327043521,89.73548126220703,10287928
2016-08-11 00:00:00+05:30,89.61797874781652,90.85206597637487,89.03031987078165,90.65617370605469,9320215
2016-08-12 00:00:00+05:30,91.00877608992342,91.83149496236366,90.02934160185768,91.51808166503906,5870230
2016-08-16 00:00:00+05:30,92.06653653050662,92.59542579598221,91.00874903259493,92.14488983154297,5039550
2016-08-17 00:00:00+05:30,92.2232479586382,93.39856546960898,91.77271197062234,93.16350555419922,5430909
2016-08-18 00:00:00+05:30,93.35941200906024,94.86773592503458,93.04598974369364,94.55431365966797,5751255
2016-08-19 00:00:00+05:30,94.92649777830682,95.39661768815601,94.24089279266634,94.65225219726562,5606353
2016-08-22 00:00:00+05:30,94.65224012208081,95.55332110159539,93.35939260100454,93.770751953125,3785410
2016-08-23 00:00:00+05:30,93.04596075250792,93.90786498849225,92.69337090166378,93.3985595703125,5012451
2016-08-24 00:00:00+05:30,93.9470540919583,95.20072499506384,93.73157800439928,94.41718292236328,3600733
2016-08-25 00:00:00+05:30,94.61305963314807,95.10277227373223,92.85008336669189,93.16350555419922,4189737
2016-08-26 00:00:00+05:30,93.28102962003112,93.57485897921478,92.4583020341406,93.3985595703125,2902111
2016-08-29 00:00:00+05:30,93.39856536494413,93.82951750967341,92.7521371478502,92.96761322021484,2465332
2016-08-30 00:00:00+05:30,93.45733586078667,95.00483607001688,92.92843759541665,94.69141387939453,4245724
2016-08-31 00:00:00+05:30,94.90984248876306,95.78349444988494,93.38096064597957,93.837646484375,9766926
2016-09-01 00:00:00+05:30,94.11561434553147,94.96940638963241,93.36110340536106,93.95677185058594,4602483
2016-09-02 00:00:00+05:30,94.11561259754082,95.36651994495188,93.38095243829372,94.81056213378906,4273123
2016-09-06 00:00:00+05:30,95.20767527669953,95.98204611517167,94.51273477917141,94.73114776611328,3884562
2016-09-07 00:00:00+05:30,94.98926497702028,97.808764940318,94.6318693339698,97.27266693115234,17504218
2016-09-08 00:00:00+05:30,99.27806652518511,101.22391414591526,96.93510362074707,97.80874633789062,15232855
2016-09-09 00:00:00+05:30,98.0867389699217,102.25641802810814,98.0867389699217,101.2437744140625,17437126
2016-09-12 00:00:00+05:30,99.27807231016274,100.40983866428824,98.56326294000064,99.67517852783203,7995681
2016-09-14 00:00:00+05:30,99.29790770338191,100.31054203543289,97.37191103373885,98.56324768066406,8058135
2016-09-15 00:00:00+05:30,99.29793042135327,99.3972115277036,97.33222268636489,98.68241119384766,3706279
2016-09-16 00:00:00+05:30,99.0397892605268,100.46939876400742,98.48383152403619,99.3971939086914,12910044
2016-09-19 00:00:00+05:30,99.57592215412258,101.4621997071951,99.39721978352094,100.92610168457031,6271972
2016-09-20 00:00:00+05:30,101.06506604941457,103.40802882359615,100.5686697000822,102.35567474365234,12886207
2016-09-21 00:00:00+05:30,102.05788657970393,103.05067063676029,100.74741744146587,101.40265655517578,6438340
2016-09-22 00:00:00+05:30,102.81236494827284,103.70586750892697,102.45496028833996,103.05062866210938,8053006
2016-09-23 00:00:00+05:30,102.87194473985762,104.5795289287723,102.63368098338661,103.46761322021484,7589790
2016-09-26 00:00:00+05:30,103.05063892471489,103.44775424316843,98.54341505360615,99.09937286376953,13915599
2016-09-27 00:00:00+05:30,99.23837388242143,99.99288487788313,97.82862391352414,98.30516052246094,10949967
2016-09-28 00:00:00+05:30,98.4838358718982,100.23113039383996,97.451350677843,99.93329620361328,9666958
2016-09-29 00:00:00+05:30,101.66075905806167,102.45498068480642,98.5831354845085,99.337646484375,14336461
2016-09-30 00:00:00+05:30,99.83403704804874,102.19685101965226,99.11922762816796,101.91887664794922,9438718
2016-10-03 00:00:00+05:30,102.05785463394406,104.02356227059373,100.23113872139561,103.34847259521484,6960220
2016-10-04 00:00:00+05:30,104.04345010922952,109.16619453100917,103.7853264475525,108.63009643554688,17825014
2016-10-05 00:00:00+05:30,108.80879612100041,109.30518357070436,105.4929083243468,105.8900146484375,9426820
2016-10-06 00:00:00+05:30,106.82320387335771,108.59035842619396,105.63186699339767,106.88277435302734,9511054
2016-10-07 00:00:00+05:30,107.37917176954613,108.68964064267901,105.90986038795592,106.16798400878906,11598678
2016-10-10 00:00:00+05:30,106.98207317168298,107.22033695145844,104.6589604175597,106.00914001464844,7032378
2016-10-13 00:00:00+05:30,106.58492802683467,109.16615461050577,105.3340208092864,108.31236267089844,14122951
2016-10-14 00:00:00+05:30,108.8087557642808,110.8737351512035,107.93510399695282,110.01994323730469,9532546
2016-10-17 00:00:00+05:30,110.01993190794667,111.19141773183344,109.42426361489967,110.57588958740234,7432578
2016-10-18 00:00:00+05:30,110.87377229254298,111.58857273942021,109.06691585985833,109.80156707763672,7430623
2016-10-19 00:00:00+05:30,110.00011187630469,111.35029129396166,109.76183903901386,110.61563110351562,7137429
2016-10-20 00:00:00+05:30,111.54883671915937,112.44233934668381,110.41707035996657,111.7275390625,6078450
2016-10-21 00:00:00+05:30,111.58854987405576,111.60840973006829,109.62285132022554,111.11202239990234,3639472
2016-10-24 00:00:00+05:30,111.21127793112802,116.61200364043336,110.59575882364248,116.09575653076172,15753549
2016-10-25 00:00:00+05:30,116.35390007603829,116.63188353170302,114.20949912418357,114.66617584228516,11650041
2016-10-26 00:00:00+05:30,114.56688386898041,116.29432765180931,113.69324113944565,115.20226287841797,6344125
2016-10-27 00:00:00+05:30,115.95679169271904,118.10119260489712,112.81959793678124,115.48025512695312,24448257
2016-10-28 00:00:00+05:30,116.33402888492812,116.92969722628548,113.49467888157206,113.9314956665039,10070332
2016-11-01 00:00:00+05:30,115.2816826704532,115.2816826704532,111.90622574253545,114.82499694824219,11064357
2016-11-02 00:00:00+05:30,113.17697243106858,113.49466641985924,109.50368169963293,110.09934997558594,14774770
2016-11-03 00:00:00+05:30,110.46268619016206,110.60397109482753,107.77831919721034,108.00033569335938,10778124
2016-11-04 00:00:00+05:30,108.10124786323782,109.77645137683632,106.97098717674265,108.7874755859375,7203463
2016-11-07 00:00:00+05:30,110.20030775698712,110.603974967678,107.515940670041,107.85905456542969,4419261
2016-11-08 00:00:00+05:30,108.34344960199148,109.67553934005784,107.11226973373391,109.23150634765625,5654563
2016-11-09 00:00:00+05:30,101.80407322659553,109.39296175635074,100.91601661904666,108.94892883300781,7471795
2016-11-10 00:00:00+05:30,110.200323353643,112.80395921477137,109.47372966287557,111.41131591796875,5849239
2016-11-11 00:00:00+05:30,110.20027683443828,112.54152936903279,109.02965056714103,110.38192749023438,6617526
2016-11-15 00:00:00+05:30,109.09022228057282,115.62957308002653,108.7874742161856,111.24982452392578,12179968
2016-11-16 00:00:00+05:30,112.62228641855226,114.88280789287404,109.4333424210086,109.9581069946289,8986996
2016-11-17 00:00:00+05:30,109.49386663564091,112.21859887740546,109.0700212458604,110.30120086669922,5879166
2016-11-18 00:00:00+05:30,110.3819410943827,112.11769781633967,110.3819410943827,111.04798126220703,6513859
2016-11-21 00:00:00+05:30,111.24978401103796,112.29930347668474,110.0589704638899,111.43143463134766,7038115
2016-11-22 00:00:00+05:30,113.40940987570752,114.43875129348302,111.04796978172529,112.17823028564453,8852827
2016-11-23 00:00:00+05:30,112.62228667911029,113.61126251662957,111.41129434922739,112.98558807373047,6432657
2016-11-24 00:00:00+05:30,113.02593000576829,113.71215761593452,111.04796950919568,111.91584777832031,7236183
2016-11-25 00:00:00+05:30,111.71405195935482,112.96541019101474,111.16910906008675,111.99661254882812,4391635
2016-11-28 00:00:00+05:30,111.12871701752402,115.24608292661576,110.82596898072983,114.64058685302734,6170169
2016-11-29 00:00:00+05:30,114.74146932975395,116.17447747850964,113.55066507662586,114.96348571777344,6467512
2016-11-30 00:00:00+05:30,114.64061494928774,117.54699866263954,114.09567204515766,116.61857604980469,10633435
2016-12-01 00:00:00+05:30,119.08087542075732,120.53406203163806,117.46621644489584,117.93042755126953,12753523
2016-12-02 00:00:00+05:30,118.55613728363062,119.40382812122459,117.22404772206701,117.5671615600586,7668508
2016-12-05 00:00:00+05:30,116.73966199471957,119.74695529064022,116.73966199471957,119.24237823486328,5358345
2016-12-06 00:00:00+05:30,120.0093172243229,120.99829289027443,119.74693498242385,120.59463500976562,6281910
2016-12-07 00:00:00+05:30,121.05884173992507,121.28085818560848,119.56527991955898,119.92858123779297,6324726
2016-12-08 00:00:00+05:30,120.31209865129757,122.8753684801727,120.31209865129757,122.43133544921875,7229704
2016-12-09 00:00:00+05:30,122.77442255456562,124.2477970035409,122.75424427891323,123.8441390991211,5012332
2016-12-12 00:00:00+05:30,125.13583716912557,126.99269086547774,125.13583716912557,125.72114562988281,7390621
2016-12-13 00:00:00+05:30,126.73038438566996,126.73038438566996,124.63132550305008,125.9432373046875,11867766
2016-12-14 00:00:00+05:30,125.19641921662429,125.72118378297499,122.75425631838229,123.23865509033203,14303529
2016-12-15 00:00:00+05:30,122.79459711001198,126.30647594265517,121.91662971163525,125.00465393066406,10011138
2016-12-16 00:00:00+05:30,125.7615474253903,125.91292146158821,121.58362772198336,122.12857055664062,6046045
2016-12-19 00:00:00+05:30,122.97628854785987,123.1579300263449,121.15979984989526,121.94693756103516,6134651
2016-12-20 00:00:00+05:30,121.94688077809913,121.97715742346182,119.58545026596943,121.00836944580078,4487663
2016-12-21 00:00:00+05:30,121.46250357449277,122.52212159437296,120.88727497239192,122.0074462890625,4699901
2016-12-22 00:00:00+05:30,121.64416124614489,121.64416124614489,117.5267952098576,118.01118469238281,5073928
2016-12-23 00:00:00+05:30,119.25247491583167,119.43412562392395,116.55801866973566,116.83049011230469,5637468
2016-12-26 00:00:00+05:30,116.25527808779762,116.70940026782809,113.92411386798551,114.43878936767578,4468708
2016-12-27 00:00:00+05:30,115.04426331682127,115.58920613161433,113.6516203867375,115.22591400146484,4972743
2016-12-28 00:00:00+05:30,114.74153932661731,116.3158332716093,114.59016526418115,114.98373413085938,4245082
2016-12-29 00:00:00+05:30,115.04422619704638,117.31483592461967,115.01394955285181,116.01302337646484,13079156
2016-12-30 00:00:00+05:30,116.67908556178624,117.07266353296008,115.19562210523597,115.8616714477539,3664012
2017-01-02 00:00:00+05:30,116.134114388718,116.86070761413971,115.86164308407663,116.40658569335938,2690448
2017-01-03 00:00:00+05:30,117.10294144880025,117.31486877837737,115.74057523072878,116.55799865722656,4764310
2017-01-04 00:00:00+05:30,117.16351380375991,119.13137643870678,116.31582282589983,117.9506607055664,7507779
2017-01-05 00:00:00+05:30,118.253418353092,121.25062291438371,118.253418353092,120.88732147216797,6831388
2017-01-06 00:00:00+05:30,121.09920985011884,125.30740554458318,121.09920985011884,122.64322662353516,8399536
2017-01-09 00:00:00+05:30,123.4909293644725,124.0964254724024,119.34328656863524,119.88822937011719,4783989
2017-01-10 00:00:00+05:30,120.43316933132678,122.91570701094658,119.70657586677423,120.16069793701172,6865373
2017-01-11 00:00:00+05:30,120.2515210670512,121.09921185437717,119.46437434217042,119.6762924194336,3657809
2017-01-12 00:00:00+05:30,120.19098652906254,122.1285723733911,120.19098652906254,120.8267593383789,7180398
2017-01-13 00:00:00+05:30,122.91568624716191,123.49090559113185,121.1294749204613,121.88634490966797,7173268
2017-01-16 00:00:00+05:30,121.70468878302488,122.18908740212764,119.9184775367727,120.10012817382812,4070898
2017-01-17 00:00:00+05:30,120.49374287828539,120.88731170961927,116.86076570607578,117.9506607055664,4631529
2017-01-18 00:00:00+05:30,118.37448910029246,120.13042411763418,117.31487091141517,119.88822937011719,9444964
2017-01-19 00:00:00+05:30,119.79741087344694,121.97719135897653,119.1919147542769,121.61389923095703,11378619
2017-01-20 00:00:00+05:30,121.61388352074381,122.31020027218338,118.34419935612442,119.46437072753906,7834336
2017-01-23 00:00:00+05:30,119.46438899713301,122.18912159810552,119.46438899713301,121.0386734008789,5350419
2017-01-24 00:00:00+05:30,121.79556586852566,122.43133877298983,120.7056800198893,122.06804656982422,3600754
2017-01-25 00:00:00+05:30,122.27995024746701,124.55056089543609,122.27995024746701,124.066162109375,11413512
2017-01-27 00:00:00+05:30,124.73224197798079,125.94323461854371,123.00657376952238,123.8239974975586,5089894
2017-01-30 00:00:00+05:30,123.82394410090015,124.39916350928728,121.583610529787,122.2193832397461,4594038
2017-01-31 00:00:00+05:30,127.15417034262478,128.24406507910314,121.70470589936943,122.64322662353516,39669868
2017-02-01 00:00:00+05:30,122.91572037910394,124.1267126981099,120.79648382084353,121.22032928466797,11271144
2017-02-02 00:00:00+05:30,121.70471995317752,123.82395637027265,121.34141858602048,121.61389923095703,8549969
2017-02-03 00:00:00+05:30,122.12859117941795,123.03683554997258,121.43227419098187,121.67446899414062,4940894
2017-02-06 00:00:00+05:30,122.7946157559914,122.8248924100093,120.34235460674344,120.49372863769531,5926274
2017-02-07 00:00:00+05:30,121.25924887447684,122.17787954776833,117.98279573515273,118.38087463378906,10805646
2017-02-08 00:00:00+05:30,118.80959330459386,120.03443447268245,117.92158532668893,119.05455780029297,7106853
2017-02-09 00:00:00+05:30,119.69755324817818,120.15686850188936,117.86029223333341,118.13587951660156,6092204
2017-02-10 00:00:00+05:30,118.8095963090828,119.69760430944392,118.25842150742328,118.59524536132812,6287846
2017-02-13 00:00:00+05:30,118.99328719220222,119.11576940489374,116.84981576332238,117.73782348632812,4083916
2017-02-14 00:00:00+05:30,118.1971592297937,120.15690300609543,117.49287937644625,119.85069274902344,7785934
2017-02-15 00:00:00+05:30,119.9731779438954,121.13678255636466,118.90144201769236,119.3913803100586,5793110
2017-02-16 00:00:00+05:30,120.0650448667474,120.21814999681344,118.65647580118073,118.8708267211914,3343438
2017-02-17 00:00:00+05:30,119.42201388863815,119.54449613648771,118.5033830125717,119.05455780029297,3230898
2017-02-20 00:00:00+05:30,119.2382797093699,120.15691053817059,117.73785122462132,119.6057357788086,8954741
2017-02-21 00:00:00+05:30,119.88132785870012,120.49374843524521,119.11580213801876,120.18753814697266,3280290
2017-02-22 00:00:00+05:30,121.25925703741413,121.56546728245812,119.48324135407711,119.7894515991211,5671343
2017-02-23 00:00:00+05:30,119.97314753522622,121.01426964691764,119.02390343130908,120.03439331054688,20504597
2017-02-27 00:00:00+05:30,120.64684268846544,121.2592632097267,118.68709888938857,119.23827362060547,7881156
2017-02-28 00:00:00+05:30,120.70809135324515,120.83057359145528,117.98281249289202,118.53399658203125,10367585
2017-03-01 00:00:00+05:30,120.46310514312543,120.46310514312543,118.4421157137197,118.71771240234375,11243767
2017-03-02 00:00:00+05:30,119.29952222669422,119.36075867338849,117.67660220016585,118.01343536376953,6978509
2017-03-03 00:00:00+05:30,117.79906790308074,118.50334762650944,117.3397526022028,118.2277603149414,4294857
2017-03-06 00:00:00+05:30,118.50336762177919,119.26889325241083,118.19715736952654,118.68709564208984,3847930
2017-03-07 00:00:00+05:30,118.80956782042486,120.61620628687963,118.50335759408355,120.27937316894531,7768654
2017-03-08 00:00:00+05:30,120.64684712448728,120.76932936428392,117.76847243768458,118.16654205322266,6553289
2017-03-09 00:00:00+05:30,117.2785430482918,117.40102529739858,115.80873736941722,116.14556121826172,6323875
2017-03-10 00:00:00+05:30,116.17613272470618,117.8602886031067,115.31874801543745,117.33973693847656,7822853
2017-03-14 00:00:00+05:30,119.17701826787932,119.17701826787932,117.27851121525006,117.52347564697266,8850096
2017-03-15 00:00:00+05:30,117.15605317513797,118.166543345506,116.66611486579747,116.7885971069336,4219974
2017-03-16 00:00:00+05:30,118.19716781604805,118.56462388914592,117.1254318384414,117.46226501464844,6732778
2017-03-17 00:00:00+05:30,117.58475791529605,117.82972242303414,116.02308348027414,116.35991668701172,7462534
2017-03-20 00:00:00+05:30,116.39052435034759,117.40101449348317,116.17617342553908,116.88046264648438,5070076
2017-03-21 00:00:00+05:30,116.97231789927092,119.08516679864945,116.97231789927092,118.84020233154297,6715278
2017-03-22 00:00:00+05:30,117.89094543457031,118.74833039072185,116.9723146909243,117.89094543457031,4960436
2017-03-23 00:00:00+05:30,118.53396756584634,119.1157650635218,118.04402938814307,118.56459045410156,4208188
2017-03-24 00:00:00+05:30,118.41149273775366,118.44210628312344,117.18665188955262,117.52347564697266,9289757
2017-03-27 00:00:00+05:30,117.46225090468266,117.58473313273693,115.44126143500475,115.68622589111328,4780041
2017-03-28 00:00:00+05:30,116.17615141468538,116.35987940902685,114.09392573159933,114.46137237548828,9790503
2017-03-29 00:00:00+05:30,115.07381730533552,115.19630889085111,114.15518648274436,114.49201965332031,9676087
2017-03-30 00:00:00+05:30,114.5532682601269,115.28817106729383,112.07296310924181,112.62413787841797,14882692
2017-03-31 00:00:00+05:30,113.23654474049202,114.09393903244084,112.80785226691513,113.29779052734375,8217678
2017-04-03 00:00:00+05:30,113.42028653857427,114.12457579377092,113.17532205099052,113.7877426147461,4802523
2017-04-05 00:00:00+05:30,114.12459266614168,114.33893428826704,113.14471588134765,114.06334686279297,6772865
2017-04-06 00:00:00+05:30,113.91022804221238,115.1963149999624,113.4202897085554,114.85948181152344,7216198
2017-04-07 00:00:00+05:30,114.98193796041392,115.4106304007615,113.69585129457677,114.15516662597656,8049423
2017-04-10 00:00:00+05:30,114.70634447178496,114.98193178686928,114.0326782839843,114.18578338623047,3953031
2017-04-11 00:00:00+05:30,114.89010012212572,115.38002909142406,114.43078470481146,115.04320526123047,7982429
2017-04-12 00:00:00+05:30,115.16569980001634,115.56376946627292,113.75713050089776,114.33892822265625,4050669
2017-04-13 00:00:00+05:30,114.52260827361584,114.70633625210435,112.89969804401932,113.17528533935547,3338347
2017-04-17 00:00:00+05:30,113.54272987030213,113.54272987030213,111.76671458198503,112.13417053222656,3070001
2017-04-18 00:00:00+05:30,112.28731218825196,112.93034629339604,110.54190987338535,110.81749725341797,3358340
2017-04-19 00:00:00+05:30,110.84810149618424,111.42989905496775,109.74574281676605,110.1438217163086,4198156
2017-04-20 00:00:00+05:30,110.93996375771022,112.3179098072005,109.31705325956179,109.68450927734375,9102962
2017-04-21 00:00:00+05:30,110.29694223225805,111.4911604080738,110.05196841106778,110.38880157470703,4117134
2017-04-24 00:00:00+05:30,110.54188260159121,111.58299541641476,110.54188260159121,111.1236801147461,4311732
2017-04-25 00:00:00+05:30,111.70547146869428,111.7360943560758,110.5112536191612,111.154296875,5784684
2017-04-26 00:00:00+05:30,111.21558217309045,111.3380644213505,110.11322324915697,110.29695129394531,4850265
2017-04-27 00:00:00+05:30,110.6643764167711,110.72562220133301,109.1945710352327,109.68450927734375,7471812
2017-04-28 00:00:00+05:30,110.23567651236846,114.61447881369213,109.86822051940959,114.24703216552734,10789077
2017-05-02 00:00:00+05:30,115.13505773516738,118.74833506446984,114.92070681529539,117.82970428466797,17143827
2017-05-03 00:00:00+05:30,118.77897776043807,119.26891612696654,116.7579878390063,117.03358459472656,6245067
2017-05-04 00:00:00+05:30,117.58473313273693,117.86032048205779,115.38001564858011,115.68622589111328,4432281
2017-05-05 00:00:00+05:30,115.44126356303344,115.50250935058708,111.61363546081085,112.5628890991211,8117137
2017-05-08 00:00:00+05:30,113.05281565912276,115.25752361083963,112.68535966143952,113.87957763671875,5592129
2017-05-09 00:00:00+05:30,114.46140268208757,114.98196391308802,113.60401760787126,113.97147369384766,4713977
2017-05-10 00:00:00+05:30,114.49202582970108,115.41065670184867,113.66526365164614,115.10444641113281,4038348
2017-05-11 00:00:00+05:30,115.80873524307839,116.51301517110869,112.13421176856247,112.44042205810547,10796830
2017-05-12 00:00:00+05:30,113.14470208009853,114.15519229851101,112.68538664540259,113.20594787597656,6242350
2017-05-15 00:00:00+05:30,114.70637052391757,115.3187910719953,114.00208128675061,114.36953735351562,5766195
2017-05-16 00:00:00+05:30,114.79822513839791,114.82884803349928,113.05283225516607,113.38965606689453,6960470
2017-05-17 00:00:00+05:30,113.42028492680426,114.3082928626715,112.62413633627651,112.99159240722656,6074714
2017-05-18 00:00:00+05:30,112.93031366346273,112.93031366346273,110.54187793356346,110.7868423461914,4628258
2017-05-19 00:00:00+05:30,111.399283950803,111.85859932060256,109.71512759487126,110.26631164550781,5853904
2017-05-22 00:00:00+05:30,110.87869434960949,111.2155273749576,108.1534259532329,108.49024963378906,5558525
2017-05-23 00:00:00+05:30,108.94958721905887,108.94958721905887,106.37742336559324,106.95922088623047,5162996
2017-05-24 00:00:00+05:30,106.74488979679691,107.93910784441445,105.88749553186513,106.37743377685547,6540417
2017-05-25 00:00:00+05:30,107.0510863689199,107.57163809513852,106.25493799052211,106.65300750732422,8230189
2017-05-26 00:00:00+05:30,106.98988340317919,108.70466305555016,106.74491888632505,107.63292694091797,6460263
2017-05-29 00:00:00+05:30,106.86740114475212,108.58218079712307,104.84641117391482,107.63292694091797,6629243
2017-05-30 00:00:00+05:30,107.23486486627871,109.83765275774374,106.01002350558927,109.40895080566406,6532975
2017-05-31 00:00:00+05:30,109.34766813415553,109.34766813415553,107.32667887412894,108.3984146118164,10715866
2017-06-01 00:00:00+05:30,108.33717277575413,108.33717277575413,105.7037723431171,106.5611572265625,8676208
2017-06-02 00:00:00+05:30,107.11233188809248,107.4491650011583,106.0099825650325,106.5611572265625,4039371
2017-06-05 00:00:00+05:30,106.77554178713115,109.31708369248283,106.62243662789797,107.63292694091797,5836542
2017-06-06 00:00:00+05:30,107.78598820396351,107.78598820396351,104.78513204302057,104.99947357177734,6437174
2017-06-07 00:00:00+05:30,105.03011023310872,106.56116140268756,105.03011023310872,105.366943359375,7404338
2017-06-08 00:00:00+05:30,104.87701096387143,105.15259832080284,103.4990648344191,104.44831848144531,5798852
2017-06-09 00:00:00+05:30,104.75452551606936,104.8770077437454,102.76415894575011,103.62154388427734,6859186
2017-06-12 00:00:00+05:30,103.8052686696944,104.41768913382239,102.97849730520375,103.1928482055664,4382264
2017-06-13 00:00:00+05:30,103.56028747558594,103.95835697498082,102.79476201921642,103.56028747558594,5988071
2017-06-14 00:00:00+05:30,103.62155455993324,104.14211576218116,102.97851111739051,103.80528259277344,5698882
2017-06-15 00:00:00+05:30,104.14211402868541,104.66266587747255,102.15174728643836,102.3660888671875,8396153
2017-06-16 00:00:00+05:30,101.9680192566564,102.82540426924452,101.56994964612531,102.3660888671875,9457498
2017-06-19 00:00:00+05:30,102.58043646844087,102.7641644922688,100.80442070929351,101.69242858886719,5175569
2017-06-20 00:00:00+05:30,102.27420097096788,104.32581293195545,101.53929840181178,103.56028747558594,6212122
2017-06-21 00:00:00+05:30,103.00912878469761,103.16223391349317,100.65131540812317,100.9269027709961,8411843
2017-06-22 00:00:00+05:30,100.92691163078996,101.14125322304228,98.01791392831001,98.26287841796875,8856235
2017-06-23 00:00:00+05:30,98.72217485464239,98.81404352918993,96.33373883311822,96.82367706298828,4803636
2017-06-27 00:00:00+05:30,97.3442217443779,98.50782612360611,95.04764521999908,97.9566421508789,7105195
2017-06-28 00:00:00+05:30,98.63031552488934,98.87527996742713,96.45622105438711,96.82367706298828,7419236
2017-06-29 00:00:00+05:30,97.86481925939633,98.56909925113325,96.30314477250437,96.67060089111328,8800016
2017-06-30 00:00:00+05:30,96.63995046439858,97.25237092444573,95.72131977432787,96.333740234375,5746101
2017-07-03 00:00:00+05:30,96.394981510641,97.68106827919419,95.47635077447303,97.43610382080078,6622621
2017-07-04 00:00:00+05:30,97.6810685609196,99.05901466914574,97.37485831464713,97.92603302001953,5371351
2017-07-05 00:00:00+05:30,98.23223459611498,100.13074169335627,97.95664726775267,99.7020492553711,5605189
2017-07-06 00:00:00+05:30,99.70207060032162,100.06951733520562,98.04853693135287,99.02840423583984,7115526
2017-07-07 00:00:00+05:30,98.90589699113136,99.21210719853424,97.43609173351508,97.74230194091797,5247930
2017-07-10 00:00:00+05:30,98.75278209828276,99.94699991981503,98.5996770097583,99.45706176757812,1376868
2017-07-11 00:00:00+05:30,99.54894981711126,100.06950161260859,97.98727574102963,98.140380859375,7988251
2017-07-12 00:00:00+05:30,98.63032251527578,101.60055630693726,98.63032251527578,99.73268127441406,12966188
2017-07-13 00:00:00+05:30,100.49820009424559,100.49820009424559,97.12988760210786,97.31360626220703,9072801
2017-07-14 00:00:00+05:30,97.68105585998185,98.01788895604402,96.54807435817109,96.97677612304688,7114944
2017-07-17 00:00:00+05:30,97.98729092098732,98.53846569449937,97.25238810803917,98.01791381835938,6649645
2017-07-18 00:00:00+05:30,98.29350142127554,99.21213227567999,97.61983505679376,99.02840423583984,5319994
2017-07-19 00:00:00+05:30,99.24274159202416,100.13074942746778,97.86479549898561,99.82453918457031,9814913
2017-07-20 00:00:00+05:30,99.33460579938945,102.7947873207314,99.27336935468328,101.5699462890625,16154989
2017-07-21 00:00:00+05:30,101.93740668972158,102.02927538631906,100.1920135919301,100.65132904052734,7090770
2017-07-24 00:00:00+05:30,101.04938174097316,101.04938174097316,99.02839223719467,99.97764587402344,10394896
2017-07-25 00:00:00+05:30,100.13075249562489,100.31448051595207,99.0590166126442,100.00827026367188,6521103
2017-07-26 00:00:00+05:30,100.59008635544197,100.80443730933888,100.06952509300488,100.43698120117188,9143178
2017-07-27 00:00:00+05:30,101.0493848525274,101.0493848525274,99.21212330975418,99.76329803466797,12361923
2017-07-28 00:00:00+05:30,98.96715752502455,101.35559376092891,98.14038610386017,100.89627838134766,10303502
2017-07-31 00:00:00+05:30,101.04937979415585,104.11148221216058,101.04937979415585,103.74402618408203,13899095
2017-08-01 00:00:00+05:30,104.26459784885704,104.29522074508462,102.15174883629754,102.51919555664062,6705176
2017-08-02 00:00:00+05:30,102.58042876645324,102.58042876645324,100.49820290552971,101.29434204101562,7743355
2017-08-03 00:00:00+05:30,101.04938064693766,102.12111650228398,99.9163990047964,101.47807312011719,6902925
2017-08-04 00:00:00+05:30,101.35559407951627,102.45795286293533,100.19199885217108,101.90676879882812,6316753
2017-08-07 00:00:00+05:30,101.66180120675963,102.30484458937585,101.11062650440005,101.60055541992188,3289743
2017-08-08 00:00:00+05:30,101.6311995355191,101.84555048941601,99.51835027555141,100.43698120117188,5981069
2017-08-09 00:00:00+05:30,100.3144779293735,101.78428336450185,99.51832942501437,101.47807312011719,5908883
2017-08-10 00:00:00+05:30,100.74315780319294,101.4168239945057,99.30396609665834,100.25321960449219,8412268
2017-08-11 00:00:00+05:30,98.936530854638,99.21211820290931,97.06864651334028,97.7729263305664,5471462
2017-08-14 00:00:00+05:30,98.1710191763142,99.39586031552014,97.98729113647406,99.02840423583984,3892174
2017-08-16 00:00:00+05:30,99.02839957305567,99.05902246905319,97.68107625232756,98.56908416748047,6213088
2017-08-17 00:00:00+05:30,98.50785673611861,98.99778573773577,97.9872954909045,98.35475158691406,5184915
2017-08-18 00:00:00+05:30,98.04853841994304,98.9977828414022,97.68108233468396,98.53846740722656,5559512
2017-08-21 00:00:00+05:30,98.87526895149716,100.77377587642856,95.78254414885434,96.24185943603516,11137965
2017-08-22 00:00:00+05:30,96.76244376042793,98.23224929481995,96.45623349536328,97.65045166015625,5611720
2017-08-23 00:00:00+05:30,98.23225085856504,98.44660178544078,97.52797097562329,97.80355834960938,2344934
2017-08-24 00:00:00+05:30,98.23224929481995,98.23224929481995,97.40548718602281,97.65045166015625,3724532
2017-08-28 00:00:00+05:30,98.23225999171308,98.84468058853123,97.74233099009591,98.35475158691406,3680139
2017-08-29 00:00:00+05:30,97.98728760930048,97.98728760930048,96.1500259666261,96.30313110351562,7756416
2017-08-30 00:00:00+05:30,97.00740051269531,97.43610232549736,96.5480851516602,97.00740051269531,5219322
2017-08-31 00:00:00+05:30,98.35473275222157,98.3853463003627,95.5682177013505,96.11939239501953,16715886
2017-09-01 00:00:00+05:30,96.7624242271607,98.23222946484562,96.33373181156874,97.9566421508789,6511029
2017-09-04 00:00:00+05:30,98.23225102161192,99.3958556561896,97.43611179428531,99.08964538574219,4859269
2017-09-05 00:00:00+05:30,99.82453147411053,100.22260102121227,98.84465503460646,99.7020492553711,5823055
2017-09-06 00:00:00+05:30,99.45707994558569,100.31447420490652,99.15086971256999,99.39584350585938,3791076
2017-09-07 00:00:00+05:30,99.94701818736978,99.94701818736978,98.96715104859632,99.39584350585938,9101357
2017-09-08 00:00:00+05:30,99.45708594680147,100.0082700063649,97.58921088853428,99.1202621459961,10505052
2017-09-11 00:00:00+05:30,99.39584820298941,100.37571538806826,98.59969969056618,99.85516357421875,9449161
2017-09-12 00:00:00+05:30,99.88578174764346,100.13074619613815,98.9059052640753,99.39584350585938,10536298
2017-09-13 00:00:00+05:30,99.27335336560978,99.70204578868913,98.50782784411308,98.63031005859375,7006941
2017-09-14 00:00:00+05:30,98.90589538398427,99.51831578883866,96.91552906820749,97.58919525146484,15371676
2017-09-15 00:00:00+05:30,97.68107538637908,102.79479059436801,97.37486511871018,102.12112426757812,25453536
2017-09-18 00:00:00+05:30,102.3048567779159,102.85603154594213,100.92691051305417,101.171875,8383548
2017-09-19 00:00:00+05:30,100.31447799948448,101.99863434477719,100.2838551060656,101.60055541992188,7052113
2017-09-20 00:00:00+05:30,102.27421891513009,104.66265502014036,100.74316773376587,102.70291137695312,12062311
2017-09-21 00:00:00+05:30,103.19519759097734,103.50287558581603,100.76454330966918,102.08755493164062,7198883
2017-09-22 00:00:00+05:30,101.71833061598417,101.71833061598417,100.48761883451937,101.19527435302734,10308999
2017-09-25 00:00:00+05:30,100.85684899120517,101.71835306208938,99.1030899493687,101.41067504882812,8935570
2017-09-26 00:00:00+05:30,102.21061388930852,106.14888770634752,102.21061388930852,105.47199249267578,19866213
2017-09-27 00:00:00+05:30,105.87200152657084,106.48735752569118,104.39514149492962,104.73358917236328,7437060
2017-09-28 00:00:00+05:30,104.14898016944504,106.67194297221995,102.61059050667629,105.56430053710938,14120709
2017-09-29 00:00:00+05:30,105.71817053042862,107.28733032489981,104.6105277702379,105.19511413574219,6418518
2017-10-03 00:00:00+05:30,107.07192885228329,107.10269852584771,104.61050520050665,105.01048278808594,5604933
2017-10-04 00:00:00+05:30,105.07203664308072,106.33351831671307,104.67205900027436,105.90277099609375,5087199
2017-10-05 00:00:00+05:30,106.27195653154308,106.27195653154308,105.10278413811277,105.34892272949219,3767993
2017-10-06 00:00:00+05:30,105.71814801366523,107.50267641029684,105.53353936135497,106.97962951660156,6144349
2017-10-09 00:00:00+05:30,106.70272671825572,106.73349639619457,104.85665871697387,105.04126739501953,2981922
2017-10-10 00:00:00+05:30,105.22589783213238,105.93355362312091,104.05672494538886,104.82592010498047,3112910
2017-10-11 00:00:00+05:30,105.47201437537784,105.93353137420169,103.37980773654462,104.08746337890625,4202871
2017-10-12 00:00:00+05:30,104.42587280273439,104.97969863219828,103.22593092327186,104.42587280273438,4877955
2017-10-13 00:00:00+05:30,104.08747120859691,104.82590597393168,103.56442420433754,104.39514923095703,5190805
2017-10-16 00:00:00+05:30,104.88742829239295,106.39504861404872,104.64128964829759,105.87200164794922,5054731
2017-10-17 00:00:00+05:30,105.31815305817341,105.84120930183641,104.61049756576854,105.34892272949219,6819547
2017-10-18 00:00:00+05:30,105.22589266541617,107.65654737245977,104.91821461668688,107.34886932373047,7869107
2017-10-19 00:00:00+05:30,107.6872999695179,107.9949779694308,105.41048464807986,105.87200164794922,1215089
2017-10-23 00:00:00+05:30,106.39504916603656,106.70272716754572,104.94896819269592,105.65662384033203,4126469
2017-10-24 00:00:00+05:30,105.53354115919635,109.07183772867377,105.25663287080667,108.30264282226562,10817861
2017-10-25 00:00:00+05:30,109.50260008849469,109.71797844780396,108.02574942050622,108.82571411132812,6103342
2017-10-26 00:00:00+05:30,108.5795662901933,110.76408200770726,108.24111860614113,109.13339233398438,15326252
2017-10-27 00:00:00+05:30,109.47185623001323,113.7793493154598,109.04110879938652,113.22553253173828,9866477
2017-10-30 00:00:00+05:30,115.68694182967104,117.74838843193942,114.45622968254688,114.82544708251953,16606395
2017-10-31 00:00:00+05:30,114.70236998786959,118.14836780467473,113.5947365513717,117.59455108642578,10698129
2017-11-01 00:00:00+05:30,118.14836080660996,118.88678618373365,116.97918807529645,117.53300476074219,5341109
2017-11-02 00:00:00+05:30,117.5330035432856,118.27142891276037,115.41002708495014,115.68693542480469,4024181
2017-11-03 00:00:00+05:30,117.03140076051419,120.31440836954751,116.31226957718083,119.9704818725586,7942915
2017-11-06 00:00:00+05:30,120.59580028838732,125.34833826659332,119.501464567229,124.59793853759766,16363370
2017-11-07 00:00:00+05:30,126.63028299148161,128.50628718394802,120.62706575884886,121.18987274169922,20559837
2017-11-08 00:00:00+05:30,121.94025583889382,122.37798818225329,119.43891725758317,120.40818786621094,6275377
2017-11-09 00:00:00+05:30,121.28366929056985,121.94027266714771,116.21846368950646,118.56346893310547,7527346
2017-11-10 00:00:00+05:30,118.81361561426803,120.47074906793672,117.78181697962181,119.5014877319336,6035746
2017-11-13 00:00:00+05:30,118.78235923561112,119.00123026162004,114.78021979717214,115.18668365478516,6894203
2017-11-14 00:00:00+05:30,115.62440311520969,115.74947771130022,113.40447216238289,113.8109359741211,4663077
2017-11-15 00:00:00+05:30,112.93547909556955,113.43573934815086,109.93386987081819,111.02820587158203,7701984
2017-11-16 00:00:00+05:30,114.12358450558712,114.21738089528989,110.74678089038115,112.0287094116211,7245718
2017-11-17 00:00:00+05:30,114.06105505039417,114.74892709495175,110.80931624544695,111.05945587158203,6851616
2017-11-20 00:00:00+05:30,111.74732743478963,112.84166334050047,111.12199263152627,112.56026458740234,4004561
2017-11-21 00:00:00+05:30,113.123046875,113.81091888279005,111.43464504170234,113.123046875,5170506
2017-11-22 00:00:00+05:30,113.31065454189351,114.27992531062745,112.5602547519176,113.3731918334961,3217008
2017-11-23 00:00:00+05:30,113.7483712985513,114.27990957844676,112.87290658774084,113.62330627441406,3511238
2017-11-24 00:00:00+05:30,114.12360249303322,114.1861397905921,112.81039557911234,113.18560028076172,2358579
2017-11-27 00:00:00+05:30,114.02980536087546,115.34300272456434,113.52953560915269,115.0928726196289,6930971
2017-11-28 00:00:00+05:30,114.62384932468869,114.87397938119761,112.56024296201508,113.34191131591797,10710188
2017-11-29 00:00:00+05:30,113.18559739226497,115.21793546698795,113.18559739226497,114.09233093261719,5407391
2017-11-30 00:00:00+05:30,113.18558391962617,113.81091863741416,112.21631319868467,112.96671295166016,9645385
2017-12-01 00:00:00+05:30,113.81093310747099,114.49880520123486,111.93492871558959,112.34139251708984,3451636
2017-12-04 00:00:00+05:30,113.34191242824966,114.93651779423092,113.09178236928598,113.56078338623047,6347567
2017-12-05 00:00:00+05:30,112.62277657230793,112.9979716448291,110.87183760832671,111.55970001220703,4550575
2017-12-06 00:00:00+05:30,111.55972984993427,112.05999962228084,109.68372536002381,109.96513366699219,4194219
2017-12-07 00:00:00+05:30,109.77752817731687,110.9031327475164,109.65246312326181,110.71553039550781,4373514
2017-12-08 00:00:00+05:30,110.99692779837304,113.435729719174,110.96565914977776,112.71659851074219,4832733
2017-12-11 00:00:00+05:30,113.77964049733302,113.77964049733302,111.12196816853809,111.87236785888672,2310668
2017-12-12 00:00:00+05:30,112.81041672896374,115.18669135392916,112.68535165225056,114.62389373779297,6983526
2017-12-13 00:00:00+05:30,114.87398129534516,116.9375876924047,114.49878620432992,114.9990463256836,11488267
2017-12-14 00:00:00+05:30,116.2810248226927,116.75002600606618,114.06108397968757,115.2804946899414,5885128
2017-12-15 00:00:00+05:30,115.78072227106959,116.37479790230027,113.99852400292997,114.4362564086914,7297568
2017-12-18 00:00:00+05:30,114.43625302331165,114.99905045094839,110.68424472746537,114.46752166748047,4785160
2017-12-19 00:00:00+05:30,114.4675154515754,116.31225085515544,114.43624680910455,115.81198120117188,4240135
2017-12-20 00:00:00+05:30,119.25134455801874,119.50148420335299,117.25027510460386,117.56294250488281,8877376
2017-12-21 00:00:00+05:30,118.12574000864417,118.56348200251615,117.00014500112144,117.56294250488281,3893100
2017-12-22 00:00:00+05:30,118.00065658650735,121.18986738959552,117.40659052683219,120.93972778320312,8914713
2017-12-26 00:00:00+05:30,121.84645223112132,123.28471419658027,120.50197709830904,121.12731170654297,11345494
2017-12-27 00:00:00+05:30,122.1278779206514,122.56561033490586,119.65780757992528,120.4394760131836,7260402
2017-12-28 00:00:00+05:30,120.78338683719645,121.56505516915307,120.09552443018448,120.68959045410156,12772109
2017-12-29 00:00:00+05:30,121.31494594503538,122.50307819682867,120.37694378566654,122.06534576416016,5899591
2018-01-01 00:00:00+05:30,122.06534038905521,122.37800776174329,120.06427111222172,120.28314208984375,5899565
2018-01-02 00:00:00+05:30,122.40928823622976,123.50362414638762,121.94028713187639,123.09716033935547,12878378
2018-01-03 00:00:00+05:30,123.44106314217184,123.44106314217184,120.68959434179327,120.97099304199219,8032715
2018-01-04 00:00:00+05:30,122.12788357083944,125.0669551074953,122.06534627654513,124.75428771972656,12740860
2018-01-05 00:00:00+05:30,125.66104691406522,125.66104691406522,122.75324343036206,124.09770965576172,6812787
2018-01-08 00:00:00+05:30,123.81629816509577,125.00443054286836,123.00336096574235,123.44109344482422,4858711
2018-01-09 00:00:00+05:30,124.1289506321631,124.4416180141081,122.87828110438312,123.19094848632812,4598757
2018-01-10 00:00:00+05:30,124.00388566353446,125.06695285442684,123.34728225267847,123.75374603271484,7673209
2018-01-11 00:00:00+05:30,123.81628332588257,124.87935051677495,123.19094856161044,123.75374603271484,5701402
2018-01-12 00:00:00+05:30,124.37907661528212,126.28634949055864,123.59740818622214,125.53594970703125,9291346
2018-01-15 00:00:00+05:30,124.75425482316648,125.28579305895211,122.56558368591794,122.94078826904297,4500523
2018-01-16 00:00:00+05:30,123.56613385427791,123.97259757055622,121.94025990546514,123.31599426269531,5778244
2018-01-17 00:00:00+05:30,122.75321829273896,124.22274928949905,121.37748369552793,122.37801361083984,6306388
2018-01-18 00:00:00+05:30,122.81573413396598,123.50360613678447,120.8459335996638,121.37747192382812,6247782
2018-01-19 00:00:00+05:30,121.40871037187847,122.65937958834633,120.06424478091506,121.12731170654297,5046015
2018-01-22 00:00:00+05:30,123.81627497752427,128.7876841099184,123.81627497752427,125.50467681884766,23165754
2018-01-23 00:00:00+05:30,126.31763241883627,130.5073737639619,125.31709289976804,129.66317749023438,15755015
2018-01-24 00:00:00+05:30,130.81999880662585,132.57093762705102,130.06959918125762,131.851806640625,16132441
2018-01-25 00:00:00+05:30,132.8210953781225,133.10250364549066,129.50682887915139,130.38229370117188,10247173
2018-01-29 00:00:00+05:30,130.06962232729452,130.35102104415174,127.72461711706687,128.28741455078125,7620080
2018-01-30 00:00:00+05:30,127.4744916396234,130.06962701574523,127.2556206620392,128.0685577392578,7323876
2018-01-31 00:00:00+05:30,126.94294364057988,127.94348297369893,124.31653981845517,127.2243423461914,11990243
2018-02-01 00:00:00+05:30,127.59955763998337,129.47556188989682,121.3149414944031,121.87773895263672,10015459
2018-02-02 00:00:00+05:30,121.31496667098747,123.65997247004007,117.56295739250334,120.50202941894531,12239774
2018-02-05 00:00:00+05:30,120.31439693928726,120.34566558382059,117.56292797366514,118.03192901611328,7607002
2018-02-06 00:00:00+05:30,113.81094232506759,116.93761656476724,112.62280993072272,115.96834564208984,5935676
2018-02-07 00:00:00+05:30,117.59420536946517,119.75160841690865,116.93760195280376,118.81360626220703,8644010
2018-02-08 00:00:00+05:30,118.81360851121845,119.81414797857984,117.56293894794247,118.00067138671875,4540513
2018-02-09 00:00:00+05:30,117.18771509414005,118.93865410470035,115.4367856254297,117.15645599365234,7314145
2018-02-12 00:00:00+05:30,120.06428439954189,121.62762143599426,119.03248577222413,119.43894958496094,14960914
2018-02-14 00:00:00+05:30,119.43894484097672,120.06427963072005,115.2492036580667,116.15593719482422,4960527
2018-02-15 00:00:00+05:30,117.00011153179558,118.18824349623503,115.68690500954222,117.7505111694336,5046557
2018-02-16 00:00:00+05:30,117.31280299392509,118.37587016125431,116.6249309517321,116.87506103515625,4167034
2018-02-19 00:00:00+05:30,117.18773189675524,117.18773189675524,113.71713156220055,115.8745346069336,4265576
2018-02-20 00:00:00+05:30,116.18719938451754,117.87560131460587,115.5618646295329,116.9375991821289,5328584
2018-02-21 00:00:00+05:30,117.56293610727937,119.31387536192825,115.49932946936643,118.90740203857422,4651807
2018-02-22 00:00:00+05:30,117.25025878856205,117.81305621400695,115.8432556830993,116.37479400634766,8629189
2018-02-23 00:00:00+05:30,116.96888207084359,119.34515633750006,116.6249460053528,118.68855285644531,4880302
2018-02-26 00:00:00+05:30,119.03247833251952,120.03300824820323,118.50093995660683,119.03247833251953,2721955
2018-02-27 00:00:00+05:30,119.43890870597697,121.53378343457523,116.37477297999769,117.87557220458984,6611097
2018-02-28 00:00:00+05:30,117.37530657969005,118.93864313387306,116.4998419260872,117.7505111694336,6147245
2018-03-01 00:00:00+05:30,117.50036477110027,118.938636225782,117.1564383826349,118.62596893310547,3450224
2018-03-05 00:00:00+05:30,118.1882793505537,118.43840945836435,115.18667034756608,116.03087615966797,5082390
2018-03-06 00:00:00+05:30,116.62493720357908,116.87506730041181,115.37426763571229,115.93706512451172,2906142
2018-03-07 00:00:00+05:30,115.68690108202048,115.84323473213132,111.80982846764144,113.49822998046875,4482279
2018-03-08 00:00:00+05:30,113.81091814461928,114.2486505368054,112.18504406867022,112.65404510498047,3288627
2018-03-09 00:00:00+05:30,112.74783549952214,114.40496844937455,112.24756588803017,112.49769592285156,2053847
2018-03-12 00:00:00+05:30,113.12306621416845,115.2492103478209,111.93493386143045,114.96781158447266,4161129
2018-03-13 00:00:00+05:30,115.47423346664748,116.61378379337239,114.93611918741033,116.23394012451172,2457755
2018-03-14 00:00:00+05:30,115.72750425082684,116.55051358445247,113.79660033810974,114.33472442626953,4846612
2018-03-15 00:00:00+05:30,114.65127396989614,114.84119104046556,113.16352584993697,114.14480590820312,5145739
2018-03-16 00:00:00+05:30,114.14476633251311,114.2397248348743,111.48582200561395,112.15055084228516,8194541
2018-03-19 00:00:00+05:30,112.49877726136518,112.94193315397258,111.5174972891155,111.96066284179688,5782668
2018-03-20 00:00:00+05:30,111.67577071887779,112.53043612308278,109.9031471043513,110.21968841552734,3020586
2018-03-21 00:00:00+05:30,111.23259278786226,112.24552864706365,109.93477173703309,111.13763427734375,4055822
2018-03-22 00:00:00+05:30,112.05559295622203,115.03107852078539,111.77070778750017,113.2584457397461,8348549
2018-03-23 00:00:00+05:30,111.54914078033076,113.66997113747203,111.51748472155332,112.308837890625,6884971
2018-03-26 00:00:00+05:30,113.60664301710459,113.60664301710459,111.42251051014168,113.2584457397461,4169998
2018-03-27 00:00:00+05:30,114.30306379782135,114.65126115507117,112.21388931439613,113.7016372680664,3823981
2018-03-28 00:00:00+05:30,113.00523624046444,113.32177751844893,111.48584197016814,112.56208038330078,6229049
2018-04-02 00:00:00+05:30,113.38508814520372,114.52462900288573,112.94192263380178,113.92320251464844,2235832
2018-04-03 00:00:00+05:30,112.49879172961292,113.44841576164693,111.67578230316842,112.37217712402344,3552271
2018-04-04 00:00:00+05:30,113.00523866260625,113.00523866260625,110.59952296634562,111.04267883300781,3353172
2018-04-05 00:00:00+05:30,111.73906578116102,112.62537745307316,111.07432719719056,112.34049224853516,5375271
2018-04-06 00:00:00+05:30,113.5433756942955,113.5433756942955,111.67577417254043,112.02397155761719,3633964
2018-04-09 00:00:00+05:30,112.11894816876386,113.41675995411252,111.61248008517464,112.94194793701172,4046065
2018-04-10 00:00:00+05:30,113.57500632896055,114.33471312185513,112.81530919613913,114.08147430419922,5180326
2018-04-11 00:00:00+05:30,114.90447162116452,117.37348946139208,114.17643062368187,115.31597137451172,11607043
2018-04-12 00:00:00+05:30,115.9490403984654,116.4871643150361,114.58791707076921,115.06272888183594,4277125
2018-04-13 00:00:00+05:30,115.09438847852806,116.17062668473753,114.65123270656785,115.53754425048828,3050131
2018-04-16 00:00:00+05:30,115.34766645775979,115.44263465917533,113.82827183586537,114.90451049804688,2308502
2018-04-17 00:00:00+05:30,115.06275308764714,115.2843358434545,113.51170277721478,114.4613265991211,2721706
2018-04-18 00:00:00+05:30,114.61959368861534,115.82244662843898,114.5879376301836,115.28433227539062,3279393
2018-04-19 00:00:00+05:30,116.01238762559055,117.91163544483622,115.0627637159677,116.4555435180664,5004280
2018-04-20 00:00:00+05:30,117.12028439838032,117.12028439838032,114.65126605076844,115.44261932373047,1618027
2018-04-23 00:00:00+05:30,116.10735205208624,116.32893483962006,113.57502149775438,114.61961364746094,3930421
2018-04-24 00:00:00+05:30,115.28433491251229,115.8857613961817,114.90448152278793,115.63252258300781,4080212
2018-04-25 00:00:00+05:30,114.96779990218616,115.50591429684928,113.13185463196444,113.6066665649414,3629856
2018-04-26 00:00:00+05:30,113.60666129537618,115.09440914705863,112.24553768133971,114.4613265991211,6742459
2018-04-27 00:00:00+05:30,114.55628088504339,115.85410199238243,113.66996921470451,114.39801025390625,4687951
2018-04-30 00:00:00+05:30,113.00523366737023,115.18936650371658,112.87861909107404,114.30305480957031,3335191
2018-05-02 00:00:00+05:30,114.90448665595402,114.90448665595402,113.48005087096286,113.98651885986328,4157973
2018-05-03 00:00:00+05:30,113.9232096048427,115.44261360976968,113.76493895808407,114.65126037597656,2796713
2018-05-04 00:00:00+05:30,115.09440853823644,117.2152292665647,113.66997281291191,114.11312866210938,5325720
2018-05-07 00:00:00+05:30,114.74620905371442,116.80372728502242,114.46132384600944,116.42387390136719,4799480
2018-05-08 00:00:00+05:30,117.02529849781867,117.84829798114298,113.60664736218958,115.91740417480469,5730645
2018-05-09 00:00:00+05:30,116.74041786435215,117.59508316728221,115.34763819223207,115.75914764404297,3075560
2018-05-10 00:00:00+05:30,116.77210210585363,119.87421313250638,116.17067547275093,119.17781829833984,10328901
2018-05-11 00:00:00+05:30,119.36772633387024,119.65261157226561,117.94329048181946,118.70298767089844,4926216
2018-05-14 00:00:00+05:30,118.70297889047374,119.33606144455628,117.02531398618432,118.54470825195312,3255344
2018-05-15 00:00:00+05:30,119.65259552001952,121.55184306795634,116.6137975113061,119.65259552001953,5877427
2018-05-16 00:00:00+05:30,119.62098242707016,119.62098242707016,111.29594821583214,117.8800048828125,8348946
2018-05-17 00:00:00+05:30,117.72168627373489,119.90581891719687,117.08860378808957,119.39936065673828,4519306
2018-05-18 00:00:00+05:30,119.65259819531529,121.39357515318363,116.86703892675506,117.15192413330078,4488003
2018-05-21 00:00:00+05:30,118.03821037002824,119.4309897041149,117.24685737792551,117.59505462646484,3380355
2018-05-22 00:00:00+05:30,117.87996976177772,119.33606156970922,116.48719007335012,117.24688720703125,3796268
2018-05-23 00:00:00+05:30,116.42388067408432,117.34185812797371,110.3462938025596,111.04267883300781,5590802
2018-05-24 00:00:00+05:30,111.16930399877441,111.48584528617403,98.22275761607136,106.1679458618164,34819270
2018-05-25 00:00:00+05:30,105.09172658789034,111.54916809681794,103.09751997751165,111.07435607910156,12361678
2018-05-28 00:00:00+05:30,110.78945048549191,113.19516619947728,109.96644120701356,111.16930389404297,8087040
2018-05-29 00:00:00+05:30,111.54913403635366,112.30883110071856,109.68154260226888,111.13763427734375,11015160
2018-05-30 00:00:00+05:30,111.04266077128973,113.00522028166674,109.3333400435814,110.1563491821289,12554659
2018-05-31 00:00:00+05:30,112.49878975454357,114.17646464439488,110.82112452476727,112.62540435791016,23822373
2018-06-01 00:00:00+05:30,111.42255102818426,111.42255102818426,108.00390844021317,109.64991760253906,9847581
2018-06-04 00:00:00+05:30,111.04268196812744,111.04268196812744,107.87726903106481,108.3204345703125,5294603
2018-06-05 00:00:00+05:30,107.94057218499178,109.08012267966316,107.11756295772507,108.38372802734375,5918946
2018-06-06 00:00:00+05:30,108.41538368820245,109.04846622068831,107.49741594811253,107.81395721435547,3331408
2018-06-07 00:00:00+05:30,107.68734402677192,109.99809143607614,107.68734402677192,109.30169677734375,5086661
2018-06-08 00:00:00+05:30,110.15637263527198,110.72614311245935,108.95351955673246,109.96644592285156,4323567
2018-06-11 00:00:00+05:30,110.18803831079885,110.34630897494533,109.20675826107568,109.71322631835938,3192749
2018-06-12 00:00:00+05:30,109.4283305806211,111.16930771958914,108.13050932683016,108.5103530883789,4564556
2018-06-13 00:00:00+05:30,108.1304913621615,108.89018841911765,106.73771181439652,107.6240234375,5321172
2018-06-14 00:00:00+05:30,107.3074904988003,108.1304997325756,105.72478414926047,106.67440795898438,4188442
2018-06-15 00:00:00+05:30,105.3449262106897,106.54778878042292,104.17372935866693,104.74349975585938,7589493
2018-06-18 00:00:00+05:30,104.39531560920672,105.97802209000169,103.35073319591153,104.20539855957031,4390244
2018-06-19 00:00:00+05:30,104.71184444657398,105.5981657664074,103.50899152831677,104.33200073242188,4413184
2018-06-20 00:00:00+05:30,104.45860761651247,104.45860761651247,102.65431871183486,103.03417205810547,5768211
2018-06-21 00:00:00+05:30,103.63561707942402,103.63561707942402,100.18531892828456,101.10328674316406,12638114
2018-06-22 00:00:00+05:30,101.70470100249655,101.70470100249655,100.43853598704028,101.00831604003906,5371207
2018-06-25 00:00:00+05:30,101.51477610625936,101.73634917073883,98.82417565705774,99.17236328125,5899032
2018-06-26 00:00:00+05:30,99.01409460133038,100.59680077884572,98.79252153252136,100.21695709228516,5960446
2018-06-27 00:00:00+05:30,100.24863629567028,100.56517760426402,97.77960829259456,98.91915893554688,7034207
2018-06-28 00:00:00+05:30,98.95081005140028,100.40690193014942,96.10193841648515,97.17817687988281,17670403
2018-06-29 00:00:00+05:30,98.22274764879715,100.88170192119203,97.58966513824075,100.28026580810547,7079407
2018-07-02 00:00:00+05:30,99.93207604045622,100.02703455100105,97.178163313789,98.44432830810547,9196529
2018-07-03 00:00:00+05:30,98.15944759674285,102.30614007441345,97.93786484859474,99.83711242675781,12087830
2018-07-04 00:00:00+05:30,99.90044549327546,100.02706009302383,98.15946818152979,98.76089477539062,5194030
2018-07-05 00:00:00+05:30,98.7609156444546,99.77385197663357,97.62136468577245,99.01414489746094,6807718
2018-07-06 00:00:00+05:30,99.33068015770542,99.61557512483445,98.28609747848628,98.41271209716797,3633191
2018-07-09 00:00:00+05:30,98.76088216356065,100.28027648666296,98.25441416916871,99.6471939086914,4379183
2018-07-10 00:00:00+05:30,100.34357388572438,101.16658304834726,99.61553289190726,99.99537658691406,5276248
2018-07-11 00:00:00+05:30,100.0270351758988,100.50184705173376,99.07741142422888,100.09034729003906,6653936
2018-07-12 00:00:00+05:30,101.03996551498076,101.41980919882847,97.96951168850143,100.62845611572266,8165181
2018-07-13 00:00:00+05:30,100.69179387967196,100.69179387967196,97.24149549031158,97.55803680419922,3523600
2018-07-16 00:00:00+05:30,98.57094834526778,98.85583355278294,96.89328349873303,97.36809539794922,3680440
2018-07-17 00:00:00+05:30,97.01989196747606,99.29899280431351,96.51342404150415,98.85582733154297,3952416
2018-07-18 00:00:00+05:30,99.33063754482095,104.33199494781073,99.29899114878398,101.48312377929688,16571981
2018-07-19 00:00:00+05:30,103.0025419840536,104.58524855928513,101.79968885090736,102.40111541748047,8472466
2018-07-20 00:00:00+05:30,102.40109196224554,102.5593625835164,99.14072102809469,99.99537658691406,5475594
2018-07-23 00:00:00+05:30,100.05870900333032,100.50186490079935,98.00119050929821,99.10908508300781,4553137
2018-07-24 00:00:00+05:30,99.52056884765625,100.15365135897731,98.66591325341632,99.52056884765625,3943002
2018-07-25 00:00:00+05:30,99.86877842195247,101.76802618908944,99.55223712742965,100.69178771972656,4063454
2018-07-26 00:00:00+05:30,100.78673949004443,103.82553764583972,100.15365694342346,102.9075698852539,8778489
2018-07-27 00:00:00+05:30,102.8759541354676,103.0658809058869,101.38820570393933,102.11625671386719,3542015
2018-07-30 00:00:00+05:30,102.21118785783788,105.37660098233007,102.02126113835351,103.88886260986328,9599714
2018-07-31 00:00:00+05:30,104.96509892938526,105.5665254783566,103.19246568499025,104.90178680419922,6815180
2018-08-01 00:00:00+05:30,104.61690076101387,106.83268988454518,104.55358863631197,105.85140991210938,4618179
2018-08-02 00:00:00+05:30,107.2441802079585,108.13050157484523,104.61689148698922,105.34493255615234,7825776
2018-08-03 00:00:00+05:30,107.87727430835533,108.25712774341451,105.21832924316348,105.59818267822266,12172870
2018-08-06 00:00:00+05:30,105.78809968706088,107.43410854774872,105.5981729869618,107.14922332763672,5159560
2018-08-07 00:00:00+05:30,107.62404083872977,107.62404083872977,105.43990782431148,106.07299041748047,4300164
2018-08-08 00:00:00+05:30,106.10464807329699,109.45997813944501,106.10464807329699,109.20674896240234,7991348
2018-08-09 00:00:00+05:30,109.23839221779387,109.45996530671124,106.57944753027627,106.9276351928711,4437178
2018-08-10 00:00:00+05:30,107.24418184764964,108.19380568807182,106.45282864729782,107.14922332763672,4341382
2018-08-13 00:00:00+05:30,106.92765467781808,106.92765467781808,104.77517755284681,105.12337493896484,3731211
2018-08-14 00:00:00+05:30,105.31328923275511,105.72478903863663,104.36366537911466,105.2499771118164,3791016
2018-08-16 00:00:00+05:30,105.02839566108774,105.47156119305,103.73058410628646,104.11042785644531,4184404
2018-08-17 00:00:00+05:30,104.142088942689,104.45863024646617,102.87592372758031,103.22412109375,4754545
2018-08-20 00:00:00+05:30,103.82553188910596,107.5607148430387,103.82553188910596,106.80101776123047,9674107
2018-08-21 00:00:00+05:30,107.49740411864727,108.41537175772018,105.59815673019085,107.7506332397461,5181397
2018-08-23 00:00:00+05:30,108.25713377262788,109.20675775308953,106.92765633595171,108.826904296875,6635245
2018-08-24 00:00:00+05:30,108.25712762267804,111.73908201989867,108.13051303115758,110.63118743896484,9867693
2018-08-27 00:00:00+05:30,111.07434729646072,111.99231519278032,110.78946204037179,111.4542007446289,3612496
2018-08-28 00:00:00+05:30,111.54915841513042,113.0052504084304,109.68156657288833,110.5362319946289,5439278
2018-08-29 00:00:00+05:30,110.78943047819838,113.1318336477231,110.21966012833919,112.05559539794922,6288920
2018-08-30 00:00:00+05:30,111.99229492740085,115.15770755576236,111.51748303314663,112.34049224853516,11296260
2018-08-31 00:00:00+05:30,113.16350958540926,114.74621601317722,112.53042701430208,113.98651885986328,8916222
2018-09-03 00:00:00+05:30,114.42966186764994,114.42966186764994,111.83401975378773,112.24552917480469,3168480
2018-09-04 00:00:00+05:30,112.5304295009838,112.78365867099313,109.90314063686088,110.3779525756836,2874936
2018-09-05 00:00:00+05:30,110.25133116144525,110.78945523662411,108.09885418087752,109.96644592285156,3735722
2018-09-06 00:00:00+05:30,110.15636673629456,111.51749039228265,108.003889870994,110.47290802001953,6809374
2018-09-07 00:00:00+05:30,110.78946438719228,110.78946438719228,108.32044590202186,108.826904296875,5309239
2018-09-10 00:00:00+05:30,107.94058535847434,108.44705338014768,106.42119095352837,106.76937866210938,5569685
2018-09-11 00:00:00+05:30,106.80105569391914,107.62406518321777,105.97804620462053,106.23128509521484,8750333
2018-09-12 00:00:00+05:30,105.21831618539315,108.1304997325756,105.21831618539315,106.67440795898438,5610743
2018-09-14 00:00:00+05:30,107.30748449117223,109.71319993980296,106.61108987233331,109.23838806152344,4720460
2018-09-17 00:00:00+05:30,108.32044307899393,109.87149360797649,108.03554816422059,108.70028686523438,4012086
2018-09-18 00:00:00+05:30,109.11179302511209,110.53622891494346,108.73193959046075,110.09306335449219,6426239
2018-09-19 00:00:00+05:30,110.53967828265691,114.01697068842981,110.53967828265691,112.93231201171875,10038603
2018-09-21 00:00:00+05:30,113.12374142224516,115.83539338371858,112.74091607459947,115.10164642333984,9298030
2018-09-24 00:00:00+05:30,115.48447371796183,118.29182719584992,114.39981486221659,115.22926330566406,13799885
2018-09-25 00:00:00+05:30,116.09058743132972,117.81328178165387,114.46359453660351,116.31390380859375,8363857
2018-09-26 00:00:00+05:30,117.90901157740328,117.90901157740328,114.17649844971616,115.22926330566406,6680285
2018-09-27 00:00:00+05:30,115.54826272150902,115.9629820091242,111.68814500461143,112.16667175292969,7853039
2018-09-28 00:00:00+05:30,112.93232369575455,115.48446660413319,109.96546145902542,113.05992889404297,8598293
2018-10-01 00:00:00+05:30,114.39982486419528,115.548291291252,111.43295244966093,114.20841217041016,4582462
2018-10-03 00:00:00+05:30,113.50653976332627,117.07954334551543,113.50653976332627,115.77156829833984,8893914
2018-10-04 00:00:00+05:30,115.16543776175153,116.47341282473555,104.22312997948012,109.99734497070312,7866152
2018-10-05 00:00:00+05:30,102.11760634271981,102.11760634271981,92.89799327256628,93.8231430053711,35255036
2018-10-08 00:00:00+05:30,95.0673130566644,96.24768291840708,92.32375777971089,95.57774353027344,11709162
2018-10-09 00:00:00+05:30,96.02436565470666,96.91761167351312,92.80228366401312,93.56792449951172,6818577
2018-10-10 00:00:00+05:30,93.21703661953663,96.63052239402532,93.21703661953663,94.81212615966797,10873198
2018-10-11 00:00:00+05:30,93.21703095733795,101.83051395084605,93.21703095733795,97.58757019042969,15633772
2018-10-12 00:00:00+05:30,98.70413184220847,101.0329682481194,98.28941248525406,100.42682647705078,6089606
2018-10-15 00:00:00+05:30,101.41576329093641,102.65993084499665,99.948279368043,102.18140411376953,4679911
2018-10-16 00:00:00+05:30,103.32985579783852,106.67954244903386,102.78753141951113,105.65869140625,8912396
2018-10-17 00:00:00+05:30,106.296735473062,106.74335844853186,102.43661812346036,103.42557525634766,5347724
2018-10-19 00:00:00+05:30,103.68078529461636,104.47832979688265,100.17158948464473,102.37281036376953,7258192
2018-10-22 00:00:00+05:30,102.72372961405684,103.23416003131888,99.05502498498338,99.50164794921875,5476435
2018-10-23 00:00:00+05:30,99.11885520835315,100.42682067502179,96.27958840246563,99.15074920654297,8239765
2018-10-24 00:00:00+05:30,100.77772113975143,101.89428344049244,98.00227211929987,100.65011596679688,8342857
2018-10-25 00:00:00+05:30,100.17160572744297,103.87221476514138,97.65136663875559,99.11885070800781,32100452
2018-10-26 00:00:00+05:30,99.53354526095494,100.04397564532057,95.48201564613692,96.85379791259766,9427229
2018-10-29 00:00:00+05:30,97.30043677669741,99.37405264243031,96.08817293406798,98.83171844482422,5954637
2018-10-30 00:00:00+05:30,98.895545481019,98.895545481019,97.04524562111934,97.58757019042969,4156028
2018-10-31 00:00:00+05:30,98.25749557520008,98.89553126075333,96.59859889850087,97.77896881103516,7562821
2018-11-01 00:00:00+05:30,99.21455976835526,99.40597244172704,97.84278679122119,98.4170150756836,5220182
2018-11-02 00:00:00+05:30,99.21454288122,101.09674608842799,98.95933251726518,100.39491271972656,7789972
2018-11-05 00:00:00+05:30,105.27589309216536,105.27589309216536,98.38510541536587,98.86363220214844,15261029
2018-11-06 00:00:00+05:30,99.50167562248899,100.93725609399681,98.1299026217539,99.56548309326172,7749980
2018-11-07 00:00:00+05:30,100.52252956408084,100.71394222707985,99.91639757762769,100.1716079711914,491522
2018-11-09 00:00:00+05:30,100.80967206285372,100.80967206285372,98.99126585606548,99.78881072998047,6478458
2018-11-12 00:00:00+05:30,100.13971138760358,101.0648612998891,99.11886000481213,99.56548309326172,4686739
2018-11-13 00:00:00+05:30,99.5654783348126,100.80964607019395,99.342161933434,99.85259246826172,5499454
2018-11-14 00:00:00+05:30,100.61823497845658,104.57405464793122,100.33112084051096,102.7237548828125,15008061
2018-11-15 00:00:00+05:30,102.97894997626538,103.3617752603792,100.87344012059359,101.35196685791016,3468318
2018-11-16 00:00:00+05:30,100.8096443936176,100.8096443936176,97.49186057589488,99.75688934326172,7515249
2018-11-19 00:00:00+05:30,99.53356346081375,99.85258129241892,97.68326393176439,98.60841369628906,4614296
2018-11-20 00:00:00+05:30,98.60841546717438,99.40596006051022,97.39614184391283,97.68326568603516,5480470
2018-11-21 00:00:00+05:30,98.89553843063027,99.21455629653553,96.53480817006188,96.8219223022461,4573137
2018-11-22 00:00:00+05:30,97.30044673424831,98.44891297070107,96.75811248114071,97.14093780517578,4477092
2018-11-26 00:00:00+05:30,97.61946600901913,98.00229133860964,92.57898767144191,93.53604125976562,8093330
2018-11-27 00:00:00+05:30,94.04645673524516,94.33358058403323,92.03664820764067,93.2170181274414,9231112
2018-11-28 00:00:00+05:30,93.66365434764909,94.55690054440086,90.63298439599744,91.11151123046875,14201939
2018-11-29 00:00:00+05:30,91.81331914427459,91.81331914427459,87.82559663565164,89.70780944824219,28991042
2018-11-30 00:00:00+05:30,90.34585918634704,91.68572831750787,88.36794461831875,89.51641082763672,23675557
2018-12-03 00:00:00+05:30,89.93113995907224,91.2391152365166,89.45261313090869,90.92009735107422,8371191
2018-12-04 00:00:00+05:30,90.98389760747258,94.39738286962725,90.85628267489281,93.24891662597656,9753442
2018-12-05 00:00:00+05:30,93.12131033424119,94.49309295812625,90.8562816067142,91.68572998046875,9774733
2018-12-06 00:00:00+05:30,90.98389533747131,90.98389533747131,88.36794505529203,89.42070007324219,5771659
2018-12-07 00:00:00+05:30,89.45262269605537,90.25016749494254,88.08084953623113,88.94219207763672,10571838
2018-12-10 00:00:00+05:30,88.36793933234843,90.1225374057344,86.23051596687215,87.47469329833984,33096556
2018-12-11 00:00:00+05:30,86.7728531017327,88.65505642408841,85.97530849601823,88.11273193359375,14884397
2018-12-12 00:00:00+05:30,89.00596866876269,90.92007552185436,88.59124941151985,90.4096450805664,14020937
2018-12-13 00:00:00+05:30,91.23909121720945,92.00473199358036,90.28203781283312,91.43050384521484,11251819
2018-12-14 00:00:00+05:30,91.23910017516694,95.96056020605478,89.70781847208214,93.69554138183594,23355616
2018-12-17 00:00:00+05:30,94.42928958783463,95.64155360044437,93.2170255752249,94.58879852294922,12767531
2018-12-18 00:00:00+05:30,94.36546754027444,95.03540691138211,93.34461635465198,94.17406463623047,10474177
2018-12-19 00:00:00+05:30,94.11027171760546,94.93972012733187,93.98266651664434,94.58879852294922,7008346
2018-12-20 00:00:00+05:30,94.39739703784146,96.18389926991934,94.04647539188177,94.81212615966797,21204077
2018-12-21 00:00:00+05:30,95.06733179574061,95.25874447803051,94.17408559259233,94.7483139038086,17767999
2018-12-24 00:00:00+05:30,94.74830383954067,95.5139447517196,93.98266292736173,94.365478515625,8200455
2018-12-26 00:00:00+05:30,94.49309484808934,95.35443723618916,92.99370699878784,93.53604125976562,9247671
2018-12-27 00:00:00+05:30,94.01456090418628,96.5985976076241,93.15320884593913,95.5139389038086,44356763
2018-12-28 00:00:00+05:30,94.55688429874928,96.66240395580812,94.42927911194457,96.02436828613281,10732729
2018-12-31 00:00:00+05:30,95.80105708277398,96.2157861318581,95.13112738194586,95.64154815673828,5778308
2019-01-01 00:00:00+05:30,95.70536757960464,95.76917505225242,94.42929601187657,94.7483139038086,4496586
2019-01-02 00:00:00+05:30,94.42927491750862,94.65259128623622,92.99369472450596,93.8231430053711,17436694
2019-01-03 00:00:00+05:30,92.51517413772301,92.92989343787272,90.34585670737509,90.85627746582031,26599483
2019-01-04 00:00:00+05:30,90.6329806471383,93.28082512742854,90.6329806471383,92.96180725097656,7395898
2019-01-07 00:00:00+05:30,94.14216736426552,94.68449185567385,92.9937011829715,94.33358001708984,12700566
2019-01-08 00:00:00+05:30,95.13111853718262,95.13111853718262,93.34461678455146,94.07835388183594,6163846
2019-01-09 00:00:00+05:30,94.36546795043883,94.55688059096605,92.41946702275749,92.70658111572266,4951441
2019-01-10 00:00:00+05:30,93.08939589687783,93.79123899449851,91.2390964368251,91.39860534667969,7131028
2019-01-11 00:00:00+05:30,91.87713557126102,92.83418906679499,91.65381919470911,92.29185485839844,7665486
2019-01-14 00:00:00+05:30,92.51517183183867,92.64277701826948,90.9200826623242,91.52621459960938,6028078
2019-01-15 00:00:00+05:30,92.32375626701841,92.83418673226423,91.90903699031007,92.61087036132812,3680774
2019-01-16 00:00:00+05:30,92.64277900381275,93.95075409797779,92.64277900381275,93.37652587890625,3667241
2019-01-17 00:00:00+05:30,93.47224381545495,94.07837587258827,92.16426849070183,92.51519012451172,5142302
2019-01-18 00:00:00+05:30,92.57895913874982,94.2378456725198,92.57895913874982,93.6317138671875,4904282
2019-01-21 00:00:00+05:30,93.7912449980539,93.91885018697529,91.94094541956392,92.32376098632812,4087312
2019-01-22 00:00:00+05:30,92.83418570077637,93.15320352105395,91.90903596910164,92.10044860839844,4113351
2019-01-23 00:00:00+05:30,92.32374979503915,92.86608395177933,91.23909121720945,91.43050384521484,4946218
2019-01-24 00:00:00+05:30,91.49430368352151,91.84522522038516,89.99492582332357,90.4096450805664,3820645
2019-01-25 00:00:00+05:30,90.66488932117223,92.16426758078815,90.37776542820109,90.60108184814453,3871762
2019-01-28 00:00:00+05:30,90.9201038082449,91.2072179784033,89.10169783781842,90.37776947021484,2910523
2019-01-29 00:00:00+05:30,90.79246328332825,91.68570918436458,89.3887869807068,89.99491882324219,7282910
2019-01-30 00:00:00+05:30,90.25014551536135,90.28204924667783,88.36794219551152,89.13358306884766,8511453
2019-01-31 00:00:00+05:30,89.45259632487263,91.11149291176662,88.8464644035407,90.1225357055664,28107358
2019-02-01 00:00:00+05:30,89.96304962711201,91.43053394404674,89.19740859869289,90.47348022460938,5260578
2019-02-04 00:00:00+05:30,90.92009480794272,94.07836983835118,90.88819107316021,93.31272888183594,9532350
2019-02-05 00:00:00+05:30,93.15321767252813,94.55689434786034,90.79248739097132,91.20720672607422,5413425
2019-02-06 00:00:00+05:30,91.4943333474506,94.26979307854242,90.92010499960944,93.599853515625,5075180
2019-02-07 00:00:00+05:30,93.7274427995338,94.62069864345291,92.83419669126711,94.365478515625,6080631
2019-02-08 00:00:00+05:30,93.34462190852769,94.6206932682187,91.33480367562323,91.97283935546875,4510762
2019-02-11 00:00:00+05:30,91.39860315002359,91.65381350539677,87.4746879561678,88.17652130126953,6424512
2019-02-12 00:00:00+05:30,88.36793742575286,89.93112281936695,87.12376985678048,87.697998046875,6816203
2019-02-14 00:00:00+05:30,85.17776596884597,85.62438901181437,81.41335436444787,84.31641387939453,25346334
2019-02-15 00:00:00+05:30,88.04891832139758,89.89921778316645,85.11395048309049,86.13481140136719,37975666
2019-02-18 00:00:00+05:30,87.28328065229469,88.62314970330758,86.64524498924524,87.47469329833984,10614715
2019-02-19 00:00:00+05:30,87.53847123523191,89.54828896091047,87.53847123523191,88.78263854980469,9077045
2019-02-20 00:00:00+05:30,90.34585687749961,92.73849069591166,89.32499588738304,91.90904235839844,14236359
2019-02-21 00:00:00+05:30,92.51517078785507,94.81210306029692,92.00474031224003,93.75933837890625,13876243
2019-02-22 00:00:00+05:30,94.81212615966795,96.0243903159062,93.85507243558916,94.81212615966797,18273813
2019-02-25 00:00:00+05:30,95.06732002167935,95.29063641263546,92.96180024856541,94.269775390625,20216077
2019-02-26 00:00:00+05:30,94.11026000976562,95.19491868647668,93.15320651814089,94.11026000976562,12458860
2019-02-27 00:00:00+05:30,94.90780224671235,95.54583789206839,93.47222204466124,94.42927551269531,11868751
2019-02-28 00:00:00+05:30,95.52075087278921,99.72128672246124,94.66080755313192,98.3321304321289,48854712
2019-03-01 00:00:00+05:30,99.15901460239152,99.35746695863749,97.80294537107396,98.62982177734375,9764801
2019-03-05 00:00:00+05:30,98.39828725014964,102.96264073889282,97.8029403059503,102.53266906738281,11194669
2019-03-06 00:00:00+05:30,102.59883536507718,103.85568354888672,101.07738065740308,102.40038299560547,15648948
2019-03-07 00:00:00+05:30,102.4003657007565,102.86341442217963,100.21741019267019,100.58123779296875,30210637
2019-03-08 00:00:00+05:30,100.61435215946538,100.94510281075395,97.24069147883847,99.48979187011719,17986042
2019-03-11 00:00:00+05:30,100.25049641846643,102.06962449236444,99.95282293420613,101.20967102050781,15880368
2019-03-12 00:00:00+05:30,101.87118286610391,102.92958880349431,99.95283346000427,100.44895935058594,10818012
2019-03-13 00:00:00+05:30,100.05204323337155,100.05204323337155,96.38071004143887,99.0597915649414,21001041
2019-03-14 00:00:00+05:30,99.22516062640535,100.8789133035121,98.89441009098401,99.91973876953125,6328309
2019-03-15 00:00:00+05:30,100.48203192220087,104.15336573538774,100.01898308398535,103.1941909790039,15483879
2019-03-18 00:00:00+05:30,102.53266160454388,104.05411602128775,101.60656418237187,102.30113220214844,7575127
2019-03-19 00:00:00+05:30,103.16110413461318,107.95698755629847,102.40038183624233,103.85568237304688,18289779
2019-03-20 00:00:00+05:30,103.624156975343,103.88876350654414,99.62208286628315,100.44895935058594,28675956
2019-03-22 00:00:00+05:30,101.1765575576391,101.50730799757496,98.19980359821636,100.7796630859375,26751005
2019-03-25 00:00:00+05:30,100.5481653577674,106.20400167788293,99.68821192478222,104.9471435546875,22638399
2019-03-26 00:00:00+05:30,105.84583870759538,108.54191398924083,105.64612754641207,106.5448226928711,16694599
2019-03-27 00:00:00+05:30,106.61139410179233,107.44351553611081,104.84730072413006,106.57811737060547,10063152
2019-03-28 00:00:00+05:30,106.51155097228538,106.67797527067957,103.3162024115702,103.78218841552734,25492224
2019-04-01 00:00:00+05:30,106.84440122765085,107.14396293786398,103.71562640081768,104.6808853149414,20605152
2019-04-02 00:00:00+05:30,105.9789884663453,106.31183705459244,104.11503434061471,104.84730529785156,10435568
2019-04-03 00:00:00+05:30,105.54630881802233,105.91244436412342,102.91680651777124,103.4826431274414,8283863
2019-04-04 00:00:00+05:30,103.34947967529297,104.08175058310609,102.05137230028983,103.34947967529297,10752094
2019-04-05 00:00:00+05:30,103.84875406702034,104.61430171660099,102.48407289549061,104.21488952636719,6797106
2019-04-08 00:00:00+05:30,105.04698534686665,106.67794091432282,104.21486412288597,105.24669647216797,13120469
2019-04-09 00:00:00+05:30,105.57957641410977,105.7792774411726,104.54774375744293,104.8805923461914,8487177
2019-04-10 00:00:00+05:30,104.48115367541469,106.47824489631869,104.38130317746199,105.18013763427734,9363447
2019-04-11 00:00:00+05:30,105.1801294206952,106.11210118791298,103.78216161213808,105.57955169677734,5279154
2019-04-12 00:00:00+05:30,105.84584368416863,106.27854275563372,104.68087370651268,104.91387176513672,5631030
2019-04-15 00:00:00+05:30,105.37986692030665,105.37986692030665,103.91533513785912,104.14832305908203,3902646
2019-04-16 00:00:00+05:30,104.18158727261955,107.17722396735941,103.74888825758276,106.81108856201172,8394765
2019-04-18 00:00:00+05:30,107.07740453370265,107.97608970816607,105.87914747668437,106.91098022460938,9606055
2019-04-22 00:00:00+05:30,106.9775251342209,107.51008486167652,104.44787404710566,105.11357116699219,5543020
2019-04-23 00:00:00+05:30,105.18014558981393,109.84002545771708,104.91387080331226,109.00790405273438,10137024
2019-04-24 00:00:00+05:30,110.30601659060063,113.46807807795851,110.30601659060063,112.26982116699219,33596281
2019-04-25 00:00:00+05:30,112.07012078085124,113.16851703010929,110.87186386310357,112.40296936035156,134264338
2019-04-26 00:00:00+05:30,112.83567214605814,113.13523384587279,111.77055259368068,112.10340118408203,8708111
2019-04-30 00:00:00+05:30,111.8371136863675,113.9340555048942,110.60556997851423,112.63594818115234,9844317
2019-05-02 00:00:00+05:30,112.702518448974,114.49989854576236,112.10338497822362,112.43623352050781,22056708
2019-05-03 00:00:00+05:30,112.40297368335949,114.43334197021319,112.30311301102924,113.33494567871094,12720120
2019-05-06 00:00:00+05:30,113.16850582237389,114.30018884905132,111.93696213709661,113.26835632324219,18962836
2019-05-07 00:00:00+05:30,113.43478549669604,114.8327535156313,112.23653880358806,114.3001937866211,9042790
2019-05-08 00:00:00+05:30,114.10047623192878,114.10047623192878,111.67068593634673,112.43623352050781,8603091
2019-05-09 00:00:00+05:30,111.43769449708638,113.23508485811357,111.43769449708638,112.76908874511719,6869953
2019-05-10 00:00:00+05:30,112.10337915813065,112.7690762081379,110.30599915465721,110.7054214477539,6195094
2019-05-13 00:00:00+05:30,111.30456082043547,111.77054679125973,108.50863483775751,109.24090576171875,7792358
2019-05-14 00:00:00+05:30,107.84294787359494,110.10631432142893,107.07740014622755,109.2741928100586,7268915
2019-05-15 00:00:00+05:30,109.57376034287007,109.97317255787715,107.70980619963834,108.34221649169922,5412275
2019-05-16 00:00:00+05:30,108.7749053105484,111.10484522981244,107.84293340593555,110.4724349975586,5197438
2019-05-17 00:00:00+05:30,110.83858750210851,111.83713333546083,107.9095237873684,111.40443420410156,5532072
2019-05-20 00:00:00+05:30,113.16849925301293,117.56210387533991,112.56937596711876,117.16268157958984,7103649
2019-05-21 00:00:00+05:30,116.56357974005071,117.49555172463172,115.69817137852104,116.33058166503906,7135887
2019-05-22 00:00:00+05:30,116.39715479889432,118.49409683141332,115.931158651461,117.82839965820312,10347293
2019-05-23 00:00:00+05:30,118.826954592681,119.09322941943114,115.16561985733229,115.93116760253906,9247879
2019-05-24 00:00:00+05:30,115.83131276861462,117.09613338517865,112.3696893610992,116.09758758544922,9263195
2019-05-27 00:00:00+05:30,115.83132574585298,116.63016044358785,114.86606672951773,115.59832763671875,7461458
2019-05-28 00:00:00+05:30,115.26545375802003,117.42896942604554,114.23363133483967,116.69670867919922,16628505
2019-05-29 00:00:00+05:30,115.76473010532442,116.26400296689033,113.40151335343164,114.20034790039062,7205487
2019-05-30 00:00:00+05:30,114.4999209820735,114.4999209820735,111.53757040681653,112.8023910522461,21945960
2019-05-31 00:00:00+05:30,111.83708990617109,115.79798480880207,110.87183134031255,114.46659088134766,17113729
2019-06-03 00:00:00+05:30,115.16560861164781,115.29874601202228,111.50427423382085,114.59976196289062,17756361
2019-06-04 00:00:00+05:30,115.09901963829607,115.49844194442402,113.2017890785163,113.56792449951172,8578302
2019-06-06 00:00:00+05:30,113.50135964462694,114.56647910614439,112.40296345309432,112.76908874511719,14152285
2019-06-07 00:00:00+05:30,112.90223281192664,113.23508136366259,110.871854614791,111.50426483154297,5052519
2019-06-10 00:00:00+05:30,111.90368051391928,112.5028038083863,108.64175880590139,109.60701751708984,10866149
2019-06-11 00:00:00+05:30,109.74018688727737,113.40152146739877,109.74018688727737,112.66925048828125,11282418
2019-06-12 00:00:00+05:30,111.87039822462816,114.13376427195793,110.50571715591545,113.7343521118164,9478876
2019-06-13 00:00:00+05:30,112.36970055959524,113.30167266912757,111.17144344895785,112.46955108642578,6678516
2019-06-14 00:00:00+05:30,112.4695318408466,113.83421303450261,112.13668326472232,112.70252990722656,7153585
2019-06-17 00:00:00+05:30,112.83568035453112,113.13524207613801,108.47536147152611,109.44062042236328,4603627
2019-06-18 00:00:00+05:30,109.17433077602816,111.13813530417247,108.6750579218695,110.60557556152344,5808715
2019-06-19 00:00:00+05:30,111.03829870032567,112.56940434301261,109.57376684295562,111.40443420410156,4625698
2019-06-20 00:00:00+05:30,110.70542939208099,114.99917364120483,110.70542939208099,114.4999008178711,5793816
2019-06-21 00:00:00+05:30,114.3334706319406,115.465153608105,113.03536338993639,113.80091094970703,11402911
2019-06-24 00:00:00+05:30,113.934063440147,114.40005957248115,109.74017951099894,109.9731674194336,6585159
2019-06-25 00:00:00+05:30,110.17287664352173,112.13668117450331,110.17287664352173,110.63886260986328,6697367
2019-06-26 00:00:00+05:30,110.57230067336509,112.60266885459237,110.57230067336509,111.53755950927734,5978575
2019-06-27 00:00:00+05:30,111.53754639920183,114.36675895403641,111.33783524613786,113.56792449951172,36738164
2019-06-28 00:00:00+05:30,113.36822988533578,114.03392705417775,110.93842912442294,111.67070007324219,5325984
2019-07-01 00:00:00+05:30,111.97025579270569,113.434787454461,106.01226848104726,107.17723846435547,15160240
2019-07-02 00:00:00+05:30,108.50862708844609,110.67214265922799,107.51008144039291,110.27272033691406,10975678
2019-07-03 00:00:00+05:30,110.37257292275028,111.80381751717356,108.8414676761874,110.7054214477539,8253849
2019-07-04 00:00:00+05:30,110.7720028264646,112.43624571843512,110.57230180561413,111.23799896240234,8827834
2019-07-05 00:00:00+05:30,111.23798614162116,111.87039633613476,106.51153281008128,107.51007843017578,14509056
2019-07-08 00:00:00+05:30,107.47680113387145,107.51008802239076,100.55355494660604,101.45223999023438,10273814
2019-07-09 00:00:00+05:30,101.45223805391207,103.48261632205208,100.28726808209606,102.11793518066406,15033604
2019-07-10 00:00:00+05:30,101.88493915104495,102.78362410581049,99.62156300605473,100.95295715332031,5310646
2019-07-11 00:00:00+05:30,101.85165437757797,102.58392523684921,101.18595729014281,101.91822814941406,6576542
2019-07-12 00:00:00+05:30,101.85166407953571,102.08466214542499,98.52317832530251,99.65486145019531,13015538
2019-07-15 00:00:00+05:30,99.85456308172868,100.98624609844198,99.05572860862114,100.32054901123047,8465078
2019-07-16 00:00:00+05:30,100.52026507498205,102.78363121887563,100.3205539075251,101.35238647460938,12865346
2019-07-17 00:00:00+05:30,101.45222943079577,102.2843507685081,99.18886345531068,99.7879867553711,8046201
2019-07-18 00:00:00+05:30,99.82127843894791,100.38712503888567,95.22797249706285,95.4609603881836,15971004
2019-07-19 00:00:00+05:30,96.19323030380791,97.05863855954073,93.46386814905014,95.79380798339844,25660025
2019-07-22 00:00:00+05:30,95.86038784898824,98.12375405455202,93.6302983741307,97.62448120117188,12077069
2019-07-23 00:00:00+05:30,97.52463964566688,98.35676114435005,95.96024716504927,96.25981903076172,5519598
2019-07-24 00:00:00+05:30,96.79235524737159,97.09192707156046,95.12811248068547,95.59410858154297,9202665
2019-07-25 00:00:00+05:30,96.06009787073948,96.39294643567085,94.12957009949828,95.76053619384766,28004780
2019-07-26 00:00:00+05:30,96.12665264467796,96.12665264467796,94.12956143883785,94.46240997314453,10055490
2019-07-29 00:00:00+05:30,94.52899930832625,94.79527411652418,92.09920867088846,93.43060302734375,19155260
2019-07-30 00:00:00+05:30,94.12956410492896,94.39584903455516,91.93277184246863,92.36547088623047,11943745
2019-07-31 00:00:00+05:30,91.66650236740217,92.99789676680594,90.70124345938108,92.43206024169922,9857785
2019-08-01 00:00:00+05:30,92.19904578506306,93.03116713691381,89.93567977112156,91.13392639160156,9105690
2019-08-02 00:00:00+05:30,90.53481286603773,90.76781093283006,88.37129711740079,89.43641662597656,9912972
2019-08-05 00:00:00+05:30,88.40459751850146,88.47116114937835,86.60721696108156,87.40605163574219,9551686
2019-08-06 00:00:00+05:30,87.1064776901125,88.20487394405869,86.10793194734957,87.50588989257812,11765339
2019-08-07 00:00:00+05:30,87.50589972313215,87.77218471242337,85.47552111987167,86.87348937988281,13083927
2019-08-08 00:00:00+05:30,86.87347776531576,88.33800945854856,85.14266619725895,87.10647583007812,10164125
2019-08-09 00:00:00+05:30,87.63903595455294,88.13830887527634,86.30764149929055,87.17304992675781,8847432
2019-08-13 00:00:00+05:30,87.17303732155736,88.87056703810123,83.54498998712886,85.04280853271484,12944927
2019-08-14 00:00:00+05:30,85.87491413547892,86.4074737740667,83.7113988568719,84.44366455078125,14449993
2019-08-16 00:00:00+05:30,85.00951957798266,85.9415016338852,84.14411637555759,85.14266204833984,12017531
2019-08-19 00:00:00+05:30,85.20922819645347,85.54207674409587,83.91112089219443,84.07754516601562,5695238
2019-08-20 00:00:00+05:30,84.2772652438052,84.44368954526567,82.77944653066103,83.24543762207031,6214250
2019-08-21 00:00:00+05:30,83.21213853067174,83.57827397175303,79.65066001733216,80.68248748779297,9765538
2019-08-22 00:00:00+05:30,81.1848646550454,81.38581933958604,77.83565398263445,78.3380355834961,8867462
2019-08-23 00:00:00+05:30,77.93613659894876,82.69201505351107,77.53423231316003,81.8882064819336,10008179
2019-08-26 00:00:00+05:30,83.0604277639678,83.76376407552003,80.1131212405677,82.8929672241211,11056410
2019-08-27 00:00:00+05:30,83.12740088414523,84.6680397082311,82.4910529540386,84.13216400146484,18829260
2019-08-28 00:00:00+05:30,83.76374852331183,84.36660226643754,80.64898203837602,81.18485260009766,11763326
2019-08-29 00:00:00+05:30,80.38105003248606,83.22787888780327,80.04612899068404,82.55803680419922,30777971
2019-08-30 00:00:00+05:30,82.72549132483684,84.23263590362941,80.04612318476116,81.18485260009766,9910931
2019-09-03 00:00:00+05:30,80.71598574674123,80.71598574674123,78.03661692527264,78.47201538085938,8243808
2019-09-04 00:00:00+05:30,78.70645651296408,79.97915768293134,77.40026630013654,79.71121978759766,8873226
2019-09-05 00:00:00+05:30,80.01266059861236,87.01251058135061,80.01266059861236,83.83076477050781,32226347
2019-09-06 00:00:00+05:30,84.66805412578593,86.10821586127742,83.39535293836343,85.70630645751953,15759526
2019-09-09 00:00:00+05:30,85.27091921538175,87.04599706338855,84.40012225898954,86.67758178710938,9454697
2019-09-11 00:00:00+05:30,86.54359630224893,87.68232581524316,83.83073889406047,84.2326431274414,11398745
2019-09-12 00:00:00+05:30,84.56756596865888,85.97423848108379,83.89772386197643,84.33312225341797,8659474
2019-09-13 00:00:00+05:30,84.56756478382968,86.6105852247834,83.96470587416387,86.30915832519531,13251256
2019-09-16 00:00:00+05:30,87.71583090533257,89.25646995436956,86.0747196182851,87.54837036132812,18224041
2019-09-17 00:00:00+05:30,87.58186877288156,88.41917153361658,86.44313906247815,86.87853240966797,11879210
2019-09-18 00:00:00+05:30,86.87853348931833,87.04599404354639,84.36662517589751,85.06996154785156,12238136
2019-09-19 00:00:00+05:30,85.06995485583636,85.23741539689117,82.82598462780012,83.26138305664062,8680319
2019-09-20 00:00:00+05:30,83.32836267822474,90.39519414144956,81.45280265463042,89.49091339111328,30270009
2019-09-23 00:00:00+05:30,92.06981400063836,94.34728375310674,90.39520839778578,91.29949951171875,17685955
2019-09-24 00:00:00+05:30,91.26600101199489,93.64394289907243,88.955047434236,89.42393493652344,16012272
2019-09-25 00:00:00+05:30,88.4191659681519,89.52440145436167,87.54836910760282,88.05075073242188,5824582
2019-09-26 00:00:00+05:30,88.28520816699539,92.47172211439671,87.88329873965233,91.8018798828125,19764328
2019-09-27 00:00:00+05:30,91.03155306580976,91.16552968579433,87.3809150328139,88.0842514038086,11359611
2019-09-30 00:00:00+05:30,87.81631454106771,89.0220222972719,86.10821492513762,88.28520202636719,11625597
2019-10-01 00:00:00+05:30,88.08425306618946,89.32346527756638,84.9025024801484,85.87377166748047,10259184
2019-10-03 00:00:00+05:30,85.87375603218192,86.97900164079158,83.9982011997717,85.80677795410156,7082143
2019-10-04 00:00:00+05:30,87.0459784045315,88.92153831911162,85.2709009370238,86.77804565429688,20137433
2019-10-07 00:00:00+05:30,86.7780583837918,86.91202477856066,83.99821225316943,84.7685317993164,9194007
2019-10-09 00:00:00+05:30,84.70152579284938,85.17041829754496,83.02692065569943,84.29962158203125,15309757
2019-10-10 00:00:00+05:30,84.29962161467438,85.13692418357358,83.79724007333485,84.06517791748047,6169256
2019-10-11 00:00:00+05:30,84.60107315796006,87.0124989811082,84.46710164968039,86.4096450805664,11840486
2019-10-14 00:00:00+05:30,86.71107394130154,91.39996951409786,86.40964698438944,90.59616088867188,19460416
2019-10-15 00:00:00+05:30,91.76838351253929,93.20854018729985,90.66314794548872,92.87361907958984,17145941
2019-10-16 00:00:00+05:30,93.77792013809069,95.92141341133633,92.63919029489603,94.8831558227539,15149481
2019-10-17 00:00:00+05:30,94.51473850020054,95.05060408336942,93.20853803352907,94.71568298339844,9372042
2019-10-18 00:00:00+05:30,93.84490073056574,96.79220246105659,93.7109241074678,96.12236022949219,17597233
2019-10-22 00:00:00+05:30,96.12235134395819,97.89742900512344,95.25155447922451,96.6247329711914,11582273
2019-10-23 00:00:00+05:30,96.62473130443404,97.09361877090078,94.61520483016506,95.05059814453125,7500868
2019-10-24 00:00:00+05:30,95.05061194591629,95.25156666671792,93.14156765075491,94.2468032836914,6919238
2019-10-25 00:00:00+05:30,94.84966483593216,94.84966483593216,92.50521700672037,93.47648620605469,6636201
2019-10-27 00:00:00+05:30,94.0123579324396,94.34727903626592,93.10806686371616,93.67743682861328,698557
2019-10-29 00:00:00+05:30,94.14632952508875,96.3568109765205,92.57219616184663,95.21807098388672,8236221
2019-10-30 00:00:00+05:30,96.45727772569681,96.45727772569681,93.64394250289351,94.14632415771484,7064774
2019-10-31 00:00:00+05:30,94.1798057801253,95.25154703521021,93.54344759191102,94.9166259765625,22281969
2019-11-01 00:00:00+05:30,94.14631371474076,96.95964862548104,93.84488679947926,96.5577392578125,8049866
2019-11-04 00:00:00+05:30,96.55775395026706,100.24188623755549,96.55775395026706,98.7347412109375,11733406
2019-11-05 00:00:00+05:30,99.27059670503183,99.63901190248055,97.1271040393928,98.0313949584961,7883507
2019-11-06 00:00:00+05:30,98.03141730812702,99.13665293147037,96.35681168428461,96.8926773071289,6207456
2019-11-07 00:00:00+05:30,97.0936231577371,97.16061146496479,94.04583915652961,95.15108489990234,7332352
2019-11-08 00:00:00+05:30,95.08410311114493,96.1223606184675,92.17029552463734,92.6391830444336,8252930
2019-11-11 00:00:00+05:30,92.70614354691288,93.61043448001318,91.53391985932775,93.17504119873047,7032172
2019-11-13 00:00:00+05:30,93.17506111839405,94.0458478671228,92.10330942936875,92.57219696044922,7969923
2019-11-14 00:00:00+05:30,92.5721979427407,93.27553435731537,90.8640981419113,91.23251342773438,8178628
2019-11-15 00:00:00+05:30,91.96934307953131,92.97410645573672,90.52917610771459,90.797119140625,8390855
2019-11-18 00:00:00+05:30,90.7301137214728,91.1655172349959,89.22296894131219,89.69185638427734,6851414
2019-11-19 00:00:00+05:30,90.42870899078771,90.49569730806265,88.95505799957871,89.25648498535156,5821375
2019-11-20 00:00:00+05:30,88.98853974163225,90.59615692209788,88.58663033602546,89.55789947509766,7657346
2019-11-21 00:00:00+05:30,89.55790753534518,90.09378338405635,87.48140267543921,87.84980773925781,7946555
2019-11-22 00:00:00+05:30,87.74931685999786,90.19423648564415,87.61535048150674,89.65837097167969,6323556
2019-11-25 00:00:00+05:30,89.65838411766084,90.1272716216192,87.41440862024304,87.71583557128906,11930938
2019-11-26 00:00:00+05:30,88.31869214825196,89.35693931081394,86.57709845837613,87.24694061279297,16115025
2019-11-27 00:00:00+05:30,87.34740845107797,89.1224962035246,86.7780487810695,88.85455322265625,5343104
2019-11-28 00:00:00+05:30,88.68710199933196,89.4574266515645,87.81631532782315,89.18948364257812,6663638
2019-11-29 00:00:00+05:30,89.12251358470515,89.39044639684766,87.41441379959716,88.25171661376953,9434148
2019-12-02 00:00:00+05:30,87.78281012461171,88.05074287889195,85.43836275123167,85.80677795410156,15010167
2019-12-03 00:00:00+05:30,85.80678022785374,86.00772468839895,84.40010767815922,85.5053482055664,7809967
2019-12-04 00:00:00+05:30,85.00297222094369,87.51487524280711,84.96947806831623,87.11297607421875,5821599
2019-12-05 00:00:00+05:30,86.61057906083596,87.34739918283742,86.04120923026245,86.34263610839844,4185400
2019-12-06 00:00:00+05:30,86.74456422985439,86.74456422985439,84.60107125061012,84.7685317993164,5097809
2019-12-09 00:00:00+05:30,85.0029708620088,85.60582982623384,84.13217401251816,84.60106658935547,3841176
2019-12-10 00:00:00+05:30,84.66805627110338,85.94075749077355,83.6632929572307,83.86424255371094,6125011
2019-12-11 00:00:00+05:30,84.46709832859278,86.07472059130669,83.73027294874191,85.73979949951172,6878932
2019-12-12 00:00:00+05:30,85.80677795441318,85.94074433155377,83.96470705054674,84.33312225341797,9804404
2019-12-13 00:00:00+05:30,84.70154460294728,85.37138680656248,84.40011765551661,84.73503875732422,6663052
2019-12-16 00:00:00+05:30,84.73502289395452,85.03644978495461,83.7302597766349,84.13216400146484,6241723
2019-12-17 00:00:00+05:30,83.83074366661289,84.4001084555244,83.26137887770138,83.93122100830078,8062616
2019-12-18 00:00:00+05:30,84.13216990293166,84.16566405338757,83.16090086558864,83.79724884033203,6687482
2019-12-19 00:00:00+05:30,83.79725343976259,84.96947722320188,83.19439447189578,84.19915771484375,6223102
2019-12-20 00:00:00+05:30,84.40012970275356,84.93600558633258,83.62981003654289,83.83076477050781,8515990
2019-12-23 00:00:00+05:30,83.66329490680032,84.60107504369894,83.09393003776955,83.49583435058594,10466423
2019-12-24 00:00:00+05:30,83.6632830168722,84.80201259310152,83.52931152464589,84.40010833740234,9979742
2019-12-26 00:00:00+05:30,84.40011513233185,86.77805692827224,83.39535185694695,85.73979949951172,23164167
2019-12-27 00:00:00+05:30,86.74456672999145,87.0124995272515,85.20392759329346,86.00773620605469,8435235
2019-12-30 00:00:00+05:30,86.0077333998476,86.57710335167448,85.136941616183,85.70630645751953,4023932
2019-12-31 00:00:00+05:30,85.2039213600018,86.5770998427089,85.2039213600018,86.27567291259766,5102473
2020-01-01 00:00:00+05:30,86.2421805438642,86.3426527823192,84.96947938170135,85.37138366699219,2574894
2020-01-02 00:00:00+05:30,85.5053546494416,86.17519171386202,85.13693940904466,85.7732925415039,4759843
2020-01-03 00:00:00+05:30,87.74932891618404,89.35694612091261,85.77329645425242,86.04122924804688,31381588
2020-01-06 00:00:00+05:30,86.87853481620367,86.94552312731042,83.79726159344567,84.56758117675781,14611204
2020-01-07 00:00:00+05:30,84.13216579147378,85.53883316355181,83.99819941717666,84.2326431274414,7193304
2020-01-08 00:00:00+05:30,83.73027404390304,84.03170098626495,82.5245560534747,82.6920166015625,6236192
2020-01-09 00:00:00+05:30,83.69678459907112,83.79726195567498,82.25662789288161,82.85948181152344,10135017
2020-01-10 00:00:00+05:30,83.36187645282685,83.86425820351201,82.8594947021417,83.16092681884766,6550218
2020-01-13 00:00:00+05:30,83.22788399938649,84.1991530360687,83.22788399938649,84.03169250488281,5737187
2020-01-14 00:00:00+05:30,84.0317115086219,84.16568303016211,82.92647584123829,83.76377868652344,12432511
2020-01-15 00:00:00+05:30,83.76377226262706,84.0651992196167,83.22789643854482,83.49583435058594,5714614
2020-01-16 00:00:00+05:30,83.73026866989443,83.86423505557025,83.09392067219925,83.39534759521484,7322878
2020-01-17 00:00:00+05:30,83.42884228376388,84.09868443743363,83.06042705504949,83.99820709228516,8561603
2020-01-20 00:00:00+05:30,84.40011039963439,84.90249200915602,80.38105752346131,82.32360076904297,16106541
2020-01-21 00:00:00+05:30,82.42408397475678,83.39535311137585,81.98868552677602,82.22312927246094,6497799
2020-01-22 00:00:00+05:30,81.72075839588967,81.72075839588967,77.70170470428855,77.96964263916016,23639592
2020-01-23 00:00:00+05:30,78.53898683650985,79.67771637118021,77.96962206917468,78.90740203857422,21105999
2020-01-24 00:00:00+05:30,79.0413665325565,80.24708433741844,78.57247911427106,79.27581024169922,11172364
2020-01-27 00:00:00+05:30,79.2758268957207,79.37630425231544,78.2375745055502,78.53900146484375,12078165
2020-01-28 00:00:00+05:30,78.73994501348962,78.84041724534774,77.43374978394495,78.10359191894531,11611352
2020-01-29 00:00:00+05:30,78.60597585133658,79.1418516194248,78.00311688985987,78.80693054199219,15562740
2020-01-30 00:00:00+05:30,78.73995702548808,78.73995702548808,77.03185727646583,77.43376159667969,21142714
2020-01-31 00:00:00+05:30,77.56773245646929,77.70169885858093,71.50565821684063,72.97930908203125,83360147
2020-02-03 00:00:00+05:30,69.89803264798077,70.29993694645813,68.02247755158963,69.29517364501953,18445537
2020-02-04 00:00:00+05:30,69.73056606938782,71.6061261141233,69.52961649276686,71.10374450683594,16896688
2020-02-05 00:00:00+05:30,71.27121613172784,71.94105837899879,70.40041916607929,71.53915405273438,11348275
2020-02-06 00:00:00+05:30,71.53914922514022,72.20899142720899,71.20422812410584,71.840576171875,10750236
2020-02-07 00:00:00+05:30,71.87407696352382,73.5151884659477,71.37169526557884,73.18026733398438,21415595
2020-02-10 00:00:00+05:30,73.11328288958434,73.11328288958434,70.83581820876466,71.13724517822266,32081049
2020-02-11 00:00:00+05:30,71.77359781718106,72.10851894081654,71.2042329290989,71.53915405273438,20946852
2020-02-12 00:00:00+05:30,71.67310739170371,72.20898313602453,71.33818632912565,71.47215270996094,13053367
2020-02-13 00:00:00+05:30,71.67311168861642,72.47692024279736,69.83104573400244,70.56787109375,17702073
2020-02-14 00:00:00+05:30,70.7018471168261,71.20422877295564,68.9937474417895,69.1947021484375,26644685
2020-02-17 00:00:00+05:30,67.98898687896765,68.92676703043085,66.18041488795986,66.95072937011719,36666416
2020-02-18 00:00:00+05:30,66.95072076216105,67.1516754510985,64.67326154348339,66.51532745361328,35575369
2020-02-19 00:00:00+05:30,67.18517272883564,68.45786878302383,66.18040945837741,68.1229476928711,21806183
2020-02-20 00:00:00+05:30,68.3239035602999,69.73057114091388,68.12294885857347,68.85977935791016,28378025
2020-02-24 00:00:00+05:30,68.65882776554845,68.65882776554845,65.10866194420677,65.67803192138672,20167769
2020-02-25 00:00:00+05:30,66.11342357808631,67.15168103985634,65.14215442519729,65.34310913085938,18255196
2020-02-26 00:00:00+05:30,65.24264516309779,65.97947071754055,63.96994369061038,64.1708984375,16192058
2020-02-27 00:00:00+05:30,64.10389808437155,64.43881919267128,61.65897808217598,62.52976989746094,29616674
2020-02-28 00:00:00+05:30,60.486752079667234,62.09436925467617,59.950876281004014,61.59198760986328,30416954
2020-03-02 00:00:00+05:30,62.965153275052515,63.634995331170096,59.11356145237643,59.682926177978516,24442896
2020-03-03 00:00:00+05:30,60.8886585109885,62.96516836034869,60.05135574023918,62.52976989746094,24098468
2020-03-04 00:00:00+05:30,63.09913286635002,63.56802547019608,60.754685178590876,62.16135787963867,22998427
2020-03-05 00:00:00+05:30,62.5297596624944,63.23309591899689,61.625473840198126,62.02737808227539,16357817
2020-03-06 00:00:00+05:30,59.95087473810056,61.29055908978995,58.711667734885914,59.28103256225586,17823038
2020-03-09 00:00:00+05:30,55.02753245356474,55.26197617889236,49.56831802712769,49.93673324584961,86655504
2020-03-11 00:00:00+05:30,51.41038838142123,51.84578682955088,47.59228992041736,48.02768325805664,63562895
2020-03-12 00:00:00+05:30,44.6114829744841,45.81720080237137,41.53021032714844,41.86513137817383,76137223
2020-03-13 00:00:00+05:30,39.78862681072447,44.87942639457861,33.492109249685534,44.142601013183594,73051747
2020-03-16 00:00:00+05:30,42.53498229511207,43.673712060391225,40.1905344520744,40.291011810302734,49829392
2020-03-17 00:00:00+05:30,40.92735809477405,42.20005931854248,39.95608893243237,40.19053268432617,46722476
2020-03-18 00:00:00+05:30,41.262281032189335,58.14230857523774,38.515928865609254,45.649749755859375,178094829
2020-03-19 00:00:00+05:30,41.63069159290984,42.86989857653992,38.917828779417114,40.893863677978516,61258526
2020-03-20 00:00:00+05:30,42.23354951220823,49.83625989173075,42.032597366524875,48.46308135986328,128780492
2020-03-23 00:00:00+05:30,43.641955475336225,47.131871586430236,43.17423351428724,43.46206283569336,36058875
2020-03-24 00:00:00+05:30,45.69273034667969,46.55621281869337,43.24618935612403,44.97315979003906,38808651
2020-03-25 00:00:00+05:30,44.037725035868675,45.332951677670415,43.17423969301944,44.289573669433594,28639475
2020-03-26 00:00:00+05:30,44.50544153239253,47.20383134425814,42.922388372053284,46.59219741821289,46474588
2020-03-27 00:00:00+05:30,47.4916603433642,47.4916603433642,45.18903383833349,46.37632369995117,33298637
2020-03-30 00:00:00+05:30,43.92978873278945,47.2398154525845,43.24619604919471,45.584800720214844,32929981
2020-03-31 00:00:00+05:30,46.7720898887851,50.118094340345046,45.72871194996955,49.14667510986328,45891607
2020-04-01 00:00:00+05:30,48.21123084006654,48.391123492454845,46.844045583937785,47.311767578125,21883386
2020-04-03 00:00:00+05:30,49.650367177590354,51.08950825520167,47.851440830576216,50.262001037597656,39757833
2020-04-07 00:00:00+05:30,51.23342974738737,53.53605919607749,50.51385907402582,52.456703186035156,30982061
2020-04-08 00:00:00+05:30,52.09690525453735,54.93920653121245,51.0895054573999,53.572021484375,30555738
2020-04-09 00:00:00+05:30,54.68737012510825,55.87466281132843,54.68737012510825,55.6228141784668,19209747
2020-04-13 00:00:00+05:30,56.70217835739755,56.70217835739755,52.27681706407874,54.003787994384766,22311833
2020-04-15 00:00:00+05:30,54.039758130229195,55.011177471107366,52.88844611548882,53.50008010864258,22311032
2020-04-16 00:00:00+05:30,53.24822410540922,55.04715059545683,52.81648284577539,54.29159927368164,24473640
2020-04-17 00:00:00+05:30,55.982592238305735,55.982592238305735,54.075729140171,54.903236389160156,14561017
2020-04-20 00:00:00+05:30,54.219641525717606,54.43551489336627,53.10431043256697,53.24822235107422,15698459
2020-04-21 00:00:00+05:30,50.15407413407578,50.90962554303743,48.355147436441946,49.902225494384766,27607022
2020-04-22 00:00:00+05:30,47.419695554437034,47.74350007328353,43.749884473055985,47.023929595947266,73840707
2020-04-23 00:00:00+05:30,48.571018053515424,49.68635473810701,47.88742814353237,48.46308135986328,38207377
2020-04-24 00:00:00+05:30,48.3191550996795,50.01014449915563,47.92338917027828,48.64295959472656,31588097
2020-04-27 00:00:00+05:30,48.93079977235536,50.01015564968672,48.67895116562228,49.25460433959961,16723889
2020-04-28 00:00:00+05:30,48.78688286714763,50.154062446849366,48.283180215253076,49.79427719116211,20422626
2020-04-29 00:00:00+05:30,49.938202114883936,51.053533281703274,49.43449938706294,50.72972869873047,18023637
2020-04-30 00:00:00+05:30,52.240826522301575,58.321201626032845,51.44929992906287,57.49369430541992,54290691
2020-05-04 00:00:00+05:30,54.68736386938158,56.01856833927712,53.284203439740736,55.0831298828125,28640967
2020-05-05 00:00:00+05:30,56.77412748121277,58.932839510993574,56.23444947376757,56.4503173828125,61865481
2020-05-06 00:00:00+05:30,58.53706371606355,58.53706371606355,55.73073744568577,57.02596664428711,38948167
2020-05-07 00:00:00+05:30,56.342383993067344,56.342383993067344,54.039754623134854,54.399539947509766,20794229
2020-05-08 00:00:00+05:30,54.97519966300904,55.550852898552726,53.78790697298552,54.68737030029297,18523649
2020-05-11 00:00:00+05:30,54.687376833059744,56.234455038814914,53.60802071135462,55.442928314208984,15701754
2020-05-12 00:00:00+05:30,55.37095286521305,55.65878218962942,53.60800717423037,54.903236389160156,14186736
2020-05-13 00:00:00+05:30,56.84608647167806,56.882067203375186,54.867267005891804,56.27042770385742,20493531
2020-05-14 00:00:00+05:30,55.40693726854456,55.65878588542396,54.11170796761036,54.79530334472656,13344652
2020-05-15 00:00:00+05:30,55.58682992201386,56.48629318936037,54.61541069125726,54.79530334472656,16835999
2020-05-18 00:00:00+05:30,55.37096111921632,55.37096111921632,52.09691784935438,52.456703186035156,13014456
2020-05-19 00:00:00+05:30,53.53605433265788,56.630204653095014,53.32018095430475,55.51487350463867,42315983
2020-05-20 00:00:00+05:30,55.55086323169719,56.48630746205647,54.903253907483304,56.126522064208984,12969847
2020-05-21 00:00:00+05:30,56.66618910702792,56.846081770859755,54.97519916498636,55.40694046020508,17999828
2020-05-22 00:00:00+05:30,55.37095654189546,55.37095654189546,54.25562538431866,54.79530334472656,12443419
2020-05-26 00:00:00+05:30,55.40694046020508,56.27042305064251,55.119111100096454,55.40694046020508,11837966
2020-05-27 00:00:00+05:30,55.55084862593468,56.27041923243584,54.61541013141599,56.09052658081055,11655865
2020-05-28 00:00:00+05:30,55.766724653936556,58.24924116838228,55.69476868784462,56.73814392089844,18645811
2020-05-29 00:00:00+05:30,56.16248314997784,60.26403305444472,55.69476119844344,59.86826705932617,40559441
2020-06-01 00:00:00+05:30,61.16350270195994,62.24285863199453,60.192083462906446,60.40795135498047,25047349
2020-06-02 00:00:00+05:30,60.76774032013376,61.091550412554,59.4365356909976,60.65980911254883,15367928
2020-06-03 00:00:00+05:30,61.91904155487706,62.92643582772619,61.3793636987563,62.098934173583984,23936651
2020-06-04 00:00:00+05:30,61.16349724789142,61.91904852749691,60.44392669203388,61.0915412902832,15120972
2020-06-05 00:00:00+05:30,61.23546104855409,63.897875740162405,61.16350508172973,62.56666564941406,18202925
2020-06-08 00:00:00+05:30,64.7613563897922,66.99202423412963,64.18569769259432,65.4449462890625,32511374
2020-06-09 00:00:00+05:30,66.16452077615152,66.48833087092692,64.29363813592936,64.76136016845703,16702413
2020-06-10 00:00:00+05:30,65.19310728074863,65.84072203811776,63.10635105806546,63.50211715698242,17382514
2020-06-11 00:00:00+05:30,63.53809310198948,64.4375564500364,62.24286368484649,62.53069305419922,14275999
2020-06-12 00:00:00+05:30,58.6809851188426,60.58784283294873,58.6809851188426,60.37197494506836,20601082
2020-06-15 00:00:00+05:30,60.443936060048145,61.81112142605075,59.72436539266662,60.515892028808594,17274210
2020-06-16 00:00:00+05:30,61.523286816761136,61.70317946827213,59.256638309744964,60.37197494506836,13467530
2020-06-17 00:00:00+05:30,60.1560997811063,60.98360705146362,59.86827044925751,60.58784103393555,15440371
2020-06-18 00:00:00+05:30,59.72436753823983,60.407957500854565,58.86088490231715,60.15610885620117,18460298
2020-06-19 00:00:00+05:30,61.52329336449982,62.098952106555856,60.6598107413044,61.70318603515625,21920473
2020-06-22 00:00:00+05:30,61.95503588053379,62.0269918522175,60.51589448730472,61.055572509765625,19227535
2020-06-23 00:00:00+05:30,61.52329270142648,62.24286337629696,60.731766057046656,61.631229400634766,23440997
2020-06-24 00:00:00+05:30,62.062974547659984,62.35080393339503,59.400565081860854,59.79632568359375,33080229
2020-06-25 00:00:00+05:30,59.184675213115824,60.443923621905526,57.56564154467193,58.71695327758789,121277435
2020-06-26 00:00:00+05:30,59.796320863009676,61.019594281295085,59.36457956415713,60.55187225341797,23684852
2020-06-29 00:00:00+05:30,60.40795280645063,60.5158895000252,58.71696290674331,59.29262161254883,14299071
2020-06-30 00:00:00+05:30,60.084153137660074,60.12013386842854,58.033377751298524,58.53707504272461,25762293
2020-07-01 00:00:00+05:30,56.8460861820991,58.24924687291689,56.34238888023857,57.889461517333984,35344784
2020-07-02 00:00:00+05:30,58.53706529770344,60.55186510776929,58.35717265358642,58.8968505859375,35154027
2020-07-03 00:00:00+05:30,59.328596850481496,59.976211522040636,58.71696290674331,59.29262161254883,16786174
2020-07-06 00:00:00+05:30,59.76033707627151,61.09154151144973,59.58044443665587,60.264034271240234,17510294
2020-07-07 00:00:00+05:30,60.26403257039385,60.30001329325656,58.86087221694865,58.96880340576172,20123433
2020-07-08 00:00:00+05:30,59.00479206663117,59.652406736071846,58.285221431672255,58.501094818115234,18626174
2020-07-09 00:00:00+05:30,58.71695257789731,59.18467450785172,57.493684905604844,57.70955276489258,17348038
2020-07-10 00:00:00+05:30,57.56565309848591,57.67358979602327,55.91063837594905,56.52227783203125,17773167
2020-07-13 00:00:00+05:30,56.98999587107124,57.24185000191471,56.41434261887284,56.77412796020508,9360631
2020-07-14 00:00:00+05:30,56.48629021941192,56.81009478267635,55.51487103973081,55.658782958984375,9303879
2020-07-15 00:00:00+05:30,56.126504666688014,56.27041658526287,54.57942683751329,54.86725616455078,14377090
2020-07-16 00:00:00+05:30,54.975195998195865,55.19106388842616,53.967796040790155,54.79530334472656,10604062
2020-07-17 00:00:00+05:30,54.903243207441236,58.03337446070816,54.903243207441236,57.817501068115234,24934060
2020-07-20 00:00:00+05:30,58.285225758811194,58.46511843090629,56.98999632377103,57.78152847290039,15570346
2020-07-21 00:00:00+05:30,57.99738968600956,59.65240427406367,57.81749703469447,59.32859420776367,20976092
2020-07-22 00:00:00+05:30,59.54447157759533,60.08414956772459,58.788920195459,59.4365348815918,17882873
2020-07-23 00:00:00+05:30,59.364566987790475,60.33598607688595,59.04076245472108,59.472503662109375,14673501
2020-07-24 00:00:00+05:30,59.076747695824494,59.292621081038504,57.74554312670672,58.285221099853516,10000280
2020-07-27 00:00:00+05:30,58.573049101408586,59.004790372006624,57.63760510687275,58.14130783081055,8510736
2020-07-28 00:00:00+05:30,58.28522089865863,58.465113555753256,57.06195302637047,57.49369430541992,10616766
2020-07-29 00:00:00+05:30,57.42172967513391,58.06933875103429,57.0619444152393,57.20585632324219,9905015
2020-07-30 00:00:00+05:30,57.56565158075759,57.853480936639045,55.76672496885892,55.91063690185547,9668266
2020-07-31 00:00:00+05:30,56.090522622571555,56.73813722069885,55.51486947192659,56.342376708984375,10963756
2020-08-03 00:00:00+05:30,56.378335942833004,56.486272593536725,54.363542252536604,54.61539077758789,11874183
2020-08-04 00:00:00+05:30,54.90324436286792,55.91063890979952,54.61541499664952,54.75932693481445,13360346
2020-08-05 00:00:00+05:30,55.04715563370576,55.76672629558427,54.903243697285454,55.3709602355957,9077292
2020-08-06 00:00:00+05:30,56.01857342228935,57.52967067360598,55.44292020220547,56.16249084472656,26386380
2020-08-07 00:00:00+05:30,56.234445340006275,57.13390861962925,56.19846461286608,56.59423065185547,11786462
2020-08-10 00:00:00+05:30,57.20586175865789,57.38575440569769,56.77412050373994,56.882057189941406,7067852
2020-08-11 00:00:00+05:30,57.24184951897633,57.56565412748802,56.2704247136641,56.4503173828125,10835360
2020-08-12 00:00:00+05:30,56.450312055001845,56.91803404862155,55.91063409849174,56.198463439941406,10481019
2020-08-13 00:00:00+05:30,56.52225994059109,57.16986894104544,56.414323277219786,56.55823516845703,7316635
2020-08-14 00:00:00+05:30,56.63020516525285,56.81009781887804,55.37095658987656,55.4788932800293,11635634
2020-08-17 00:00:00+05:30,55.766721409735034,57.421735983011395,55.6947654478291,57.06195068359375,13610411
2020-08-18 00:00:00+05:30,57.38576386698007,58.93284198456921,56.95402254088024,58.03337860107422,28329507
2020-08-19 00:00:00+05:30,58.17727879855425,58.788912677843896,56.91803031594534,57.24184036254883,12081197
2020-08-20 00:00:00+05:30,56.846079545375396,59.90425471079116,56.054552953480716,59.112728118896484,37457277
2020-08-21 00:00:00+05:30,59.68836550291269,60.0481507211096,58.03335679313895,58.32118606567383,17027574
2020-08-24 00:00:00+05:30,58.50110295560856,58.89686356595323,57.99740014713938,58.46512222290039,9797861
2020-08-25 00:00:00+05:30,58.5730564743031,59.36458315168109,57.709568334527184,57.92544174194336,22479622
2020-08-26 00:00:00+05:30,58.42911880877087,59.07673331689915,58.10531429965018,58.573036193847656,15967425
2020-08-27 00:00:00+05:30,58.860880451096165,58.96881165500791,57.565651105272224,57.673587799072266,16308382
2020-08-28 00:00:00+05:30,57.817501068115234,58.860881812463155,57.56565243668243,57.817501068115234,14666431
2020-08-31 00:00:00+05:30,58.28521359047047,61.523281012163274,58.21325763463258,58.96880340576172,93192019
2020-09-01 00:00:00+05:30,59.544476234123096,59.58045696556753,56.126515362677964,57.09793472290039,38005204
2020-09-02 00:00:00+05:30,58.393162460045986,58.82490377509648,57.205869726240614,57.78152847290039,31151170
2020-09-03 00:00:00+05:30,57.925432346817104,58.50109101329964,56.7021645429016,56.882057189941406,19975929
2020-09-04 00:00:00+05:30,56.52226446025531,56.91802493774713,55.6587765741249,56.054542541503906,12855650
2020-09-07 00:00:00+05:30,56.27042186866291,56.378358562672446,54.65138792818477,55.011173248291016,16573385
2020-09-08 00:00:00+05:30,55.083123925024786,55.155079876987344,53.2482169555999,53.572021484375,17905003
2020-09-09 00:00:00+05:30,53.212233928778566,53.212233928778566,51.017547294645354,52.31277084350586,28166106
2020-09-10 00:00:00+05:30,52.88844315603961,53.53605784368308,52.276809197110715,52.99637985229492,18646363
2020-09-11 00:00:00+05:30,52.85246092742501,53.03235358611589,52.24082698585367,52.744529724121094,11510019
2020-09-14 00:00:00+05:30,53.1402917873764,53.787906475019874,52.70855049224355,52.99637985229492,11989916
2020-09-15 00:00:00+05:30,53.0683283583756,53.50006959280519,52.70854308136966,53.10430908203125,8883202
2020-09-16 00:00:00+05:30,53.4281187825137,53.57203071122513,52.20485091880199,52.56463623046875,10284798
2020-09-17 00:00:00+05:30,52.56464070920082,53.46410406500584,52.42072327833883,52.6365966796875,16070680
2020-09-18 00:00:00+05:30,53.10431078082059,53.823881357851285,52.49267139843423,53.46409606933594,25690567
2020-09-21 00:00:00+05:30,53.248227787659,53.32018375425924,51.01755988372122,51.197452545166016,13686080
2020-09-22 00:00:00+05:30,51.08951447850509,51.305387862397716,49.47048056897499,50.01015853881836,18042069
2020-09-23 00:00:00+05:30,50.15406374118444,50.477873773591995,48.49905481624431,48.67894744873047,17014238
2020-09-24 00:00:00+05:30,47.527647406567446,48.46308603199518,47.13188132165149,47.959388732910156,32950752
2020-09-25 00:00:00+05:30,48.930811580424056,49.83027502859362,47.59960677511095,49.578426361083984,20235576
2020-09-28 00:00:00+05:30,49.974182053448544,53.03235747547831,49.83027011189673,51.70115280151367,28336496
2020-09-29 00:00:00+05:30,52.168880836803886,52.31279279488073,49.578427162195624,49.75831985473633,20797874
2020-09-30 00:00:00+05:30,49.938197912339,50.69374370565537,48.64296870967138,49.83026123046875,20069170
2020-10-01 00:00:00+05:30,48.571026985989825,49.938212547277026,47.9593929293293,49.75831985473633,20869186
2020-10-05 00:00:00+05:30,49.65036528484213,50.154062446849366,49.21862407599488,49.79427719116211,12608039
2020-10-06 00:00:00+05:30,50.36994753374728,50.513859473602544,49.65037685469375,49.902225494384766,10028285
2020-10-07 00:00:00+05:30,49.86624615087755,52.78050386729726,49.72232873297663,50.72972869873047,50074263
2020-10-08 00:00:00+05:30,51.01755556650691,51.08951152701809,49.11069241857725,49.25460433959961,21348017
2020-10-09 00:00:00+05:30,49.65037145273867,50.80168331598399,49.110693502165425,50.5858154296875,25747313
2020-10-12 00:00:00+05:30,50.58582733840142,50.801695275516686,49.5064711831572,49.75831985473633,10564850
2020-10-13 00:00:00+05:30,49.72233200073242,50.19005403234488,49.50646409452641,49.72233200073242,9070661
2020-10-14 00:00:00+05:30,49.29059495498885,49.50646836972541,47.95939020381731,48.211238861083984,24825690
2020-10-15 00:00:00+05:30,48.211235053953274,49.29059106262387,47.27579098381667,47.527645111083984,17333956
2020-10-16 00:00:00+05:30,47.95939100791352,48.60700577309227,47.491668928068364,48.39113235473633,18590744
2020-10-19 00:00:00+05:30,48.46307187723308,50.693739320059684,48.46307187723308,49.86623764038086,25987617
2020-10-20 00:00:00+05:30,50.01016667736367,50.19005936325347,48.39113250435549,48.49906921386719,18530340
2020-10-21 00:00:00+05:30,48.93080387033091,49.362545159444394,48.21123322517899,48.78689193725586,19589424
2020-10-22 00:00:00+05:30,48.49905578439277,49.72232351376276,48.42709982793941,49.54243087768555,26354156
2020-10-23 00:00:00+05:30,49.79428347599764,50.08211281485358,49.36254221265773,49.65037155151367,13177360
2020-10-26 00:00:00+05:30,50.01015478610287,50.01015478610287,48.678950325025895,49.074710845947266,14224945
2020-10-27 00:00:00+05:30,49.0027576386494,49.25460625517721,47.85144575603079,48.103294372558594,17088331
2020-10-28 00:00:00+05:30,48.39111814557529,48.499054823059645,47.56361093804521,47.74350357055664,15025477
2020-10-29 00:00:00+05:30,47.527643778974124,47.743511680724744,46.124477713097306,46.34035110473633,29901005
2020-10-30 00:00:00+05:30,46.772086420700795,47.41970102296496,46.196427776490935,46.700130462646484,25849220
2020-11-02 00:00:00+05:30,47.0599194622911,47.527641461443096,46.19643142772862,47.275787353515625,12847852
2020-11-03 00:00:00+05:30,47.49165760843923,48.03133553580786,47.27578424153668,47.7075309753418,10809489
2020-11-04 00:00:00+05:30,47.70753662812057,48.13927792319416,47.20383387562771,47.815467834472656,12479581
2020-11-05 00:00:00+05:30,48.13926249356743,49.0027448069507,47.635559902521635,48.64295959472656,17947631
2020-11-06 00:00:00+05:30,48.714924215168786,49.07470949146955,48.355138938868016,48.9307975769043,10496588
2020-11-09 00:00:00+05:30,49.39852175050986,49.39852175050986,48.78688785133299,49.25460433959961,8473527
2020-11-10 00:00:00+05:30,49.686358037494394,51.08951867848319,49.29059196445209,50.90962600708008,33795453
2020-11-11 00:00:00+05:30,51.41332128436885,52.31278460627795,50.76571208450505,52.060935974121094,23531793
2020-11-12 00:00:00+05:30,52.16888055940787,52.45670996392039,50.909631718318714,51.48529052734375,16446681
2020-11-13 00:00:00+05:30,51.23342730405235,52.16887133076623,50.40592546106117,51.917022705078125,16264536
2020-11-14 00:00:00+05:30,53.24822510252425,53.24822510252425,52.1688691882839,52.27680587768555,5387569
2020-11-17 00:00:00+05:30,52.31278003010302,52.74452677876215,51.08951221527005,51.30538558959961,18852045
2020-11-18 00:00:00+05:30,51.55724152093995,51.88104613852713,51.017563498368816,51.773109436035156,14032869
2020-11-19 00:00:00+05:30,51.44930069172118,53.3921392211875,51.413319963813606,51.917022705078125,27903903
2020-11-20 00:00:00+05:30,52.13287734458639,52.312769958597926,50.87362904650569,51.55722427368164,14790440
2020-11-23 00:00:00+05:30,51.80908562155331,55.98259749257818,51.66517369078207,55.04715347290039,44111534
2020-11-24 00:00:00+05:30,55.227048968683285,56.16249303642096,54.25562966134865,54.75932693481445,31379070
2020-11-25 00:00:00+05:30,55.550849227446115,58.86087844510332,55.51487399066434,58.14130783081055,87040163
2020-11-26 00:00:00+05:30,58.39314804402204,58.644996624801394,57.16987488184226,57.70955276489258,30469713
2020-11-27 00:00:00+05:30,58.141320197672464,58.3931688682664,56.12651985314241,56.486305236816406,44245938
2020-12-01 00:00:00+05:30,56.48629931998755,59.00479674189783,55.44292401258021,58.680992126464844,42923229
2020-12-02 00:00:00+05:30,58.64501177408467,61.199489943021774,58.24924569499118,61.055572509765625,52652362
2020-12-03 00:00:00+05:30,61.45134371663729,64.04179734263104,61.16351431599594,63.825923919677734,53618786
2020-12-04 00:00:00+05:30,64.58144828837057,65.48091135645373,62.78252215220426,64.65340423583984,44126894
2020-12-07 00:00:00+05:30,65.58885677800532,67.63963174901384,65.30102745981922,65.8766860961914,46638129
2020-12-08 00:00:00+05:30,66.92006689654895,67.24387147589958,64.79733578772117,65.30103302001953,34326971
2020-12-09 00:00:00+05:30,65.84071316938946,66.8121324296487,65.4089718859285,65.62483978271484,25763702
2020-12-10 00:00:00+05:30,65.48092455773445,66.34440708122192,63.825909982847506,65.94864654541016,25329334
2020-12-11 00:00:00+05:30,66.63224177843007,75.12317773185424,66.63224177843007,69.6544418334961,146821189
2020-12-14 00:00:00+05:30,70.69781806081387,73.79197412609751,70.12215933102995,73.03642272949219,75021883
2020-12-15 00:00:00+05:30,73.75597496677473,73.75597496677473,71.38139016213347,72.28085327148438,33553433
2020-12-16 00:00:00+05:30,73.32424501498134,74.54751283530591,72.42478176771682,74.04381561279297,34618175
2020-12-17 00:00:00+05:30,75.62687603374279,75.9866613673856,72.46076399970828,73.03642272949219,41881430
2020-12-18 00:00:00+05:30,73.03642989649917,73.61208868277203,70.62586902252356,71.23750305175781,36480527
2020-12-21 00:00:00+05:30,71.16551904471665,71.20149427350783,64.0057897288426,64.65340423583984,58724337
2020-12-22 00:00:00+05:30,64.0777638555317,66.41636829566224,62.31481259903898,65.15711975097656,58602960
2020-12-23 00:00:00+05:30,65.1211398667948,65.69679854776037,63.538086728971585,65.3370132446289,29216106
2020-12-24 00:00:00+05:30,66.56027033200849,68.71898180223579,66.30842175845939,67.02799224853516,46351620
2020-12-28 00:00:00+05:30,67.6396318239767,68.46713905597096,67.13593463400852,67.49571990966797,17759262
2020-12-29 00:00:00+05:30,67.78353796918242,68.10734798364881,66.2004850869706,67.02799224853516,17678810
2020-12-30 00:00:00+05:30,67.27985298218101,67.99942360231128,66.7401750170833,67.09996032714844,15960705
2020-12-31 00:00:00+05:30,67.13594735942785,68.75498140677847,66.59626934364431,66.9560546875,43701316
2021-01-01 00:00:00+05:30,67.45975381694855,67.96345111615958,66.92007578641297,67.0639877319336,15130377
2021-01-04 00:00:00+05:30,67.675609506009,70.01421369269347,67.42375543245615,69.76235961914062,39545073
2021-01-05 00:00:00+05:30,69.43856356535318,69.43856356535318,67.89148566255164,68.32322692871094,26998014
2021-01-06 00:00:00+05:30,71.16552542508374,71.45335473065316,69.25866245180968,69.76235961914062,50306161
2021-01-07 00:00:00+05:30,70.51792459586615,71.2734759839201,69.87030990466111,70.44596862792969,25285200
2021-01-08 00:00:00+05:30,71.20150848857014,72.89250378607562,70.9136846412303,72.4247817993164,36022114
2021-01-11 00:00:00+05:30,73.03641040085455,74.0438102629818,70.55389421372635,73.79196166992188,36301647
2021-01-12 00:00:00+05:30,73.3962000377893,75.19512650930373,72.49673680203207,74.4395751953125,28353142
2021-01-13 00:00:00+05:30,75.518928879841,77.64166534836724,74.90729499530852,75.73480224609375,42401579
2021-01-14 00:00:00+05:30,76.99405713395939,77.31786172034319,74.9792571812276,75.59089660644531,24455634
2021-01-15 00:00:00+05:30,75.73480808122912,76.34644201288611,72.42478431294876,72.96446228027344,28185982
2021-01-18 00:00:00+05:30,72.9644615869109,73.28826616827341,69.1147598878886,69.54650115966797,33623461
2021-01-19 00:00:00+05:30,70.3380180551452,71.23748120163043,70.15812542584816,70.5898666381836,26085121
2021-01-20 00:00:00+05:30,71.23747615765934,71.81313472660531,70.40996902350712,71.1295394897461,18486566
2021-01-21 00:00:00+05:30,71.273469928288,72.10097172408263,67.5676802505879,68.1433334350586,26939349
2021-01-22 00:00:00+05:30,68.07140120036581,68.68303532388458,66.56030351582241,66.74019622802734,27311961
2021-01-25 00:00:00+05:30,66.95603836254283,67.45973552517587,64.76134610416884,65.7327651977539,28522112
2021-01-27 00:00:00+05:30,65.7687521005583,66.02060070554465,63.969825650815935,64.54547882080078,34022621
2021-01-28 00:00:00+05:30,64.04179502607249,65.76876587756236,63.897883075902094,65.22908782958984,26810222
2021-01-29 00:00:00+05:30,65.30103170492856,66.88408482303224,63.14231991303009,63.5380859375,33858273
2021-02-01 00:00:00+05:30,64.04178137001757,65.6248344438831,63.646015356607286,65.37298583984375,24228098
2021-02-02 00:00:00+05:30,66.56028515940997,67.60366040649401,65.62484111797102,66.8121337890625,22141489
2021-02-03 00:00:00+05:30,68.07138411158873,68.57508687324591,66.92007214048286,67.17192077636719,25912911
2021-02-04 00:00:00+05:30,67.81952646032586,70.94965735282489,67.63963381719502,70.26606750488281,49670027
2021-02-05 00:00:00+05:30,71.2015059552305,71.92107652775385,69.65443361621553,70.26606750488281,30514219
2021-02-08 00:00:00+05:30,71.59726352418303,72.5327073541222,71.30943423113352,71.7052001953125,29096831
2021-02-09 00:00:00+05:30,71.81314561829906,74.36761786694474,71.81314561829906,72.67662811279297,39638657
2021-02-10 00:00:00+05:30,73.39619522094726,73.75598049163818,70.94965428227151,71.9570541381836,21467230
2021-02-11 00:00:00+05:30,71.95706058483587,72.20890919890519,71.16553401638029,71.56129455566406,11287104
2021-02-12 00:00:00+05:30,71.16553269688475,71.52531799313807,69.47454290247173,69.79834747314453,18187705
2021-02-15 00:00:00+05:30,69.79836048219944,71.41739461709582,68.79096036695279,70.84173583984375,26118576
2021-02-16 00:00:00+05:30,71.41738124985292,75.4469754667285,71.41738124985292,74.65544891357422,76236798
2021-02-17 00:00:00+05:30,74.65546087064487,75.75333529521318,73.77716356462146,74.83843994140625,21014091
2021-02-18 00:00:00+05:30,75.89970392095432,84.53631688384367,75.64353438054599,81.02311706542969,110000964
2021-02-19 00:00:00+05:30,81.02312236715963,82.12099668424352,76.00949743595874,76.92439270019531,48225988
2021-02-22 00:00:00+05:30,77.50993622461833,79.44951550985394,77.07078756745207,77.80270385742188,36592043
2021-02-23 00:00:00+05:30,80.32780212981149,83.73121354187639,80.1082250384225,82.1209945678711,90860972
2021-02-24 00:00:00+05:30,83.43845089977495,84.42653670150936,81.24270219188612,83.14568328857422,26071364
2021-02-25 00:00:00+05:30,84.9022741555084,88.19589685981691,84.42652753695953,87.1346206665039,62038881
2021-02-26 00:00:00+05:30,84.53630571107607,86.65886342150279,80.54736538085068,81.24268341064453,55154985
2021-03-01 00:00:00+05:30,83.65802211868096,86.10994021984378,83.07248693747312,85.67079162597656,41672980
2021-03-02 00:00:00+05:30,84.82907904499714,85.3780161325393,82.52354216050472,83.07247924804688,36303917
2021-03-03 00:00:00+05:30,83.47504408822167,84.75589742663055,82.85291085658972,83.43844604492188,19434630
2021-03-04 00:00:00+05:30,83.40185670190644,85.6342035582089,82.19419932411716,82.4869613647461,38272786
2021-03-05 00:00:00+05:30,85.08527491307667,86.54910759975326,83.07250496889635,84.13378143310547,57756103
2021-03-08 00:00:00+05:30,87.06143428683852,89.54995061315047,85.78058087018597,86.5490951538086,63866178
2021-03-09 00:00:00+05:30,87.3908045302884,87.50059308857823,83.5848365420689,85.45122528076172,26817643
2021-03-10 00:00:00+05:30,85.56101477123086,85.63420528286213,83.14568879885223,83.7312240600586,23841269
2021-03-12 00:00:00+05:30,85.45121017247273,85.92695678489505,83.43844076798193,84.20695495605469,20691698
2021-03-15 00:00:00+05:30,84.90228109892372,85.52440876602274,82.56015144017066,83.69461822509766,19679802
2021-03-16 00:00:00+05:30,83.29205791270091,85.12184823956977,83.03588279967774,84.24354553222656,20680669
2021-03-17 00:00:00+05:30,84.02397275200327,84.06056520753206,79.59587799540952,80.03502655029297,31017863
2021-03-18 00:00:00+05:30,80.51077690085123,82.12099020523742,78.68098651674097,80.65715789794922,26710696
2021-03-19 00:00:00+05:30,77.76609567495493,82.8895090370696,76.4486442910659,80.87673950195312,50386785
2021-03-22 00:00:00+05:30,80.87672791692258,81.425664984232,79.4494937755487,80.21800231933594,15825065
2021-03-23 00:00:00+05:30,80.21801235691582,80.73035703429296,78.02226381292682,78.42481994628906,15815643
2021-03-24 00:00:00+05:30,76.85119208558085,77.58310820068161,75.27757132129882,76.7048110961914,31083656
2021-03-25 00:00:00+05:30,77.58312943402458,78.82738493659932,74.14312498520388,74.65546417236328,37295495
2021-03-26 00:00:00+05:30,75.38735255021821,76.11926859439508,73.3745834287318,74.94820404052734,26637085
2021-03-30 00:00:00+05:30,76.1558825581375,77.80269400196393,75.09460072166956,75.75332641601562,31843017
2021-03-31 00:00:00+05:30,75.240990193528,76.26566844167304,74.58226447395073,74.76524353027344,19587582
2021-04-01 00:00:00+05:30,75.38737196636515,77.03418348990226,74.03332805271685,76.37545776367188,22299747
2021-04-05 00:00:00+05:30,74.7652329729789,76.48523474272235,72.7524636376441,75.71672058105469,24878516
2021-04-06 00:00:00+05:30,75.13119212662139,76.41204535864438,74.1431064644476,76.08267974853516,15156974
2021-04-07 00:00:00+05:30,76.04610216090899,77.10737852702691,75.7167364864021,76.59503936767578,10330347
2021-04-08 00:00:00+05:30,75.9729017843288,77.36353806028782,75.60694369400753,75.8265151977539,26105970
2021-04-09 00:00:00+05:30,75.38738036440868,76.77802247823772,75.38738036440868,75.97291564941406,17645822
2021-04-12 00:00:00+05:30,73.81375114457427,74.8384349898573,71.32523483005198,71.76438903808594,27005598
2021-04-13 00:00:00+05:30,71.76439711014729,75.02142248692387,71.76439711014729,74.69206237792969,25505623
2021-04-15 00:00:00+05:30,76.30226503732995,78.13205556580309,75.9729049758358,76.92439270019531,28659714
2021-04-16 00:00:00+05:30,76.55842993272898,78.93715747489934,76.26566234918488,78.53460693359375,21627285
2021-04-19 00:00:00+05:30,76.08268555645077,77.54651793336431,74.5822607205608,75.42396545410156,19166492
2021-04-20 00:00:00+05:30,75.60693823981143,76.85119342351373,74.80182603192262,75.27757263183594,23082015
2021-04-22 00:00:00+05:30,74.94821694476794,76.44864174322105,74.3992798171218,75.46055603027344,14844968
2021-04-23 00:00:00+05:30,74.65543650604134,75.86309909574844,74.36266897155534,74.94820404052734,12790334
2021-04-26 00:00:00+05:30,77.03417438004863,77.36353441217574,75.02140497819462,75.24098205566406,11797791
2021-04-27 00:00:00+05:30,75.24099801750354,76.1192953455517,75.24099801750354,75.53376007080078,8886250
2021-04-28 00:00:00+05:30,75.93630063294601,76.41204724770277,75.6069405987713,76.04608917236328,6887787
2021-04-29 00:00:00+05:30,76.77800375825029,77.5099198940123,75.78991809178696,76.15587615966797,14990087
2021-04-30 00:00:00+05:30,76.22908082349413,82.4869615968313,75.60695310929027,79.15674591064453,81358264
2021-05-03 00:00:00+05:30,79.1567276573474,81.02311036957688,77.58310691906055,78.82736206054688,33975507
2021-05-04 00:00:00+05:30,79.04693785748654,80.73034710104514,78.82736079647398,80.25460052490234,30811922
2021-05-05 00:00:00+05:30,82.26738073015281,83.43844551530655,80.8767388547489,81.31588745117188,47588366
2021-05-06 00:00:00+05:30,82.19419422642753,82.59674479936507,80.10822851981126,80.69376373291016,26083818
2021-05-07 00:00:00+05:30,81.13289584411851,82.23076995725698,80.25459878723832,81.5720443725586,28016564
2021-05-10 00:00:00+05:30,83.32864396703805,84.13375053219234,82.34055838325429,83.36524200439453,33477142
2021-05-11 00:00:00+05:30,82.37718359286903,86.87846446864779,81.05973199054266,86.43931579589844,48355326
2021-05-12 00:00:00+05:30,86.87844248610233,88.67164035687995,83.21886183236462,84.24354553222656,49718697
2021-05-14 00:00:00+05:30,84.90229173643674,84.90229173643674,81.64526639914439,82.6699447631836,23626454
2021-05-17 00:00:00+05:30,83.40184473093188,84.46312652015499,82.15758948461755,83.62142181396484,19960145
2021-05-18 00:00:00+05:30,84.17036477640583,86.00015531502335,83.65802565922395,84.97547149658203,29395737
2021-05-19 00:00:00+05:30,83.80441559336668,84.75590900840736,82.99930878745128,84.09718322753906,25295575
2021-05-20 00:00:00+05:30,83.03589679290454,83.95079211051731,81.38908522120154,81.82823944091797,21131045
2021-05-21 00:00:00+05:30,81.2792891142931,83.47503752169507,81.2792891142931,82.52354431152344,20562816
2021-05-24 00:00:00+05:30,82.88952220285348,83.40186138681155,81.13292194001708,82.7431411743164,24785960
2021-05-25 00:00:00+05:30,83.73122060631054,85.70739225923215,83.21887587786865,83.87760162353516,25820379
2021-05-26 00:00:00+05:30,84.46313032901033,84.46313032901033,82.70653033776445,82.96269989013672,12045621
2021-05-27 00:00:00+05:30,82.70652709887989,83.18227372555614,81.46227184518249,81.86482238769531,22821449
2021-05-28 00:00:00+05:30,82.85290919021784,84.57291667732106,81.86482346584782,82.23078155517578,19331994
2021-05-31 00:00:00+05:30,82.34055404776464,83.69459759751264,81.53544752500173,83.18225860595703,16430926
2021-06-01 00:00:00+05:30,83.69461379241,86.6954690037784,83.58482524895366,86.0733413696289,51620011
2021-06-02 00:00:00+05:30,86.36610739803112,87.39079114499269,84.90227506925093,86.1831283569336,27162991
2021-06-03 00:00:00+05:30,86.95163406458569,90.61121452885148,86.69545896482578,89.65972137451172,64241347
2021-06-04 00:00:00+05:30,91.19675814497776,92.7337810606644,90.28186288753602,91.81888580322266,72354379
2021-06-07 00:00:00+05:30,92.91676535258027,93.31932152218947,91.41634039619959,91.59931945800781,28709907
2021-06-08 00:00:00+05:30,92.03847314667156,92.14826170660449,89.76953377239627,91.34315490722656,15261479
2021-06-09 00:00:00+05:30,92.95336302841628,93.68527927273452,90.06229609699035,90.7942123413086,29718157
2021-06-10 00:00:00+05:30,90.57461968129012,91.34313383948937,89.62312649343168,90.72100067138672,12245640
2021-06-11 00:00:00+05:30,90.7210075468142,92.6605865250107,89.65973132799134,90.4282455444336,18360366
2021-06-14 00:00:00+05:30,91.05038727543148,92.07507119467525,88.7448498531525,91.34315490722656,19547491
2021-06-15 00:00:00+05:30,91.92867607640719,94.05123423032738,91.37973891163874,91.74569702148438,32779493
2021-06-16 00:00:00+05:30,92.95336464737203,93.86825996870442,92.29463889919711,92.7337875366211,31654780
2021-06-17 00:00:00+05:30,91.92866405564462,92.95334774603838,90.39164131209243,91.56270599365234,18124616
2021-06-18 00:00:00+05:30,91.16016612888707,91.16016612888707,87.02483842830443,88.01292419433594,87912730
2021-06-21 00:00:00+05:30,87.3907941815159,89.29377515823661,87.06142854564975,88.52526092529297,15669821
2021-06-22 00:00:00+05:30,89.80611674066333,90.90399105575251,88.927819522223,89.33037567138672,23629008
2021-06-23 00:00:00+05:30,90.39165653485946,91.05038227419627,89.11080310217926,90.28186798095703,21978870
2021-06-24 00:00:00+05:30,91.08696216098548,91.08696216098548,88.81802322458023,89.29376983642578,24358397
2021-06-25 00:00:00+05:30,89.98908746097571,91.45291974555654,88.08610660783603,88.48866271972656,34557609
2021-06-28 00:00:00+05:30,89.69632860061293,91.12356289424125,89.14739147474401,89.54994201660156,23728169
2021-06-29 00:00:00+05:30,89.14739279223613,89.62313384109164,87.17121575945615,87.39079284667969,20857415
2021-06-30 00:00:00+05:30,88.08610129896087,88.52524984105261,85.67078152541801,86.14652252197266,19094044
2021-07-01 00:00:00+05:30,86.18312124664757,87.64695345465857,85.85376123347578,86.98822784423828,16012542
2021-07-02 00:00:00+05:30,87.82995280402962,88.45208051957589,86.36612025729579,86.69548034667969,20014124
2021-07-05 00:00:00+05:30,87.2078151340605,88.89121902020378,87.02483608660509,88.52526092529297,12050022
2021-07-06 00:00:00+05:30,90.02568487473476,91.4895171491207,88.59845064083927,88.92781066894531,30193164
2021-07-07 00:00:00+05:30,87.75674438476562,88.12270244676708,86.21972164117486,87.75674438476562,18479814
2021-07-08 00:00:00+05:30,87.39079354266825,87.39079354266825,85.52440503863593,85.67079162597656,17151883
2021-07-09 00:00:00+05:30,85.70738018964104,86.84185245764428,85.34142211403704,86.29291534423828,11240925
2021-07-12 00:00:00+05:30,87.09803684839792,87.35420642819524,86.36612057236096,86.7686767578125,8420962
2021-07-13 00:00:00+05:30,87.09802738965276,88.41547877707679,86.80525979421658,88.12271118164062,8580799
2021-07-14 00:00:00+05:30,88.04950066410994,89.11077667423838,87.90311410762854,88.41545867919922,12709481
2021-07-15 00:00:00+05:30,87.24440854314646,87.39079513315127,85.04865994977119,85.56100463867188,28589465
2021-07-16 00:00:00+05:30,85.78057021916067,85.92695679904853,84.71929403933972,85.48780822753906,19691248
2021-07-19 00:00:00+05:30,84.02398822483764,85.30484166982554,83.58483400500806,83.87760162353516,14395883
2021-07-20 00:00:00+05:30,82.01120679240417,82.8895039382515,81.68184117465361,82.41375732421875,18634406
2021-07-22 00:00:00+05:30,83.73120926413685,84.75589299813977,83.40184364388033,84.53631591796875,11710140
2021-07-23 00:00:00+05:30,84.53631171521621,85.45120686364929,83.98737462615638,84.38993072509766,7841690
2021-07-26 00:00:00+05:30,84.06056727938933,84.60950438254261,83.51163017623607,83.84099578857422,8149770
2021-07-27 00:00:00+05:30,84.42652362248593,84.82907972353424,83.43843797382183,83.9141845703125,9704729
2021-07-28 00:00:00+05:30,84.0971743777322,84.31674589219666,83.03589251354911,83.69461822509766,11020097
2021-07-29 00:00:00+05:30,83.6580209367176,84.75589519791296,82.92610476258736,83.98738098144531,14142749
2021-07-30 00:00:00+05:30,83.6580146063512,85.45120686364929,83.29205654697797,84.38993072509766,12236156
2021-08-02 00:00:00+05:30,84.13376132328541,86.00014978632157,84.02397836528804,85.70738220214844,10895726
2021-08-03 00:00:00+05:30,85.01206207962429,86.51248683915443,84.28014592841629,86.29291534423828,15163353
2021-08-04 00:00:00+05:30,86.14653515570133,86.7320703537458,85.3414284464483,85.89036560058594,14304543
2021-08-05 00:00:00+05:30,85.04865220167227,85.81716637297143,83.95077800500312,85.52439880371094,11033147
2021-08-06 00:00:00+05:30,85.01206315997969,86.51248793857762,85.01206315997969,85.37802124023438,6606584
2021-08-09 00:00:00+05:30,84.9022728961447,85.63418904180112,83.6580176821596,84.17035675048828,8294214
2021-08-10 00:00:00+05:30,84.24354880297462,84.68269738165766,83.36525164560854,84.0605697631836,14300982
2021-08-11 00:00:00+05:30,84.53632667737129,85.8537781579225,84.06057999916793,85.63420104980469,11308648
2021-08-12 00:00:00+05:30,84.97545469766933,86.29290585865628,84.38992519151239,85.08524322509766,13519139
2021-08-13 00:00:00+05:30,85.48781619784147,85.59759916289647,84.42653433499677,84.97547149658203,10342014
2021-08-16 00:00:00+05:30,85.56099965197167,86.62227584328502,83.95078076023077,84.53631591796875,14771886
2021-08-17 00:00:00+05:30,84.90227224615208,84.90227224615208,82.48694675034626,83.32865142822266,16025745
2021-08-18 00:00:00+05:30,83.3652422481494,84.35332783482225,82.6333261714915,82.85289764404297,10074307
2021-08-20 00:00:00+05:30,80.98652351753532,81.7916301697284,79.41290267038508,80.65715789794922,23878081
2021-08-23 00:00:00+05:30,80.76694229717722,81.97460500559284,79.41289859916806,81.7916259765625,16886027
2021-08-24 00:00:00+05:30,82.81630519065598,84.31672979735875,82.04779107653458,82.85289764404297,17368602
2021-08-25 00:00:00+05:30,83.07248208378718,85.78056957447367,82.92610108907651,84.64610290527344,18637317
2021-08-26 00:00:00+05:30,84.60951421361219,85.08526087510573,83.73121698014538,84.57292175292969,8779246
2021-08-27 00:00:00+05:30,84.53631653883316,85.63419077959723,84.13376041692214,85.37802124023438,9706825
2021-08-30 00:00:00+05:30,85.45121172118822,88.12270682329132,85.45121172118822,87.93972778320312,15933414
2021-08-31 00:00:00+05:30,87.82994962890956,88.56186587581713,87.13463142797848,88.23250579833984,13376290
2021-09-01 00:00:00+05:30,89.14740307030235,89.47676315503325,87.39080292222229,87.6103744506836,10964080
2021-09-02 00:00:00+05:30,87.02484460491684,87.93973993174717,86.36611885278342,86.84186553955078,13031666
2021-09-03 00:00:00+05:30,87.79333996368317,90.39164452995647,86.95164085839866,90.098876953125,21326802
2021-09-06 00:00:00+05:30,90.6112262048684,91.01377675736367,88.67164719206119,89.03760528564453,12505630
2021-09-07 00:00:00+05:30,89.65973106240482,89.84271010538932,87.50058058881862,87.79334259033203,8530847
2021-09-08 00:00:00+05:30,88.46239564662055,88.83408638463156,87.34732343258752,88.42522430419922,7801721
2021-09-09 00:00:00+05:30,88.5367309053053,92.03062717629764,87.86768645583439,90.80404663085938,27242637
2021-09-13 00:00:00+05:30,90.84121234583965,91.73327350275807,90.02349387232726,91.47309112548828,9921031
2021-09-14 00:00:00+05:30,91.65893458791797,93.22003449067624,91.28724386480647,92.14212799072266,16593684
2021-09-15 00:00:00+05:30,92.36515046330531,97.15995882235762,92.36515046330531,95.48735046386719,42437332
2021-09-16 00:00:00+05:30,96.37939734192659,97.56881216074535,94.70679480500687,95.67318725585938,22431820
2021-09-17 00:00:00+05:30,95.67319008743722,96.41657153542523,92.73683563650471,94.96697998046875,25968166
2021-09-20 00:00:00+05:30,92.95984959345155,96.19355199081417,92.95984959345155,95.5245132446289,29857432
2021-09-21 00:00:00+05:30,96.34222866605823,101.09986482653792,95.9705379865489,100.50515747070312,51537119
2021-09-22 00:00:00+05:30,99.98481462140278,100.54235076241432,98.46088023401754,99.35293579101562,16424387
2021-09-23 00:00:00+05:30,100.20781450276813,102.84682072859304,99.91045513834987,102.40078735351562,18688982
2021-09-24 00:00:00+05:30,103.25566836860077,103.99904974301288,99.98479485842736,101.17420959472656,33667173
2021-09-27 00:00:00+05:30,102.62381837732391,104.6309461593628,102.21495628356934,104.07341003417969,34196564
2021-09-28 00:00:00+05:30,105.41150659103204,106.7495956564109,104.81679907940784,105.70885467529297,46109879
2021-09-29 00:00:00+05:30,104.7052860626893,110.61516656387607,103.59021384197099,107.6044692993164,68003697
2021-09-30 00:00:00+05:30,107.6044473219083,108.57084531777146,105.07695534174205,107.4186019897461,26714630
2021-10-01 00:00:00+05:30,107.93898304538227,111.24702819168853,107.1212702655305,108.71953582763672,42893182
2021-10-04 00:00:00+05:30,109.87176512595822,110.39212979915258,109.27705778097932,109.72309112548828,16099471
2021-10-05 00:00:00+05:30,111.5071996498637,122.36057161969,110.76381831886461,121.65435028076172,131238378
2021-10-06 00:00:00+05:30,123.40132719689791,128.419152248579,123.2526531676906,124.96243286132812,101221817
2021-10-07 00:00:00+05:30,126.48634150014553,126.48634150014553,118.56933407559798,119.23837280273438,59769140
2021-10-08 00:00:00+05:30,121.84019711105091,123.84733580389737,119.31270509182814,119.64722442626953,30561341
2021-10-11 00:00:00+05:30,121.72872445077608,123.55000691439632,120.94817158262401,122.65795135498047,18143592
2021-10-12 00:00:00+05:30,122.73226810554976,123.28980413023923,120.98531735761628,121.58002471923828,11619888
2021-10-13 00:00:00+05:30,121.6543545673936,121.76586857683215,118.71800047510114,118.9410171508789,16690451
2021-10-14 00:00:00+05:30,119.68439356412016,120.24192955898407,117.93744290964035,118.23480224609375,14821875
2021-10-18 00:00:00+05:30,121.72871877902206,123.02963638429405,119.83309371414832,120.50214385986328,22899876
2021-10-19 00:00:00+05:30,121.54288712922155,121.54288712922155,117.4542884796147,117.90032196044922,10331930
2021-10-20 00:00:00+05:30,118.3835097550851,118.4578524460183,114.22056861107205,115.14979553222656,17118996
2021-10-21 00:00:00+05:30,117.15692509703129,119.16405281262067,114.88960932772983,115.22412872314453,31555789
2021-10-22 00:00:00+05:30,116.71089079166832,117.71446031342309,114.85243711664175,116.74806213378906,27317028
2021-10-25 00:00:00+05:30,118.19765474104965,121.13400930404669,118.1233120561733,119.98176574707031,34568006
2021-10-26 00:00:00+05:30,121.58003328577969,121.87738131599212,119.16404367522775,121.24551391601562,33022684
2021-10-27 00:00:00+05:30,121.24549763290293,121.61718829230104,116.71086705100649,117.3799057006836,21652522
2021-10-28 00:00:00+05:30,111.50720215874281,116.59936892789841,110.54080413808055,111.65587615966797,24815027
2021-10-29 00:00:00+05:30,111.43287757410504,112.88248051194225,108.53369438463265,110.80101013183594,18736450
2021-11-01 00:00:00+05:30,111.50722219487851,114.18340006479607,110.31780728755932,113.84886932373047,11444653
2021-11-02 00:00:00+05:30,114.44358447318264,115.07546331201831,112.51079929769476,113.70020294189453,20609479
2021-11-03 00:00:00+05:30,112.39927297905409,114.62941732920635,111.35854348622333,112.99398040771484,11591857
2021-11-04 00:00:00+05:30,112.99397947705457,113.62585824163361,112.43644339410857,113.0311508178711,1114216
2021-11-08 00:00:00+05:30,113.70020380384594,115.63300033708815,112.77097688269143,115.14979553222656,16568525
2021-11-09 00:00:00+05:30,116.3392037950894,117.56577872278109,115.22413155424191,116.4507064819336,13601954
2021-11-10 00:00:00+05:30,116.48785795177432,117.97462068592101,116.30201261000597,117.23123931884766,13900618
2021-11-11 00:00:00+05:30,116.41354942134149,116.59939479950894,113.77454278274313,114.10906219482422,14158749
2021-11-12 00:00:00+05:30,114.48073485304893,115.67014962252836,113.96037014506415,114.96392822265625,10552485
2021-11-15 00:00:00+05:30,116.30203346460075,120.61364843537946,115.9675140580536,117.30560302734375,45750584
2021-11-16 00:00:00+05:30,118.49501913597244,118.71803587825649,116.56223383675028,116.8224105834961,12956283
2021-11-17 00:00:00+05:30,116.71086886301465,118.38347685627441,116.41352086811915,117.00821685791016,11420415
2021-11-18 00:00:00+05:30,116.71088585526104,116.71088585526104,114.25772483936474,114.7037582397461,18351511
2021-11-22 00:00:00+05:30,116.59237076441065,118.48097210365778,112.54536285357986,112.9693374633789,21558590
2021-11-23 00:00:00+05:30,112.39117769635021,113.85580422016415,110.5411101394418,113.08494567871094,21216047
2021-11-24 00:00:00+05:30,114.85792043533242,120.13830604619913,114.85792043533242,118.28823852539062,36294271
2021-11-25 00:00:00+05:30,118.71221629819627,120.25393339297804,117.59447375695308,119.56016540527344,11554142
2021-11-26 00:00:00+05:30,117.36322783435365,117.36322783435365,112.73807599851706,113.393310546875,23135841
2021-11-29 00:00:00+05:30,111.77447928987442,112.58388304410207,109.38481330355792,111.0807113647461,18736522
2021-11-30 00:00:00+05:30,110.50259001725249,113.89436330584603,108.76815808873707,109.53901672363281,22980651
2021-12-01 00:00:00+05:30,109.77024901251232,110.73382216663327,107.65038807344622,109.65462493896484,14278744
2021-12-02 00:00:00+05:30,108.30561921331618,111.50467728228574,108.22852865839539,111.00362396240234,8561767
2021-12-03 00:00:00+05:30,111.00365018696463,113.20060213519632,110.34841560244078,112.46827697753906,10690334
2021-12-06 00:00:00+05:30,112.39119536513039,112.42974065073625,110.04007409160978,110.50259399414062,7749262
2021-12-07 00:00:00+05:30,111.77450886881854,112.73808222113595,111.3890795278916,112.46827697753906,10253663
2021-12-08 00:00:00+05:30,113.31621132272114,115.89859227209789,113.1620419591095,114.3954086303711,12266948
2021-12-09 00:00:00+05:30,115.24336273769693,115.55170147820137,112.81516280970978,113.58602142333984,7989291
2021-12-10 00:00:00+05:30,112.73805494342874,114.08705731027318,112.19845634916439,113.74017333984375,10324085
2021-12-13 00:00:00+05:30,114.81938890546832,116.01422211695395,112.04430493550747,112.5068130493164,13595587
2021-12-14 00:00:00+05:30,111.19634995520003,113.6630950540722,110.96509002916267,113.23912048339844,12331999
2021-12-15 00:00:00+05:30,112.77659471235135,113.8557918481691,110.6952792290648,110.96507263183594,10361033
2021-12-16 00:00:00+05:30,112.00576623776145,112.7380796161273,111.42762223973003,112.0443115234375,12156709
2021-12-17 00:00:00+05:30,111.1578032299666,111.85158299906716,106.76391174180289,107.45767974853516,17667617
2021-12-20 00:00:00+05:30,105.99305665315087,106.10868073727956,101.48352917423298,103.29505157470703,17238729
2021-12-21 00:00:00+05:30,104.10446179376108,105.49200969969158,103.14088849274953,104.87532043457031,8615570
2021-12-22 00:00:00+05:30,105.91595347838721,106.33992800699482,104.29715768147715,105.45344543457031,4968143
2021-12-23 00:00:00+05:30,106.76390129985334,108.69104753270268,105.72323762916784,108.30561828613281,6324169
2021-12-24 00:00:00+05:30,109.11502929883405,109.15357457852288,105.7617899261605,106.76390838623047,5657495
2021-12-27 00:00:00+05:30,105.26073695731708,106.41702477794882,104.83676240394517,105.87742614746094,4404298
2021-12-28 00:00:00+05:30,107.26497717537687,108.3056410649344,106.76392375440153,107.53478240966797,8738089
2021-12-29 00:00:00+05:30,108.07437655765969,108.57544171987138,105.95451534508575,107.07225799560547,6571286
2021-12-30 00:00:00+05:30,106.95661592313827,108.8452168788572,106.76390129985334,108.30561828613281,11556524
2021-12-31 00:00:00+05:30,108.26708417825833,110.19423060991963,107.4962256055938,109.77025604248047,6393760
2022-01-03 00:00:00+05:30,109.73171790265272,110.57965523945383,108.8452235240001,110.27131652832031,3765911
2022-01-04 00:00:00+05:30,110.30987392019684,114.54959635684163,110.30987392019684,113.93290710449219,16351836
2022-01-05 00:00:00+05:30,114.47248950051241,116.47672634486231,113.62454042889496,115.8985824584961,12977680
2022-01-06 00:00:00+05:30,116.0913216446623,116.70799917734118,114.35688961867056,116.24549102783203,9012777
2022-01-07 00:00:00+05:30,116.78509395109745,121.41024618678449,116.66946985015343,121.06336212158203,30889365
2022-01-10 00:00:00+05:30,121.98836964253674,122.8748522999206,120.5622765721,122.06546020507812,16418985
2022-01-11 00:00:00+05:30,122.41232305458804,124.60926255888754,121.48729527581109,124.06966400146484,14457548
2022-01-12 00:00:00+05:30,125.41869764770189,127.73127355428166,124.41657906904346,127.15312957763672,21220614
2022-01-13 00:00:00+05:30,127.15311409586847,127.57708864626014,125.68848757164406,126.38225555419922,7445346
2022-01-14 00:00:00+05:30,125.61140086109074,125.8812060638886,123.49153980655069,124.14677429199219,11646259
2022-01-17 00:00:00+05:30,125.26451997700647,129.6584115560339,125.1103506125854,127.8469009399414,32577835
2022-01-18 00:00:00+05:30,129.73549391269188,129.81257270884234,125.95828003028566,126.30517578125,11175409
2022-01-19 00:00:00+05:30,127.42290059207951,131.81679128235132,127.11455016323912,131.2386474609375,36648534
2022-01-20 00:00:00+05:30,131.7397510099413,131.7397510099413,128.347977334869,128.61778259277344,14474454
2022-01-21 00:00:00+05:30,127.42290156259662,128.2708387830422,125.1103262593276,126.1509780883789,8625926
2022-01-24 00:00:00+05:30,127.3458329235083,129.7354991862979,126.22809035376541,127.73126220703125,28783449
2022-01-25 00:00:00+05:30,125.64993282991183,128.50210686682908,125.64993282991183,127.3072738647461,14249846
2022-01-27 00:00:00+05:30,127.26875412422467,130.0823831889949,126.80623427904983,127.73126220703125,25936832
2022-01-28 00:00:00+05:30,129.15732242192948,134.6689550699921,128.1552041870912,130.1208953857422,32790065
2022-01-31 00:00:00+05:30,132.27932763201056,134.78461783896253,130.69906530284428,133.05018615722656,24031034
2022-02-01 00:00:00+05:30,134.1293800736367,134.82314802424307,129.88965828969992,131.77825927734375,14220953
2022-02-02 00:00:00+05:30,131.46990611075833,134.16791058542262,131.43136083721848,132.0480499267578,12478192
2022-02-03 00:00:00+05:30,131.0459667604361,132.0095400454393,127.96253224842584,129.1188201904297,12529302
2022-02-04 00:00:00+05:30,131.04596386150274,133.127279758594,130.31365053357402,130.7376251220703,17434362
2022-02-07 00:00:00+05:30,131.58555535048376,133.58979233444506,130.42926749720644,132.66476440429688,11723574
2022-02-08 00:00:00+05:30,132.58767771645523,133.35853630782995,128.34795546389415,128.69483947753906,13231599
2022-02-09 00:00:00+05:30,129.42714444131917,130.7376133720512,125.7270328512011,126.38225555419922,17938632
2022-02-10 00:00:00+05:30,127.84689777287336,131.35429483544823,127.30728736721423,130.35218811035156,26763203
2022-02-11 00:00:00+05:30,129.4657036743987,131.4313955199867,128.81048090078212,129.619873046875,12884995
2022-02-14 00:00:00+05:30,130.19801512284843,135.94092120365588,127.34584060520473,128.11669921875,44604164
2022-02-15 00:00:00+05:30,131.04597352936966,131.04597352936966,120.56229094207215,126.53644561767578,31146458
2022-02-16 00:00:00+05:30,126.80624289511233,130.19801611562667,126.80624289511233,129.92822265625,15960268
2022-02-17 00:00:00+05:30,129.92821344136217,132.89601185823503,129.88966816065093,132.39495849609375,24640791
2022-02-18 00:00:00+05:30,131.97099027950296,132.39496486297898,128.50212657130263,129.42715454101562,11829998
2022-02-21 00:00:00+05:30,130.4008610277271,130.5177148134076,127.01231519560574,127.28495025634766,14222260
2022-02-22 00:00:00+05:30,129.6997730283993,129.6997730283993,127.16809577709421,128.4923553466797,29399172
2022-02-23 00:00:00+05:30,129.5050659891606,129.62190791073763,124.36380748711758,125.22068786621094,21301826
2022-02-24 00:00:00+05:30,125.2207080307307,126.50601692008782,121.52056269234208,122.02689361572266,28766189
2022-02-25 00:00:00+05:30,124.16905333910306,124.9480311188622,122.14371824348389,124.24695587158203,20225258
2022-02-28 00:00:00+05:30,125.02594982047533,126.07757471365589,121.36475615937057,125.14279174804688,20210070
2022-03-02 00:00:00+05:30,129.037662957571,131.14091244739558,126.11649631754518,126.9344253540039,41103406
2022-03-03 00:00:00+05:30,131.1019566222097,133.82837872474894,126.89546967510921,132.659912109375,42345653
2022-03-04 00:00:00+05:30,132.50412109101956,133.20519631713313,127.63551011451615,128.72607421875,32658756
2022-03-07 00:00:00+05:30,130.16716851734657,147.8499585842401,130.16716851734657,145.62986755371094,132538155
2022-03-08 00:00:00+05:30,148.0057922054598,151.86173020408714,138.5022647674136,139.5149383544922,73127816
2022-03-09 00:00:00+05:30,142.55291007040097,143.17609456817846,135.42526932138318,136.63267517089844,51977091
2022-03-10 00:00:00+05:30,131.06300459680304,137.80115728516708,128.53132694485885,135.8147735595703,62112814
2022-03-11 00:00:00+05:30,134.37365253470028,137.41166079402575,133.75046800076635,136.8663787841797,26187452
2022-03-14 00:00:00+05:30,135.54211767652524,136.71058420821942,132.8935982925209,133.828369140625,20214021
2022-03-15 00:00:00+05:30,131.10196078109362,132.03673172579468,125.92175149018556,127.55760955810547,42333127
2022-03-16 00:00:00+05:30,129.31033959424025,130.7514535550657,126.07758585888834,130.32301330566406,25545119
2022-03-17 00:00:00+05:30,129.77769683537065,133.59468302442275,128.21974134820536,132.659912109375,66314748
2022-03-21 00:00:00+05:30,133.75047707414316,136.32110602209698,132.65991298046924,134.41261291503906,20614652
2022-03-22 00:00:00+05:30,137.25586411629988,141.18970375684526,135.3863224486427,136.671630859375,39742745
2022-03-23 00:00:00+05:30,137.48957314668718,138.42434407128292,136.20426461115022,136.7884979248047,10994784
2022-03-24 00:00:00+05:30,139.35911435632033,140.52758097826685,137.48957251570872,138.22959899902344,20332589
2022-03-25 00:00:00+05:30,139.0475276986509,139.6317610083091,136.39900811603658,136.9442901611328,13608989
2022-03-28 00:00:00+05:30,136.7105754350031,138.580117011236,136.04843968836556,137.37271118164062,15253027
2022-03-29 00:00:00+05:30,136.28212882227902,136.47687322239267,132.8546321347808,133.20516967773438,14210783
2022-03-30 00:00:00+05:30,126.97337473174673,128.41448834056703,125.53226112292643,126.19439697265625,95239532
2022-03-31 00:00:00+05:30,126.07755125703737,128.72607080348374,125.53225733313052,127.67444610595703,33523683
2022-04-01 00:00:00+05:30,127.67446770431289,131.063026181793,127.40183258249544,130.82933044433594,28335224
2022-04-04 00:00:00+05:30,130.05034619595398,131.68620439162973,128.80398880110147,130.9072265625,17745513
2022-04-05 00:00:00+05:30,132.6209708496317,134.5684153555,131.88094431465336,133.86734008789062,20054934
2022-04-06 00:00:00+05:30,132.8936422546023,135.1526735420108,132.65994649370413,134.60739135742188,12969222
2022-04-07 00:00:00+05:30,132.89362196305507,135.3863486307469,131.0240680475924,131.53041076660156,24550313
2022-04-08 00:00:00+05:30,131.64723589124455,133.43888704098032,131.41354019584304,133.12728881835938,9529874
2022-04-11 00:00:00+05:30,133.20519925420885,134.5684103576876,132.07568386000654,133.36099243164062,9724979
2022-04-12 00:00:00+05:30,133.20520939955895,134.13998042160242,131.02406909061858,131.56935119628906,13184429
2022-04-13 00:00:00+05:30,133.51678602573818,136.2042688614177,132.97150395989652,135.73687744140625,23458303
2022-04-18 00:00:00+05:30,137.10008333312356,139.43701657175637,136.39900811603658,136.9442901611328,23916912
2022-04-19 00:00:00+05:30,138.1127491729916,140.06019343125078,137.10007578144555,137.9958953857422,17880666
2022-04-20 00:00:00+05:30,137.80118133594942,138.1517308887142,136.16533493016982,136.7106170654297,10076403
2022-04-21 00:00:00+05:30,136.86639931014358,137.64537712282083,135.46423687007288,135.6589813232422,12246720
2022-04-22 00:00:00+05:30,135.65897142547504,137.33378073229085,135.30843381259734,135.54212951660156,10267952
2022-04-25 00:00:00+05:30,133.20521988217138,134.76317567026695,131.10198194549423,132.15359497070312,12583497
2022-04-26 00:00:00+05:30,133.28310368254915,133.75048322149485,129.0766165144915,130.0503387451172,20086229
2022-04-27 00:00:00+05:30,130.82931369395064,131.5693401959349,127.24602309466891,128.41448974609375,13981957
2022-04-28 00:00:00+05:30,129.310289599404,129.310289599404,126.5449165710813,128.37551879882812,13030499
2022-04-29 00:00:00+05:30,129.69981018522526,130.43983675497634,124.24696531257314,124.98699188232422,15964743
2022-05-02 00:00:00+05:30,123.19533288779107,124.05221321236388,121.44263285810304,121.79318237304688,23405519
2022-05-04 00:00:00+05:30,123.85746711060887,126.8175850540259,123.03953806375898,126.38914489746094,23661920
2022-05-05 00:00:00+05:30,127.90814706538852,131.1798513121266,127.28496247404378,128.41448974609375,26878516
2022-05-06 00:00:00+05:30,127.67445412513894,130.4008763708909,125.49332583754352,130.0503387451172,16768573
2022-05-09 00:00:00+05:30,128.7260825312011,130.32298941186548,126.77863801484405,128.3365936279297,9952775
2022-05-10 00:00:00+05:30,124.98697682208943,125.9217477389434,119.10569246942497,120.3131103515625,22602956
2022-05-11 00:00:00+05:30,119.96256574700236,124.63643194493753,119.7678213220884,123.54586791992188,15084514
2022-05-12 00:00:00+05:30,123.85747106387593,125.41542667474229,119.96258203671002,121.91002655029297,21459069
2022-05-13 00:00:00+05:30,124.63644184324579,124.87013754895335,119.1446462472763,119.6120376586914,12934346
2022-05-16 00:00:00+05:30,120.11839466260258,121.71530179946353,118.24885238146679,119.57311248779297,13205775
2022-05-17 00:00:00+05:30,121.52053862077751,127.5186653933976,121.17000098277688,127.09022521972656,17843200
2022-05-18 00:00:00+05:30,126.1943795857594,128.14182371516927,124.79221743533317,127.129150390625,12616832
2022-05-19 00:00:00+05:30,123.50693625471976,126.23335863612083,122.92270288727667,124.6364517211914,8932407
2022-05-20 00:00:00+05:30,125.9217487872045,127.59655808483987,124.71434278127278,126.11649322509766,7235654
2022-05-23 00:00:00+05:30,125.99966342860944,127.90815672616515,120.46891610629697,120.81946563720703,18029557
2022-05-24 00:00:00+05:30,122.61108882619082,122.88373578370015,116.96350033533932,117.35298919677734,19141394
2022-05-25 00:00:00+05:30,119.10567780430257,119.37832473601595,114.97710577268141,118.87199401855469,19366472
2022-05-26 00:00:00+05:30,119.027808332057,119.41729722588818,115.36661510729556,118.32672119140625,12824105
2022-05-27 00:00:00+05:30,120.74154636045525,121.13103521968253,109.91376082843968,112.01699829101562,52469252
2022-05-30 00:00:00+05:30,113.45809575827967,114.74341607812879,109.9526961543832,112.21173858642578,40261336
2022-05-31 00:00:00+05:30,113.26334204019378,119.18357675095234,113.26334204019378,117.82036590576172,57675204
2022-06-01 00:00:00+05:30,117.7814395523316,119.10569941899732,115.87294634276121,116.65192413330078,22780094
2022-06-02 00:00:00+05:30,115.13289344090524,119.10567213069912,113.73073136193177,118.75513458251953,25429955
2022-06-03 00:00:00+05:30,119.92361568832888,120.1183601151973,117.74247573015114,118.09302520751953,16747177
2022-06-06 00:00:00+05:30,119.26151335071764,121.52054435669112,119.02781761893381,119.92363739013672,30327268
2022-06-07 00:00:00+05:30,120.58576461242414,126.93442886448857,120.11837318259089,126.07756042480469,61411715
2022-06-08 00:00:00+05:30,127.36285278013466,129.62188333488223,126.27228876465438,127.28495025634766,45994327
2022-06-09 00:00:00+05:30,129.31031546658664,130.36194025651088,128.14184876056328,128.95977783203125,31122996
2022-06-10 00:00:00+05:30,127.75235146613197,129.8166377566611,127.24602068128738,128.25868225097656,17812698
2022-06-13 00:00:00+05:30,126.19439706457437,127.71340131865576,123.4290236405375,124.28590393066406,12237777
2022-06-14 00:00:00+05:30,124.28589179833598,125.06486948195294,120.97523664296394,121.4815673828125,12844437
2022-06-15 00:00:00+05:30,122.26054627651834,122.4942419611677,117.46983822935992,117.93721771240234,16223385
2022-06-16 00:00:00+05:30,116.18453417549804,118.0540880282183,111.08223909186943,111.822265625,25130676
2022-06-17 00:00:00+05:30,110.96537144097462,113.06860886231378,109.56320919799636,110.18639373779297,22922034
2022-06-20 00:00:00+05:30,107.96631896658953,108.20000277838933,101.26710568233244,104.6946029663086,28656582
2022-06-21 00:00:00+05:30,106.0188937029943,109.21269586358868,105.1620132846895,108.35582733154297,20581784
2022-06-22 00:00:00+05:30,106.68102008886706,106.68102008886706,102.04610400191004,105.04517364501953,31824106
2022-06-23 00:00:00+05:30,104.38300295452258,106.25254452159396,102.98084083609135,105.00618743896484,26829020
2022-06-24 00:00:00+05:30,106.71995251833887,109.83586354077212,105.31779018099246,106.99259948730469,25461812
2022-06-27 00:00:00+05:30,109.05687527606007,111.08222199997506,106.91468665456603,110.225341796875,24188349
2022-06-28 00:00:00+05:30,111.23804726209939,118.20989713778435,110.73170449186222,116.3403549194336,54387675
2022-06-29 00:00:00+05:30,116.34033070907549,122.61109203324231,113.88654368607985,120.07941436767578,165860322
2022-06-30 00:00:00+05:30,119.18360018006479,120.31311558229754,116.26243350898477,118.05408477783203,38725546
2022-07-01 00:00:00+05:30,116.02874297132115,117.74249178417936,101.2671157792176,102.08504486083984,125788305
2022-07-04 00:00:00+05:30,101.22815129655646,101.22815129655646,96.67113287000879,98.15119171142578,85993413
2022-07-05 00:00:00+05:30,98.93017559045315,100.17654476184369,98.1511978298984,99.24176788330078,44595740
2022-07-06 00:00:00+05:30,95.81426054039201,96.20374940437735,93.36047950865873,94.21735382080078,59092334
2022-07-07 00:00:00+05:30,94.45105070044637,96.71008732850542,94.45105070044637,96.20375061035156,36229792
2022-07-08 00:00:00+05:30,98.42383073851295,98.42383073851295,94.2563012519491,94.64579010009766,42778692
2022-07-11 00:00:00+05:30,94.64579262296516,98.07329576666118,94.29525502753886,97.76170349121094,31521678
2022-07-12 00:00:00+05:30,97.2943195089785,98.73542711853258,96.20374950010867,96.67113494873047,25216226
2022-07-13 00:00:00+05:30,95.3858384991385,97.2943378604197,94.5679152955576,96.94379425048828,27166975
2022-07-14 00:00:00+05:30,96.90484612110889,103.29246808285757,96.43746059784175,99.04703521728516,38464081
2022-07-15 00:00:00+05:30,99.39756637597628,100.02074505188322,97.06063296928501,98.57964324951172,18088858
2022-07-18 00:00:00+05:30,98.96912197855879,101.81238590996536,98.89121945183939,101.18920135498047,21010247
2022-07-19 00:00:00+05:30,101.65660486340192,103.7598425867724,96.94378670512667,99.63126373291016,33778758
2022-07-20 00:00:00+05:30,105.16200274969015,106.40837198122667,102.98086253763017,103.25350952148438,60317150
2022-07-21 00:00:00+05:30,103.60404326938398,103.99353215385536,102.6692723239042,103.68194580078125,20853780
2022-07-22 00:00:00+05:30,104.22721512924443,104.22721512924443,102.47451536323558,103.17559051513672,11630255
2022-07-25 00:00:00+05:30,102.82506927290225,103.17560690453557,100.02074444731994,101.11132049560547,21705935
2022-07-26 00:00:00+05:30,101.92922703828583,102.51346025733694,99.51439164503914,99.86492919921875,22172845
2022-07-27 00:00:00+05:30,100.56603306750503,101.42290146746485,99.55335960731861,100.17654418945312,20187969
2022-07-28 00:00:00+05:30,101.57869493659592,101.65659746693558,99.9038975106091,101.46185302734375,25736737
2022-07-29 00:00:00+05:30,101.61765472970455,104.77251729310548,101.18921454939559,104.49987030029297,19738642
2022-08-01 00:00:00+05:30,104.46091413316772,108.27790010167381,103.75982707269802,107.81050872802734,20592826
2022-08-02 00:00:00+05:30,106.48625946044922,106.75890643618995,104.85041326477747,106.48625946044922,15037928
2022-08-03 00:00:00+05:30,105.94098194839616,107.84947520183256,104.22723314707078,105.6683349609375,15853543
2022-08-04 00:00:00+05:30,104.65565879379801,106.83678684571603,104.38301184418005,106.13571166992188,14311959
2022-08-05 00:00:00+05:30,105.23990308401778,107.88842278784448,104.07143641122525,106.3304672241211,66480753
2022-08-08 00:00:00+05:30,106.17467404500029,107.10944500598278,105.20095181767317,106.3304672241211,12451233
2022-08-10 00:00:00+05:30,106.25257684893964,106.52522385829079,103.95459450676213,104.22724151611328,15829467
2022-08-11 00:00:00+05:30,104.77250191625338,105.94096848037516,102.8640089054391,103.4482421875,19479706
2022-08-12 00:00:00+05:30,104.3051307818029,108.82320475061985,103.99354439206057,108.4337158203125,40876891
2022-08-16 00:00:00+05:30,108.66739908674046,110.53694098319214,106.01887941905767,109.01793670654297,31230003
2022-08-17 00:00:00+05:30,109.01794407647012,109.68007998128185,108.04422179660479,108.78424835205078,15694770
2022-08-18 00:00:00+05:30,110.25968208417831,110.29956143745177,107.42841837434338,108.10633087158203,42597708
2022-08-19 00:00:00+05:30,109.66153519055233,110.45907362830181,106.91003001421082,107.34867858886719,35382493
2022-08-22 00:00:00+05:30,107.26890947546552,107.26890947546552,103.52048161542123,105.19530487060547,31231393
2022-08-23 00:00:00+05:30,105.195310199111,107.0296509548691,103.75975081322837,106.67076110839844,24268146
2022-08-24 00:00:00+05:30,107.42842283887919,109.58177414096494,107.26891758862664,108.46522521972656,22730039
2022-08-25 00:00:00+05:30,109.26277477971973,110.17993918927904,108.58486218519555,108.90388488769531,14620592
2022-08-26 00:00:00+05:30,108.86400141633729,110.25969374218776,108.54499089535999,108.98362731933594,12105053
2022-08-29 00:00:00+05:30,107.02966216914925,108.94376183333068,106.67077228507506,108.3854751586914,9198908
2022-08-30 00:00:00+05:30,109.9805317879835,111.53574128047516,109.701400671757,110.538818359375,21720398
2022-09-01 00:00:00+05:30,107.66769262295871,108.66461570280093,106.98978006087754,107.42842864990234,20349294
2022-09-02 00:00:00+05:30,107.42843527645276,108.26585314906923,105.51434771287678,105.87323760986328,17495310
2022-09-05 00:00:00+05:30,105.99285522535199,106.7903936760152,105.79347061268618,106.3916244506836,14865879
2022-09-06 00:00:00+05:30,106.94991243141159,106.98977961886362,105.03581282433967,105.3548355102539,10870488
2022-09-07 00:00:00+05:30,104.47752817981647,106.03272559287396,103.71986914981103,105.67383575439453,12042788
2022-09-08 00:00:00+05:30,104.99592387106647,106.98976984028133,104.8762979807016,105.15544128417969,14629497
2022-09-09 00:00:00+05:30,105.67384008151382,107.02965295432594,105.23519151897948,106.87014770507812,12327341
2022-09-12 00:00:00+05:30,107.66768612078766,107.9866966192833,106.55113720658248,106.87014770507812,13500202
2022-09-13 00:00:00+05:30,107.02964632905011,107.78730534317998,106.47137190650544,106.7903823852539,10846178
2022-09-14 00:00:00+05:30,105.63395528883483,106.94990090869341,105.27506545413515,106.23210906982422,8597956
2022-09-15 00:00:00+05:30,106.55113950714808,107.18916051791498,105.27507314667285,105.75360107421875,10810473
2022-09-16 00:00:00+05:30,104.55729213411078,105.27507184709822,103.67999500093006,104.67691802978516,20909579
2022-09-19 00:00:00+05:30,105.35483171764614,107.14929318935074,103.44073217947879,104.11864471435547,19411428
2022-09-20 00:00:00+05:30,104.7965375615557,106.55113172136714,104.71679102577234,106.23210906982422,13080582
2022-09-21 00:00:00+05:30,105.43457611693354,106.23211453259789,103.71987339104336,104.39777374267578,11156865
2022-09-22 00:00:00+05:30,103.99900182235805,104.35790383562255,102.16467324974907,102.60330963134766,11366882
2022-09-23 00:00:00+05:30,102.2843027291399,102.96221525634152,101.68614891201042,102.56344604492188,10407849
2022-09-26 00:00:00+05:30,101.52665138124796,102.72295910647208,97.81809621610603,98.45612335205078,12848954
2022-09-27 00:00:00+05:30,99.17391710101796,102.00518137672007,98.77514782752394,99.25366973876953,14465123
2022-09-28 00:00:00+05:30,98.85487584629433,98.85487584629433,96.90090932668713,97.73832702636719,15267018
2022-09-29 00:00:00+05:30,98.49598512530129,102.24441289455655,98.49598512530129,101.00823211669922,20597761
2022-09-30 00:00:00+05:30,100.09107387937254,105.5940842288565,100.09107387937254,101.12787628173828,33530494
2022-10-03 00:00:00+05:30,105.03580362435261,107.66768274763321,104.15851869623913,105.59407806396484,50966493
2022-10-04 00:00:00+05:30,107.58792075159477,107.66767945601674,105.11555911761991,106.7903823852539,14137567
2022-10-06 00:00:00+05:30,108.86398453990694,108.90386389121471,105.59407244418057,105.79345703125,14570735
2022-10-07 00:00:00+05:30,105.314949726475,107.06953179878069,104.63703720856421,106.91002655029297,13532236
2022-10-10 00:00:00+05:30,106.07262616756934,106.87016471018264,105.43459289958422,106.27201080322266,10183057
2022-10-11 00:00:00+05:30,106.27199181600531,106.47137641603534,103.87937661564497,104.55728912353516,13176461
2022-10-12 00:00:00+05:30,104.55729873125799,105.27507848953445,102.96222178444685,104.75668334960938,9401804
2022-10-13 00:00:00+05:30,104.63704099225319,105.15544828042194,101.80578317843877,103.56037139892578,13320136
2022-10-14 00:00:00+05:30,105.27506987084499,105.91310303122903,101.32725718458236,101.76589965820312,13205955
2022-10-17 00:00:00+05:30,101.28738943497231,102.24443320046353,100.48985093548434,101.92542266845703,9320940
2022-10-18 00:00:00+05:30,102.44380387883433,102.9622111346096,101.7658974635056,102.6431884765625,6490293
2022-10-19 00:00:00+05:30,102.64320245020751,102.64320245020751,101.60640605171467,101.92542266845703,7381712
2022-10-20 00:00:00+05:30,101.28738002836533,104.47753373004613,100.33033635175522,103.3609848022461,18748363
2022-10-21 00:00:00+05:30,103.16159384821667,106.39161453684439,102.68306595462079,104.91617584228516,11945173
2022-10-24 00:00:00+05:30,106.07259880036966,106.87013713721454,105.59407093047503,105.91309356689453,2154912
2022-10-25 00:00:00+05:30,105.63398085577666,105.99287077733965,103.5603878814834,104.27816772460938,10232002
2022-10-27 00:00:00+05:30,104.27815226256695,105.43458058034174,103.91926239421903,105.11557006835938,13865026
2022-10-28 00:00:00+05:30,105.35483565557453,108.14622027145077,105.11557168317663,106.63088989257812,22918037
2022-10-31 00:00:00+05:30,107.18915769277888,107.82719085620013,105.91310353540675,106.91002655029297,8753855
2022-11-01 00:00:00+05:30,106.9499021715604,108.22595628439024,106.9499021715604,107.78730773925781,11630848
2022-11-02 00:00:00+05:30,108.34559620151138,111.01734253227663,107.94682700263866,108.82411193847656,21117499
2022-11-03 00:00:00+05:30,108.78424072265625,109.02350469377285,107.86707636442554,108.78424072265625,7561534
2022-11-04 00:00:00+05:30,108.78423340707553,110.37931021462485,108.50510226743657,109.940673828125,7498344
2022-11-07 00:00:00+05:30,110.49896240234375,110.85785229602645,109.06339065814113,110.49896240234375,9987481
2022-11-09 00:00:00+05:30,110.8179688106881,110.85784816838395,109.26277121632089,110.57870483398438,12033732
2022-11-10 00:00:00+05:30,109.66153871542495,112.33329743555286,109.58178000129799,111.53575897216797,15908521
2022-11-11 00:00:00+05:30,112.13392030573995,112.69219483348543,111.01735908077701,112.0142822265625,18492513
2022-11-14 00:00:00+05:30,112.13390985325387,112.45292036238007,110.53883296868109,111.0572280883789,12743505
2022-11-15 00:00:00+05:30,111.65537434143884,114.32713280953986,111.65537434143884,113.52959442138672,24636519
2022-11-16 00:00:00+05:30,113.88849228781342,114.287261509991,112.61242590905678,113.9682388305664,11460200
2022-11-17 00:00:00+05:30,113.21058876694144,114.68603987440294,113.01120413995865,114.20751190185547,13368536
2022-11-18 00:00:00+05:30,114.16762779325384,114.24738650851779,111.81489172662367,113.05107879638672,19958908
2022-11-21 00:00:00+05:30,113.88847554160816,114.18157599425267,112.54860601229447,113.42789459228516,16348881
2022-11-22 00:00:00+05:30,113.00918256975537,113.80472448151835,111.29247879514539,113.21853637695312,11198874
2022-11-23 00:00:00+05:30,113.51164795161522,114.43279712686773,112.67423264068917,114.30718994140625,9010911
2022-11-24 00:00:00+05:30,114.30719233898256,117.23814598870007,113.46977701049185,116.7775650024414,11803087
2022-11-25 00:00:00+05:30,116.40073411547066,118.32679198376154,115.35396492378477,117.69873046875,9789098
2022-11-28 00:00:00+05:30,116.81944396472291,118.24304753630267,116.44260960429656,116.90319061279297,8925344
2022-11-29 00:00:00+05:30,117.2800292413343,118.15931796629161,116.8194482160762,117.447509765625,13558920
2022-11-30 00:00:00+05:30,116.90318637931162,118.7454975686361,116.90318637931162,118.15930938720703,17720938
2022-12-01 00:00:00+05:30,118.45239803974908,118.91297903526322,117.07066783115079,117.28002166748047,27727625
2022-12-02 00:00:00+05:30,118.78737611809117,121.25774892006585,117.69873357442339,117.9918212890625,24518337
2022-12-05 00:00:00+05:30,118.49428660517152,120.54595190953057,117.74061780861376,120.37847137451172,18440387
2022-12-06 00:00:00+05:30,119.62479162737823,119.87600601793723,118.20117526517278,119.2898178100586,10977472
2022-12-07 00:00:00+05:30,117.90808304215165,118.70362506370938,117.3218948566851,117.78246307373047,9731670
2022-12-08 00:00:00+05:30,118.28491430903301,119.75039112348121,117.53124562992286,119.45729064941406,10150945
2022-12-09 00:00:00+05:30,119.33169877935107,119.70853316727573,117.48938738887298,117.82434844970703,9438307
2022-12-12 00:00:00+05:30,117.23813893161683,119.33167712682427,116.56820415356182,119.20606994628906,8946335
2022-12-13 00:00:00+05:30,119.79225513171812,121.13211187684905,119.37354750300044,120.88089752197266,12593054
2022-12-14 00:00:00+05:30,120.88090124503861,124.43991619875464,120.67154742423179,123.60250091552734,17692988
2022-12-15 00:00:00+05:30,123.64435579856762,124.64926431480379,122.80694055366587,123.47687530517578,11426194
2022-12-16 00:00:00+05:30,124.23057532083793,126.03101325617693,123.10005945952166,123.26753997802734,20540447
2022-12-19 00:00:00+05:30,123.14193063279623,123.56063831071941,121.42522659772234,122.09516143798828,10635055
2022-12-20 00:00:00+05:30,121.84390824388869,122.43009631215413,119.83411693042383,122.13700866699219,6714207
2022-12-21 00:00:00+05:30,122.68133606063364,122.93256319518598,119.49915550483752,120.1690902709961,10011408
2022-12-22 00:00:00+05:30,121.42522962734444,121.55083682267764,118.5361491331793,119.1223373413086,9123323
2022-12-23 00:00:00+05:30,117.7406136050407,120.1691132209764,116.65197099936616,117.0706787109375,8007752
2022-12-26 00:00:00+05:30,117.65683985733843,119.62477075972352,116.8194246270371,118.32677459716797,7150680
2022-12-27 00:00:00+05:30,118.9967249721456,121.76018537288111,118.9967249721456,121.25774383544922,8765357
2022-12-28 00:00:00+05:30,120.12723971242485,121.13213566308617,119.49917814601837,120.50407409667969,9534858
2022-12-29 00:00:00+05:30,119.54104179294417,122.26264169365919,119.33168795442764,121.13212585449219,36752195
2022-12-30 00:00:00+05:30,121.80205879503706,124.56553197597523,121.0483900993012,122.89070129394531,9644998
2023-01-02 00:00:00+05:30,123.35128252409963,126.28223622328352,123.30940920137961,125.9891357421875,9631496
2023-01-03 00:00:00+05:30,125.36108082963584,126.11476234441005,123.93747722787755,125.2354736328125,14991139
2023-01-04 00:00:00+05:30,124.60740414813687,124.64927747038982,121.42522332607172,122.47199249267578,13535874
2023-01-05 00:00:00+05:30,122.13703583310908,123.1000583896051,120.71341949332276,122.68135070800781,16320559
2023-01-06 00:00:00+05:30,122.84883790593368,124.02122714493066,122.51387685361743,123.3931655883789,16804116
2023-01-09 00:00:00+05:30,125.02612284840946,125.77979160369854,123.76999973763095,124.0630874633789,18660445
2023-01-10 00:00:00+05:30,124.43995439703484,125.86355825992426,124.43995439703484,125.0680160522461,18490715
2023-01-11 00:00:00+05:30,125.1935902173286,125.61229787691833,122.47199042999537,122.93257141113281,12538238
2023-01-12 00:00:00+05:30,123.68626406907879,124.14684513951953,122.05330643564905,122.38826751708984,13270422
2023-01-13 00:00:00+05:30,122.59760076971244,123.51876275567817,122.17889309935421,123.05818176269531,8854484
2023-01-16 00:00:00+05:30,123.68623477708418,123.76998141658417,122.2626313511864,123.60250091552734,9696320
2023-01-17 00:00:00+05:30,124.18868581348283,124.7748739408378,122.80694296549309,123.81185150146484,18484595
2023-01-18 00:00:00+05:30,124.14683749967284,125.40296064469482,124.10496417258302,124.9842529296875,12139643
2023-01-19 00:00:00+05:30,123.97935482476956,127.37088981325411,123.97935482476956,127.07778930664062,18437610
2023-01-20 00:00:00+05:30,127.28712470275055,127.70583234979907,126.0728750818985,126.95216369628906,17512691
2023-01-23 00:00:00+05:30,127.7477188628119,128.2082998777189,126.74282296170685,127.58023834228516,16742252
2023-01-24 00:00:00+05:30,127.58022063117645,128.29201593908743,126.95215918293226,127.41272735595703,8276792
2023-01-25 00:00:00+05:30,126.6590599174474,128.45949764146036,126.57531327905205,127.66395568847656,9827342
2023-01-27 00:00:00+05:30,127.66398301392593,129.08758672575675,122.76511028986579,123.6443862915039,13052535
2023-01-30 00:00:00+05:30,123.51876918010912,124.6492850600541,119.95975379695342,121.34148406982422,12688399
2023-01-31 00:00:00+05:30,121.5508379158922,123.85373022264,120.79716918122536,121.34148406982422,19050398
2023-02-01 00:00:00+05:30,122.09516127238234,122.26264178773559,119.2060808542199,120.79716491699219,11526089
2023-02-02 00:00:00+05:30,119.75039343636978,121.42522411380152,117.78246227920988,120.12722778320312,11886667
2023-02-03 00:00:00+05:30,120.16910779969429,121.71833137379507,117.32190060063552,120.83904266357422,9250428
2023-02-06 00:00:00+05:30,118.661740241625,120.75527839965629,118.57800638206946,120.1690902709961,6436143
2023-02-07 00:00:00+05:30,120.50406433894256,121.38335301630087,119.08046079261894,121.13212585449219,8681511
2023-02-08 00:00:00+05:30,121.76019722949266,122.17890494043031,119.8760125302732,120.50407409667969,10325869
2023-02-09 00:00:00+05:30,121.1321109223142,122.59758761127797,119.91786136418989,122.43010711669922,8078404
2023-02-10 00:00:00+05:30,122.38824257080235,123.10005069620956,121.25773956790943,122.84882354736328,6396208
2023-02-13 00:00:00+05:30,123.47689923393794,124.60741514481663,122.76510380459716,124.0630874633789,6563018
2023-02-14 00:00:00+05:30,124.48178868362919,124.94236968918204,123.10005844491505,124.3143081665039,6991500
2023-02-15 00:00:00+05:30,124.77489908509335,125.10986014595572,121.84394507973882,123.5187759399414,12631259
2023-02-16 00:00:00+05:30,125.61229441496978,131.01362051922482,124.27242483003276,130.55303955078125,30949761
2023-02-17 00:00:00+05:30,130.2180896932243,132.98156296256008,129.29692767746423,131.13925170898438,19874561
2023-02-20 00:00:00+05:30,131.6417009105258,132.14415527157456,129.29693518887365,129.6737823486328,8348393
2023-02-21 00:00:00+05:30,129.71562207651812,130.55303735855617,128.50137247315158,129.0457000732422,7599927
2023-02-22 00:00:00+05:30,129.17132907425048,129.3806829301245,127.03591718874675,128.62701416015625,9599697
2023-02-23 00:00:00+05:30,128.71074454593162,130.80428304790823,128.33391017116483,129.50628662109375,18675946
2023-02-24 00:00:00+05:30,130.45189538771106,133.54664082172056,128.73259528375442,133.24575805664062,14648507
2023-02-27 00:00:00+05:30,132.38608520311243,134.14837012958418,131.52643529919612,133.4606475830078,11904749
2023-02-28 00:00:00+05:30,132.5150348609974,133.6325824221006,129.97907012590528,130.70977783203125,17607584
2023-03-01 00:00:00+05:30,130.66682937450892,133.3317502204827,130.5378870924093,133.0738525390625,7707977
2023-03-02 00:00:00+05:30,132.81594760842134,133.28875781234845,131.22558959081752,132.42910766601562,8219892
2023-03-03 00:00:00+05:30,132.38611591654427,133.84751846880246,131.91330573625555,132.6010284423828,8260104
2023-03-06 00:00:00+05:30,132.98785279808044,137.28610281170438,131.99926054183416,135.9966278076172,14491522
2023-03-08 00:00:00+05:30,134.57822454206521,136.55542237734448,134.4492691579182,136.0396270751953,7339476
2023-03-09 00:00:00+05:30,136.72734951643525,136.81330665515296,134.14839924495476,134.36331176757812,5314022
2023-03-10 00:00:00+05:30,133.76152906514088,134.70713608041564,132.55801134040513,133.93345642089844,4689681
2023-03-13 00:00:00+05:30,134.27731113241353,135.8246835686644,133.41766123640934,133.93345642089844,8785721
2023-03-14 00:00:00+05:30,133.93348804035173,134.8361232676965,131.56945026823044,131.78436279296875,7177342
2023-03-15 00:00:00+05:30,132.38612327440904,132.7729632189746,130.49489556536153,131.13963317871094,9832270
2023-03-16 00:00:00+05:30,129.97907984209198,131.87030725452254,127.22820241335499,130.83872985839844,18551936
2023-03-17 00:00:00+05:30,131.95629355579914,133.15979847814975,130.6238332449839,131.65541076660156,16593429
2023-03-20 00:00:00+05:30,131.5264349247726,132.51502706457543,130.32293030960244,130.9246826171875,8749355
2023-03-21 00:00:00+05:30,131.65540047730786,132.17119575641556,129.76417298261106,130.27996826171875,6148489
2023-03-22 00:00:00+05:30,131.01066293703266,131.35453082884408,129.67821584757232,130.27996826171875,4329409
2023-03-23 00:00:00+05:30,129.8931203276135,131.6553923349343,129.20539770374248,131.35452270507812,4484564
2023-03-24 00:00:00+05:30,131.26856481111238,131.698389851828,127.9159347404181,128.4317169189453,8301726
2023-03-27 00:00:00+05:30,128.5606621646705,131.05364195736567,128.3027645371321,129.16241455078125,7437261
2023-03-28 00:00:00+05:30,129.1624401400906,129.1624401400906,126.06769423094387,126.5405044555664,8964539
2023-03-29 00:00:00+05:30,126.58349274944467,129.67823873587812,125.9387550953728,128.38876342773438,24012834
2023-03-31 00:00:00+05:30,129.03349366662414,131.5264738722159,128.9905085353787,129.85015869140625,7998472
2023-04-03 00:00:00+05:30,132.81592810086116,135.69576091498396,131.61242331965005,132.08522033691406,20016785
2023-04-05 00:00:00+05:30,134.75013310275162,135.26592833280708,131.13960584401616,131.4404754638672,15880397
2023-04-06 00:00:00+05:30,131.6984003913521,131.91331292890888,129.2913773472721,129.46331787109375,10670936
2023-04-10 00:00:00+05:30,129.54926881911223,135.3948921844897,128.94751636618065,135.09400939941406,17431401
2023-04-11 00:00:00+05:30,135.05102575333723,136.94225320700485,134.44926023502697,136.7273406982422,13305621
2023-04-12 00:00:00+05:30,136.68435173131368,136.72733685530176,134.62119695206792,135.52381896972656,7333339
2023-04-13 00:00:00+05:30,135.95367180408513,137.97385499008058,135.82472952294538,136.46946716308594,11610851
2023-04-17 00:00:00+05:30,136.7703362621047,137.93085602766575,135.8247159044894,137.67295837402344,9358885
2023-04-18 00:00:00+05:30,137.67294637274583,138.0168142533663,137.02820885345315,137.62997436523438,8008560
2023-04-19 00:00:00+05:30,136.08260169548822,137.9308440039066,135.86768918905733,137.62997436523438,11374283
2023-04-20 00:00:00+05:30,137.20016175614464,137.62998680786538,136.2545413954712,136.8133087158203,5733670
2023-04-21 00:00:00+05:30,136.59838402354558,137.41506204285156,136.42645664161427,137.2001495361328,3512214
2023-04-24 00:00:00+05:30,137.2001590821427,138.1887514349451,136.94226143269273,137.75892639160156,7028440
2023-04-25 00:00:00+05:30,137.71592806584334,139.09137331961486,137.54400068842645,138.10276794433594,10169778
2023-04-26 00:00:00+05:30,137.54400051661156,138.91944576866493,137.32908801580436,138.5325927734375,9177783
2023-04-27 00:00:00+05:30,137.7159326144623,138.31768501390584,137.2001504651758,137.5869903564453,6456825
2023-04-28 00:00:00+05:30,137.37208046928475,137.37208046928475,133.116815349694,136.64137268066406,12656744
2023-05-02 00:00:00+05:30,137.1141723447013,141.67031987991234,136.98523009408555,141.197509765625,16612560
2023-05-03 00:00:00+05:30,140.03698027908794,140.42383327431537,138.2747082662433,138.5325927734375,8029435
2023-05-04 00:00:00+05:30,138.23174386167673,138.57559866762014,136.856298403463,138.40367126464844,9929482
2023-05-05 00:00:00+05:30,138.44664796017048,139.2203277850186,137.28611510567904,137.80191040039062,5488707
2023-05-08 00:00:00+05:30,137.80190212998372,142.14313739539887,137.54400449810606,141.84225463867188,9699470
2023-05-09 00:00:00+05:30,141.84224692848193,143.13172190055906,141.326451692764,142.05715942382812,7600834
2023-05-10 00:00:00+05:30,142.05716751810925,144.1203223441021,141.84225501051753,143.51856994628906,10901429
2023-05-11 00:00:00+05:30,142.7878882431714,144.97998552567816,142.7878882431714,143.60455322265625,7877677
2023-05-12 00:00:00+05:30,144.55016229553794,145.28087014374057,141.84226966696565,142.2720947265625,16373574
2023-05-15 00:00:00+05:30,142.2720924866868,143.21771284980036,141.32647212357324,142.35806274414062,8559162
2023-05-16 00:00:00+05:30,144.67911652921438,144.8510439282372,143.34665623165313,144.4212188720703,12249266
2023-05-17 00:00:00+05:30,144.42124220501682,144.42124220501682,142.78791197458693,143.77650451660156,7360259
2023-05-18 00:00:00+05:30,143.9914000422311,144.80806506081763,142.70192481797233,143.0028076171875,7433090
2023-05-19 00:00:00+05:30,142.87384967776467,143.34665987500932,140.98262200600615,141.7563018798828,5969632
2023-05-22 00:00:00+05:30,141.06858758565102,143.04577233489272,141.06858758565102,142.35806274414062,7331865
2023-05-23 00:00:00+05:30,142.35804990242715,143.60453981974754,141.36944449976596,141.84225463867188,10119254
2023-05-24 00:00:00+05:30,141.8422768958529,143.0887670087663,141.5413940919129,142.91683959960938,6107980
2023-05-25 00:00:00+05:30,142.91683208511537,143.90542447370342,142.05718196731016,142.70191955566406,8077606
2023-05-26 00:00:00+05:30,142.7448825239609,143.90540213249622,139.52119508266648,140.76768493652344,14873707
2023-05-29 00:00:00+05:30,137.54400673152514,137.75891924204316,134.53523158427305,136.68435668945312,43253971
2023-05-30 00:00:00+05:30,137.28609927625402,139.00539923742744,135.17995944726013,136.55540466308594,16117505
2023-05-31 00:00:00+05:30,136.68437622087558,137.0282310399518,128.99050986836474,133.15980529785156,83741017
2023-06-01 00:00:00+05:30,132.98785548143155,134.10540313096658,131.6983804513261,132.08522033691406,13982606
2023-06-02 00:00:00+05:30,133.2457516305057,133.2457516305057,131.8703063667874,132.98785400390625,9851058
2023-06-05 00:00:00+05:30,133.67558512156072,134.10541015410593,132.77294992977195,133.58961486816406,11850547
2023-06-06 00:00:00+05:30,133.67557812093145,134.01943288207224,131.6983804513261,132.08522033691406,8118800
2023-06-07 00:00:00+05:30,132.04225910829848,132.81593894262994,131.13962389009887,132.25717163085938,12180164
2023-06-08 00:00:00+05:30,132.81594553169694,134.66418807052509,132.55804786838556,134.19139099121094,13850599
2023-06-09 00:00:00+05:30,134.70716857215663,134.87909596938357,132.21418851931736,132.6010284423828,11764248
2023-06-12 00:00:00+05:30,133.11679944081197,133.4606541724693,131.1825870615008,133.28872680664062,11017643
2023-06-13 00:00:00+05:30,133.41767976982473,134.27732978524526,132.60101487861886,133.8045196533203,10073644
2023-06-14 00:00:00+05:30,134.19138262490486,136.168567313509,133.976470105081,135.69577026367188,9695952
2023-06-15 00:00:00+05:30,135.39487671498054,135.73873147244876,134.2773290773815,135.52381896972656,7426254
2023-06-16 00:00:00+05:30,136.03961993174948,136.3834747036468,134.40629008940903,134.96505737304688,11466647
2023-06-19 00:00:00+05:30,135.7387739301054,136.2115842074279,134.53526878530468,135.65281677246094,4718221
2023-06-20 00:00:00+05:30,135.4378903567945,135.65280290476872,134.57824016489764,135.17999267578125,6059738
2023-06-21 00:00:00+05:30,134.96506470650596,138.01682516248547,134.6212099159249,137.7159423828125,8284206
2023-06-22 00:00:00+05:30,137.7159352420364,138.36067277885982,135.3948827329159,136.64137268066406,10629027
2023-06-23 00:00:00+05:30,136.68435973087736,136.68435973087736,133.589614263668,134.87908935546875,8722650
2023-06-26 00:00:00+05:30,134.96505960847637,136.039622184977,133.97646728498339,134.87908935546875,4273205
2023-06-27 00:00:00+05:30,136.55542034296732,136.55542034296732,135.26594522402416,135.69577026367188,9730174
2023-06-28 00:00:00+05:30,135.69577865863866,137.67296346956346,134.57823086297245,136.2975311279297,40243993
2023-06-30 00:00:00+05:30,138.4036628327413,138.4036628327413,136.64137754589922,137.80191040039062,7840112
2023-07-03 00:00:00+05:30,137.80190505449022,140.33787006779997,137.54400741713934,140.0369873046875,9548822
2023-07-04 00:00:00+05:30,139.69312440087717,140.03697915251522,137.54399941009444,138.57557678222656,5394282
2023-07-05 00:00:00+05:30,139.2632966800606,141.32645138398922,138.70452944026843,139.95101928710938,8795342
2023-07-06 00:00:00+05:30,139.95104423418175,142.52999463241403,139.73613170099574,142.18612670898438,9845699
2023-07-07 00:00:00+05:30,142.27206476893994,142.7018897380304,139.9510125592949,140.55276489257812,7597171
2023-07-10 00:00:00+05:30,140.89662751573468,142.18610249525838,139.69312278173302,139.9080352783203,5437687
2023-07-11 00:00:00+05:30,140.3378650590986,141.9282228349864,140.03698230672472,141.49839782714844,6343183
2023-07-12 00:00:00+05:30,142.6589131924534,145.28084828494482,142.05716082300077,144.1203155517578,15614026
2023-07-13 00:00:00+05:30,144.97999285440204,145.53877332340508,143.73350275773421,144.24929809570312,11350009
2023-07-14 00:00:00+05:30,145.28087603570438,145.92561365124746,144.59315328901437,145.49578857421875,9448062
2023-07-17 00:00:00+05:30,144.24927903219955,144.7650611847841,142.83084859885022,143.04576110839844,4968847
2023-07-18 00:00:00+05:30,143.04577613204947,144.55016385688805,142.74490645741372,143.47560119628906,4322257
2023-07-19 00:00:00+05:30,143.73350437793803,144.37824199905666,142.78789707062964,143.34666442871094,5968174
2023-07-20 00:00:00+05:30,143.56157783912727,144.507198269387,142.7019276724259,143.73350524902344,5217131
2023-07-21 00:00:00+05:30,143.86244933266448,147.00016694752202,143.1317415015346,146.6133270263672,7842863
2023-07-24 00:00:00+05:30,147.5589351676301,148.07473047713788,146.35543026840477,147.0001678466797,8451631
2023-07-25 00:00:00+05:30,147.85981706387736,149.02034994469676,147.25806461787525,148.71946716308594,10480578
2023-07-26 00:00:00+05:30,149.45017611974265,149.83701604385573,147.85981817734267,148.67648315429688,9103949
2023-07-27 00:00:00+05:30,149.1063079789338,149.2782353763632,146.7422701919258,147.0001678466797,7731146
2023-07-28 00:00:00+05:30,146.74226116619812,150.39577388503807,145.19488845006921,147.68788146972656,9004252
2023-07-31 00:00:00+05:30,148.54753695227132,152.5878897185583,147.3440189658497,152.2010498046875,9277749
2023-08-01 00:00:00+05:30,150.69665691583964,152.15805938251037,149.83700686283112,151.90016174316406,5584773
2023-08-02 00:00:00+05:30,152.15805200545762,153.5764692772653,149.5791019714668,151.2554168701172,8975495
2023-08-03 00:00:00+05:30,150.65367805516678,151.12648822742858,147.4299902223173,147.94578552246094,6152393
2023-08-04 00:00:00+05:30,149.02037048339844,149.9659778525243,147.9458077112863,149.02037048339844,4605271
2023-08-07 00:00:00+05:30,149.83701604385573,150.00894344154824,147.94578843479874,148.67648315429688,2240015
2023-08-08 00:00:00+05:30,148.633517391661,149.40721045791454,148.37563282013116,149.02037048339844,3631238
2023-08-09 00:00:00+05:30,149.02035041036908,152.37298056087135,148.9773652818304,152.0720977783203,4852294
2023-08-10 00:00:00+05:30,153.1037104380202,154.52212806348066,152.07211967344372,153.57650756835938,10430692
2023-08-11 00:00:00+05:30,153.7914044422193,154.47912717606735,151.90017676205215,152.3300018310547,4112277
2023-08-14 00:00:00+05:30,154.7370310579793,155.1238710121801,152.4589633476251,153.01773071289062,12876956
2023-08-16 00:00:00+05:30,151.55631140610612,154.26420390547702,151.12648636701746,153.92034912109375,8371665
2023-08-17 00:00:00+05:30,153.61947566932972,153.9633435918,152.24404333110863,152.8028106689453,5199363
2023-08-18 00:00:00+05:30,153.1476182320069,153.1476182320069,150.1303557370565,151.1217498779297,6734650
2023-08-21 00:00:00+05:30,151.12176947291135,151.9838445832483,150.2596943625744,151.76832580566406,3599820
2023-08-22 00:00:00+05:30,151.76832308812126,153.36315412115442,151.38039192626033,151.85452270507812,5348036
2023-08-23 00:00:00+05:30,152.5873021834936,152.75971458336483,150.86315187633548,151.294189453125,6379611
2023-08-24 00:00:00+05:30,151.29416396736258,152.32865134655168,148.9665640756319,149.22518920898438,7976333
2023-08-25 00:00:00+05:30,149.2251952694262,151.07865135098805,149.00967650858314,150.60450744628906,4757915
2023-08-28 00:00:00+05:30,150.94935336213933,151.5528032936611,150.47520943229296,151.03555297851562,4354221
2023-08-29 00:00:00+05:30,151.38039888982013,151.8114364570984,150.82004215982477,151.4665985107422,4596468
2023-08-30 00:00:00+05:30,151.4665829479114,152.50107037224365,150.8631330465694,151.5096893310547,5937955
2023-08-31 00:00:00+05:30,151.55281828276165,151.72523068678834,149.18211155328058,150.13038635253906,15823452
2023-09-01 00:00:00+05:30,150.34588713106407,159.26836937821716,150.34588713106407,156.68214416503906,22460960
2023-09-04 00:00:00+05:30,158.49248913820622,159.00972622976934,156.72523281170342,157.71661376953125,10998180
2023-09-05 00:00:00+05:30,158.1907873168216,160.34597515492544,157.24249940636687,157.84596252441406,13506519
2023-09-06 00:00:00+05:30,159.3976567300903,160.99250068666635,157.1993760794316,157.80282592773438,11954407
2023-09-07 00:00:00+05:30,159.48388814598198,159.65630052934952,156.03558786174455,156.68214416503906,11137801
2023-09-08 00:00:00+05:30,157.3286763486284,159.44075731808113,156.8976388791801,159.0097198486328,9737214
2023-09-11 00:00:00+05:30,159.87180964244757,160.30284715194688,157.1562785942903,158.10455322265625,10845871
2023-09-12 00:00:00+05:30,159.3545627179896,159.39765594291117,155.3459062337789,155.94935607910156,15524470
2023-09-13 00:00:00+05:30,156.81143353679215,159.22524611065845,155.94935855714135,158.53558349609375,10578786
2023-09-14 00:00:00+05:30,159.2683707421359,162.84597705598094,158.7942268181485,161.98390197753906,17746404
2023-09-15 00:00:00+05:30,165.25979289074786,165.25979289074786,160.00114270982405,160.90631103515625,19924829
2023-09-18 00:00:00+05:30,160.17355448801266,161.639079511405,159.5701045553478,160.99252319335938,5022956
2023-09-20 00:00:00+05:30,160.73387672580583,163.36320803478228,160.51835798169662,162.2425079345703,12687099
2023-09-21 00:00:00+05:30,162.414926742711,162.4580331240871,160.38905836024165,160.94940185546875,7814108
2023-09-22 00:00:00+05:30,160.86319608458606,161.8114706674301,159.4838708587145,159.57008361816406,7814821
2023-09-25 00:00:00+05:30,160.3459545042958,160.9494043904033,159.69939823613333,159.9149169921875,5540062
2023-09-26 00:00:00+05:30,160.3459373504598,162.19939319255417,159.699381151466,161.8545684814453,12446655
2023-09-27 00:00:00+05:30,163.19080995401995,163.19080995401995,160.60458479834364,161.42355346679688,5630907
2023-09-28 00:00:00+05:30,162.84596869311704,163.36321897530777,160.7769938727963,161.59596252441406,14890642
2023-09-29 00:00:00+05:30,162.5011425201872,165.73392387005828,162.19941099917747,165.38909912109375,10085766
2023-10-03 00:00:00+05:30,163.19080329237795,163.19080329237795,158.32007155548376,159.13905334472656,22118500
2023-10-04 00:00:00+05:30,159.0097295667622,159.13904870803202,156.98386122907286,157.54420471191406,9360058
2023-10-05 00:00:00+05:30,156.25111488821514,158.62182145893289,156.035596109059,157.07008361816406,11128340
2023-10-06 00:00:00+05:30,158.1907640890259,158.1907640890259,155.69075182560152,156.4235076904297,5759904
2023-10-09 00:00:00+05:30,157.67351018281835,159.2252477934334,156.25109171304976,156.63902282714844,14622727
2023-10-10 00:00:00+05:30,157.1562628338598,159.05282505461565,156.94074410072346,158.1907501220703,11819690
2023-10-11 00:00:00+05:30,158.96663127320667,159.2252564146825,157.54421272642128,157.97525024414062,8499601
2023-10-12 00:00:00+05:30,157.9321261750121,159.35455771672324,157.75971381807668,159.0097198486328,8677885
2023-10-13 00:00:00+05:30,159.05286502135817,160.56149653240087,158.6649338350775,159.39768981933594,7435899
2023-10-16 00:00:00+05:30,162.02699865275898,162.2425174094544,160.56147373807445,160.82009887695312,12376549
2023-10-17 00:00:00+05:30,161.2080339470166,161.2511403302531,159.95802775848557,160.5614776611328,4381065
2023-10-18 00:00:00+05:30,162.07009836389375,162.11320474430272,160.3890547617081,161.1649169921875,10181113
2023-10-19 00:00:00+05:30,160.34595859552635,160.90630211387597,159.52698993246872,160.60458374023438,9148124
2023-10-20 00:00:00+05:30,161.20803425245822,161.466659398146,159.61319014923467,160.51837158203125,7912216
2023-10-23 00:00:00+05:30,160.3028584353475,160.3028584353475,158.79422704591036,159.35458374023438,4723090
2023-10-25 00:00:00+05:30,159.35459102634422,160.21666614543892,157.75974679433006,158.92355346679688,6812004
2023-10-26 00:00:00+05:30,158.19075625226583,158.75109971844688,155.08728111314917,155.94935607910156,8474867
2023-10-27 00:00:00+05:30,156.03557507175555,160.17353770450256,155.43212520232214,159.2683563232422,6422123
2023-10-30 00:00:00+05:30,159.4838779338921,163.10459036965523,159.13905318923688,162.759765625,7352638
2023-10-31 00:00:00+05:30,163.10458153086847,163.62183177404188,158.79420668515726,160.47525024414062,9404675
2023-11-01 00:00:00+05:30,160.47525796877312,162.75976463949908,159.5269833496026,160.94940185546875,9167869
2023-11-02 00:00:00+05:30,161.20803425245822,161.76837777293065,160.13044044061024,160.51837158203125,11471209
2023-11-03 00:00:00+05:30,160.90629396798383,164.35459397826344,160.1735381083318,163.79425048828125,7464912
2023-11-06 00:00:00+05:30,163.96666137559916,167.4149613547042,163.4063178906828,166.63909912109375,8962124
2023-11-07 00:00:00+05:30,166.72529933162593,170.69084958364118,165.82013110721036,166.55288696289062,13921916
2023-11-08 00:00:00+05:30,166.9839100365517,169.44082883000033,165.77701040544466,168.40634155273438,10186886
2023-11-09 00:00:00+05:30,169.39774445479208,169.5701568310265,165.69081917175646,166.12185668945312,5303833
2023-11-10 00:00:00+05:30,166.12184068857133,169.39772813837627,166.12184068857133,168.88047790527344,6025889
2023-11-13 00:00:00+05:30,168.88049587652517,170.08740883079096,167.32877132053116,168.79429626464844,11181086
2023-11-15 00:00:00+05:30,171.1218728278215,175.00120999520286,170.3891038789617,171.98394775390625,19769385
2023-11-16 00:00:00+05:30,174.57018570278706,175.34604793311127,173.27707321609975,173.96673583984375,18629240
2023-11-17 00:00:00+05:30,173.14778575101755,173.49261052266579,168.57878517845825,169.26844787597656,13199928
2023-11-20 00:00:00+05:30,170.6908446805711,171.1218821671382,169.82876970743692,170.56153869628906,6423265
2023-11-21 00:00:00+05:30,171.36062057623795,172.20410278658156,169.58486285005932,169.76243591308594,10720353
2023-11-22 00:00:00+05:30,169.76244245463477,170.33957186665543,168.4750207631376,169.58486938476562,7538825
2023-11-23 00:00:00+05:30,169.58487192461158,170.25078110756164,168.3418468689543,169.27410888671875,6541617
2023-11-24 00:00:00+05:30,169.45167619795166,170.3395550073767,167.05439257413965,167.67591857910156,5751331
2023-11-28 00:00:00+05:30,167.67594237925923,172.648056289015,167.27638601994,172.20411682128906,9277764
2023-11-29 00:00:00+05:30,173.58030839761096,173.58030839761096,170.20636618975428,170.4727325439453,8791333
2023-11-30 00:00:00+05:30,171.04985590546517,173.7134924690465,170.5171367215226,173.09197998046875,14965403
2023-12-01 00:00:00+05:30,173.3583594594177,176.02199622447918,172.47048053773054,172.73684692382812,9935740
2023-12-04 00:00:00+05:30,174.46821927706495,182.81427625586855,174.0686764463274,179.3959503173828,28615290
2023-12-05 00:00:00+05:30,179.529126744976,181.08291495736714,176.8210931509312,179.3959503173828,14557746
2023-12-06 00:00:00+05:30,180.9053443163371,180.9053443163371,176.77671242965062,179.30715942382812,12662213
2023-12-07 00:00:00+05:30,178.37484820307338,178.37484820307338,174.06864408661056,176.59909057617188,16425880
2023-12-08 00:00:00+05:30,177.44259405117808,177.8421368251215,172.33729065045765,173.9798583984375,10414387
2023-12-11 00:00:00+05:30,174.95654259716855,178.3304851777206,172.47047893002718,175.62245178222656,10108266
2023-12-12 00:00:00+05:30,174.8677617543587,175.62246430374935,172.73685762942674,173.49154663085938,10719911
2023-12-13 00:00:00+05:30,173.49153246614412,173.49153246614412,170.51714626576862,171.49380493164062,10892122
2023-12-14 00:00:00+05:30,173.9354617462313,174.29062141592468,171.58258820682087,173.9798583984375,15257294
2023-12-15 00:00:00+05:30,175.13411409050676,179.30714223630386,174.7789679475288,178.508056640625,22863981
2023-12-18 00:00:00+05:30,178.50806655405188,179.04078579810331,175.22291713121615,176.6879119873047,8061011
2023-12-19 00:00:00+05:30,179.35155464813712,180.727769782009,176.95428410253086,177.8421630859375,16739742
2023-12-20 00:00:00+05:30,179.12955532493825,188.2303134021656,178.41924954590493,180.41697692871094,57762576
2023-12-21 00:00:00+05:30,181.0828951577924,183.56895873538406,178.64122823386344,179.92864990234375,22823936
2023-12-22 00:00:00+05:30,181.1272976560719,181.5712371111113,179.17396676348997,181.08290100097656,9910694
2023-12-26 00:00:00+05:30,181.5712394831366,185.12275516984832,180.8165369805275,184.10169982910156,17052969
2023-12-27 00:00:00+05:30,186.01064399809218,186.36579016649486,181.57124915326898,182.50352478027344,20361303
2023-12-28 00:00:00+05:30,183.34700558905334,185.47790967792702,182.32595020229257,184.9451904296875,22010872
2023-12-29 00:00:00+05:30,184.67881034579372,184.67881034579372,181.34926448619407,182.0595703125,12171663
2024-01-01 00:00:00+05:30,182.90307418334828,183.8797465035107,181.79322543223574,182.32595825195312,4820168
2024-01-02 00:00:00+05:30,182.3259357428584,187.12047633657002,180.8165307893226,183.8353271484375,21141219
2024-01-03 00:00:00+05:30,182.45912029362526,186.85411829183644,181.57124136275604,184.90078735351562,11650902
2024-01-04 00:00:00+05:30,186.89851405052653,191.24911537171218,185.833062048191,190.5832061767578,31054419
2024-01-05 00:00:00+05:30,191.2935175322199,193.11367209372935,189.1626134662308,192.181396484375,20743811
2024-01-08 00:00:00+05:30,193.55762603063337,196.0436899919947,192.75854033317663,193.5132293701172,19310595
2024-01-09 00:00:00+05:30,196.22122617702564,196.6207689506003,191.73743526746165,192.35894775390625,11951525
2024-01-10 00:00:00+05:30,190.89398120284145,190.89398120284145,186.1882198868542,188.3191375732422,16500666
2024-01-11 00:00:00+05:30,190.00610236302708,190.00610236302708,187.2092889857452,188.09716796875,12586419
2024-01-12 00:00:00+05:30,189.82851295859382,199.55078427719033,188.54109125349365,198.35214233398438,39228118
2024-01-15 00:00:00+05:30,202.88033796224656,209.05109389089407,199.46199862116137,207.31973266601562,57884916
2024-01-16 00:00:00+05:30,208.60712072057424,212.15863590985137,205.1887954796682,208.7403106689453,34505065
2024-01-17 00:00:00+05:30,206.1654792731687,210.649270458268,204.83366091410696,206.0323028564453,26010955
2024-01-18 00:00:00+05:30,204.25654432322577,208.2076027315682,199.46199011875666,207.36412048339844,19232183
2024-01-19 00:00:00+05:30,209.5394170669853,215.35502647907134,208.65153818110824,214.9110870361328,26391844
2024-01-23 00:00:00+05:30,217.53034501324308,218.1074609175645,202.43640270620173,204.1233673095703,20282617
2024-01-24 00:00:00+05:30,205.1000175018664,208.65153295644419,202.52517421648005,208.0744171142578,14458601
2024-01-25 00:00:00+05:30,208.65155726029212,210.8712546779548,206.69822624234052,207.80807495117188,18291957
2024-01-29 00:00:00+05:30,213.97880067730893,226.3647077994541,212.2918362986204,224.1894073486328,54127939
2024-01-30 00:00:00+05:30,227.74094892646886,233.77851490174803,220.7710938032984,221.25942993164062,51491099
2024-01-31 00:00:00+05:30,222.36926826992791,225.83200411609124,218.68457624624781,223.9674530029297,33293192
2024-02-01 00:00:00+05:30,226.0983773617057,226.0983773617057,217.92989343637026,219.8832244873047,29758133
2024-02-02 00:00:00+05:30,221.9697231222288,230.84851204711794,221.0818442297399,228.40684509277344,30482663
2024-02-05 00:00:00+05:30,230.89290288631523,237.99593426411735,226.49791847884876,233.4677734375,34001868
2024-02-06 00:00:00+05:30,235.598682065199,242.74609669131553,231.02611094499255,241.76942443847656,36708949
2024-02-07 00:00:00+05:30,244.16672166340672,244.74383758633695,237.55201236543152,241.41429138183594,23756939
2024-02-08 00:00:00+05:30,242.4353613397902,244.74385226588907,238.9282553849121,242.52415466308594,25252940
2024-02-09 00:00:00+05:30,244.16669527749153,244.74381113805566,230.09380942140615,237.55198669433594,26743792
2024-02-12 00:00:00+05:30,232.5798888171575,236.70852028517226,228.00729080299274,228.9839630126953,30906374
2024-02-13 00:00:00+05:30,229.07276837122924,232.97943031961756,226.14276513595922,230.4045867919922,20711842
2024-02-14 00:00:00+05:30,229.07276135095532,239.41654534936404,227.29700351102542,238.7062530517578,36168962
2024-02-15 00:00:00+05:30,241.1923059914204,248.4729240580835,238.8394322453609,246.2088165283203,32831246
2024-02-16 00:00:00+05:30,247.87540843293783,250.4429041357038,243.55122540168955,247.47003173828125,27044984
2024-02-19 00:00:00+05:30,247.47004797921127,251.38882708049883,245.3980217092047,247.42498779296875,15322964
2024-02-20 00:00:00+05:30,247.56014262359008,253.2806975234372,246.88448718248586,249.18173217773438,18968785
2024-02-21 00:00:00+05:30,248.6411783686675,253.23564042397737,244.67733899462107,245.89352416992188,16340579
2024-02-22 00:00:00+05:30,246.70428354728296,248.64115662393613,241.88460345480743,247.47003173828125,16791453
2024-02-23 00:00:00+05:30,247.65019240047647,248.64115904007534,244.22688309184645,245.2178497314453,9464646
2024-02-26 00:00:00+05:30,244.94756447225208,244.94756447225208,241.2539766387788,243.1007843017578,8661999
2024-02-27 00:00:00+05:30,241.47922287358423,243.4161236320653,238.68653595133208,242.65037536621094,19582774
2024-02-28 00:00:00+05:30,243.23594043979304,243.50619159884195,238.3712271294948,239.4072265625,9118196
2024-02-29 00:00:00+05:30,238.73155984611114,239.94774498910758,235.578501508521,238.3712158203125,17179832
2024-03-01 00:00:00+05:30,240.08285655372777,245.8935032909528,240.08285655372777,243.73138427734375,12930057
2024-03-04 00:00:00+05:30,245.71333955854007,252.74014450492393,245.48812109881638,251.52398681640625,22280353
2024-03-05 00:00:00+05:30,252.2446783796806,256.7040149408881,249.22674547914036,255.62295532226562,18544484
2024-03-06 00:00:00+05:30,256.1183915164132,256.1183915164132,246.43399887828758,252.46986389160156,16807149
2024-03-07 00:00:00+05:30,252.46989327407297,256.1634815109245,249.7672717582042,250.53302001953125,11386963
2024-03-11 00:00:00+05:30,250.5330199992478,252.69511171327022,246.11874368885043,246.8394317626953,10684598
2024-03-12 00:00:00+05:30,246.8394188477876,248.28082241254933,242.38008258328742,243.5962677001953,13780189
2024-03-13 00:00:00+05:30,243.95663169422107,244.13681746425286,227.695869424686,230.03814697265625,20079496
2024-03-14 00:00:00+05:30,227.47063588779085,238.14599598141817,226.2994971913971,237.155029296875,21404057
2024-03-15 00:00:00+05:30,237.78564410847812,239.99276836359522,224.22747728781962,233.10108947753906,34961065
2024-03-18 00:00:00+05:30,233.28128426066885,236.97484489027872,232.02003893179173,235.66859436035156,9246173
2024-03-19 00:00:00+05:30,236.02894726185812,237.78566225564958,231.20926669522717,233.55154418945312,8758348
2024-03-20 00:00:00+05:30,233.73174744425958,238.371242592142,231.70478114244287,237.69558715820312,10484778
2024-03-21 00:00:00+05:30,238.46132542192694,240.48829163823257,236.3442663197322,236.88479614257812,12163200
2024-03-22 00:00:00+05:30,236.88477815222083,238.9567769078674,232.83084602748792,237.155029296875,13025089
2024-03-26 00:00:00+05:30,235.7136370198566,241.3440985743749,233.59657797686012,239.1820068359375,10830926
2024-03-27 00:00:00+05:30,238.73156615861166,241.61437342620127,233.91188564521386,235.80372619628906,28563001
2024-03-28 00:00:00+05:30,236.4343311688126,244.13679088040683,235.9838942852694,241.4792022705078,18888942
2024-04-01 00:00:00+05:30,241.4792214061834,244.58724714591665,241.2540029465647,243.14584350585938,6440401
2024-04-02 00:00:00+05:30,243.3260066318471,246.88444146725834,242.7404441898159,245.48809814453125,14439120
2024-04-03 00:00:00+05:30,247.78533963761194,251.34380231614392,246.70430752099224,248.0556182861328,22600929
2024-04-04 00:00:00+05:30,251.02852659067833,251.02852659067833,239.04691377003266,242.33509826660156,24624383
2024-04-05 00:00:00+05:30,241.29905201926576,244.94757990003527,240.0828668948471,241.38914489746094,13029904
2024-04-08 00:00:00+05:30,241.0287718961645,245.03767126495703,240.17295828981176,243.5962677001953,13011300
2024-04-09 00:00:00+05:30,243.23594563185057,245.62325589603577,241.43419788642944,242.2900390625,13173933
2024-04-10 00:00:00+05:30,243.19090879833846,246.11874883484285,242.47019321693668,245.03768920898438,11137195
2024-04-12 00:00:00+05:30,244.94756813592468,245.4880978866492,238.73154473380563,239.36216735839844,21894584
2024-04-15 00:00:00+05:30,242.42517867225524,254.90228802975196,240.62343082258036,252.1095733642578,75063828
2024-04-16 00:00:00+05:30,249.54202938288316,263.5506052339174,247.9655003163848,255.0823974609375,79082544
2024-04-18 00:00:00+05:30,257.64990843613185,259.18140490285185,246.25386029226186,246.97454833984375,34136482
2024-04-19 00:00:00+05:30,249.31681050396745,252.96533819727537,246.92950056313109,247.9654998779297,32658724
2024-04-22 00:00:00+05:30,249.81229909226244,250.44292176276065,246.61420803077598,249.3618621826172,14184019
2024-04-23 00:00:00+05:30,249.40692236907398,251.11857712722852,248.23576990850404,249.3618621826172,8799147
2024-04-24 00:00:00+05:30,250.08260455827042,252.6050405258542,248.91145197207857,251.6591339111328,9253985
2024-04-25 00:00:00+05:30,251.65912620046598,254.58696633750336,250.4429409527372,254.00140380859375,17050557
2024-04-26 00:00:00+05:30,254.94730113601122,257.78504828266705,254.2266130485231,254.85720825195312,11070290
2024-04-29 00:00:00+05:30,255.80312727585894,256.97425222238434,254.181537935493,255.12747192382812,8952420
2024-04-30 00:00:00+05:30,256.2985852564658,257.9652072144513,253.55093127970875,254.81214904785156,10658906
2024-05-02 00:00:00+05:30,253.14557354812186,256.388725184603,251.38885839305152,254.7671356201172,15677336
2024-05-03 00:00:00+05:30,255.8481498251986,263.91098103675455,255.8481498251986,257.739990234375,28913016
2024-05-06 00:00:00+05:30,260.0822580079963,260.12729069770336,247.9654952884601,254.1815185546875,15491865
2024-05-07 00:00:00+05:30,255.75803779050844,256.7490043584588,245.0376462649151,246.4790496826172,13179001
2024-05-08 00:00:00+05:30,246.38898860548505,252.46988686174475,245.35298921587898,249.40692138671875,12797721
2024-05-09 00:00:00+05:30,249.76728918595094,250.93841426088198,237.11002186712136,238.95680236816406,14869187
2024-05-10 00:00:00+05:30,240.53334134337422,244.31702287835617,238.23612379945064,243.461181640625,9530738
2024-05-13 00:00:00+05:30,244.94757569467038,244.94757569467038,236.073963448278,240.44320678710938,7163239
2024-05-14 00:00:00+05:30,241.38914097985023,247.42497882615794,240.03783030631305,245.84844970703125,9123849
2024-05-15 00:00:00+05:30,247.2898548448118,248.64116552702387,245.488107268529,246.3439483642578,6368662
2024-05-16 00:00:00+05:30,248.64118812468845,251.6591210877431,246.6592546136556,250.12762451171875,23757779
2024-05-17 00:00:00+05:30,251.16360637583847,255.30763138622618,249.18170049607863,249.94744873046875,11529157
2024-05-21 00:00:00+05:30,253.23566702010388,255.84819591652806,250.7582637145741,252.3347930908203,17559555
2024-05-22 00:00:00+05:30,255.8481596802636,255.8481596802636,249.45195018975969,250.4429168701172,17935064
2024-05-23 00:00:00+05:30,252.19963332515906,256.3436308443311,251.43388509053403,255.35269165039062,17719819
2024-05-24 00:00:00+05:30,255.8482324477328,257.60494785766394,253.9113587217154,255.17257690429688,11041667
2024-05-27 00:00:00+05:30,255.84817908482435,256.0283648558232,248.37093696067885,250.12762451171875,13719808
2024-05-28 00:00:00+05:30,251.61404931855878,251.61404931855878,245.98358789008685,247.10968017578125,6927361
2024-05-29 00:00:00+05:30,246.6592602228239,246.6592602228239,243.4611689085327,244.90257263183594,8327205
2024-05-30 00:00:00+05:30,245.9385400377562,247.83038045962073,238.73154985349962,240.26304626464844,15390964
2024-05-31 00:00:00+05:30,241.83958419652402,241.83958419652402,236.92981095725912,238.14599609375,24167379
2024-06-03 00:00:00+05:30,250.39790926131792,258.14540273799804,246.11875827460977,255.9382781982422,30195397
2024-06-04 00:00:00+05:30,256.7490126827463,256.7490126827463,200.89484150264008,212.87646484375,72779900
2024-06-05 00:00:00+05:30,222.51582592280224,224.9932288429954,207.60636196293672,222.9662628173828,37078551
2024-06-06 00:00:00+05:30,228.82194904507983,233.77675502833944,224.54279842317382,227.29046630859375,30881233
2024-06-07 00:00:00+05:30,228.37151574860596,234.9478837061073,226.8400329879035,234.58753967285156,22010688
2024-06-10 00:00:00+05:30,237.8306844922771,237.8306844922771,232.47047435615724,233.46144104003906,14138524
2024-06-11 00:00:00+05:30,240.3981978185991,247.74031436397928,238.9567941274382,246.4340362548828,47270206
2024-06-12 00:00:00+05:30,250.44293478742483,251.43390153867855,247.3799691410404,248.1907501220703,20560662
2024-06-13 00:00:00+05:30,250.44293582314702,250.44293582314702,245.48812953887614,249.13665771484375,16013386
2024-06-14 00:00:00+05:30,249.54203524990893,250.6230947750617,247.3799436920892,248.1006317138672,10642648
2024-06-18 00:00:00+05:30,251.29874230995586,251.3437750002379,246.83940627263507,248.46096801757812,17044769
2024-06-19 00:00:00+05:30,248.55106961262143,249.18169225360919,244.22688647937522,244.63226318359375,13361607
2024-06-20 00:00:00+05:30,244.85751244181716,246.8394459979203,242.42516943295172,244.90257263183594,12826509
2024-06-21 00:00:00+05:30,244.5422285362343,247.5151013774389,242.24498362031312,242.92063903808594,17406416
2024-06-24 00:00:00+05:30,242.92062504624067,244.36202868629795,240.17297083588753,243.14584350585938,7282347
2024-06-25 00:00:00+05:30,243.3260397129319,243.95663493143374,238.73157744104049,240.5333251953125,14425434
2024-06-26 00:00:00+05:30,240.44323606896245,242.47020232421457,237.92080017053337,241.208984375,10650910
2024-06-27 00:00:00+05:30,240.89364125511705,241.5242638928276,237.38023904105214,240.98373413085938,22830930
2024-06-28 00:00:00+05:30,242.33506774523633,248.1457151249706,241.74950523617116,247.01962280273438,19532912
2024-07-01 00:00:00+05:30,247.74030453399843,248.46099260473866,244.67733899462107,245.89352416992188,11750972
2024-07-02 00:00:00+05:30,246.11871217067406,252.06445674969652,244.58721584426874,247.6051483154297,24470518
2024-07-03 00:00:00+05:30,248.64115662393613,250.17265300593272,246.83940911216848,247.47003173828125,9125400
2024-07-04 00:00:00+05:30,247.74030156721898,251.25370398185663,245.9835866136565,249.5870819091797,13444669
2024-07-05 00:00:00+05:30,249.76728634890125,260.622805741461,249.0916309304642,259.6318664550781,39781962
2024-07-08 00:00:00+05:30,261.25343851960105,272.9647995566866,258.86612811438556,269.4964294433594,53136198
2024-07-09 00:00:00+05:30,270.98280981819937,271.92874374007306,264.27131695506927,267.96490478515625,18686252
2024-07-10 00:00:00+05:30,269.99192159190295,270.0819869888336,260.2174341783074,268.5955505371094,19278800
2024-07-11 00:00:00+05:30,270.26213973736157,276.74844208805285,265.89289631311027,274.5412902832031,36020507
2024-07-12 00:00:00+05:30,276.3880770713081,280.8474134787922,274.04582713251557,276.6583557128906,31788101
2024-07-15 00:00:00+05:30,280.8924386986813,291.5677986836884,278.0546917387393,290.53179931640625,51435537
2024-07-16 00:00:00+05:30,291.5227722742984,295.12626753728733,288.0544025851742,290.66693115234375,37468292
2024-07-18 00:00:00+05:30,292.8740820726827,300.26123084298047,289.7660564211787,298.8198547363281,48189915
2024-07-19 00:00:00+05:30,299.99096473451044,300.17115048509896,286.52289090634224,287.96429443359375,26579496
2024-07-22 00:00:00+05:30,288.279617129951,291.2975498702776,283.32481121053,289.00030517578125,22234557
2024-07-23 00:00:00+05:30,288.32460965099756,289.54079461481143,267.9198263425047,283.00946044921875,37871058
2024-07-24 00:00:00+05:30,282.01852694976026,293.45963499810046,281.1627133508599,287.87420654296875,28259305
2024-07-25 00:00:00+05:30,286.5228879976343,304.0899262947425,284.7662006634147,302.5133972167969,42054664
2024-07-26 00:00:00+05:30,303.1440740726766,304.94582191263305,297.3784864833139,298.72979736328125,25703985
2024-07-29 00:00:00+05:30,300.71169041806115,305.89171523273035,297.9640360785801,299.9009094238281,26721790
2024-07-30 00:00:00+05:30,299.09015392941643,304.72061616453345,298.1892799717977,299.00006103515625,19792253
2024-07-31 00:00:00+05:30,299.13515122830773,303.99989201771047,297.06315236799776,301.0720520019531,21393361
2024-08-01 00:00:00+05:30,304.3151641377379,310.53121546396454,303.7296016556623,307.8736267089844,36044960
2024-08-02 00:00:00+05:30,304.49534604630963,304.49534604630963,296.0721704722709,297.3784484863281,22939377
2024-08-05 00:00:00+05:30,288.5949560516603,291.2525175306691,275.6674102365154,279.4961242675781,37986023
2024-08-06 00:00:00+05:30,283.5950937881623,290.4868011430386,274.90166611900844,275.75750732421875,28386636
2024-08-07 00:00:00+05:30,281.43299526958816,298.14422227803936,281.0726512152459,296.47760009765625,66110716
2024-08-08 00:00:00+05:30,296.38746882280077,296.38746882280077,289.8111013322374,290.71197509765625,23478224
2024-08-09 00:00:00+05:30,300.84681660345615,302.55847132550764,295.6667922517953,299.5855712890625,29814474
2024-08-12 00:00:00+05:30,299.7657410979068,310.53119343560707,297.1982454051828,307.46820068359375,34754596
2024-08-13 00:00:00+05:30,309.99069206770116,310.8014730205616,299.94595430770806,302.603515625,28943385
2024-08-14 00:00:00+05:30,302.55850517193244,303.1440677091282,294.40557987178005,295.62176513671875,17812763
2024-08-16 00:00:00+05:30,299.5855702392506,302.4683773870676,296.07216792893314,296.9280090332031,16584396
2024-08-19 00:00:00+05:30,301.79273712559535,305.1710140337177,300.48645905745957,302.06298828125,19636518
2024-08-20 00:00:00+05:30,302.5584728643349,302.69359843656815,295.5316406908511,297.3784484863281,14972714
2024-08-21 00:00:00+05:30,297.8739001804916,298.63964836710943,294.13527961345767,295.2163391113281,11835143
2024-08-22 00:00:00+05:30,295.98207879327373,297.73879371688855,291.5227699365764,292.19842529296875,13387819
2024-08-23 00:00:00+05:30,294.5135267034511,294.87666978399955,288.29460101465986,289.5202331542969,13229612
2024-08-26 00:00:00+05:30,293.69641405199246,298.7804997128017,293.06089295462704,297.6456604003906,21346682
2024-08-27 00:00:00+05:30,299.05284604035654,301.9126355279345,295.9660886933512,298.55352783203125,20165503
2024-08-28 00:00:00+05:30,298.3719771146033,299.8699596195904,294.7404909420086,297.60028076171875,12446738
2024-08-29 00:00:00+05:30,296.0568557605475,299.7337236826975,295.01280923873014,299.2344055175781,13799961
2024-08-30 00:00:00+05:30,300.0061225561384,303.59219805029863,299.1890161113077,300.2784729003906,19666466
2024-09-02 00:00:00+05:30,299.59757494722106,301.36793533614235,295.7845038200232,296.1476745605469,8975511
2024-09-03 00:00:00+05:30,296.8739459264907,297.7818173207613,292.01682842593567,292.51617431640625,10321111
2024-09-04 00:00:00+05:30,285.97948178161704,287.06893850891356,279.987525193557,285.43475341796875,25397204
2024-09-05 00:00:00+05:30,287.74988512635275,287.74988512635275,281.57634225726827,282.711181640625,15571640
2024-09-06 00:00:00+05:30,282.8019721392685,284.29995457247406,275.72058552445696,280.3507080078125,27946491
2024-09-09 00:00:00+05:30,280.2599505271268,280.2599505271268,267.504338991944,271.36279296875,30369085
2024-09-10 00:00:00+05:30,272.45221206220236,273.7232264781074,267.8220623915147,268.3667907714844,15618589
2024-09-11 00:00:00+05:30,265.4616094623597,265.4616094623597,257.1545911414516,259.0157165527344,44826300
2024-09-12 00:00:00+05:30,261.46692363495976,267.5950546576541,260.10511674102764,266.95953369140625,21964895
2024-09-13 00:00:00+05:30,268.45757440494634,269.8647639419097,264.23595038198556,264.59912109375,13672371
2024-09-16 00:00:00+05:30,267.64049193073924,268.1852203410374,264.5083520570913,265.5523986816406,10971110
2024-09-17 00:00:00+05:30,266.64184177049407,269.27466329430354,265.2346244741908,267.5043029785156,11873436
2024-09-18 00:00:00+05:30,270.1825285315894,270.36408618417113,261.3761650533192,263.6458435058594,13421760
2024-09-19 00:00:00+05:30,260.92225503408264,262.55644030431506,256.4736903706316,258.9703369140625,17067311
2024-09-20 00:00:00+05:30,260.5591079378753,262.4202333407306,258.9249503990774,259.8782043457031,16585530
2024-09-23 00:00:00+05:30,261.83011122196484,269.0930825607491,261.05841497601165,268.2306213378906,14621229
2024-09-24 00:00:00+05:30,269.0023042992383,274.1771827379663,267.5497321184374,271.86212158203125,16986759
2024-09-25 00:00:00+05:30,271.8621475610661,273.4509227784233,269.3655007909332,271.1812438964844,10609614
2024-09-26 00:00:00+05:30,269.68320212069614,271.18121217236404,264.6445266746572,268.003662109375,27812412
2024-09-27 00:00:00+05:30,265.73397558468156,270.95423624709366,263.0103613260317,269.81939697265625,35706130
2024-09-30 00:00:00+05:30,269.63782772683936,273.9955997187971,266.6872454368992,270.18255615234375,16294341
2024-10-01 00:00:00+05:30,269.63784066636714,271.5897588875588,263.9182611891935,265.0531005859375,10919818
2024-10-03 00:00:00+05:30,267.8220918643404,270.54570635787604,263.7820526165134,265.14385986328125,28124665
2024-10-04 00:00:00+05:30,269.63784746110287,272.08911170225645,266.18794669048145,268.049072265625,23104209
2024-10-07 00:00:00+05:30,268.72993278225624,269.0022831182021,255.5657975615038,262.78338623046875,20917962
2024-10-08 00:00:00+05:30,261.60315119507044,266.82341200101735,254.70332267556788,266.4148864746094,10572360
2024-10-09 00:00:00+05:30,264.417575591565,265.00768652807216,260.4229465143939,261.9209289550781,13147475
2024-10-10 00:00:00+05:30,262.1024751800028,265.2346147778456,261.05840094135306,262.1478576660156,7237212
2024-10-11 00:00:00+05:30,264.4629694090737,266.59647307645764,262.8288117139937,265.5978088378906,7011704
2024-10-14 00:00:00+05:30,265.7340086763741,265.91556635927117,258.87956198156985,260.1051940917969,12690951
2024-10-15 00:00:00+05:30,260.0143771550144,260.0143771550144,254.9757017012423,257.5631408691406,15087155
2024-10-16 00:00:00+05:30,256.92762040836885,260.78607407174536,254.79411695917656,259.10650634765625,18188885
2024-10-17 00:00:00+05:30,258.7433428386484,261.1038139636467,255.06647483861875,255.65658569335938,13343303
2024-10-18 00:00:00+05:30,256.01972945891134,258.2894079115613,253.47770067435775,257.199951171875,14028398
2024-10-21 00:00:00+05:30,255.24806805878168,257.8355073889278,249.25611058529586,251.1172637939453,10299773
2024-10-22 00:00:00+05:30,252.38829461499955,252.52446980829578,245.1253221080931,245.8516082763672,10028511
2024-10-23 00:00:00+05:30,245.1253068517905,249.1199359407599,240.63133181042514,245.89700317382812,18823321
2024-10-24 00:00:00+05:30,246.85022583555738,247.34957172456052,243.62729347778236,244.30819702148438,7488521
2024-10-25 00:00:00+05:30,245.12526481122555,245.3976151341574,237.49915100274995,239.72341918945312,12961181
2024-10-28 00:00:00+05:30,236.63668766518683,240.6313164999936,231.7795837243444,239.08795166015625,13835091
2024-10-29 00:00:00+05:30,239.0879551284718,241.08525572182998,235.5018517701131,240.5859375,9122757
2024-10-30 00:00:00+05:30,240.58591506140783,241.67537179693036,236.99981203751219,237.54454040527344,11166643
2024-10-31 00:00:00+05:30,239.1333128438827,243.5818770068781,237.09060226542235,241.6299591064453,16173656
2024-11-01 00:00:00+05:30,244.9437051489161,248.75677630609619,243.89965852679515,246.7140655517578,2955757
2024-11-04 00:00:00+05:30,248.7567530353661,249.0745135530782,236.18272913817432,240.85826110839844,14355959
2024-11-05 00:00:00+05:30,240.7675157499269,243.8542730890721,239.31491591208282,242.7648162841797,11676017
2024-11-06 00:00:00+05:30,243.03716746898715,245.6699887993569,240.04117543977932,244.2627716064453,19244545
2024-11-07 00:00:00+05:30,245.5792246418155,245.5792246418155,240.40434634883354,240.76751708984375,6766663
2024-11-08 00:00:00+05:30,241.4484183332663,241.94773653826616,235.72881169016517,238.36163330078125,7836093
2024-11-11 00:00:00+05:30,238.18007280164235,238.18007280164235,232.41508373802685,233.23216247558594,8450657
2024-11-12 00:00:00+05:30,236.81827648655445,238.95177996420668,231.87036593451236,232.55126953125,22445400
2024-11-13 00:00:00+05:30,232.55127272297227,233.27758652641722,226.059997219523,229.28294372558594,17483332
2024-11-14 00:00:00+05:30,229.28292780255555,230.87170277307987,226.05998152031685,227.69415283203125,12454540
2024-11-18 00:00:00+05:30,227.96652136511696,228.87439279412496,224.33503564908494,227.55796813964844,14636541
2024-11-19 00:00:00+05:30,232.53420860536636,237.55694183413758,229.8368174626488,230.67393493652344,17397559
2024-11-21 00:00:00+05:30,230.67394181886283,230.67394181886283,223.97695924977086,225.23263549804688,16189440
2024-11-22 00:00:00+05:30,227.69749233291353,229.6972807833126,226.48831164982423,228.4416046142578,9637581
2024-11-25 00:00:00+05:30,231.13901277821554,242.30065524637888,230.62743465987228,239.88229370117188,31973671
2024-11-26 00:00:00+05:30,238.99867022818094,240.207836755023,234.90605965358063,236.48728942871094,9242451
2024-11-27 00:00:00+05:30,237.18489115887292,237.64995957290992,233.0457851124959,236.53379821777344,11689970
2024-11-28 00:00:00+05:30,237.18490675833073,239.41722961542175,233.65038374063445,234.5805206298828,14202863
2024-11-29 00:00:00+05:30,236.06873838371857,240.57989364817968,234.627023409252,238.76614379882812,11476347
2024-12-02 00:00:00+05:30,237.64996300684004,240.2543348088699,235.04557701204834,239.55673217773438,13677959
2024-12-03 00:00:00+05:30,242.20762987078373,246.20723535392577,240.76592910863684,244.0214080810547,15345326
2024-12-04 00:00:00+05:30,245.41660436792748,245.83514890345424,241.83557195229847,242.48667907714844,10713838
2024-12-05 00:00:00+05:30,242.48669461186634,244.85853228837,238.9521574563509,243.0447540283203,12896743
2024-12-06 00:00:00+05:30,242.5796827259783,244.62599518055774,241.4170116462228,241.882080078125,8783386
2024-12-09 00:00:00+05:30,241.88207540164453,243.09127033252665,239.69627652238333,240.8124237060547,6800856
2024-12-10 00:00:00+05:30,239.64975106726237,240.67290726801858,236.71982569936515,238.9521484375,11318782
2024-12-11 00:00:00+05:30,239.51022841324416,240.62640393869944,237.78946963880173,238.67311096191406,5353032
2024-12-12 00:00:00+05:30,239.97530724942328,240.53339503641044,235.8827107873906,236.30126953125,7123877
2024-12-13 00:00:00+05:30,235.3246183892384,238.8591269950255,232.06913947871536,236.48728942871094,11143128
2024-12-16 00:00:00+05:30,236.25476384176065,238.394067278244,233.65037777975573,234.20846557617188,7283872
2024-12-17 00:00:00+05:30,234.16196111771805,234.81305409955246,229.27874246481628,230.11585998535156,10066884
2024-12-18 00:00:00+05:30,230.115855589219,230.20887495317368,226.39530811522832,227.09291076660156,8430930
2024-12-19 00:00:00+05:30,223.23285435184943,226.90689224117108,221.88415869535953,224.95361328125,9518542
2024-12-20 00:00:00+05:30,224.6280425065704,227.09289940769523,218.8611970488878,220.5354461669922,15556528
2024-12-23 00:00:00+05:30,221.60510650868906,225.3721636236746,220.30292058406394,224.02346801757812,7722901
2024-12-24 00:00:00+05:30,224.16296303911915,226.255770785335,221.93064045359324,222.2561798095703,3577400
2024-12-26 00:00:00+05:30,223.2328435955385,225.093117292168,222.30270674722377,223.4653778076172,6330006
2024-12-27 00:00:00+05:30,223.23282542411897,224.1629621967195,219.79132220404932,220.34939575195312,6487888
2024-12-30 00:00:00+05:30,219.55880558270778,220.44243274884485,215.00112651654706,216.39633178710938,19401112
2024-12-31 00:00:00+05:30,216.39630906225466,223.1398004951382,216.11727939165405,222.53521728515625,12004845
2025-01-01 00:00:00+05:30,221.19585335827955,222.5259565021495,219.83786143566397,220.39593505859375,9418453
2025-01-02 00:00:00+05:30,220.48894572019452,229.53917340299554,220.442436038596,228.8787841796875,19745810
2025-01-03 00:00:00+05:30,231.0925010378835,244.3934610325359,230.66464602836137,240.8031463623047,49760410
2025-01-06 00:00:00+05:30,241.0077508087842,241.37051781320847,233.88291316966053,236.58961486816406,19265884
2025-01-07 00:00:00+05:30,241.04495094517185,248.71857970123506,240.02179476725883,245.0817413330078,52956766
2025-01-08 00:00:00+05:30,247.83496438955146,254.39241754612925,247.1838572683139,252.37400817871094,42237794
2025-01-09 00:00:00+05:30,253.025128117855,253.54600248702272,243.4261089394364,244.7934112548828,14706472
2025-01-10 00:00:00+05:30,245.55610601627473,247.88144792930763,240.41245084006678,244.64456176757812,13053552
2025-01-13 00:00:00+05:30,247.44428807845344,249.83474643133005,236.8221276839926,237.86387634277344,20416370
2025-01-14 00:00:00+05:30,239.52883750907733,243.69586092226217,238.87775872876782,242.1797332763672,8470150
2025-01-15 00:00:00+05:30,242.67270413922932,245.99329958358473,239.68697272914466,240.14273071289062,9344731
2025-01-16 00:00:00+05:30,241.83558286163932,247.07225790913486,241.83558286163932,244.7934112548828,14195450
2025-01-17 00:00:00+05:30,243.69586189574179,248.34654628306512,243.0447547273066,247.94659423828125,12148143
2025-01-20 00:00:00+05:30,249.36967295209834,251.5740925485788,246.49555374784345,250.5416259765625,9676264
2025-01-21 00:00:00+05:30,249.32318522676456,250.5323802306793,246.30955074765427,247.23037719726562,8989218
2025-01-22 00:00:00+05:30,247.4163781336717,247.77914509508332,243.42608348575038,245.60260009765625,7919682
2025-01-23 00:00:00+05:30,244.62597460770323,245.39797565010545,242.92383677972038,244.67247009277344,5026675
2025-01-24 00:00:00+05:30,244.61668522690235,247.0815706294252,237.88250340260694,238.58941650390625,6306281
2025-01-27 00:00:00+05:30,237.18489852035134,238.52429786519056,232.07844206634238,233.2597198486328,6944911
2025-01-28 00:00:00+05:30,232.5341991270804,234.7665217615959,229.47405531138293,231.30641174316406,8029472
2025-01-29 00:00:00+05:30,231.51105316998874,234.39448304326055,229.74379885589428,233.83639526367188,5651586
2025-01-30 00:00:00+05:30,234.3944670366293,241.27747348679105,233.40852432707885,238.7847137451172,12588155
2025-01-31 00:00:00+05:30,239.0544706824183,245.0817390460205,237.38022158543913,244.26321411132812,8850307
2025-02-01 00:00:00+05:30,241.41700586076246,244.16092089743842,236.02222353419046,239.55673217773438,10921673
2025-02-03 00:00:00+05:30,237.74297354466853,238.44057614991374,227.74400286948733,231.60406494140625,25719512
2025-02-04 00:00:00+05:30,234.7665343274038,239.51023792060602,234.39448526599114,236.3477783203125,8402532
2025-02-05 00:00:00+05:30,240.90542822175647,244.62597537576045,239.74275723613025,243.3702850341797,11590755
2025-02-06 00:00:00+05:30,244.30043661035901,244.57949469511416,236.53380247191254,238.25454711914062,12327998
2025-02-07 00:00:00+05:30,239.96214008512692,240.81593777479367,234.79197623086444,236.12008666992188,10098454
2025-02-10 00:00:00+05:30,236.1675046822518,236.78413871359692,229.38463166467506,230.00125122070312,7582536
2025-02-11 00:00:00+05:30,230.00124420364347,230.00124420364347,224.6413529176402,226.6809539794922,6711630
2025-02-12 00:00:00+05:30,226.72839354770454,228.8628658718984,222.1274140809821,225.21054077148438,5985956
2025-02-13 00:00:00+05:30,226.25407861689322,227.15529741862653,222.17486172580183,222.8863525390625,10079210
2025-02-14 00:00:00+05:30,222.93378552749203,225.73231313160343,215.10738667386732,218.6648406982422,8065352
2025-02-17 00:00:00+05:30,218.38022166155025,222.26971016532622,213.49465770160478,221.653076171875,6692422
2025-02-18 00:00:00+05:30,220.2775417272197,224.9733779617011,217.76361343789318,224.45162963867188,6170974
2025-02-19 00:00:00+05:30,223.88242318787795,226.53865822245842,222.45944168456518,226.0643310546875,6168581
2025-02-20 00:00:00+05:30,224.64136346183508,230.190982983214,224.35676424848603,229.4794921875,8929816
2025-02-21 00:00:00+05:30,229.4794926301209,230.57045387084366,225.87461750513728,227.58218383789062,5697387
2025-02-24 00:00:00+05:30,224.16702702823588,225.7323009241851,221.98511911621827,222.31715393066406,6883143
2025-02-25 00:00:00+05:30,222.93377724839894,224.54648678449416,220.60957693385134,221.03646850585938,5519036
2025-02-27 00:00:00+05:30,221.51079608867695,221.84283090934352,216.76752422382307,219.13916015625,9664032
2025-02-28 00:00:00+05:30,218.1905108419031,218.6648380393855,211.69222244626732,213.6844024658203,17237276
2025-03-03 00:00:00+05:30,213.21007859160696,214.39589660379607,207.14817749230878,213.57057189941406,11928529
2025-03-04 00:00:00+05:30,208.79883974702997,216.05604013486897,204.4160465649641,215.1168670654297,12428265
2025-03-05 00:00:00+05:30,215.45837860010644,219.37632582972915,215.11686244358586,217.1849365234375,7466729
2025-03-06 00:00:00+05:30,219.60400600646042,221.5772088392448,215.06943926176103,220.65701293945312,10439208
2025-03-07 00:00:00+05:30,220.6570254915832,224.32831349165966,219.30044213392318,220.93212890625,9079049
2025-03-10 00:00:00+05:30,220.93212366057745,222.93378503286394,211.05662783674757,211.7301788330078,16489167
2025-03-11 00:00:00+05:30,209.5577431131478,215.5911854441968,208.7988312025791,215.07891845703125,10941588
2025-03-12 00:00:00+05:30,215.43941489826418,217.09006425074185,210.94278793826157,212.87803649902344,6994310
2025-03-13 00:00:00+05:30,216.4355048104097,218.56997730153924,213.3239194035885,213.85516357421875,16105085
2025-03-17 00:00:00+05:30,214.88917960228434,218.61738411408467,214.623557551967,217.94384765625,8788971
2025-03-18 00:00:00+05:30,217.94384765625,217.94384765625,217.94384765625,217.94384765625,0
2025-03-19 00:00:00+05:30,220.56214254334225,223.0665895183701,219.7083593945916,220.62855529785156,8626593
2025-03-20 00:00:00+05:30,221.49182315308832,224.86903046892888,220.09730004032127,223.4934844970703,18955995
2025-03-21 00:00:00+05:30,223.6927062014974,235.2662867684293,223.6927062014974,229.97279357910156,29285333
2025-03-24 00:00:00+05:30,231.65192571696787,233.74844388424924,230.28586103269015,231.31040954589844,10566066
2025-03-25 00:00:00+05:30,231.4811499343322,232.77132046948523,228.19881388738798,229.8115234375,8915800
2025-03-26 00:00:00+05:30,230.85504266404817,231.94598938020877,227.07938791571286,227.4114227294922,7543985
2025-03-27 00:00:00+05:30,226.60507896674457,230.9024823748127,226.39637383420686,229.7356414794922,9935664
2025-03-28 00:00:00+05:30,230.94043066204713,241.81200203683025,230.76966534198738,233.72947692871094,32905564
2025-04-01 00:00:00+05:30,234.31763548625756,239.25063544353637,234.03303627278973,235.33270263671875,11258957
2025-04-02 00:00:00+05:30,237.21103407604346,238.58658005205547,235.26628967359744,237.77073669433594,15337906
2025-04-03 00:00:00+05:30,235.266299768387,236.80311532025618,230.05818171159333,230.81710815429688,11141370
2025-04-04 00:00:00+05:30,228.2082887137107,228.82492272800505,212.6883029283175,214.40536499023438,38336194
2025-04-07 00:00:00+05:30,197.3201057176455,209.46288434917932,194.47414265441023,208.5521697998047,27024128
2025-04-08 00:00:00+05:30,211.54990968999735,215.57220914813166,207.92604330231302,215.02198791503906,11309092
2025-04-09 00:00:00+05:30,210.60127424706394,212.5554999713238,208.95061039995926,210.5443572998047,16889575
2025-04-11 00:00:00+05:30,216.5777968756409,219.51861675523296,213.68439813458204,218.54150390625,13886447
2025-04-15 00:00:00+05:30,221.98513610742648,221.98513610742648,218.2853896290965,220.74240112304688,12102239
2025-04-16 00:00:00+05:30,220.74239088520497,229.57436088244154,219.82219497488222,228.83441162109375,18748952
2025-04-17 00:00:00+05:30,228.62569944992785,232.0503422489166,226.97503566187245,230.98785400390625,12891813
2025-04-21 00:00:00+05:30,231.48115507507998,237.68536296106885,229.33720134087724,236.95489501953125,11698653
2025-04-22 00:00:00+05:30,236.186472392763,237.73278360040598,234.56426710081618,235.0575714111328,9896443
2025-04-23 00:00:00+05:30,235.9683055168166,239.7724045278855,232.3444386861853,239.22218322753906,16555874
2025-04-24 00:00:00+05:30,237.16360540404798,238.4632573295605,235.26629656081562,236.56594848632812,6538518
2025-04-25 00:00:00+05:30,236.2149428348269,237.80867526001805,231.85112685578355,233.68203735351562,15616265
2025-04-28 00:00:00+05:30,233.36898722438738,239.01347812601125,231.8321716967187,237.73280334472656,7669983
2025-04-29 00:00:00+05:30,238.33992963762384,239.1557729765744,232.51519237242871,233.06539916992188,8030552
2025-04-30 00:00:00+05:30,232.8946495612591,234.73504136875113,229.7830643626208,231.8985595703125,9822483
2025-05-02 00:00:00+05:30,228.62571852054495,233.6251314392077,226.72840965315456,230.27638244628906,10203190
2025-05-05 00:00:00+05:30,227.6770630351939,228.76800983877706,222.4594636739707,226.9181365966797,20086323
2025-05-06 00:00:00+05:30,228.7490323768292,230.51353008023617,223.8824308371242,224.83108520507812,11350559
2025-05-07 00:00:00+05:30,220.37240548210798,227.7624164016174,220.15421903758565,226.4153289794922,16689539
2025-05-08 00:00:00+05:30,225.45719048538018,227.05092280416008,219.51860514320603,221.2451629638672,15026122
2025-05-09 00:00:00+05:30,217.33672815998773,223.21838252678867,216.72009411669865,222.89584350585938,11184507
2025-05-12 00:00:00+05:30,226.72839731129662,232.040867640935,225.88409549027978,231.4906463623047,11374237
2025-05-13 00:00:00+05:30,231.61396370191284,232.69542912831045,227.9521571747565,228.77749633789062,9336026
2025-05-14 00:00:00+05:30,228.7774985900665,234.22276558214875,228.7774985900665,233.3784637451172,8234859
2025-05-15 00:00:00+05:30,232.3728923506168,236.13905147608597,229.85896398111507,234.8963165283203,16812750
2025-05-16 00:00:00+05:30,234.37455245307822,236.5849189299045,233.5587090945729,234.5737762451172,8030229
2025-05-19 00:00:00+05:30,235.2662922287665,236.64183821971795,232.33495359402457,233.91920471191406,8043270
2025-05-20 00:00:00+05:30,234.1184009636499,239.72495165332126,234.1184009636499,236.46157836914062,13183059
2025-05-21 00:00:00+05:30,238.58657396487754,239.0134655361529,235.03860141130363,235.91136169433594,7158307
2025-05-22 00:00:00+05:30,235.91136888547905,237.61894969794858,227.30708101771472,229.2613067626953,18502235
2025-05-23 00:00:00+05:30,230.0486770603941,232.11673656993977,227.8193335750431,231.6993408203125,8725218
2025-05-26 00:00:00+05:30,232.7049192788359,234.44095850866765,232.24007342757486,233.3120574951172,7159571
2025-05-27 00:00:00+05:30,234.17533624175735,234.17533624175735,230.44711705295632,231.9839324951172,9712093
2025-05-28 00:00:00+05:30,232.07881125887002,232.74286644215235,228.91030904483904,230.2099609375,7385958
2025-05-29 00:00:00+05:30,231.0922174852382,232.04087188464342,228.95774508657644,230.5609588623047,12938112
2025-05-30 00:00:00+05:30,230.5609504296201,232.60056599893355,226.62404060620648,227.10784912109375,10108840
2025-06-02 00:00:00+05:30,226.72841115992412,227.76244102544746,225.45721768440086,226.07383728027344,6278145
2025-06-03 00:00:00+05:30,228.15138416899538,228.67314698627487,224.45163778340893,225.0872344970703,9515918
2025-06-04 00:00:00+05:30,225.77974334082546,226.25407053271795,223.408107381363,225.82717895507812,6733580
2025-06-05 00:00:00+05:30,225.8271760210615,227.31655585708853,224.0911367842521,225.56155395507812,8941808
2025-06-06 00:00:00+05:30,225.58052868005623,228.1229300586527,225.3149065998724,227.73397827148438,5985346
2025-06-09 00:00:00+05:30,229.36565096634936,231.58549870399904,228.15137453847348,230.33328247070312,7719525
2025-06-10 00:00:00+05:30,231.70883056295378,232.4203213425739,230.13406082998517,232.1167449951172,7659657
2025-06-11 00:00:00+05:30,231.94598834897832,237.5430432183976,231.04476961241986,234.62120056152344,20842417
2025-06-12 00:00:00+05:30,238.58657475895447,242.09659304324748,234.08046648815912,235.15245056152344,35613271
2025-06-13 00:00:00+05:30,242.42862581707635,242.80808177286548,236.32877072431367,238.59605407714844,39320377
2025-06-16 00:00:00+05:30,240.9487451556982,244.27851701141898,239.24116427764216,243.60498046875,41444122
2025-06-17 00:00:00+05:30,243.74725480991415,243.88954717450866,238.6340083626097,239.35498046875,18781097
2025-06-18 00:00:00+05:30,240.9866870222579,242.75118486543363,236.9454243057733,237.505126953125,12691905
2025-06-19 00:00:00+05:30,237.63792232502314,240.00955827637068,235.45601435472,238.64349365234375,10790997
2025-06-20 00:00:00+05:30,239.3075557263614,240.24672880129913,236.5469824006065,238.95655822753906,15907673
2025-06-23 00:00:00+05:30,240.01902927442853,242.37170245909323,237.47664259220514,238.4727325439453,16776881
2025-06-24 00:00:00+05:30,234.79195152043962,235.26627869522838,230.98785278974768,231.39576721191406,22215004
2025-06-25 00:00:00+05:30,231.47168271306828,232.7049363766851,229.10004661969668,229.48899841308594,13056178
2025-06-26 00:00:00+05:30,229.57436214139307,232.7713228002688,229.13797475330702,232.1641845703125,15769123
2025-06-27 00:00:00+05:30,232.42979967017774,233.57767781559713,229.57435525600022,230.3617401123047,21691960
2025-06-30 00:00:00+05:30,231.47167464346228,233.0843842356688,230.5230202391858,231.6708984375,8783448
2025-07-01 00:00:00+05:30,232.70491863033175,232.70491863033175,228.9103011703192,230.87400817871094,8470489
2025-07-02 00:00:00+05:30,230.42814822875704,231.23451025978994,227.86678424094285,228.69212341308594,10419419
2025-07-03 00:00:00+05:30,229.5743596326161,233.55870512787084,229.3846316519501,231.51910400390625,13891239
2025-07-04 00:00:00+05:30,232.61005597173067,232.8472195717172,230.05817331982476,232.64801025390625,7717259
2025-07-07 00:00:00+05:30,232.89464356620485,232.89464356620485,228.4644294765456,229.11900329589844,9222263
2025-07-08 00:00:00+05:30,229.963317013767,231.1870748229459,228.29367600240056,230.75070190429688,7537067
2025-07-09 00:00:00+05:30,230.85504150390625,232.03136363187576,229.83049307046028,230.85504150390625,9590680
2025-07-10 00:00:00+05:30,231.00683155505428,232.12625129274087,229.88742629268526,230.6083984375,8012201
2025-07-11 00:00:00+05:30,230.570451954495,230.60839176088467,228.4359795809763,229.3466796875,5608382
2025-07-14 00:00:00+05:30,230.42814341411312,232.31597084390344,228.7585169142373,231.6803741455078,7568906
2025-07-15 00:00:00+05:30,231.92702285759904,232.77132469166926,230.23841918945857,231.1586151123047,7843083
2025-07-16 00:00:00+05:30,231.47166879311624,231.61396116003434,229.85895924167022,230.38072204589844,5656962
2025-07-17 00:00:00+05:30,230.52300299882418,232.00290144276602,230.3522521669769,231.34832763671875,7006298
2025-07-18 00:00:00+05:30,232.17367558707093,234.6496640703136,230.9593991522172,233.66305541992188,10293817
2025-07-21 00:00:00+05:30,233.36898180272286,233.65358101705795,231.87958745038245,232.45826721191406,5424455
2025-07-22 00:00:00+05:30,232.4582681969159,234.19430748886697,231.53808674466384,233.7579345703125,5869862
2025-07-23 00:00:00+05:30,233.36898448425697,234.50736687936057,231.71832060240035,232.9420928955078,7357753
2025-07-24 00:00:00+05:30,232.9515620909279,233.55870030170374,231.24398134958437,232.25904846191406,4590999
2025-07-25 00:00:00+05:30,231.47167795565622,232.2306043850006,226.96556947086373,227.95216369628906,7427827
2025-07-28 00:00:00+05:30,227.95215592494517,229.15695104763108,225.5900157692294,227.69602966308594,6865890
2025-07-29 00:00:00+05:30,227.69603382289503,230.05817402176504,227.5063058373904,229.04312133789062,6157824
2025-07-30 00:00:00+05:30,230.08661762011818,231.19655593796062,227.77191318610545,229.39410400390625,8767763
2025-07-31 00:00:00+05:30,227.866775517435,230.34276398844028,227.35450852961043,228.62570190429688,10254214
2025-08-01 00:00:00+05:30,227.7719091705873,228.35058888771772,222.0325476105853,224.63185119628906,12629251
2025-08-04 00:00:00+05:30,224.35677313683806,226.14972943405633,221.98513705716746,222.77252197265625,16174972
2025-08-05 00:00:00+05:30,223.40810698670734,223.88243417776192,221.08390664560332,222.4404754638672,9562689
2025-08-06 00:00:00+05:30,222.5068865101973,223.28477557038872,220.95109391449745,221.76693725585938,7568954
2025-08-07 00:00:00+05:30,221.17878236597844,222.17487244767693,219.43326162728522,221.91873168945312,5560413
2025-08-08 00:00:00+05:30,221.89026086217677,223.0476204012018,220.73290132315176,221.45388793945312,5249568
2025-08-11 00:00:00+05:30,221.4538835786632,222.93378211409325,219.6893858305773,221.78590393066406,4699743
2025-08-12 00:00:00+05:30,221.79539159476147,224.2239444329932,221.6151449508539,223.4270782470703,7036778
2025-08-13 00:00:00+05:30,225.53308739382595,227.6296053733886,224.16702283186336,226.4153289794922,8501906
2025-08-14 00:00:00+05:30,226.2635497634159,226.4153379374875,222.39303817649284,224.774169921875,7258450
2025-08-18 00:00:00+05:30,225.0682548413787,226.33944825449936,223.40810965287537,225.93153381347656,8501972
2025-08-19 00:00:00+05:30,225.30542908658379,226.29202333323357,224.52752549905856,225.72283935546875,5538059
2025-08-20 00:00:00+05:30,224.83109149117104,226.81377570155288,224.83109149117104,225.7133331298828,7438061
2025-08-21 00:00:00+05:30,225.7797519340511,228.61623386063945,225.0492839776461,226.0548553466797,8111371
2025-08-22 00:00:00+05:30,225.7797370585556,226.37739393581197,223.7780757854524,224.15753173828125,5423818
2025-08-25 00:00:00+05:30,224.1670206698515,225.2959216365665,223.5503866712736,224.6033935546875,8854258
2025-08-26 00:00:00+05:30,224.50855226610443,225.1156904990029,221.79540012136368,222.16537475585938,14671897
2025-08-28 00:00:00+05:30,222.2697273365917,223.1994045893189,220.4483126377453,221.4064483642578,13870643
2025-08-29 00:00:00+05:30,221.40643038438682,223.28476187826917,219.45220480813438,221.7100067138672,9928988
2025-09-01 00:00:00+05:30,221.98513380267917,226.90865254794326,221.1028921421287,226.46278381347656,4366396
2025-09-02 00:00:00+05:30,226.49122786897436,230.0486817098483,225.21053869613303,227.1932373046875,5921193
2025-09-03 00:00:00+05:30,227.2027295085964,229.5174485678663,226.21613529865908,226.79481506347656,4364007
2025-09-04 00:00:00+05:30,227.98686181696087,228.25388001685536,224.51559611553148,224.7921600341797,8778730
2025-09-05 00:00:00+05:30,224.82077202575817,226.1654087675379,222.20779153656213,223.27587890625,7210683
2025-09-08 00:00:00+05:30,223.27587654469662,224.0864623173586,221.30183353384794,221.7500457763672,8418326
2025-09-09 00:00:00+05:30,221.75003284808673,223.714530025583,220.06208502363418,220.6056671142578,11665314
2025-09-10 00:00:00+05:30,222.1982401363559,222.2363793543644,220.29095910514255,220.9966583251953,11775053
2025-09-11 00:00:00+05:30,221.33998708650583,224.31534107525258,221.33998708650583,222.9230194091797,11047708
2025-09-12 00:00:00+05:30,223.63824263448944,224.4965278698952,221.91215554797586,222.43666076660156,6073522
2025-09-15 00:00:00+05:30,222.34129323679934,223.33308757910552,221.24461240106112,221.4925537109375,6153784
2025-09-16 00:00:00+05:30,221.70235797762393,224.3630233447716,221.6451418710445,224.1913604736328,7319921
2025-09-17 00:00:00+05:30,225.0591681306206,226.92830999737222,224.27717590074903,225.89837646484375,7628371
2025-09-18 00:00:00+05:30,226.68034919799007,226.68034919799007,223.62870243748134,224.6681671142578,6497852
2025-09-19 00:00:00+05:30,224.21043972495937,226.39427027371585,223.86712853046046,225.71719360351562,16484017
2025-09-22 00:00:00+05:30,225.05917624000872,227.39559274408467,224.7253962173977,226.46102905273438,9962796
2025-09-23 00:00:00+05:30,226.25122782443302,226.5754621296114,224.24857678393056,225.68858337402344,7014239
2025-09-24 00:00:00+05:30,225.68858449598852,228.99771849236066,225.3071195308819,227.4623565673828,8299331
2025-09-25 00:00:00+05:30,227.8438058192806,230.91452965357823,227.46235540751957,228.5590362548828,10150654
2025-09-26 00:00:00+05:30,228.87373893983025,229.12168025184423,225.8602312181197,226.98553466796875,6349466
2025-09-29 00:00:00+05:30,227.92009634948184,229.97996347409776,227.12857292979888,228.8546600341797,10631271
2025-09-30 00:00:00+05:30,228.87373189587683,229.7224714029347,227.4432710715276,228.39691162109375,7167687
2025-10-01 00:00:00+05:30,227.53864474331868,234.8721284686589,227.41466681335862,231.77279663085938,10375310
2025-10-03 00:00:00+05:30,231.2578329200823,232.8790189416132,228.58763647505498,232.3640594482422,10702610
2025-10-06 00:00:00+05:30,231.47718213130497,236.02605193387743,231.47718213130497,234.4620819091797,9465503
2025-10-07 00:00:00+05:30,234.462072545419,237.93332365923317,233.31770676475287,233.94711303710938,12498420
2025-10-08 00:00:00+05:30,235.12008452060257,235.3584946621665,229.96088556482363,230.59982299804688,5073558
2025-10-09 00:00:00+05:30,230.6284368166714,233.16512427866502,229.40777802545958,232.10658264160156,9292031
2025-10-10 00:00:00+05:30,232.7359845557541,235.6255143254089,232.30684920854407,234.91981506347656,9050771
2025-10-13 00:00:00+05:30,233.64194055992363,234.29040916537696,230.18976633952715,232.7741241455078,12607116
2025-10-14 00:00:00+05:30,233.92803480650556,237.20856069658456,232.59292927723604,233.3463134765625,13865005
2025-10-15 00:00:00+05:30,233.34631012138007,236.68405206946153,232.96484516790215,236.23583984375,8520238
2025-10-16 00:00:00+05:30,236.50287462430572,237.17042015046508,234.59559337733552,236.83665466308594,6083826
2025-10-17 00:00:00+05:30,237.02736106742685,237.02736106742685,233.42260096083268,236.2072296142578,14250215
2025-10-20 00:00:00+05:30,236.20723163486437,237.6472236358655,233.63240504404249,237.20855712890625,10920554
2025-10-21 00:00:00+05:30,237.2085613617237,237.74259775436883,235.92114076763963,236.61729431152344,569979
2025-10-23 00:00:00+05:30,238.4101449569856,241.49994567413228,237.53279736971194,240.61305236816406,13879042
2025-10-24 00:00:00+05:30,242.22469643562812,245.46706844137188,241.12801563846767,243.14019775390625,17882209
2025-10-27 00:00:00+05:30,243.5788705819248,244.21780801224972,240.2315974480555,241.52854919433594,7889080
2025-10-28 00:00:00+05:30,241.36644202595141,242.02444181771637,238.27664123902568,238.92510986328125,8529692
2025-10-29 00:00:00+05:30,239.3160893343647,245.40985177061228,238.9346389409463,243.78866577148438,8806213
2025-10-30 00:00:00+05:30,244.60880614317784,244.60880614317784,241.66206027495866,242.73013305664062,5266883
2025-10-31 00:00:00+05:30,242.892251525805,245.94389845531867,241.57623742734617,243.53118896484375,7199008
2025-11-03 00:00:00+05:30,243.1783357059354,246.5160775685659,242.51079024368926,245.610107421875,5450040
2025-11-04 00:00:00+05:30,244.22735141413506,245.56244236761256,240.31741932675092,240.6511993408203,6006851
2025-11-06 00:00:00+05:30,241.79557279541268,243.65516902248618,238.83928116675185,239.84060668945312,6987258
2025-11-07 00:00:00+05:30,238.41014185531267,241.84325371858927,238.41014185531267,240.50814819335938,4449104
2025-11-10 00:00:00+05:30,240.3174294341684,243.65517150964297,237.93332795168658,239.7452392578125,7418162
2025-11-11 00:00:00+05:30,242.41542804729232,242.41542804729232,234.59557834603777,237.88563537597656,16183880
2025-11-12 00:00:00+05:30,240.88961432398222,243.7505360401749,238.31477313828856,242.0816650390625,11917811
2025-11-13 00:00:00+05:30,241.9386158642892,241.9386158642892,235.83532188131284,239.2207489013672,13057927
2025-11-14 00:00:00+05:30,239.8557909198375,243.91037368298927,239.46499315036962,241.9075164794922,9185042
2025-11-17 00:00:00+05:30,241.90751675061105,243.9592274045859,241.76095640591186,242.34716796875,6281588
2025-11-18 00:00:00+05:30,241.3213143875955,243.71498436247566,240.63741081019828,241.2724609375,7708871
2025-11-19 00:00:00+05:30,241.2724574288937,244.54544473395694,239.75808994583485,243.27532958984375,7075882
2025-11-20 00:00:00+05:30,243.27532385326097,245.32704941521513,241.90751675061105,242.34716796875,6918642
2025-11-21 00:00:00+05:30,241.37016783769099,242.59142955017882,240.5397039100073,241.2724609375,7589240
2025-11-24 00:00:00+05:30,241.27246013839206,241.76096482176922,238.68339127968494,240.1000518798828,15875282
2025-11-25 00:00:00+05:30,240.10005682476142,241.8098232517943,238.97650199304616,239.70925903320312,8983620
2025-11-26 00:00:00+05:30,239.70925542603885,242.2983242991075,239.4161496327907,242.00521850585938,7232643
2025-11-27 00:00:00+05:30,242.29832683625767,243.0799373237771,237.2178810293515,238.39028930664062,5600832
2025-11-28 00:00:00+05:30,239.36729815366456,239.70925739993325,236.97362815372392,237.65753173828125,3804191
2025-12-01 00:00:00+05:30,238.43913628761888,240.1977561098247,237.42303820902012,239.20120239257812,6307936
2025-12-02 00:00:00+05:30,237.90178311805474,240.59832362964534,236.9247737417999,237.94085693359375,5413988
2025-12-03 00:00:00+05:30,238.439131714419,238.74200222366053,234.0523544237178,234.5017852783203,11829802
2025-12-04 00:00:00+05:30,234.97074300533836,237.12016054187865,234.17936783621036,236.6609649658203,10825420
2025-12-05 00:00:00+05:30,237.12016488975587,237.60866956192592,235.37132472289798,235.6839599609375,7645591
2025-12-08 00:00:00+05:30,235.68395708397486,236.43625844416778,232.23511533319206,233.03627014160156,5285903
2025-12-09 00:00:00+05:30,232.23512824310123,234.67765170991547,231.38513484720352,234.325927734375,9026401
2025-12-10 00:00:00+05:30,233.81788295557112,234.82420138550393,232.93856560271152,233.78855895996094,3492031
2025-12-11 00:00:00+05:30,233.78856057999187,235.75235891273405,232.6650057917506,232.92880249023438,8868641
2025-12-12 00:00:00+05:30,233.01673559362823,233.89603806663862,231.5707658949965,232.5477752685547,4252781
2025-12-15 00:00:00+05:30,232.52823209800792,233.3000629475615,224.65353889206648,229.9391632080078,12334408
2025-12-16 00:00:00+05:30,228.7862831727476,229.8903085352076,225.44491290478487,226.87135314941406,7238404
2025-12-17 00:00:00+05:30,226.4219176473517,228.0535214785498,223.35410887403685,227.5552520751953,5848233
2025-12-18 00:00:00+05:30,227.64317755863584,228.7472028898814,225.8943373892629,226.66616821289062,3964839
2025-12-19 00:00:00+05:30,226.66616784641806,228.13168186266645,226.17766317433527,227.53570556640625,5070902
2025-12-22 00:00:00+05:30,228.41501796089048,229.87076731397062,227.41847912018557,228.79605102539062,4614185
2025-12-23 00:00:00+05:30,229.20640524608268,232.43052425590307,229.20640524608268,230.07594299316406,5810236
2025-12-24 00:00:00+05:30,230.12477309077252,231.13110642503094,227.779956640953,228.39547729492188,4114036
2025-12-26 00:00:00+05:30,228.46386165496023,229.8707574970251,227.6920308319277,229.13800048828125,3710774
2025-12-29 00:00:00+05:30,229.13799988461315,233.52477719894176,228.62018612577006,229.4213409423828,12621499
2025-12-30 00:00:00+05:30,229.54834259578686,230.18340761474056,227.946047866518,229.2845458984375,6236729
2025-12-31 00:00:00+05:30,229.29432996007517,235.45925665996174,229.21616742201886,234.853515625,11514802
2026-01-01 00:00:00+05:30,235.36154378697555,235.56672230766347,231.9517907351887,232.4696044921875,5840586
2026-01-02 00:00:00+05:30,232.46961421511622,236.97362805231785,232.46961421511622,235.90869140625,5925943
2026-01-05 00:00:00+05:30,241.12590780299902,241.12590780299902,230.28109817887704,232.61614990234375,21201434
2026-01-06 00:00:00+05:30,232.6161577916805,236.78799198417764,232.6161577916805,236.32879638671875,10840459
2026-01-07 00:00:00+05:30,234.68742775456045,236.12361781573415,232.6845555608174,233.56385803222656,8253161
2026-01-08 00:00:00+05:30,232.72362478069692,233.39776361918936,225.6891604243898,226.09950256347656,9218488
2026-01-09 00:00:00+05:30,226.94949481657642,232.77247708835003,226.66616866525584,228.70811462402344,12706408
2026-01-12 00:00:00+05:30,228.70811302626356,230.7305295176939,226.33398748378042,230.29087829589844,9807980
2026-01-13 00:00:00+05:30,232.52822588065396,238.5368274349664,230.3788082868825,238.1753387451172,22527192
2026-01-14 00:00:00+05:30,238.38051543138516,245.22934557232938,237.9799380220571,242.5230255126953,33094088
2026-01-15 00:00:00+05:30,242.5230255126953,242.5230255126953,242.5230255126953,242.5230255126953,0
2026-01-16 00:00:00+05:30,241.2235995447885,242.08337253262428,236.82705752459444,241.48739624023438,12287680
2026-01-19 00:00:00+05:30,239.36729909266347,242.29832724481855,236.72937673731994,237.520751953125,6459249
2026-01-20 00:00:00+05:30,237.52074792215913,239.69947463738478,234.19892203595015,234.86328125,6496057
2026-01-21 00:00:00+05:30,234.48225253652112,238.86903004459805,234.00351257071955,236.79776000976562,9610477
2026-01-22 00:00:00+05:30,238.97650179949548,240.8035045809201,236.99317393838206,238.40005493164062,10746306
2026-01-23 00:00:00+05:30,239.6604025048917,240.6374118792223,235.99661735115197,239.8264923095703,8080247
2026-01-27 00:00:00+05:30,240.9305122614502,243.26556401733228,240.23682906174545,242.2494659423828,15915509
2026-01-28 00:00:00+05:30,243.4707207877218,263.4505585006787,243.4707207877218,262.4051513671875,73427983
2026-01-29 00:00:00+05:30,263.7925294603933,271.3838815188969,262.8252997268123,269.0586242675781,48267023
2026-01-30 00:00:00+05:30,267.5931070111898,270.14308712044925,261.84828722339125,262.77642822265625,24420043
2026-02-02 00:00:00+05:30,245.81556341492188,251.09140804886562,241.9075259355621,248.1115264892578,17015974
2026-02-03 00:00:00+05:30,253.72933728841463,255.97644684194125,243.6172846656271,251.09140014648438,19213406
2026-02-04 00:00:00+05:30,252.11724569752343,263.79251911821297,252.11724569752343,260.8126525878906,26628393
2026-02-05 00:00:00+05:30,261.8385021628709,264.23218696350455,259.8844834900137,263.01092529296875,15268335
2026-02-06 00:00:00+05:30,261.8385222480453,263.7437025266077,258.61440311689785,262.7666931152344,10013728
2026-02-09 00:00:00+05:30,263.2551857832825,264.6718314754195,259.64023920011437,260.470703125,10824044
2026-02-10 00:00:00+05:30,261.1057569228592,266.77239940303303,260.861504577749,265.8930969238281,13459684
2026-02-11 00:00:00+05:30,266.0396342853192,268.77527835702017,260.2264465378781,268.2867736816406,18388416
2026-02-12 00:00:00+05:30,269.6545922631895,273.8557207235144,267.16323023931596,269.9965515136719,22753270
2026-02-13 00:00:00+05:30,263.79251903896335,265.1114875973499,259.8844817198676,261.2522888183594,20748628
2026-02-16 00:00:00+05:30,261.4965541532367,265.9419647143231,259.5425353965288,265.306884765625,13247757
2026-02-17 00:00:00+05:30,266.72356092811606,266.72356092811606,261.9362209259316,265.6000061035156,21292868
2026-02-18 00:00:00+05:30,265.0,266.1000061035156,262.54998779296875,264.6000061035156,11621040
2026-02-19 00:00:00+05:30,270.29998779296875,276.45001220703125,267.8500061035156,274.6499938964844,37728943
2026-02-20 00:00:00+05:30,277.3999938964844,280.79998779296875,274.3500061035156,278.6499938964844,31971956
2026-02-23 00:00:00+05:30,279.8999938964844,279.8999938964844,272.20001220703125,275.6499938964844,13113050
2026-02-24 00:00:00+05:30,275.6499938964844,278.1499938964844,273.29998779296875,276.5,16311581
2026-02-25 00:00:00+05:30,276.5,278.95001220703125,274.0,277.45001220703125,7573116
2026-02-26 00:00:00+05:30,277.3999938964844,281.04998779296875,275.6000061035156,280.1000061035156,13301761
2026-02-27 00:00:00+05:30,278.5,282.5,277.0,279.70001220703125,18554482
2026-03-02 00:00:00+05:30,288.0,293.0,277.6499938964844,282.20001220703125,65843426
2026-03-04 00:00:00+05:30,287.0,288.3500061035156,275.1000061035156,276.95001220703125,53722773
2026-03-05 00:00:00+05:30,278.0,287.6499938964844,275.3500061035156,276.3500061035156,40569479
2026-03-06 00:00:00+05:30,279.95001220703125,280.95001220703125,271.1499938964844,278.95001220703125,30725344
2026-03-09 00:00:00+05:30,289.0,289.0,267.6000061035156,270.79998779296875,56512457
2026-03-10 00:00:00+05:30,270.8500061035156,270.8999938964844,265.3500061035156,269.20001220703125,18476370
2026-03-11 00:00:00+05:30,268.0,272.3999938964844,268.0,270.75,16130216
2026-03-12 00:00:00+05:30,271.6000061035156,273.0,267.75,270.54998779296875,20059801
2026-03-13 00:00:00+05:30,270.54998779296875,271.29998779296875,263.45001220703125,264.1000061035156,18411729
2026-03-16 00:00:00+05:30,264.04998779296875,266.0,258.3500061035156,260.45001220703125,21725887
2026-03-17 00:00:00+05:30,260.6499938964844,265.3999938964844,259.1499938964844,264.75,15662659
2026-03-18 00:00:00+05:30,265.1499938964844,266.6499938964844,263.0,265.0,8780857
2026-03-19 00:00:00+05:30,265.0,271.5,262.5,269.1000061035156,28685305
2026-03-20 00:00:00+05:30,269.0,273.04998779296875,264.0,265.3999938964844,19436124
2026-03-23 00:00:00+05:30,267.29998779296875,269.70001220703125,263.8999938964844,265.45001220703125,23991581
2026-03-24 00:00:00+05:30,268.54998779296875,273.29998779296875,266.8500061035156,268.04998779296875,18567283
2026-03-25 00:00:00+05:30,267.3500061035156,271.5,266.3999938964844,270.20001220703125,13380625
2026-03-27 00:00:00+05:30,270.5,285.0,269.70001220703125,281.95001220703125,60048871
2026-03-30 00:00:00+05:30,282.75,288.3500061035156,281.95001220703125,284.6499938964844,44866906
2026-04-01 00:00:00+05:30,290.0,293.0,282.79998779296875,288.04998779296875,31626297
2026-04-02 00:00:00+05:30,288.5,288.79998779296875,283.5,287.20001220703125,20935809
2026-04-06 00:00:00+05:30,287.29998779296875,288.5,280.45001220703125,281.8500061035156,24449779
2026-04-07 00:00:00+05:30,281.8500061035156,287.54998779296875,280.0,286.6499938964844,22891122
2026-04-08 00:00:00+05:30,280.0,287.8500061035156,274.75,285.5,42071040
2026-04-09 00:00:00+05:30,284.8999938964844,289.79998779296875,284.8999938964844,288.6000061035156,13585661
2026-04-10 00:00:00+05:30,288.6000061035156,291.8500061035156,284.54998779296875,286.5,12889209
2026-04-13 00:00:00+05:30,287.20001220703125,290.29998779296875,281.0,287.54998779296875,23986567
2026-04-15 00:00:00+05:30,284.04998779296875,289.79998779296875,283.3500061035156,287.6000061035156,16529148
2026-04-16 00:00:00+05:30,288.0,288.1000061035156,282.0,282.75,13626398
2026-04-17 00:00:00+05:30,283.3999938964844,285.5,282.20001220703125,284.04998779296875,17846605
2026-04-20 00:00:00+05:30,284.0,285.20001220703125,282.5,283.3500061035156,11057036
2026-04-21 00:00:00+05:30,283.1499938964844,284.8500061035156,282.3999938964844,283.1000061035156,13645673
2026-04-22 00:00:00+05:30,283.1000061035156,285.04998779296875,282.6000061035156,283.6499938964844,7395183
2026-04-23 00:00:00+05:30,284.8500061035156,289.79998779296875,284.04998779296875,286.25,13525025
2026-04-24 00:00:00+05:30,288.79998779296875,288.79998779296875,283.8999938964844,284.79998779296875,11789941
2026-04-27 00:00:00+05:30,286.0,286.70001220703125,284.20001220703125,285.8999938964844,6497916
2026-04-28 00:00:00+05:30,286.25,302.3999938964844,286.0,301.29998779296875,51575179
2026-04-29 00:00:00+05:30,303.8999938964844,307.5,299.75,301.3999938964844,27267649
2026-04-30 00:00:00+05:30,304.8999938964844,307.45001220703125,296.8999938964844,299.54998779296875,17490096
2026-05-01 00:00:00+05:30,299.54998779296875,299.54998779296875,299.54998779296875,299.54998779296875,0
2026-05-04 00:00:00+05:30,298.3999938964844,299.8999938964844,292.3500061035156,292.8999938964844,15468437
2026-05-05 00:00:00+05:30,294.3500061035156,295.8999938964844,287.0,289.95001220703125,10750753
2026-05-06 00:00:00+05:30,289.95001220703125,290.25,280.0,280.79998779296875,22858013
2026-05-07 00:00:00+05:30,282.0,285.20001220703125,279.70001220703125,283.8999938964844,15608370
2026-05-08 00:00:00+05:30,283.6000061035156,284.0,278.6000061035156,279.20001220703125,9290168
2026-05-11 00:00:00+05:30,280.70001220703125,281.79998779296875,277.6499938964844,281.0,6948202
2026-05-12 00:00:00+05:30,286.8999938964844,299.8999938964844,286.8500061035156,294.5,52080828
2026-05-13 00:00:00+05:30,297.0,300.20001220703125,294.1000061035156,297.1499938964844,24381295
2026-05-14 00:00:00+05:30,300.0,303.70001220703125,298.70001220703125,300.8999938964844,22660293
2026-05-15 00:00:00+05:30,303.0,304.95001220703125,298.54998779296875,299.3500061035156,13695307
2026-05-18 00:00:00+05:30,299.3500061035156,300.70001220703125,295.1000061035156,297.20001220703125,10521642
2026-05-19 00:00:00+05:30,295.1000061035156,298.5,293.6499938964844,296.5,9565497
2026-05-20 00:00:00+05:30,294.79998779296875,301.75,293.8500061035156,298.29998779296875,12258794
2026-05-21 00:00:00+05:30,296.6499938964844,299.6000061035156,294.1499938964844,295.8500061035156,14084672
2026-05-22 00:00:00+05:30,295.79998779296875,296.79998779296875,289.3999938964844,290.0,11563330
2026-05-25 00:00:00+05:30,289.95001220703125,289.95001220703125,284.29998779296875,284.95001220703125,12837047
2026-05-26 00:00:00+05:30,285.1000061035156,289.6499938964844,284.0,287.5,10629491
2026-05-27 00:00:00+05:30,284.20001220703125,284.20001220703125,272.45001220703125,274.04998779296875,29178516
2026-05-28 00:00:00+05:30,274.04998779296875,274.04998779296875,274.04998779296875,274.04998779296875,0
2026-05-29 00:00:00+05:30,275.95001220703125,276.04998779296875,261.54998779296875,265.3999938964844,74403401
2026-06-01 00:00:00+05:30,266.54998779296875,268.29998779296875,263.25,264.29998779296875,9095622
2026-06-02 00:00:00+05:30,263.1499938964844,266.20001220703125,261.04998779296875,265.04998779296875,16831714
2026-06-03 00:00:00+05:30,265.1499938964844,268.70001220703125,264.29998779296875,267.75,14618721
2026-06-04 00:00:00+05:30,266.70001220703125,271.1499938964844,265.8999938964844,267.54998779296875,15217360
2026-06-05 00:00:00+05:30,267.79998779296875,268.45001220703125,263.70001220703125,264.75,7493239
2026-06-08 00:00:00+05:30,264.1499938964844,266.25,262.70001220703125,264.6499938964844,6974540
2026-06-09 00:00:00+05:30,264.1499938964844,265.5,258.29998779296875,259.0,10796349
2026-06-10 00:00:00+05:30,259.0,261.8500061035156,251.35000610351562,251.89999389648438,10176332
2026-06-11 00:00:00+05:30,252.9499969482422,256.5,250.0500030517578,252.60000610351562,13516341
2026-06-12 00:00:00+05:30,250.3000030517578,250.85000610351562,243.35000610351562,246.1999969482422,31112657
2026-06-15 00:00:00+05:30,248.0500030517578,248.3000030517578,242.8000030517578,243.64999389648438,25211118
2026-06-16 00:00:00+05:30,244.14999389648438,248.8000030517578,243.5,248.1999969482422,17468010
2026-06-17 00:00:00+05:30,246.0,247.75,244.0,245.0,12816262
2026-06-18 00:00:00+05:30,245.9499969482422,246.85000610351562,243.0,245.3000030517578,13816485
2026-06-19 00:00:00+05:30,245.3000030517578,246.6999969482422,243.3000030517578,246.25,7609532
2026-06-22 00:00:00+05:30,244.9499969482422,247.75,243.8000030517578,245.4499969482422,7334095
2026-06-23 00:00:00+05:30,245.39999389648438,246.1999969482422,243.5500030517578,244.35000610351562,7400255
2026-06-24 00:00:00+05:30,244.35000610351562,245.8000030517578,239.5,240.0,10278033
2026-06-25 00:00:00+05:30,240.8000030517578,240.8000030517578,232.10000610351562,233.10000610351562,36085563
2026-06-26 00:00:00+05:30,233.10000610351562,233.10000610351562,233.10000610351562,233.10000610351562,0
2026-06-29 00:00:00+05:30,234.0,237.14999389648438,229.6999969482422,234.0500030517578,38227413
2026-06-30 00:00:00+05:30,233.9499969482422,236.0,227.64999389648438,234.89999389648438,24134402
2026-07-01 00:00:00+05:30,235.6999969482422,236.10000610351562,233.52000427246094,234.99000549316406,11835312
2026-07-02 00:00:00+05:30,234.0,236.3300018310547,230.8000030517578,235.9600067138672,14033169
2026-07-03 00:00:00+05:30,237.1999969482422,239.6999969482422,236.3300018310547,237.83999633789062,11086950
2026-07-06 00:00:00+05:30,239.60000610351562,244.38999938964844,236.83999633789062,243.89999389648438,22386040
2026-07-07 00:00:00+05:30,244.0500030517578,245.27000427246094,242.67999267578125,244.17999267578125,15287101
2026-07-08 00:00:00+05:30,246.82000732421875,248.35000610351562,241.47999572753906,247.0,24753835
2026-07-09 00:00:00+05:30,249.58999633789062,249.58999633789062,242.91000366210938,243.64999389648438,14066120
2026-07-10 00:00:00+05:30,243.64999389648438,245.38999938964844,243.41000366210938,244.9600067138672,8237303
2026-07-13 00:00:00+05:30,246.3000030517578,249.25,245.5500030517578,248.4499969482422,12453319
2026-07-14 00:00:00+05:30,252.0,252.0,247.3000030517578,248.89999389648438,16299949
2026-07-15 00:00:00+05:30,249.4199981689453,249.4499969482422,246.3000030517578,247.17999267578125,13302251
2026-07-16 00:00:00+05:30,247.9199981689453,247.9600067138672,245.61000061035156,246.75,6243845
2026-07-17 00:00:00+05:30,246.1999969482422,247.7899932861328,245.60000610351562,247.2899932861328,6214332
2026-07-20 00:00:00+05:30,248.42999267578125,252.39999389648438,248.10000610351562,249.5800018310547,10627783
2026-07-21 00:00:00+05:30,250.00999450683594,251.69000244140625,248.4600067138672,249.88999938964844,12240171
2026-07-22 00:00:00+05:30,251.0,252.77999877929688,250.1300048828125,251.89999389648438,10909821
2026-07-23 00:00:00+05:30,253.94000244140625,254.1999969482422,252.00999450683594,252.3699951171875,9104521
2026-07-24 00:00:00+05:30,252.5,253.55999755859375,248.27000427246094,248.75999450683594,7645869
2026-07-27 00:00:00+05:30,248.0,248.1699981689453,238.13999938964844,238.55999755859375,19910285
